timestamp,true_price,estimated_price,strike_price,time_to_maturity,volume,underlying_price
2021.01.019.0,150.0,183.68568,17400.0,0.40821916,0.0,15292.0
2021.01.020.0,190.0,190.57497,17400.0,0.40547946,1.0,15571.0
2021.01.019.0,132.0,138.75131,11200.0,0.65753424,5.0,14870.0
2021.01.020.0,133.0,132.74615,11200.0,0.6547945,45.0,15178.0
2021.01.019.0,180.0,182.07164,11800.0,0.65753424,0.0,14870.0
2021.01.020.0,173.0,169.44798,11800.0,0.6547945,5.0,15178.0
2021.01.019.0,189.0,192.49506,12000.0,0.65753424,11.0,14870.0
2021.01.020.0,188.0,184.34456,12000.0,0.6547945,24.0,15178.0
2021.01.019.0,211.0,214.04404,12200.0,0.65753424,0.0,14870.0
2021.01.020.0,203.0,198.79034,12200.0,0.6547945,0.0,15178.0
2021.01.019.0,550.0,517.25433,14000.0,0.65753424,0.0,14870.0
2021.01.020.0,550.0,502.47736,14000.0,0.6547945,0.0,15178.0
2021.01.019.0,39.0,38.16272,9600.0,0.40821916,25.0,15292.0
2021.01.020.0,40.5,34.7229,9600.0,0.40547946,27.0,15571.0
2021.01.019.0,52.0,43.51013,10000.0,0.40821916,2.0,15292.0
2021.01.020.0,50.0,39.945465,10000.0,0.40547946,1.0,15571.0
2021.01.019.0,63.0,63.33519,11000.0,0.40821916,15.0,15292.0
2021.01.020.0,67.0,57.963287,11000.0,0.40547946,8.0,15571.0
2021.01.019.0,70.0,74.84384,11400.0,0.40821916,0.0,15292.0
2021.01.020.0,76.0,68.519135,11400.0,0.40547946,0.0,15571.0
2021.01.019.0,77.0,81.70523,11600.0,0.40821916,0.0,15292.0
2021.01.020.0,83.0,75.04982,11600.0,0.40547946,0.0,15571.0
2021.01.019.0,86.0,92.20085,11800.0,0.40821916,16.0,15292.0
2021.01.020.0,90.0,84.44983,11800.0,0.40547946,0.0,15571.0
2021.01.019.0,95.0,99.66051,12000.0,0.40821916,6.0,15292.0
2021.01.020.0,98.0,93.466,12000.0,0.40547946,9.0,15571.0
2021.01.019.0,115.0,119.14656,12400.0,0.40821916,0.0,15292.0
2021.01.020.0,126.0,112.05098,12400.0,0.40547946,7.0,15571.0
2021.01.019.0,123.0,134.60535,12600.0,0.40821916,1.0,15292.0
2021.01.020.0,140.0,127.17554,12600.0,0.40547946,33.0,15571.0
2021.01.019.0,156.0,163.48955,13000.0,0.40821916,0.0,15292.0
2021.01.020.0,174.0,155.09444,13000.0,0.40547946,6.0,15571.0
2021.01.019.0,228.0,229.60117,13600.0,0.40821916,2.0,15292.0
2021.01.020.0,247.0,218.46962,13600.0,0.40547946,1.0,15571.0
2021.01.019.0,258.0,259.0331,13800.0,0.40821916,121.0,15292.0
2021.01.020.0,282.0,248.6873,13800.0,0.40547946,0.0,15571.0
2021.01.019.0,291.0,287.912,14000.0,0.40821916,18.0,15292.0
2021.01.020.0,322.0,278.99268,14000.0,0.40547946,3.0,15571.0
2021.01.019.0,340.0,322.73108,14200.0,0.40821916,20.0,15292.0
2021.01.020.0,368.0,312.8559,14200.0,0.40547946,2.0,15571.0
2021.01.019.0,332.0,361.39484,14400.0,0.40821916,0.0,15292.0
2021.01.020.0,419.0,345.46854,14400.0,0.40547946,0.0,15571.0
2021.01.019.0,345.0,382.34982,16600.0,0.40821916,0.0,15292.0
2021.01.020.0,325.0,396.57727,16600.0,0.40547946,0.0,15571.0
2021.01.019.0,233.0,264.67947,17000.0,0.40821916,110.0,15292.0
2021.01.020.0,218.0,277.25192,17000.0,0.40547946,0.0,15571.0
2021.01.019.0,115.0,124.973785,17800.0,0.40821916,0.0,15292.0
2021.01.020.0,100.0,129.48679,17800.0,0.40547946,9.0,15571.0
2021.01.019.0,157.0,154.12804,11400.0,0.65753424,0.0,14870.0
2021.01.020.0,145.0,144.06769,11400.0,0.6547945,23.0,15178.0
2021.01.018.0,215.0,292.7089,17000.0,0.6657534,30.0,14863.0
2021.01.019.0,302.0,311.4753,17000.0,0.65753424,3.0,14870.0
2021.01.020.0,286.0,331.64703,17000.0,0.6547945,5.0,15178.0
2021.01.019.0,36.0,40.006836,9800.0,0.40821916,1.0,15292.0
2021.01.020.0,45.0,35.99109,9800.0,0.40547946,2.0,15571.0
2021.01.019.0,49.0,49.18802,10400.0,0.40821916,4.0,15292.0
2021.01.020.0,56.0,44.63318,10400.0,0.40547946,2.0,15571.0
2021.01.019.0,105.0,111.11148,12200.0,0.40821916,0.0,15292.0
2021.01.020.0,111.0,104.22255,12200.0,0.40547946,6.0,15571.0
2021.01.020.0,156.0,142.58018,12800.0,0.40547946,6.0,15571.0
2021.01.019.0,185.0,181.36453,13200.0,0.40821916,21.0,15292.0
2021.01.020.0,193.0,172.63759,13200.0,0.40547946,7.0,15571.0
2021.01.019.0,198.0,204.13928,13400.0,0.40821916,2.0,15292.0
2021.01.020.0,215.0,194.31737,13400.0,0.40547946,2.0,15571.0
2021.01.019.0,313.0,322.60974,13000.0,0.65753424,5.0,14870.0
2021.01.020.0,301.0,311.64487,13000.0,0.6547945,10.0,15178.0
2021.01.019.0,352.0,345.77304,13200.0,0.65753424,0.0,14870.0
2021.01.020.0,379.0,334.74283,13200.0,0.6547945,0.0,15178.0
2021.01.019.0,63.0,69.17758,11200.0,0.40821916,0.0,15292.0
2021.01.020.0,71.0,62.789856,11200.0,0.40547946,27.0,15571.0
2021.01.020.0,82.0,85.62088,18200.0,0.40547946,22.0,15571.0
2021.01.019.0,441.0,418.63855,13600.0,0.65753424,0.0,14870.0
2021.01.020.0,485.0,404.2758,13600.0,0.6547945,0.0,15178.0
2021.01.019.0,114.0,128.7291,18200.0,0.65753424,1.0,14870.0
2021.01.020.0,123.0,132.92294,18200.0,0.6547945,1.0,15178.0
2021.01.019.0,57.0,52.80136,10600.0,0.40821916,1.0,15292.0
2021.01.020.0,59.999985,48.36252,10600.0,0.40547946,0.0,15571.0
2021.01.019.0,59.0,57.634247,10800.0,0.40821916,0.0,15292.0
2021.01.020.0,63.0,52.591675,10800.0,0.40547946,2.0,15571.0
2021.01.019.0,146.0,164.33372,11600.0,0.65753424,0.0,14870.0
2021.01.020.0,158.0,156.10551,11600.0,0.6547945,20.0,15178.0
2021.01.018.0,130.0,156.7986,17800.0,0.6657534,0.0,14863.0
2021.01.019.0,164.0,165.44537,17800.0,0.65753424,0.0,14870.0
2021.01.020.0,165.0,174.60455,17800.0,0.6547945,0.0,15178.0
2021.01.019.0,54.0,45.515594,10200.0,0.40821916,9.0,15292.0
2021.01.020.0,53.0,41.919983,10200.0,0.40547946,0.0,15571.0
2021.01.019.0,349.0,421.88104,16600.0,0.65753424,0.0,14870.0
2021.01.020.0,339.0,437.31662,16600.0,0.6547945,0.0,15178.0
2021.01.019.0,218.0,227.47781,17400.0,0.65753424,0.0,14870.0
2021.01.020.0,228.0,240.5065,17400.0,0.6547945,0.0,15178.0
2021.01.019.0,7.600006,19.869812,11600.0,0.08219178,96.0,15559.0
2021.01.020.0,6.399994,22.606934,11600.0,0.07945205,109.0,15847.0
2021.01.019.0,8.299988,34.19812,11700.0,0.08219178,24.0,15559.0
2021.01.020.0,7.600006,35.894928,11700.0,0.07945205,2.0,15847.0
2021.01.019.0,8.200012,35.57193,11800.0,0.08219178,19.0,15559.0
2021.01.020.0,8.0,36.858795,11800.0,0.07945205,13.0,15847.0
2021.01.019.0,8.600006,39.05542,11900.0,0.08219178,11.0,15559.0
2021.01.020.0,8.700012,37.55011,11900.0,0.07945205,10.0,15847.0
2021.01.019.0,9.5,39.112793,12000.0,0.08219178,8.0,15559.0
2021.01.020.0,8.399994,39.109985,12000.0,0.07945205,16.0,15847.0
2021.01.019.0,10.5,33.47168,12300.0,0.08219178,26.0,15559.0
2021.01.020.0,10.0,28.14566,12300.0,0.07945205,0.0,15847.0
2021.01.019.0,11.0,52.392883,12400.0,0.08219178,7.0,15559.0
2021.01.020.0,11.5,46.584045,12400.0,0.07945205,10.0,15847.0
2021.01.019.0,11.5,55.680756,12500.0,0.08219178,13.0,15559.0
2021.01.020.0,10.0,48.10785,12500.0,0.07945205,149.0,15847.0
2021.01.019.0,12.5,49.50107,12600.0,0.08219178,65.0,15559.0
2021.01.020.0,11.0,40.556396,12600.0,0.07945205,107.0,15847.0
2021.01.019.0,13.0,36.29074,12700.0,0.08219178,19.0,15559.0
2021.01.020.0,12.0,38.31601,12700.0,0.07945205,63.0,15847.0
2021.01.019.0,13.5,39.18329,12800.0,0.08219178,57.000015,15559.0
2021.01.020.0,12.5,42.550842,12800.0,0.07945205,24.0,15847.0
2021.01.019.0,16.0,35.476013,12900.0,0.08219178,56.000015,15559.0
2021.01.020.0,14.5,34.40045,12900.0,0.07945205,28.0,15847.0
2021.01.019.0,15.0,44.672302,13000.0,0.08219178,116.000015,15559.0
2021.01.020.0,12.5,48.447815,13000.0,0.07945205,153.0,15847.0
2021.01.019.0,16.0,71.96939,13100.0,0.08219178,34.0,15559.0
2021.01.020.0,15.0,62.61786,13100.0,0.07945205,208.0,15847.0
2021.01.019.0,17.5,77.51062,13200.0,0.08219178,12.0,15559.0
2021.01.020.0,16.0,67.27521,13200.0,0.07945205,26.0,15847.0
2021.01.019.0,18.0,76.507614,13300.0,0.08219178,142.0,15559.0
2021.01.020.0,18.0,64.78407,13300.0,0.07945205,44.0,15847.0
2021.01.019.0,19.0,82.6859,13400.0,0.08219178,225.0,15559.0
2021.01.020.0,17.5,70.97983,13400.0,0.07945205,198.0,15847.0
2021.01.019.0,20.0,84.24776,13500.0,0.08219178,152.0,15559.0
2021.01.020.0,19.0,68.26218,13500.0,0.07945205,189.0,15847.0
2021.01.019.0,21.5,83.258514,13600.0,0.08219178,114.0,15559.0
2021.01.020.0,22.0,66.86653,13600.0,0.07945205,90.0,15847.0
2021.01.019.0,24.0,53.130554,13700.0,0.08219178,366.0,15559.0
2021.01.020.0,25.5,45.8042,13700.0,0.07945205,105.0,15847.0
2021.01.019.0,26.5,72.75746,13800.0,0.08219178,373.0,15559.0
2021.01.020.0,28.0,57.780457,13800.0,0.07945205,122.0,15847.0
2021.01.019.0,27.5,64.52957,13900.0,0.08219178,125.0,15559.0
2021.01.020.0,32.0,56.60623,13900.0,0.07945205,131.99998,15847.0
2021.01.019.0,33.5,61.080826,14000.0,0.08219178,2857.0,15559.0
2021.01.020.0,32.5,62.66899,14000.0,0.07945205,1033.0,15847.0
2021.01.019.0,38.0,67.39899,14100.0,0.08219178,532.0,15559.0
2021.01.020.0,38.5,57.227173,14100.0,0.07945205,754.0,15847.0
2021.01.019.0,39.5,59.704742,14200.0,0.08219178,393.0,15559.0
2021.01.020.0,43.5,63.590195,14200.0,0.07945205,737.0,15847.0
2021.01.019.0,46.0,69.42964,14300.0,0.08219178,617.0,15559.0
2021.01.020.0,52.0,67.745926,14300.0,0.07945205,435.0,15847.0
2021.01.019.0,53.0,60.222794,14400.0,0.08219178,1318.0,15559.0
2021.01.020.0,58.0,56.30258,14400.0,0.07945205,962.0,15847.0
2021.01.019.0,60.999985,36.223145,14500.0,0.08219178,3314.9998,15559.0
2021.01.020.0,70.0,41.654175,14500.0,0.07945205,2884.0,15847.0
2021.01.019.0,68.0,50.566437,14600.0,0.08219178,913.0,15559.0
2021.01.020.0,78.0,49.411682,14600.0,0.07945205,712.0,15847.0
2021.01.019.0,77.0,54.110962,14700.0,0.08219178,987.99994,15559.0
2021.01.020.0,87.0,50.985718,14700.0,0.07945205,943.0,15847.0
2021.01.019.0,87.0,56.184113,14800.0,0.08219178,1095.0,15559.0
2021.01.020.0,99.0,49.950012,14800.0,0.07945205,1713.0,15847.0
2021.01.019.0,291.0,291.7011,16000.0,0.08219178,1738.0,15559.0
2021.01.020.0,229.0,292.06696,16000.0,0.07945205,1976.0,15847.0
2021.01.019.0,211.0,236.25256,16200.0,0.08219178,1582.0,15559.0
2021.01.020.0,159.0,243.15898,16200.0,0.07945205,1644.0,15847.0
2021.01.019.0,152.0,192.11566,16400.0,0.08219178,1154.0,15559.0
2021.01.020.0,108.0,203.01614,16400.0,0.07945205,1413.0,15847.0
2021.01.019.0,107.0,180.22742,16600.0,0.08219178,593.0,15559.0
2021.01.020.0,72.0,186.1211,16600.0,0.07945205,1166.0,15847.0
2021.01.019.0,73.0,136.52022,16800.0,0.08219178,580.0,15559.0
2021.01.020.0,43.5,136.14034,16800.0,0.07945205,1387.0,15847.0
2021.01.019.0,49.0,89.81218,17000.0,0.08219178,874.0,15559.0
2021.01.020.0,27.0,89.885605,17000.0,0.07945205,517.0,15847.0
2021.01.019.0,11.0,23.314331,9200.0,0.1589041,53.0,15478.0
2021.01.020.0,11.5,21.075958,9200.0,0.15616438,69.0,15768.0
2021.01.019.0,16.5,39.247803,10000.0,0.1589041,100.0,15478.0
2021.01.020.0,16.0,31.211456,10000.0,0.15616438,10.0,15768.0
2021.01.019.0,19.0,22.151276,10400.0,0.1589041,22.0,15478.0
2021.01.020.0,17.5,18.572388,10400.0,0.15616438,0.0,15768.0
2021.01.019.0,20.0,28.546722,10800.0,0.1589041,0.0,15478.0
2021.01.020.0,18.5,31.268738,10800.0,0.15616438,0.0,15768.0
2021.01.019.0,20.0,21.04181,11000.0,0.1589041,2.0,15478.0
2021.01.020.0,19.5,17.147827,11000.0,0.15616438,4.0,15768.0
2021.01.019.0,22.0,20.33722,11200.0,0.1589041,6.0,15478.0
2021.01.020.0,22.0,18.439667,11200.0,0.15616438,1.0,15768.0
2021.01.019.0,24.0,24.86554,11600.0,0.1589041,5.0,15478.0
2021.01.020.0,29.0,19.07782,11600.0,0.15616438,9.0,15768.0
2021.01.019.0,27.5,29.710571,11800.0,0.1589041,45.0,15478.0
2021.01.020.0,25.0,21.680878,11800.0,0.15616438,3.0,15768.0
2021.01.019.0,27.5,23.230072,12000.0,0.1589041,56.000015,15478.0
2021.01.020.0,31.0,18.424805,12000.0,0.15616438,32.0,15768.0
2021.01.019.0,28.0,26.46167,12100.0,0.1589041,3.0,15478.0
2021.01.020.0,32.5,20.05133,12100.0,0.15616438,0.0,15768.0
2021.01.019.0,29.0,37.58844,12200.0,0.1589041,36.0,15478.0
2021.01.020.0,34.0,45.4494,12200.0,0.15616438,0.0,15768.0
2021.01.019.0,33.5,37.43918,12400.0,0.1589041,49.0,15478.0
2021.01.020.0,32.5,27.703491,12400.0,0.15616438,0.0,15768.0
2021.01.019.0,37.5,38.943817,12500.0,0.1589041,4.0,15478.0
2021.01.020.0,36.0,47.494843,12500.0,0.15616438,3.0,15768.0
2021.01.019.0,37.5,30.445465,12600.0,0.1589041,11.0,15478.0
2021.01.020.0,40.0,24.48935,12600.0,0.15616438,24.0,15768.0
2021.01.019.0,38.5,37.014893,12700.0,0.1589041,53.0,15478.0
2021.01.020.0,38.0,27.4982,12700.0,0.15616438,66.0,15768.0
2021.01.019.0,41.5,36.415924,12800.0,0.1589041,17.0,15478.0
2021.01.020.0,41.0,28.657898,12800.0,0.15616438,26.0,15768.0
2021.01.019.0,47.0,37.818573,13000.0,0.1589041,111.0,15478.0
2021.01.020.0,49.0,30.435394,13000.0,0.15616438,43.0,15768.0
2021.01.019.0,52.0,46.603485,13200.0,0.1589041,7.0,15478.0
2021.01.020.0,56.0,36.469482,13200.0,0.15616438,18.0,15768.0
2021.01.019.0,56.0,44.274414,13300.0,0.1589041,7.0,15478.0
2021.01.020.0,60.999985,36.027405,13300.0,0.15616438,0.0,15768.0
2021.01.019.0,59.999985,51.4682,13400.0,0.1589041,1.0,15478.0
2021.01.020.0,65.0,42.335968,13400.0,0.15616438,7.0,15768.0
2021.01.019.0,65.0,54.5578,13500.0,0.1589041,7.0,15478.0
2021.01.020.0,69.0,45.410034,13500.0,0.15616438,12.0,15768.0
2021.01.019.0,73.0,58.68152,13600.0,0.1589041,26.0,15478.0
2021.01.020.0,74.0,49.65796,13600.0,0.15616438,30.0,15768.0
2021.01.019.0,79.0,67.84444,13700.0,0.1589041,6.0,15478.0
2021.01.020.0,80.0,54.59369,13700.0,0.15616438,5.0,15768.0
2021.01.019.0,82.0,69.88092,13800.0,0.1589041,767.0,15478.0
2021.01.020.0,88.0,56.379242,13800.0,0.15616438,799.0,15768.0
2021.01.019.0,85.0,78.06714,13900.0,0.1589041,3.0,15478.0
2021.01.020.0,91.0,66.940094,13900.0,0.15616438,35.0,15768.0
2021.01.019.0,95.0,81.58891,14000.0,0.1589041,111.0,15478.0
2021.01.020.0,96.0,70.29596,14000.0,0.15616438,79.0,15768.0
2021.01.019.0,110.0,98.25827,14200.0,0.1589041,31.0,15478.0
2021.01.020.0,124.0,85.883545,14200.0,0.15616438,47.0,15768.0
2021.01.019.0,117.0,106.40756,14300.0,0.1589041,31.0,15478.0
2021.01.020.0,130.0,93.597305,14300.0,0.15616438,25.0,15768.0
2021.01.019.0,127.0,164.68526,14400.0,0.1589041,6.0,15478.0
2021.01.020.0,142.0,141.18465,14400.0,0.15616438,28.0,15768.0
2021.01.019.0,140.0,125.46771,14500.0,0.1589041,12.0,15478.0
2021.01.020.0,161.0,106.687454,14500.0,0.15616438,1519.0,15768.0
2021.01.019.0,160.0,137.56404,14600.0,0.1589041,3.0,15478.0
2021.01.020.0,146.0,126.496155,14600.0,0.15616438,20.0,15768.0
2021.01.019.0,187.0,150.891,14700.0,0.1589041,8.0,15478.0
2021.01.020.0,187.0,138.50461,14700.0,0.15616438,1.0,15768.0
2021.01.019.0,370.0,417.1751,16000.0,0.1589041,15.0,15478.0
2021.01.020.0,328.0,433.50278,16000.0,0.15616438,63.0,15768.0
2021.01.019.0,310.0,340.8498,16200.0,0.1589041,131.99998,15478.0
2021.01.020.0,245.0,356.78366,16200.0,0.15616438,24.0,15768.0
2021.01.019.0,237.0,271.00583,16400.0,0.1589041,4.0,15478.0
2021.01.020.0,194.0,284.54926,16400.0,0.15616438,69.0,15768.0
2021.01.019.0,140.0,155.26328,16800.0,0.1589041,24.0,15478.0
2021.01.020.0,112.0,164.47672,16800.0,0.15616438,49.0,15768.0
2021.01.019.0,106.0,111.985855,17000.0,0.1589041,33.0,15478.0
2021.01.020.0,80.0,119.25673,17000.0,0.15616438,154.0,15768.0
2021.01.019.0,67.0,61.117645,17400.0,0.1589041,25.0,15478.0
2021.01.020.0,48.0,62.312088,17400.0,0.15616438,175.0,15768.0
2021.01.019.0,640.0,687.27966,15800.0,0.40821916,0.0,15292.0
2021.01.020.0,580.0,699.04895,15800.0,0.40547946,5.0,15571.0
2021.01.019.0,487.0,522.17645,16200.0,0.40821916,0.0,15292.0
2021.01.020.0,432.0,538.06525,16200.0,0.40547946,0.0,15571.0
2021.01.019.0,665.0,693.08826,15800.0,0.65753424,0.0,14870.0
2021.01.020.0,605.0,707.0057,15800.0,0.6547945,0.0,15178.0
2021.01.018.0,391.0,535.4062,16200.0,0.6657534,2.0,14863.0
2021.01.019.0,482.0,545.6809,16200.0,0.65753424,0.0,14870.0
2021.01.020.0,468.0,561.55066,16200.0,0.6547945,0.0,15178.0
2021.01.020.0,9.0,19.81781,12100.0,0.07945205,24.0,15847.0
2021.01.019.0,12.0,51.986298,12200.0,0.08219178,40.0,15559.0
2021.01.020.0,9.5,45.91919,12200.0,0.07945205,14.0,15847.0
2021.01.019.0,103.0,66.36415,14900.0,0.08219178,613.0,15559.0
2021.01.020.0,114.0,59.448944,14900.0,0.07945205,1350.0,15847.0
2021.01.019.0,395.0,377.44357,13400.0,0.65753424,0.0,14870.0
2021.01.020.0,429.0,362.88382,13400.0,0.6547945,0.0,15178.0
2021.01.020.0,18.0,64.394424,17200.0,0.07945205,194.0,15847.0
2021.01.020.0,12.5,55.969025,17400.0,0.07945205,87.999985,15847.0
2021.01.019.0,11.0,23.542664,9600.0,0.1589041,2.0,15478.0
2021.01.020.0,15.0,20.42746,9600.0,0.15616438,3.0,15768.0
2021.01.019.0,14.5,24.763123,9800.0,0.1589041,28.0,15478.0
2021.01.020.0,16.0,19.71576,9800.0,0.15616438,32.0,15768.0
2021.01.019.0,18.5,23.867554,10200.0,0.1589041,0.0,15478.0
2021.01.020.0,17.0,20.790283,10200.0,0.15616438,2.0,15768.0
2021.01.019.0,23.5,29.937073,11400.0,0.1589041,0.0,15478.0
2021.01.020.0,25.5,21.136963,11400.0,0.15616438,6.0,15768.0
2021.01.019.0,44.5,62.90555,13100.0,0.1589041,3.0,15478.0
2021.01.020.0,52.0,69.07039,13100.0,0.15616438,77.0,15768.0
2021.01.020.0,112.0,78.69931,14100.0,0.15616438,49.0,15768.0
2021.01.019.0,192.0,170.93997,14800.0,0.1589041,2.0,15478.0
2021.01.020.0,213.0,155.72046,14800.0,0.15616438,5.0,15768.0
2021.01.020.0,146.0,220.71027,16600.0,0.15616438,57.999985,15768.0
2021.01.019.0,77.0,83.81491,17200.0,0.1589041,7.0,15478.0
2021.01.020.0,59.0,86.73131,17200.0,0.15616438,12.0,15768.0
2021.01.019.0,850.0,886.067,15400.0,0.65753424,1.0,14870.0
2021.01.020.0,770.0,908.2274,15400.0,0.6547945,0.0,15178.0
2021.01.019.0,390.0,366.0447,15800.0,0.08219178,1255.0,15559.0
2021.01.020.0,320.0,384.89847,15800.0,0.07945205,0.0,15847.0
2021.01.019.0,17.5,30.229645,10600.0,0.1589041,9.0,15478.0
2021.01.020.0,17.0,21.830353,10600.0,0.15616438,4.0,15768.0
2021.01.020.0,34.5,20.333069,12300.0,0.15616438,1.0,15768.0
2021.01.019.0,40.5,41.88443,12900.0,0.1589041,2.0,15478.0
2021.01.020.0,45.0,32.517212,12900.0,0.15616438,34.0,15768.0
2021.01.019.0,580.0,578.3001,15600.0,0.1589041,5.0,15478.0
2021.01.020.0,515.0,601.9331,15600.0,0.15616438,0.0,15768.0
2021.01.019.0,472.0,500.13757,15800.0,0.1589041,13.0,15478.0
2021.01.020.0,400.0,515.17816,15800.0,0.15616438,6.0,15768.0
2021.01.019.0,830.0,910.6682,15400.0,0.40821916,4.0,15292.0
2021.01.020.0,775.0,928.73914,15400.0,0.40547946,0.0,15571.0
2021.01.019.0,1100.0,1124.6863,15000.0,0.65753424,14.0,14870.0
2021.01.020.0,975.0,1161.0457,15000.0,0.6547945,0.0,15178.0
2021.01.019.0,960.0,889.34485,15000.0,0.08219178,0.0,15559.0
2021.01.020.0,870.0,926.1759,15000.0,0.07945205,0.0,15847.0
2021.01.019.0,805.0,715.29126,15200.0,0.08219178,0.0,15559.0
2021.01.020.0,710.0,747.6459,15200.0,0.07945205,0.0,15847.0
2021.01.019.0,645.0,586.3451,15400.0,0.08219178,0.0,15559.0
2021.01.020.0,555.0,608.3626,15400.0,0.07945205,0.0,15847.0
2021.01.019.0,505.0,454.84485,15600.0,0.08219178,882.0,15559.0
2021.01.020.0,432.0,476.60992,15600.0,0.07945205,0.0,15847.0
2021.01.019.0,11.5,24.85849,9400.0,0.1589041,2.0,15478.0
2021.01.020.0,13.5,22.016754,9400.0,0.15616438,45.0,15768.0
2021.01.019.0,1100.0,1050.0762,14900.0,0.1589041,0.0,15478.0
2021.01.020.0,985.0,1076.3871,14900.0,0.15616438,0.0,15768.0
2021.01.019.0,1000.0,965.95337,15000.0,0.1589041,0.0,15478.0
2021.01.020.0,910.0,991.4026,15000.0,0.15616438,0.0,15768.0
2021.01.019.0,860.0,820.6664,15200.0,0.1589041,0.0,15478.0
2021.01.020.0,765.0,844.0371,15200.0,0.15616438,0.0,15768.0
2021.01.019.0,695.0,689.4824,15400.0,0.1589041,0.0,15478.0
2021.01.020.0,650.0,709.91736,15400.0,0.15616438,0.0,15768.0
2021.01.019.0,1230.0,1274.435,14800.0,0.40821916,0.0,15292.0
2021.01.020.0,1150.0,1282.0343,14800.0,0.40547946,0.0,15571.0
2021.01.019.0,1090.0,1120.9923,15000.0,0.40821916,0.0,15292.0
2021.01.020.0,1010.0,1127.2535,15000.0,0.40547946,0.0,15571.0
2021.01.019.0,492.0,469.73572,13800.0,0.65753424,0.0,14870.0
2021.01.020.0,545.0,455.69897,13800.0,0.6547945,0.0,15178.0
2021.01.019.0,1210.0,1258.1427,14800.0,0.65753424,0.0,14870.0
2021.01.020.0,1100.0,1275.3136,14800.0,0.6547945,0.0,15178.0
2021.01.019.0,1050.0,984.0432,14900.0,0.08219178,0.0,15559.0
2021.01.020.0,945.0,1021.56116,14900.0,0.07945205,0.0,15847.0
2021.01.019.0,1170.0,1150.3024,14800.0,0.1589041,0.0,15478.0
2021.01.020.0,1070.0,1167.5452,14800.0,0.15616438,0.0,15768.0
2021.01.019.0,1360.0,1426.4596,14600.0,0.40821916,0.0,15292.0
2021.01.020.0,1340.0,1428.9806,14600.0,0.40547946,0.0,15571.0
2021.01.019.0,1130.0,1089.3145,14800.0,0.08219178,0.0,15559.0
2021.01.020.0,1030.0,1127.0397,14800.0,0.07945205,0.0,15847.0
2021.02.017.0,259.0,195.79773,17400.0,0.35890412,10.0,15529.0
2021.02.018.0,282.0,214.94435,17400.0,0.3260274,0.0,16143.0
2021.02.019.0,263.0,243.1585,17400.0,0.32328767,3.0,16215.0
2021.02.017.0,115.0,129.76819,11200.0,0.6082192,51.0,15146.0
2021.02.018.0,108.0,119.37863,11200.0,0.5753425,43.0,15642.0
2021.02.019.0,113.0,107.12038,11200.0,0.57260275,29.0,15791.0
2021.02.017.0,145.0,170.17914,11800.0,0.6082192,0.0,15146.0
2021.02.018.0,140.0,155.29892,11800.0,0.5753425,12.0,15642.0
2021.02.019.0,146.0,139.47946,11800.0,0.57260275,5.0,15791.0
2021.02.017.0,165.0,185.89532,12000.0,0.6082192,0.0,15146.0
2021.02.018.0,153.0,170.55566,12000.0,0.5753425,18.0,15642.0
2021.02.019.0,164.0,153.85294,12000.0,0.57260275,0.0,15791.0
2021.02.017.0,175.0,207.99594,12200.0,0.6082192,0.0,15146.0
2021.02.018.0,167.0,189.14764,12200.0,0.5753425,0.0,15642.0
2021.02.019.0,183.0,169.09935,12200.0,0.57260275,0.0,15791.0
2021.02.017.0,433.0,538.3141,14000.0,0.6082192,0.0,15146.0
2021.02.018.0,380.0,489.4704,14000.0,0.5753425,0.0,15642.0
2021.02.019.0,429.0,431.86636,14000.0,0.57260275,2.0,15791.0
2021.02.017.0,26.0,32.541687,9600.0,0.35890412,46.0,15529.0
2021.02.018.0,25.0,26.07315,9600.0,0.3260274,38.0,16143.0
2021.02.019.0,26.5,20.296051,9600.0,0.32328767,5.0,16215.0
2021.02.017.0,29.5,36.09552,10000.0,0.35890412,25.0,15529.0
2021.02.018.0,29.5,29.113312,10000.0,0.3260274,57.999985,16143.0
2021.02.019.0,36.0,22.803314,10000.0,0.32328767,35.0,16215.0
2021.02.017.0,42.0,50.526855,11000.0,0.35890412,3.0,15529.0
2021.02.018.0,38.0,41.928894,11000.0,0.3260274,25.0,16143.0
2021.02.019.0,43.5,33.78711,11000.0,0.32328767,2.0,16215.0
2021.02.017.0,51.0,60.16278,11400.0,0.35890412,0.0,15529.0
2021.02.018.0,42.0,50.302246,11400.0,0.3260274,1.0,16143.0
2021.02.019.0,46.0,40.113403,11400.0,0.32328767,0.0,16215.0
2021.02.017.0,51.0,66.072876,11600.0,0.35890412,2.0,15529.0
2021.02.018.0,44.0,55.714203,11600.0,0.3260274,12.0,16143.0
2021.02.019.0,52.0,45.233154,11600.0,0.32328767,2.0,16215.0
2021.02.017.0,59.0,73.23332,11800.0,0.35890412,0.0,15529.0
2021.02.018.0,49.0,61.55275,11800.0,0.3260274,107.0,16143.0
2021.02.019.0,58.0,49.57315,11800.0,0.32328767,0.0,16215.0
2021.02.017.0,60.999985,80.84,12000.0,0.35890412,17.0,15529.0
2021.02.018.0,54.0,68.4091,12000.0,0.3260274,25.0,16143.0
2021.02.019.0,65.0,55.99649,12000.0,0.32328767,34.0,16215.0
2021.02.017.0,70.0,100.34691,12400.0,0.35890412,0.0,15529.0
2021.02.018.0,71.0,85.70781,12400.0,0.3260274,6.0,16143.0
2021.02.019.0,82.0,70.28726,12400.0,0.32328767,0.0,16215.0
2021.02.017.0,82.0,114.430405,12600.0,0.35890412,0.0,15529.0
2021.02.018.0,78.0,97.75136,12600.0,0.3260274,3.0,16143.0
2021.02.019.0,92.0,79.990234,12600.0,0.32328767,0.0,16215.0
2021.02.017.0,110.0,142.62088,13000.0,0.35890412,31.0,15529.0
2021.02.018.0,93.0,123.72273,13000.0,0.3260274,15.0,16143.0
2021.02.019.0,115.0,103.83829,13000.0,0.32328767,20.0,16215.0
2021.02.017.0,153.0,203.87885,13600.0,0.35890412,1.0,15529.0
2021.02.018.0,138.0,179.08875,13600.0,0.3260274,5.0,16143.0
2021.02.019.0,157.0,152.29942,13600.0,0.32328767,19.0,16215.0
2021.02.017.0,185.0,233.91418,13800.0,0.35890412,0.0,15529.0
2021.02.018.0,160.0,204.29373,13800.0,0.3260274,5.0,16143.0
2021.02.019.0,174.0,171.4243,13800.0,0.32328767,6.0,16215.0
2021.02.017.0,185.0,257.88467,14000.0,0.35890412,10.0,15529.0
2021.02.018.0,174.0,225.88785,14000.0,0.3260274,27.0,16143.0
2021.02.019.0,193.0,192.7102,14000.0,0.32328767,25.0,16215.0
2021.02.017.0,216.0,288.55243,14200.0,0.35890412,6.0,15529.0
2021.02.018.0,188.0,254.54172,14200.0,0.3260274,0.0,16143.0
2021.02.019.0,236.0,217.52087,14200.0,0.32328767,2.0,16215.0
2021.02.017.0,252.0,341.3793,14400.0,0.35890412,0.0,15529.0
2021.02.018.0,211.0,295.20248,14400.0,0.3260274,1.0,16143.0
2021.02.019.0,239.0,248.38812,14400.0,0.32328767,13.0,16215.0
2021.02.017.0,530.0,439.09204,16600.0,0.35890412,1.0,15529.0
2021.02.018.0,575.0,481.15067,16600.0,0.3260274,5.0,16143.0
2021.02.019.0,525.0,537.67883,16600.0,0.32328767,7.0,16215.0
2021.02.017.0,417.0,369.84372,16800.0,0.35890412,15.0,15529.0
2021.02.018.0,475.0,402.5652,16800.0,0.3260274,10.0,16143.0
2021.02.019.0,404.0,445.00586,16800.0,0.32328767,8.0,16215.0
2021.02.017.0,380.0,305.8544,17000.0,0.35890412,1.0,15529.0
2021.02.018.0,400.0,338.28934,17000.0,0.3260274,42.0,16143.0
2021.02.019.0,340.0,379.537,17000.0,0.32328767,33.0,16215.0
2021.02.017.0,168.0,129.0438,17800.0,0.35890412,2.0,15529.0
2021.02.018.0,190.0,137.75917,17800.0,0.3260274,0.0,16143.0
2021.02.019.0,170.0,153.44235,17800.0,0.32328767,5.0,16215.0
2021.02.017.0,133.0,103.26279,18000.0,0.35890412,10.0,15529.0
2021.02.018.0,165.0,108.7061,18000.0,0.3260274,13.0,16143.0
2021.02.019.0,145.0,121.44643,18000.0,0.32328767,21.0,16215.0
2021.02.017.0,74.0,43.301666,18800.0,0.35890412,1.0,15529.0
2021.02.018.0,76.0,44.099396,18800.0,0.3260274,0.0,16143.0
2021.02.019.0,73.0,47.566284,18800.0,0.32328767,1.0,16215.0
2021.02.017.0,124.0,141.46085,11400.0,0.6082192,6.0,15146.0
2021.02.018.0,118.0,130.05869,11400.0,0.5753425,0.0,15642.0
2021.02.019.0,119.0,116.81209,11400.0,0.57260275,0.0,15791.0
2021.02.017.0,382.0,374.84705,17000.0,0.6082192,0.0,15146.0
2021.02.018.0,471.0,405.11343,17000.0,0.5753425,1.0,15642.0
2021.02.019.0,460.0,448.3432,17000.0,0.57260275,0.0,15791.0
2021.02.017.0,175.0,132.93753,18400.0,0.6082192,0.0,15146.0
2021.02.018.0,197.0,139.93974,18400.0,0.5753425,0.0,15642.0
2021.02.019.0,163.0,153.78232,18400.0,0.57260275,1.0,15791.0
2021.02.017.0,46.5,79.770905,13400.0,0.20547946,6.0,15654.0
2021.02.018.0,40.0,56.270233,13400.0,0.17260274,44.0,16267.0
2021.02.019.0,41.5,38.694916,13400.0,0.16986302,0.0,16322.0
2021.02.017.0,47.5,82.08475,13500.0,0.20547946,14.0,15654.0
2021.02.018.0,43.5,59.891266,13500.0,0.17260274,32.0,16267.0
2021.02.019.0,51.0,42.46585,13500.0,0.16986302,17.0,16322.0
2021.02.017.0,56.0,90.859695,13600.0,0.20547946,20.0,15654.0
2021.02.018.0,47.5,68.10838,13600.0,0.17260274,6.0,16267.0
2021.02.019.0,52.0,49.198486,13600.0,0.16986302,14.0,16322.0
2021.02.017.0,62.0,95.1443,13700.0,0.20547946,2.0,15654.0
2021.02.018.0,49.0,73.568726,13700.0,0.17260274,8.0,16267.0
2021.02.019.0,59.0,50.91867,13700.0,0.16986302,30.0,16322.0
2021.02.017.0,66.0,118.49672,13800.0,0.20547946,4.0,15654.0
2021.02.018.0,54.0,90.91075,13800.0,0.17260274,15.0,16267.0
2021.02.019.0,65.0,66.798645,13800.0,0.16986302,256.0,16322.0
2021.02.017.0,82.0,115.72533,13900.0,0.20547946,7.0,15654.0
2021.02.018.0,52.0,89.400375,13900.0,0.17260274,11.0,16267.0
2021.02.019.0,65.0,63.864334,13900.0,0.16986302,205.0,16322.0
2021.02.017.0,69.0,126.901215,14000.0,0.20547946,7.0,15654.0
2021.02.018.0,60.999985,97.77983,14000.0,0.17260274,39.0,16267.0
2021.02.019.0,72.0,68.98297,14000.0,0.16986302,103.999985,16322.0
2021.02.017.0,82.0,137.25946,14100.0,0.20547946,8.0,15654.0
2021.02.018.0,64.0,106.75574,14100.0,0.17260274,16.0,16267.0
2021.02.019.0,90.0,75.263916,14100.0,0.16986302,3.0,16322.0
2021.02.017.0,83.0,159.32031,14200.0,0.20547946,6.0,15654.0
2021.02.018.0,78.0,125.78258,14200.0,0.17260274,55.0,16267.0
2021.02.019.0,90.0,94.867676,14200.0,0.16986302,203.0,16322.0
2021.02.017.0,93.0,157.68045,14300.0,0.20547946,2.0,15654.0
2021.02.018.0,89.0,119.91466,14300.0,0.17260274,46.0,16267.0
2021.02.019.0,98.0,90.088104,14300.0,0.16986302,11.0,16322.0
2021.02.017.0,105.0,173.06168,14400.0,0.20547946,2.0,15654.0
2021.02.018.0,90.0,138.08318,14400.0,0.17260274,4.0,16267.0
2021.02.019.0,107.0,102.64888,14400.0,0.16986302,10.0,16322.0
2021.02.017.0,113.0,185.0371,14500.0,0.20547946,2.0,15654.0
2021.02.018.0,96.0,145.86557,14500.0,0.17260274,8.0,16267.0
2021.02.019.0,116.0,105.92984,14500.0,0.16986302,27.0,16322.0
2021.02.017.0,125.0,195.70624,14600.0,0.20547946,1.0,15654.0
2021.02.018.0,112.0,157.28964,14600.0,0.17260274,3.0,16267.0
2021.02.019.0,136.0,118.67923,14600.0,0.16986302,3.0,16322.0
2021.02.017.0,136.0,210.56464,14700.0,0.20547946,0.0,15654.0
2021.02.018.0,127.0,166.26253,14700.0,0.17260274,8.0,16267.0
2021.02.019.0,139.0,122.81267,14700.0,0.16986302,35.0,16322.0
2021.02.017.0,156.0,221.73242,14800.0,0.20547946,24.0,15654.0
2021.02.018.0,143.0,176.87924,14800.0,0.17260274,71.000015,16267.0
2021.02.019.0,150.0,139.50067,14800.0,0.16986302,26.0,16322.0
2021.02.017.0,166.0,244.00323,14900.0,0.20547946,0.0,15654.0
2021.02.018.0,158.0,193.6521,14900.0,0.17260274,29.0,16267.0
2021.02.019.0,167.0,149.38072,14900.0,0.16986302,27.0,16322.0
2021.02.017.0,174.0,268.29797,15000.0,0.20547946,8.0,15654.0
2021.02.018.0,160.0,219.3901,15000.0,0.17260274,50.0,16267.0
2021.02.019.0,184.0,169.33896,15000.0,0.16986302,49.0,16322.0
2021.02.017.0,207.0,279.0899,15100.0,0.20547946,42.0,15654.0
2021.02.018.0,187.0,231.72635,15100.0,0.17260274,10.0,16267.0
2021.02.019.0,203.0,185.87434,15100.0,0.16986302,6.0,16322.0
2021.02.017.0,207.0,326.49637,15200.0,0.20547946,0.0,15654.0
2021.02.018.0,203.0,261.69434,15200.0,0.17260274,93.0,16267.0
2021.02.019.0,223.0,203.27312,15200.0,0.16986302,5.0,16322.0
2021.02.017.0,258.0,314.19565,15300.0,0.20547946,1.0,15654.0
2021.02.018.0,214.0,265.78003,15300.0,0.17260274,14.0,16267.0
2021.02.019.0,241.0,216.37645,15300.0,0.16986302,36.0,16322.0
2021.02.017.0,285.0,334.02826,15400.0,0.20547946,2.0,15654.0
2021.02.018.0,232.0,286.6713,15400.0,0.17260274,21.0,16267.0
2021.02.019.0,301.0,238.50189,15400.0,0.16986302,20.0,16322.0
2021.02.017.0,280.0,386.98615,15500.0,0.20547946,0.0,15654.0
2021.02.018.0,257.0,340.90033,15500.0,0.17260274,25.0,16267.0
2021.02.019.0,331.0,291.8811,15500.0,0.16986302,12.0,16322.0
2021.02.017.0,309.0,396.5668,15600.0,0.20547946,1.0,15654.0
2021.02.018.0,286.0,358.041,15600.0,0.17260274,10.0,16267.0
2021.02.019.0,310.0,317.77335,15600.0,0.16986302,6.0,16322.0
2021.02.017.0,405.0,475.6107,15900.0,0.20547946,0.0,15654.0
2021.02.018.0,376.0,403.5397,15900.0,0.17260274,6.0,16267.0
2021.02.019.0,397.0,449.5797,15900.0,0.16986302,11.0,16322.0
2021.02.019.0,302.0,289.19208,16800.0,0.16986302,19.0,16322.0
2021.02.017.0,235.0,199.36093,16900.0,0.20547946,0.0,15654.0
2021.02.018.0,271.0,220.14218,16900.0,0.17260274,10.0,16267.0
2021.02.019.0,264.0,251.88412,16900.0,0.16986302,8.0,16322.0
2021.02.018.0,257.0,190.16931,17000.0,0.17260274,109.0,16267.0
2021.02.019.0,232.0,219.13992,17000.0,0.16986302,16.0,16322.0
2021.02.017.0,205.0,144.86787,17100.0,0.20547946,0.0,15654.0
2021.02.018.0,226.0,161.67589,17100.0,0.17260274,2.0,16267.0
2021.02.019.0,206.0,189.23517,17100.0,0.16986302,17.0,16322.0
2021.02.017.0,180.0,123.81561,17200.0,0.20547946,0.0,15654.0
2021.02.018.0,200.0,137.186,17200.0,0.17260274,1.0,16267.0
2021.02.019.0,172.0,160.71474,17200.0,0.16986302,53.0,16322.0
2021.02.017.0,163.0,108.58702,17300.0,0.20547946,1.0,15654.0
2021.02.018.0,176.0,119.02728,17300.0,0.17260274,38.0,16267.0
2021.02.019.0,166.0,138.46674,17300.0,0.16986302,10.0,16322.0
2021.02.017.0,138.0,90.533035,17400.0,0.20547946,0.0,15654.0
2021.02.018.0,136.0,99.31221,17400.0,0.17260274,12.0,16267.0
2021.02.019.0,131.0,115.01471,17400.0,0.16986302,10.0,16322.0
2021.02.019.0,115.0,99.11708,17500.0,0.16986302,15.0,16322.0
2021.02.017.0,106.0,69.152466,17600.0,0.20547946,0.0,15654.0
2021.02.018.0,99.0,72.90596,17600.0,0.17260274,21.0,16267.0
2021.02.019.0,100.0,82.72604,17600.0,0.16986302,1.0,16322.0
2021.02.017.0,92.0,62.39453,17700.0,0.20547946,2.0,15654.0
2021.02.018.0,94.0,62.90367,17700.0,0.17260274,14.0,16267.0
2021.02.019.0,87.0,70.630875,17700.0,0.16986302,0.0,16322.0
2021.02.019.0,56.0,57.18347,17900.0,0.16986302,2.0,16322.0
2021.02.017.0,55.0,44.882446,18000.0,0.20547946,2.0,15654.0
2021.02.018.0,70.0,41.668762,18000.0,0.17260274,22.0,16267.0
2021.02.019.0,48.0,44.057312,18000.0,0.16986302,29.0,16322.0
2021.02.017.0,50.0,36.0343,18200.0,0.20547946,0.0,15654.0
2021.02.018.0,50.0,33.480743,18200.0,0.17260274,2.0,16267.0
2021.02.019.0,38.0,31.291779,18200.0,0.16986302,2.0,16322.0
2021.02.018.0,47.5,26.154175,18400.0,0.17260274,2.0,16267.0
2021.02.019.0,31.0,22.511139,18400.0,0.16986302,0.0,16322.0
2021.02.017.0,29.5,17.52716,18600.0,0.20547946,4.0,15654.0
2021.02.018.0,25.5,15.123779,18600.0,0.17260274,31.0,16267.0
2021.02.019.0,23.5,13.946136,18600.0,0.16986302,9.0,16322.0
2021.02.017.0,29.0,34.367188,9800.0,0.35890412,47.0,15529.0
2021.02.018.0,26.0,27.739044,9800.0,0.3260274,41.0,16143.0
2021.02.019.0,30.0,21.539856,9800.0,0.32328767,1.0,16215.0
2021.02.017.0,36.5,40.42459,10400.0,0.35890412,15.0,15529.0
2021.02.018.0,34.0,33.265564,10400.0,0.3260274,4.0,16143.0
2021.02.019.0,39.0,26.473907,10400.0,0.32328767,0.0,16215.0
2021.02.017.0,85.0,92.1539,12200.0,0.35890412,0.0,15529.0
2021.02.018.0,64.0,78.30583,12200.0,0.3260274,16.0,16143.0
2021.02.019.0,73.0,64.237564,12200.0,0.32328767,11.0,16215.0
2021.02.017.0,90.0,128.74991,12800.0,0.35890412,0.0,15529.0
2021.02.018.0,86.0,109.75432,12800.0,0.3260274,10.0,16143.0
2021.02.019.0,103.0,90.79376,12800.0,0.32328767,4.0,16215.0
2021.02.017.0,130.0,160.99867,13200.0,0.35890412,0.0,15529.0
2021.02.018.0,102.0,140.29514,13200.0,0.3260274,1.0,16143.0
2021.02.019.0,127.0,117.47975,13200.0,0.32328767,27.0,16215.0
2021.02.017.0,124.0,180.48207,13400.0,0.35890412,0.0,15529.0
2021.02.018.0,125.0,155.5096,13400.0,0.3260274,12.0,16143.0
2021.02.019.0,141.0,130.60463,13400.0,0.32328767,4.0,16215.0
2021.02.017.0,296.0,371.0421,14600.0,0.35890412,0.0,15529.0
2021.02.018.0,263.0,325.38065,14600.0,0.3260274,15.0,16143.0
2021.02.019.0,278.0,279.03577,14600.0,0.32328767,6.0,16215.0
2021.02.017.0,344.0,415.8413,14800.0,0.35890412,1.0,15529.0
2021.02.018.0,312.0,371.9332,14800.0,0.3260274,1.0,16143.0
2021.02.019.0,322.0,328.10406,14800.0,0.32328767,0.0,16215.0
2021.02.017.0,369.0,469.72247,15000.0,0.35890412,5.0,15529.0
2021.02.018.0,335.0,406.83997,15000.0,0.3260274,43.0,16143.0
2021.02.019.0,372.0,352.59662,15000.0,0.32328767,4.0,16215.0
2021.02.017.0,487.0,559.2938,15400.0,0.35890412,3.0,15529.0
2021.02.018.0,435.0,507.4765,15400.0,0.3260274,13.0,16143.0
2021.02.019.0,480.0,457.3154,15400.0,0.32328767,19.0,16215.0
2021.02.017.0,605.0,632.2704,15600.0,0.35890412,0.0,15529.0
2021.02.018.0,520.0,579.68475,15600.0,0.3260274,22.0,16143.0
2021.02.019.0,590.0,517.28644,15600.0,0.32328767,12.0,16215.0
2021.02.017.0,630.0,695.45856,15800.0,0.35890412,0.0,15529.0
2021.02.018.0,615.0,633.3606,15800.0,0.3260274,15.0,16143.0
2021.02.019.0,635.0,536.80133,15800.0,0.32328767,5.0,16215.0
2021.02.017.0,316.0,245.82742,17200.0,0.35890412,24.0,15529.0
2021.02.018.0,337.0,270.60403,17200.0,0.3260274,0.0,16143.0
2021.02.019.0,310.0,308.4196,17200.0,0.32328767,0.0,16215.0
2021.02.017.0,210.0,156.54955,17600.0,0.35890412,0.0,15529.0
2021.02.018.0,233.0,170.59984,17600.0,0.3260274,0.0,16143.0
2021.02.019.0,210.0,194.4095,17600.0,0.32328767,0.0,16215.0
2021.02.017.0,101.0,68.137024,18400.0,0.35890412,0.0,15529.0
2021.02.018.0,113.0,70.78587,18400.0,0.3260274,0.0,16143.0
2021.02.019.0,108.0,77.96777,18400.0,0.32328767,0.0,16215.0
2021.02.017.0,186.0,224.54703,12400.0,0.6082192,4.0,15146.0
2021.02.018.0,182.0,206.3725,12400.0,0.5753425,0.0,15642.0
2021.02.019.0,204.0,185.1449,12400.0,0.57260275,0.0,15791.0
2021.02.017.0,240.0,274.6881,12800.0,0.6082192,0.0,15146.0
2021.02.018.0,216.0,251.73003,12800.0,0.5753425,13.0,15642.0
2021.02.019.0,253.0,225.87033,12800.0,0.57260275,7.0,15791.0
2021.02.017.0,260.0,302.6726,13000.0,0.6082192,2.0,15146.0
2021.02.018.0,250.0,277.94858,13000.0,0.5753425,27.0,15642.0
2021.02.019.0,281.0,251.50397,13000.0,0.57260275,6.0,15791.0
2021.02.017.0,295.0,338.0832,13200.0,0.6082192,0.0,15146.0
2021.02.018.0,274.0,313.3181,13200.0,0.5753425,4.0,15642.0
2021.02.019.0,311.0,280.86963,13200.0,0.57260275,0.0,15791.0
2021.02.017.0,487.0,587.5436,14200.0,0.6082192,0.0,15146.0
2021.02.018.0,442.0,540.1733,14200.0,0.5753425,0.0,15642.0
2021.02.019.0,510.0,477.70453,14200.0,0.57260275,0.0,15791.0
2021.02.017.0,545.0,637.89026,14400.0,0.6082192,1.0,15146.0
2021.02.018.0,510.0,590.44446,14400.0,0.5753425,0.0,15642.0
2021.02.019.0,555.0,537.93726,14400.0,0.57260275,9.0,15791.0
2021.02.017.0,700.0,812.24524,15000.0,0.6082192,1.0,15146.0
2021.02.018.0,680.0,762.4706,15000.0,0.5753425,9.0,15642.0
2021.02.019.0,720.0,715.06934,15000.0,0.57260275,14.0,15791.0
2021.02.017.0,494.0,433.4066,16800.0,0.6082192,0.0,15146.0
2021.02.018.0,570.0,466.911,16800.0,0.5753425,0.0,15642.0
2021.02.019.0,525.0,518.76855,16800.0,0.57260275,13.0,15791.0
2021.02.017.0,360.0,327.25153,17200.0,0.6082192,16.0,15146.0
2021.02.018.0,415.0,349.3836,17200.0,0.5753425,3.0,15642.0
2021.02.019.0,401.0,383.08002,17200.0,0.57260275,0.0,15791.0
2021.02.017.0,230.0,178.9555,18000.0,0.6082192,0.0,15146.0
2021.02.018.0,236.0,191.27667,18000.0,0.5753425,2.0,15642.0
2021.02.019.0,220.0,209.27356,18000.0,0.57260275,0.0,15791.0
2021.02.017.0,95.0,74.85324,19200.0,0.6082192,0.0,15146.0
2021.02.018.0,101.0,76.24359,19200.0,0.5753425,0.0,15642.0
2021.02.019.0,90.0,80.19188,19200.0,0.57260275,0.0,15791.0
2021.02.017.0,46.0,53.49713,11200.0,0.35890412,8.0,15529.0
2021.02.018.0,40.0,44.500885,11200.0,0.3260274,4.0,16143.0
2021.02.019.0,44.5,36.010468,11200.0,0.32328767,0.0,16215.0
2021.02.017.0,425.0,540.3414,15200.0,0.35890412,7.0,15529.0
2021.02.018.0,402.0,489.11255,15200.0,0.3260274,0.0,16143.0
2021.02.019.0,423.0,420.8587,15200.0,0.32328767,50.0,16215.0
2021.02.017.0,116.0,87.45206,18200.0,0.35890412,0.0,15529.0
2021.02.018.0,137.0,90.60242,18200.0,0.3260274,0.0,16143.0
2021.02.019.0,106.0,99.880035,18200.0,0.32328767,0.0,16215.0
2021.02.017.0,332.0,426.3398,13600.0,0.6082192,0.0,15146.0
2021.02.018.0,330.0,387.36523,13600.0,0.5753425,8.0,15642.0
2021.02.019.0,381.0,345.61267,13600.0,0.57260275,22.0,15791.0
2021.02.017.0,830.0,944.49475,15400.0,0.6082192,0.0,15146.0
2021.02.018.0,820.0,893.44617,15400.0,0.5753425,0.0,15642.0
2021.02.019.0,835.0,786.9825,15400.0,0.57260275,8.0,15791.0
2021.02.017.0,200.0,153.50725,18200.0,0.6082192,0.0,15146.0
2021.02.018.0,211.0,162.66423,18200.0,0.5753425,2.0,15642.0
2021.02.019.0,190.0,178.25143,18200.0,0.57260275,10.0,15791.0
2021.02.018.0,49.0,31.358337,18300.0,0.17260274,1.0,16267.0
2021.02.019.0,33.0,26.51001,18300.0,0.16986302,0.0,16322.0
2021.02.017.0,39.0,43.47995,10600.0,0.35890412,6.0,15529.0
2021.02.018.0,36.5,35.669403,10600.0,0.3260274,4.0,16143.0
2021.02.019.0,40.5,28.326538,10600.0,0.32328767,22.0,16215.0
2021.02.017.0,44.0,46.92856,10800.0,0.35890412,5.0,15529.0
2021.02.018.0,37.5,39.128113,10800.0,0.3260274,10.0,16143.0
2021.02.019.0,42.0,31.758331,10800.0,0.32328767,14.0,16215.0
2021.02.017.0,89.0,53.47824,18600.0,0.35890412,7.0,15529.0
2021.02.018.0,93.0,55.09445,18600.0,0.3260274,5.0,16143.0
2021.02.019.0,89.0,60.411392,18600.0,0.32328767,0.0,16215.0
2021.02.017.0,72.0,34.612823,19000.0,0.35890412,22.0,15529.0
2021.02.018.0,63.0,35.477997,19000.0,0.3260274,1.0,16143.0
2021.02.019.0,57.0,37.91864,19000.0,0.32328767,0.0,16215.0
2021.02.017.0,197.0,248.00319,12600.0,0.6082192,0.0,15146.0
2021.02.018.0,198.0,225.95734,12600.0,0.5753425,3.0,15642.0
2021.02.019.0,227.0,202.1167,12600.0,0.57260275,0.0,15791.0
2021.02.017.0,680.0,726.7168,14800.0,0.6082192,4.0,15146.0
2021.02.018.0,620.0,681.5225,14800.0,0.5753425,1.0,15642.0
2021.02.019.0,685.0,639.1617,14800.0,0.57260275,4.0,15791.0
2021.02.017.0,293.0,244.37524,17600.0,0.6082192,5.0,15146.0
2021.02.018.0,294.0,262.40244,17600.0,0.5753425,0.0,15642.0
2021.02.019.0,298.0,287.22342,17600.0,0.57260275,5.0,15791.0
2021.02.017.0,760.0,888.9359,15200.0,0.6082192,0.0,15146.0
2021.02.018.0,750.0,811.65955,15200.0,0.5753425,2.0,15642.0
2021.02.019.0,790.0,710.6924,15200.0,0.57260275,2.0,15791.0
2021.02.017.0,115.0,86.20529,19000.0,0.6082192,0.0,15146.0
2021.02.018.0,118.0,88.85837,19000.0,0.5753425,23.0,15642.0
2021.02.019.0,100.0,94.720795,19000.0,0.57260275,0.0,15791.0
2021.02.017.0,134.0,153.79848,11600.0,0.6082192,0.0,15146.0
2021.02.018.0,128.0,141.10327,11600.0,0.5753425,0.0,15642.0
2021.02.019.0,130.0,126.81706,11600.0,0.57260275,0.0,15791.0
2021.02.017.0,52.0,27.248352,19200.0,0.35890412,0.0,15529.0
2021.02.018.0,52.0,26.645325,19200.0,0.3260274,0.0,16143.0
2021.02.019.0,48.0,27.723663,19200.0,0.32328767,1.0,16215.0
2021.02.017.0,630.0,569.1071,16400.0,0.6082192,0.0,15146.0
2021.02.018.0,720.0,624.3629,16400.0,0.5753425,1.0,15642.0
2021.02.019.0,640.0,709.19635,16400.0,0.57260275,2.0,15791.0
2021.02.017.0,235.0,209.5721,17800.0,0.6082192,0.0,15146.0
2021.02.018.0,265.0,222.14893,17800.0,0.5753425,5.0,15642.0
2021.02.019.0,255.0,241.15295,17800.0,0.57260275,20.0,15791.0
2021.02.018.0,80.0,65.87213,19400.0,0.5753425,4.0,15642.0
2021.02.019.0,82.0,67.550766,19400.0,0.57260275,4.0,15791.0
2021.02.017.0,33.0,37.474854,10200.0,0.35890412,8.0,15529.0
2021.02.018.0,31.5,30.744385,10200.0,0.3260274,0.0,16143.0
2021.02.019.0,37.5,24.428772,10200.0,0.32328767,0.0,16215.0
2021.02.017.0,143.0,116.70412,18600.0,0.6082192,0.0,15146.0
2021.02.018.0,159.0,120.82321,18600.0,0.5753425,1.0,15642.0
2021.02.019.0,139.0,130.12535,18600.0,0.57260275,0.0,15791.0
2021.02.017.0,585.0,495.96393,16600.0,0.6082192,0.0,15146.0
2021.02.018.0,610.0,543.5526,16600.0,0.5753425,3.0,15642.0
2021.02.019.0,545.0,602.44714,16600.0,0.57260275,9.0,15791.0
2021.02.017.0,332.0,280.0375,17400.0,0.6082192,5.0,15146.0
2021.02.018.0,360.0,301.27042,17400.0,0.5753425,3.0,15642.0
2021.02.019.0,347.0,333.28458,17400.0,0.57260275,14.0,15791.0
2021.02.017.0,2.0,15.382599,9200.0,0.10958904,754.0,15716.0
2021.02.018.0,1.2999878,10.824493,9200.0,0.076712325,623.0,16339.0
2021.02.019.0,1.2000122,6.101776,9200.0,0.0739726,351.0,16380.0
2021.02.017.0,2.5,13.327179,10000.0,0.10958904,42.0,15716.0
2021.02.018.0,2.0,8.129425,10000.0,0.076712325,187.0,16339.0
2021.02.019.0,1.7999878,3.2632446,10000.0,0.0739726,63.0,16380.0
2021.02.017.0,4.200012,11.410309,10400.0,0.10958904,1.0,15716.0
2021.02.018.0,2.100006,5.9558716,10400.0,0.076712325,21.0,16339.0
2021.02.019.0,1.7999878,0.72354126,10400.0,0.0739726,16.0,16380.0
2021.02.017.0,2.100006,9.071808,10800.0,0.10958904,41.0,15716.0
2021.02.018.0,3.0,2.9069214,10800.0,0.076712325,17.0,16339.0
2021.02.019.0,2.399994,-2.2365417,10800.0,0.0739726,30.0,16380.0
2021.02.017.0,4.600006,6.767029,11000.0,0.10958904,251.0,15716.0
2021.02.018.0,2.7000122,0.5069885,11000.0,0.076712325,58.999985,16339.0
2021.02.019.0,2.399994,-5.0290833,11000.0,0.0739726,78.0,16380.0
2021.02.017.0,4.600006,6.7667847,11200.0,0.10958904,56.000015,15716.0
2021.02.018.0,3.399994,0.74676514,11200.0,0.076712325,24.0,16339.0
2021.02.019.0,3.0,-4.6506042,11200.0,0.0739726,3.0,16380.0
2021.02.017.0,5.100006,6.574707,11600.0,0.10958904,22.0,15716.0
2021.02.018.0,4.0,-0.44052124,11600.0,0.076712325,251.0,16339.0
2021.02.019.0,3.5,-6.3540344,11600.0,0.0739726,4.0,16380.0
2021.02.017.0,6.5,4.707184,11800.0,0.10958904,252.0,15716.0
2021.02.018.0,4.0,-2.3587036,11800.0,0.076712325,110.0,16339.0
2021.02.019.0,3.7999878,-8.342102,11800.0,0.0739726,76.0,16380.0
2021.02.017.0,5.600006,4.2369995,12000.0,0.10958904,204.0,15716.0
2021.02.018.0,4.200012,-3.4878845,12000.0,0.076712325,374.0,16339.0
2021.02.019.0,4.299988,-9.936005,12000.0,0.0739726,297.0,16380.0
2021.02.017.0,5.700012,5.3311157,12100.0,0.10958904,464.0,15716.0
2021.02.018.0,4.399994,-2.3926086,12100.0,0.076712325,17.0,16339.0
2021.02.019.0,4.299988,-8.684265,12100.0,0.0739726,129.0,16380.0
2021.02.017.0,7.299988,6.16214,12200.0,0.10958904,29.0,15716.0
2021.02.018.0,4.700012,-1.5372009,12200.0,0.076712325,57.999985,16339.0
2021.02.019.0,4.5,-8.24054,12200.0,0.0739726,249.0,16380.0
2021.02.017.0,8.0,7.346405,12400.0,0.10958904,5.0,15716.0
2021.02.018.0,5.299988,-0.9076538,12400.0,0.076712325,100.0,16339.0
2021.02.019.0,5.200012,-7.8594666,12400.0,0.0739726,198.0,16380.0
2021.02.017.0,8.5,6.5718994,12500.0,0.10958904,136.0,15716.0
2021.02.018.0,5.399994,-2.3330078,12500.0,0.076712325,367.0,16339.0
2021.02.019.0,5.100006,-9.450409,12500.0,0.0739726,171.0,16380.0
2021.02.017.0,8.899994,7.7427063,12600.0,0.10958904,43.0,15716.0
2021.02.018.0,5.600006,-0.9877014,12600.0,0.076712325,102.000015,16339.0
2021.02.019.0,5.600006,-8.154755,12600.0,0.0739726,145.0,16380.0
2021.02.017.0,8.5,8.030151,12700.0,0.10958904,10.0,15716.0
2021.02.018.0,6.0,-0.8965149,12700.0,0.076712325,62.0,16339.0
2021.02.019.0,5.600006,-8.084412,12700.0,0.0739726,71.000015,16380.0
2021.02.017.0,11.0,8.23877,12800.0,0.10958904,129.0,15716.0
2021.02.018.0,6.299988,-1.0954285,12800.0,0.076712325,136.0,16339.0
2021.02.019.0,6.0,-8.6458435,12800.0,0.0739726,160.0,16380.0
2021.02.017.0,10.0,6.452301,13000.0,0.10958904,922.0,15716.0
2021.02.018.0,7.0,-5.395111,13000.0,0.076712325,985.0,16339.0
2021.02.019.0,6.899994,-14.923218,13000.0,0.0739726,1027.0,16380.0
2021.02.017.0,10.0,12.55304,13200.0,0.10958904,114.0,15716.0
2021.02.018.0,7.899994,0.5762634,13200.0,0.076712325,503.0,16339.0
2021.02.019.0,7.399994,-8.582336,13200.0,0.0739726,181.0,16380.0
2021.02.017.0,13.0,19.408813,13300.0,0.10958904,108.0,15716.0
2021.02.018.0,8.5,5.885254,13300.0,0.076712325,148.0,16339.0
2021.02.019.0,8.399994,-4.22641,13300.0,0.0739726,235.0,16380.0
2021.02.017.0,11.0,17.05127,13400.0,0.10958904,191.0,15716.0
2021.02.018.0,9.100006,4.3395996,13400.0,0.076712325,173.0,16339.0
2021.02.019.0,8.799988,-5.7843323,13400.0,0.0739726,297.0,16380.0
2021.02.017.0,14.5,18.808624,13500.0,0.10958904,417.0,15716.0
2021.02.018.0,9.899994,4.8371887,13500.0,0.076712325,439.0,16339.0
2021.02.019.0,9.899994,-6.3062134,13500.0,0.0739726,436.0,16380.0
2021.02.017.0,14.5,22.850342,13600.0,0.10958904,44.0,15716.0
2021.02.018.0,10.0,8.263916,13600.0,0.076712325,458.0,16339.0
2021.02.019.0,11.0,-3.169159,13600.0,0.0739726,150.0,16380.0
2021.02.017.0,13.0,25.629578,13700.0,0.10958904,144.0,15716.0
2021.02.018.0,12.5,10.172211,13700.0,0.076712325,353.0,16339.0
2021.02.019.0,11.0,-1.9484558,13700.0,0.0739726,61.0,16380.0
2021.02.017.0,15.5,28.19931,13800.0,0.10958904,222.0,15716.0
2021.02.018.0,12.0,11.823853,13800.0,0.076712325,476.0,16339.0
2021.02.019.0,12.5,-1.6242371,13800.0,0.0739726,413.0,16380.0
2021.02.017.0,18.0,33.449158,13900.0,0.10958904,219.0,15716.0
2021.02.018.0,13.0,15.380463,13900.0,0.076712325,652.0,16339.0
2021.02.019.0,13.5,0.7114258,13900.0,0.0739726,265.0,16380.0
2021.02.017.0,17.5,28.493408,14000.0,0.10958904,1158.0,15716.0
2021.02.018.0,14.5,8.640411,14000.0,0.076712325,1945.0,16339.0
2021.02.019.0,15.0,-6.251007,14000.0,0.0739726,755.0,16380.0
2021.02.017.0,21.0,46.385742,14200.0,0.10958904,250.0,15716.0
2021.02.018.0,18.0,22.003632,14200.0,0.076712325,2348.0,16339.0
2021.02.019.0,19.5,3.1539307,14200.0,0.0739726,409.0,16380.0
2021.02.017.0,24.5,52.288696,14300.0,0.10958904,524.0,15716.0
2021.02.018.0,20.5,29.391296,14300.0,0.076712325,470.0,16339.0
2021.02.019.0,21.5,8.962097,14300.0,0.0739726,589.0,16380.0
2021.02.017.0,28.0,59.0542,14400.0,0.10958904,282.0,15716.0
2021.02.018.0,22.5,34.68338,14400.0,0.076712325,412.0,16339.0
2021.02.019.0,24.5,12.538025,14400.0,0.0739726,506.0,16380.0
2021.02.017.0,33.0,64.3828,14500.0,0.10958904,483.0,15716.0
2021.02.018.0,26.0,36.58304,14500.0,0.076712325,1322.0,16339.0
2021.02.019.0,28.5,12.751923,14500.0,0.0739726,582.0,16380.0
2021.02.017.0,38.0,75.71355,14600.0,0.10958904,385.0,15716.0
2021.02.018.0,29.5,47.280273,14600.0,0.076712325,657.0,16339.0
2021.02.019.0,32.5,20.33078,14600.0,0.0739726,1373.0,16380.0
2021.02.017.0,41.0,76.5275,14700.0,0.10958904,344.0,15716.0
2021.02.018.0,34.0,45.298065,14700.0,0.076712325,1946.0,16339.0
2021.02.019.0,37.5,18.787445,14700.0,0.0739726,719.0,16380.0
2021.02.017.0,565.0,388.57324,16000.0,0.10958904,827.0,15716.0
2021.02.018.0,600.0,441.17908,16000.0,0.076712325,0.0,16339.0
2021.02.019.0,550.0,525.8676,16000.0,0.0739726,0.0,16380.0
2021.02.017.0,445.0,308.35532,16200.0,0.10958904,807.0,15716.0
2021.02.018.0,470.0,342.7076,16200.0,0.076712325,0.0,16339.0
2021.02.019.0,426.0,406.3812,16200.0,0.0739726,0.0,16380.0
2021.02.017.0,333.0,234.0011,16400.0,0.10958904,942.0,15716.0
2021.02.018.0,355.0,242.53687,16400.0,0.076712325,1748.0,16339.0
2021.02.019.0,315.0,235.75806,16400.0,0.0739726,5916.0,16380.0
2021.02.017.0,170.0,114.40422,16800.0,0.10958904,686.0,15716.0
2021.02.018.0,180.0,122.415405,16800.0,0.076712325,2208.0,16339.0
2021.02.019.0,157.0,127.5031,16800.0,0.0739726,5926.0,16380.0
2021.02.017.0,116.0,72.79213,17000.0,0.10958904,868.0,15716.0
2021.02.018.0,122.0,72.2616,17000.0,0.076712325,4353.0,16339.0
2021.02.019.0,104.0,79.68326,17000.0,0.0739726,4800.0,16380.0
2021.02.017.0,48.0,34.730316,17400.0,0.10958904,337.0,15716.0
2021.02.018.0,51.0,33.576202,17400.0,0.076712325,555.0,16339.0
2021.02.019.0,40.5,35.976685,17400.0,0.0739726,708.0,16380.0
2021.02.017.0,385.0,296.3762,16600.0,0.20547946,0.0,15654.0
2021.02.018.0,388.0,332.83047,16600.0,0.17260274,6.0,16267.0
2021.02.019.0,379.0,375.65836,16600.0,0.16986302,39.0,16322.0
2021.02.017.0,320.0,257.24377,16700.0,0.20547946,38.0,15654.0
2021.02.018.0,365.0,285.4845,16700.0,0.17260274,2.0,16267.0
2021.02.019.0,303.0,326.0893,16700.0,0.16986302,1.0,16322.0
2021.02.017.0,970.0,788.6681,15800.0,0.35890412,5.0,15529.0
2021.02.018.0,995.0,852.3165,15800.0,0.3260274,0.0,16143.0
2021.02.019.0,960.0,970.3789,15800.0,0.32328767,0.0,16215.0
2021.02.017.0,685.0,605.38696,16200.0,0.35890412,4.0,15529.0
2021.02.018.0,755.0,656.83594,16200.0,0.3260274,48.0,16143.0
2021.02.019.0,640.0,718.6147,16200.0,0.32328767,0.0,16215.0
2021.02.017.0,610.0,720.5166,14600.0,0.6082192,10.0,15146.0
2021.02.018.0,550.0,699.3146,14600.0,0.5753425,0.0,15642.0
2021.02.019.0,595.0,638.7918,14600.0,0.57260275,5.0,15791.0
2021.02.017.0,910.0,839.7289,15800.0,0.6082192,1.0,15146.0
2021.02.018.0,950.0,915.2229,15800.0,0.5753425,5.0,15642.0
2021.02.019.0,875.0,982.0189,15800.0,0.57260275,1.0,15791.0
2021.02.017.0,735.0,664.5606,16200.0,0.6082192,0.0,15146.0
2021.02.018.0,815.0,720.4654,16200.0,0.5753425,2.0,15642.0
2021.02.019.0,700.0,798.844,16200.0,0.57260275,2.0,15791.0
2021.02.018.0,40.5,19.770569,19400.0,0.3260274,9.0,16143.0
2021.02.019.0,38.5,19.992462,19400.0,0.32328767,3.0,16215.0
2021.02.017.0,331.0,381.2499,13400.0,0.6082192,0.0,15146.0
2021.02.018.0,301.0,352.7826,13400.0,0.5753425,3.0,15642.0
2021.02.019.0,345.0,314.09207,13400.0,0.57260275,0.0,15791.0
2021.02.017.0,3.2999878,18.324799,9600.0,0.10958904,2.0,15716.0
2021.02.018.0,2.0,14.090332,9600.0,0.076712325,20.0,16339.0
2021.02.019.0,1.5,9.429901,9600.0,0.0739726,4.0,16380.0
2021.02.017.0,2.7000122,15.399139,9800.0,0.10958904,77.0,15716.0
2021.02.018.0,1.7000122,10.902222,9800.0,0.076712325,44.0,16339.0
2021.02.019.0,1.5,6.023285,9800.0,0.0739726,63.0,16380.0
2021.02.017.0,3.5,12.351685,10200.0,0.10958904,110.0,15716.0
2021.02.018.0,2.100006,7.0069275,10200.0,0.076712325,22.0,16339.0
2021.02.019.0,1.6000061,1.8638916,10200.0,0.0739726,39.0,16380.0
2021.02.017.0,4.799988,7.3614197,11400.0,0.10958904,19.0,15716.0
2021.02.018.0,3.600006,0.6798706,11400.0,0.076712325,5.0,16339.0
2021.02.019.0,3.2000122,-4.8792114,11400.0,0.0739726,4.0,16380.0
2021.02.017.0,11.5,11.475037,13100.0,0.10958904,35.0,15716.0
2021.02.018.0,7.5,0.7978821,13100.0,0.076712325,222.0,16339.0
2021.02.019.0,7.399994,-7.515442,13100.0,0.0739726,58.999985,16380.0
2021.02.017.0,21.5,42.873566,14100.0,0.10958904,210.0,15716.0
2021.02.018.0,16.0,22.68274,14100.0,0.076712325,487.0,16339.0
2021.02.019.0,17.0,5.870514,14100.0,0.0739726,117.999985,16380.0
2021.02.017.0,46.5,90.806366,14800.0,0.10958904,402.0,15716.0
2021.02.018.0,38.5,56.852478,14800.0,0.076712325,1233.0,16339.0
2021.02.019.0,44.0,26.950256,14800.0,0.0739726,976.0,16380.0
2021.02.017.0,51.0,107.819016,14900.0,0.10958904,359.0,15716.0
2021.02.018.0,45.0,69.723816,14900.0,0.076712325,1302.0,16339.0
2021.02.019.0,50.0,36.957092,14900.0,0.0739726,734.0,16380.0
2021.02.017.0,59.999985,133.4457,15000.0,0.10958904,1340.0,15716.0
2021.02.018.0,51.0,79.132095,15000.0,0.076712325,2994.0,16339.0
2021.02.019.0,57.0,41.097717,15000.0,0.0739726,2919.0,16380.0
2021.02.017.0,69.0,132.08598,15100.0,0.10958904,1154.0,15716.0
2021.02.018.0,62.0,88.112564,15100.0,0.076712325,1396.0,16339.0
2021.02.019.0,68.0,49.925873,15100.0,0.0739726,1149.0,16380.0
2021.02.017.0,78.0,144.1584,15200.0,0.10958904,898.0,15716.0
2021.02.018.0,70.0,97.75127,15200.0,0.076712325,1574.0,16339.0
2021.02.019.0,79.0,56.367767,15200.0,0.0739726,1324.0,16380.0
2021.02.017.0,92.0,179.98857,15300.0,0.10958904,497.0,15716.0
2021.02.018.0,81.0,121.14688,15300.0,0.076712325,1393.0,16339.0
2021.02.019.0,91.0,71.246704,15300.0,0.0739726,1518.0,16380.0
2021.02.017.0,105.0,174.54018,15400.0,0.10958904,1710.0,15716.0
2021.02.018.0,93.0,117.52023,15400.0,0.076712325,2658.0,16339.0
2021.02.019.0,107.0,74.0018,15400.0,0.0739726,1483.0,16380.0
2021.02.017.0,120.0,198.67786,15500.0,0.10958904,689.0,15716.0
2021.02.018.0,105.0,136.27429,15500.0,0.076712325,3796.0,16339.0
2021.02.019.0,122.0,87.54732,15500.0,0.0739726,2128.0,16380.0
2021.02.017.0,138.0,220.07639,15600.0,0.10958904,889.0,15716.0
2021.02.018.0,142.0,158.47502,15600.0,0.076712325,2227.0,16339.0
2021.02.019.0,135.0,107.865265,15600.0,0.0739726,994.0,16380.0
2021.02.017.0,156.0,247.42981,15700.0,0.10958904,336.0,15716.0
2021.02.018.0,142.0,183.72372,15700.0,0.076712325,1225.0,16339.0
2021.02.019.0,162.0,123.814606,15700.0,0.0739726,1384.0,16380.0
2021.02.017.0,182.0,286.53577,15800.0,0.10958904,0.0,15716.0
2021.02.018.0,163.0,208.68602,15800.0,0.076712325,1019.0,16339.0
2021.02.019.0,185.0,132.45255,15800.0,0.0739726,2871.0,16380.0
2021.02.017.0,505.0,346.29797,16100.0,0.10958904,692.0,15716.0
2021.02.018.0,535.0,377.77878,16100.0,0.076712325,0.0,16339.0
2021.02.019.0,485.0,447.6092,16100.0,0.0739726,0.0,16380.0
2021.02.017.0,383.0,268.14923,16300.0,0.10958904,947.0,15716.0
2021.02.018.0,405.0,296.42932,16300.0,0.076712325,0.0,16339.0
2021.02.019.0,366.0,353.4181,16300.0,0.0739726,0.0,16380.0
2021.02.017.0,282.0,201.73428,16500.0,0.10958904,1014.00006,15716.0
2021.02.018.0,299.0,208.67447,16500.0,0.076712325,2329.0,16339.0
2021.02.019.0,270.0,214.71436,16500.0,0.0739726,3554.0,16380.0
2021.02.017.0,241.0,165.60153,16600.0,0.10958904,1129.0,15716.0
2021.02.018.0,254.0,173.95822,16600.0,0.076712325,1949.0002,16339.0
2021.02.019.0,224.0,190.52844,16600.0,0.0739726,2369.0,16380.0
2021.02.017.0,205.0,138.92223,16700.0,0.10958904,742.0,15716.0
2021.02.018.0,215.0,149.11684,16700.0,0.076712325,1526.0,16339.0
2021.02.019.0,189.0,168.54097,16700.0,0.0739726,1776.0,16380.0
2021.02.017.0,143.0,93.83887,16900.0,0.10958904,259.0,15716.0
2021.02.018.0,150.0,100.92102,16900.0,0.076712325,1161.0,16339.0
2021.02.019.0,129.0,114.20613,16900.0,0.0739726,2017.0002,16380.0
2021.02.017.0,95.0,62.770523,17100.0,0.10958904,136.0,15716.0
2021.02.018.0,100.0,63.621704,17100.0,0.076712325,1604.0,16339.0
2021.02.019.0,84.0,72.21425,17100.0,0.0739726,1442.0,16380.0
2021.02.017.0,76.0,51.2258,17200.0,0.10958904,244.0,15716.0
2021.02.018.0,77.0,50.52066,17200.0,0.076712325,1562.0,16339.0
2021.02.019.0,68.0,52.84558,17200.0,0.0739726,2491.0,16380.0
2021.02.017.0,59.999985,43.475647,17300.0,0.10958904,80.0,15716.0
2021.02.018.0,64.0,42.508667,17300.0,0.076712325,886.0,16339.0
2021.02.019.0,52.0,44.17746,17300.0,0.0739726,1510.0,16380.0
2021.02.017.0,40.0,30.676971,17500.0,0.10958904,132.99998,15716.0
2021.02.018.0,39.0,28.314392,17500.0,0.076712325,536.0,16339.0
2021.02.019.0,31.5,27.342377,17500.0,0.0739726,952.0,16380.0
2021.02.017.0,31.0,26.02185,17600.0,0.10958904,52.0,15716.0
2021.02.018.0,31.0,22.692291,17600.0,0.076712325,652.0,16339.0
2021.02.019.0,24.0,21.383759,17600.0,0.0739726,535.0,16380.0
2021.02.017.0,18.0,18.84085,17800.0,0.10958904,18.0,15716.0
2021.02.018.0,18.0,15.343109,17800.0,0.076712325,390.0,16339.0
2021.02.019.0,14.5,12.25177,17800.0,0.0739726,582.0,16380.0
2021.02.017.0,11.5,13.965393,18000.0,0.10958904,181.0,15716.0
2021.02.018.0,11.0,9.275421,18000.0,0.076712325,839.0,16339.0
2021.02.019.0,8.799988,3.7476501,18000.0,0.0739726,1339.0,16380.0
2021.02.017.0,10.0,12.171661,18100.0,0.10958904,46.0,15716.0
2021.02.018.0,8.799988,8.920013,18100.0,0.076712325,63.0,16339.0
2021.02.019.0,6.899994,6.2669067,18100.0,0.0739726,108.0,16380.0
2021.02.017.0,8.299988,10.700012,18300.0,0.10958904,53.0,15716.0
2021.02.018.0,6.0,5.7686157,18300.0,0.076712325,38.0,16339.0
2021.02.019.0,3.7000122,2.3469238,18300.0,0.0739726,14.0,16380.0
2021.02.017.0,535.0,408.58264,16300.0,0.20547946,6.0,15654.0
2021.02.018.0,555.0,452.78052,16300.0,0.17260274,15.0,16267.0
2021.02.019.0,520.0,507.81378,16300.0,0.16986302,0.0,16322.0
2021.02.017.0,830.0,687.2545,16000.0,0.35890412,1.0,15529.0
2021.02.018.0,880.0,755.23865,16000.0,0.3260274,0.0,16143.0
2021.02.019.0,840.0,864.12146,16000.0,0.32328767,0.0,16215.0
2021.02.017.0,610.0,513.7901,16400.0,0.35890412,5.0,15529.0
2021.02.018.0,640.0,563.7127,16400.0,0.3260274,3.0,16143.0
2021.02.019.0,615.0,624.8535,16400.0,0.32328767,8.0,16215.0
2021.02.017.0,1150.0,1011.6625,15400.0,0.6082192,0.0,15146.0
2021.02.018.0,1200.0,1098.385,15400.0,0.5753425,0.0,15642.0
2021.02.019.0,1140.0,1235.9369,15400.0,0.57260275,0.0,15791.0
2021.02.017.0,4.0,9.590149,10600.0,0.10958904,10.0,15716.0
2021.02.018.0,2.2999878,4.014923,10600.0,0.076712325,58.999985,16339.0
2021.02.019.0,2.2000122,-1.1363525,10600.0,0.0739726,39.0,16380.0
2021.02.017.0,7.399994,7.2592163,12300.0,0.10958904,9.0,15716.0
2021.02.018.0,4.899994,-1.1130371,12300.0,0.076712325,32.0,16339.0
2021.02.019.0,5.0,-7.824005,12300.0,0.0739726,179.0,16380.0
2021.02.018.0,6.600006,-0.8049011,12900.0,0.076712325,101.000015,16339.0
2021.02.019.0,6.299988,-8.683563,12900.0,0.0739726,245.0,16380.0
2021.02.017.0,865.0,605.7289,15600.0,0.10958904,0.0,15716.0
2021.02.018.0,915.0,664.4308,15600.0,0.076712325,0.0,16339.0
2021.02.019.0,845.0,795.9168,15600.0,0.0739726,0.0,16380.0
2021.02.017.0,715.0,483.55612,15800.0,0.10958904,565.0,15716.0
2021.02.018.0,745.0,544.1592,15800.0,0.076712325,0.0,16339.0
2021.02.019.0,695.0,653.60474,15800.0,0.0739726,0.0,16380.0
2021.02.018.0,675.0,495.96545,15900.0,0.076712325,0.0,16339.0
2021.02.019.0,620.0,588.8311,15900.0,0.0739726,0.0,16380.0
2021.02.017.0,23.0,22.04715,17700.0,0.10958904,35.0,15716.0
2021.02.018.0,24.5,18.99179,17700.0,0.076712325,288.0,16339.0
2021.02.019.0,19.5,17.106873,17700.0,0.0739726,394.0,16380.0
2021.02.017.0,14.5,17.749054,17900.0,0.10958904,42.0,15716.0
2021.02.018.0,15.0,13.191254,17900.0,0.076712325,99.0,16339.0
2021.02.019.0,11.5,10.567963,17900.0,0.0739726,165.0,16380.0
2021.02.017.0,8.799988,10.8703,18200.0,0.10958904,45.0,15716.0
2021.02.018.0,7.200012,6.9536133,18200.0,0.076712325,81.0,16339.0
2021.02.019.0,4.600006,3.858612,18200.0,0.0739726,77.0,16380.0
2021.02.018.0,4.5,2.7865906,18500.0,0.076712325,12.0,16339.0
2021.02.019.0,3.2999878,-0.12496948,18500.0,0.0739726,25.0,16380.0
2021.02.018.0,3.7999878,0.86026,18600.0,0.076712325,35.0,16339.0
2021.02.019.0,2.7999878,-2.0944824,18600.0,0.0739726,43.0,16380.0
2021.02.017.0,770.0,585.3359,15900.0,0.20547946,2.0,15654.0
2021.02.018.0,800.0,640.18524,15900.0,0.17260274,0.0,16267.0
2021.02.019.0,745.0,745.5339,15900.0,0.16986302,0.0,16322.0
2021.02.017.0,735.0,549.87006,16000.0,0.20547946,7.0,15654.0
2021.02.018.0,730.0,606.1516,16000.0,0.17260274,0.0,16267.0
2021.02.019.0,690.0,706.05237,16000.0,0.16986302,0.0,16322.0
2021.02.017.0,570.0,449.09344,16200.0,0.20547946,1.0,15654.0
2021.02.018.0,605.0,484.9746,16200.0,0.17260274,0.0,16267.0
2021.02.019.0,575.0,560.046,16200.0,0.16986302,0.0,16322.0
2021.02.018.0,36.0,19.624268,18500.0,0.17260274,9.0,16267.0
2021.02.019.0,27.0,18.619965,18500.0,0.16986302,11.0,16322.0
2021.02.017.0,1230.0,1008.70337,15400.0,0.35890412,0.0,15529.0
2021.02.018.0,1250.0,1092.4384,15400.0,0.3260274,0.0,16143.0
2021.02.019.0,1200.0,1242.345,15400.0,0.32328767,0.0,16215.0
2021.02.017.0,1420.0,1305.1936,15000.0,0.6082192,0.0,15146.0
2021.02.018.0,1450.0,1367.4819,15000.0,0.5753425,0.0,15642.0
2021.02.019.0,1420.0,1476.7579,15000.0,0.57260275,0.0,15791.0
2021.02.017.0,1030.0,921.2853,15600.0,0.6082192,0.0,15146.0
2021.02.018.0,1080.0,990.73364,15600.0,0.5753425,0.0,15642.0
2021.02.019.0,1030.0,1103.7533,15600.0,0.57260275,0.0,15791.0
2021.02.018.0,820.0,612.1841,15700.0,0.076712325,0.0,16339.0
2021.02.019.0,770.0,735.1959,15700.0,0.0739726,0.0,16380.0
2021.02.018.0,1.3999939,16.572449,9400.0,0.076712325,51.0,16339.0
2021.02.019.0,1.2000122,12.019653,9400.0,0.0739726,40.0,16380.0
2021.02.017.0,1480.0,1184.6957,14900.0,0.10958904,0.0,15716.0
2021.02.018.0,1520.0,1295.4448,14900.0,0.076712325,0.0,16339.0
2021.02.019.0,1460.0,1477.5701,14900.0,0.0739726,0.0,16380.0
2021.02.017.0,1390.0,1096.9667,15000.0,0.10958904,0.0,15716.0
2021.02.018.0,1430.0,1199.8658,15000.0,0.076712325,0.0,16339.0
2021.02.019.0,1370.0,1384.7906,15000.0,0.0739726,0.0,16380.0
2021.02.017.0,1210.0,912.8867,15200.0,0.10958904,0.0,15716.0
2021.02.018.0,1250.0,1006.53625,15200.0,0.076712325,0.0,16339.0
2021.02.019.0,1190.0,1188.1443,15200.0,0.0739726,0.0,16380.0
2021.02.017.0,1030.0,744.1062,15400.0,0.10958904,0.0,15716.0
2021.02.018.0,1070.0,821.22943,15400.0,0.076712325,0.0,16339.0
2021.02.019.0,1020.0,984.1964,15400.0,0.0739726,0.0,16380.0
2021.02.017.0,1680.0,1425.8999,14800.0,0.35890412,0.0,15529.0
2021.02.018.0,1710.0,1517.179,14800.0,0.3260274,0.0,16143.0
2021.02.019.0,1640.0,1656.7605,14800.0,0.32328767,0.0,16215.0
2021.02.017.0,1510.0,1301.8394,15000.0,0.35890412,0.0,15529.0
2021.02.018.0,1540.0,1382.7249,15000.0,0.3260274,0.0,16143.0
2021.02.019.0,1490.0,1522.4867,15000.0,0.32328767,0.0,16215.0
2021.02.018.0,354.0,434.0193,13800.0,0.5753425,12.0,15642.0
2021.02.019.0,420.0,385.16858,13800.0,0.57260275,0.0,15791.0
2021.02.017.0,1570.0,1391.1116,14800.0,0.6082192,0.0,15146.0
2021.02.018.0,1590.0,1475.2455,14800.0,0.5753425,0.0,15642.0
2021.02.019.0,1560.0,1599.7114,14800.0,0.57260275,0.0,15791.0
2021.02.017.0,1580.0,1276.652,14800.0,0.10958904,0.0,15716.0
2021.02.018.0,1620.0,1384.9071,14800.0,0.076712325,0.0,16339.0
2021.02.019.0,1550.0,1558.1727,14800.0,0.0739726,0.0,16380.0
2021.02.019.0,955.0,952.6266,15600.0,0.16986302,0.0,16322.0
2021.02.018.0,1120.0,957.5314,15600.0,0.3260274,0.0,16143.0
2021.02.019.0,1080.0,1101.9634,15600.0,0.32328767,0.0,16215.0
2021.02.018.0,1330.0,1231.9198,15200.0,0.5753425,0.0,15642.0
2021.02.019.0,1290.0,1348.3557,15200.0,0.57260275,0.0,15791.0
2021.02.018.0,870.0,784.9132,16000.0,0.5753425,2.0,15642.0
2021.02.019.0,830.0,858.9592,16000.0,0.57260275,0.0,15791.0
2021.02.019.0,118.0,111.52522,18800.0,0.57260275,0.0,15791.0
2021.02.019.0,890.0,842.99097,15700.0,0.16986302,0.0,16322.0
2021.02.017.0,470.0,378.911,16400.0,0.20547946,2.0,15654.0
2021.02.018.0,510.0,412.29202,16400.0,0.17260274,5.0,16267.0
2021.02.019.0,406.0,458.26752,16400.0,0.16986302,85.0,16322.0
2021.02.017.0,438.0,338.5142,16500.0,0.20547946,1.0,15654.0
2021.02.018.0,466.0,379.38538,16500.0,0.17260274,10.0,16267.0
2021.02.019.0,400.0,428.29544,16500.0,0.16986302,24.0,16322.0
2021.02.018.0,985.0,752.35657,15500.0,0.076712325,0.0,16339.0
2021.02.019.0,925.0,898.8229,15500.0,0.0739726,0.0,16380.0
2021.02.019.0,1030.0,1026.4908,15500.0,0.16986302,0.0,16322.0
2021.02.017.0,1840.0,1563.3706,14600.0,0.35890412,0.0,15529.0
2021.02.018.0,1860.0,1653.741,14600.0,0.3260274,0.0,16143.0
2021.02.019.0,1800.0,1774.7733,14600.0,0.32328767,0.0,16215.0
2021.02.018.0,660.0,547.96783,16100.0,0.17260274,0.0,16267.0
2021.02.019.0,630.0,634.8672,16100.0,0.16986302,0.0,16322.0
2021.02.017.0,208.0,305.05496,15900.0,0.10958904,0.0,15716.0
2021.02.018.0,189.0,228.8263,15900.0,0.076712325,524.0,16339.0
2021.02.019.0,211.0,158.13495,15900.0,0.0739726,1118.0,16380.0
2021.02.017.0,240.0,328.589,16000.0,0.10958904,0.0,15716.0
2021.02.019.0,241.0,235.69333,16000.0,0.076712325,2241.0,16339.0
2021.02.017.0,2010.0,1736.6791,14200.0,0.6082192,0.0,15146.0
2021.02.018.0,2010.0,1811.7369,14200.0,0.5753425,0.0,15642.0
2021.02.019.0,1990.0,1890.0016,14200.0,0.57260275,0.0,15791.0
2021.02.017.0,1870.0,1626.3481,14400.0,0.6082192,0.0,15146.0
2021.02.018.0,1880.0,1709.7191,14400.0,0.5753425,0.0,15642.0
2021.02.019.0,1840.0,1810.6941,14400.0,0.57260275,0.0,15791.0
2021.03.011.0,197.0,177.16156,17400.0,0.26849315,0.0,15688.0
2021.03.012.0,169.0,182.41177,17400.0,0.26575342,0.0,15987.0
2021.03.015.0,166.0,190.14221,17400.0,0.2630137,3.0,16038.0
2021.03.011.0,110.0,98.58435,11200.0,0.5178082,3.0,15216.0
2021.03.012.0,104.0,94.324844,11200.0,0.5150685,185.0,15539.0
2021.03.015.0,102.0,87.69527,11200.0,0.51232874,8.0,15585.0
2021.03.011.0,145.0,133.44771,11800.0,0.5178082,0.0,15216.0
2021.03.012.0,140.0,127.32381,11800.0,0.5150685,0.0,15539.0
2021.03.015.0,130.0,118.85062,11800.0,0.51232874,5.0,15585.0
2021.03.011.0,157.0,146.73608,12000.0,0.5178082,0.0,15216.0
2021.03.012.0,150.0,139.24301,12000.0,0.5150685,26.0,15539.0
2021.03.015.0,149.0,129.76968,12000.0,0.51232874,6.0,15585.0
2021.03.011.0,173.0,164.2577,12200.0,0.5178082,0.0,15216.0
2021.03.012.0,166.0,155.87477,12200.0,0.5150685,0.0,15539.0
2021.03.015.0,164.0,145.7194,12200.0,0.51232874,0.0,15585.0
2021.03.011.0,453.0,430.98404,14000.0,0.5178082,4.0,15216.0
2021.03.012.0,433.0,413.38458,14000.0,0.5150685,1.0,15539.0
2021.03.015.0,399.0,391.21332,14000.0,0.51232874,0.0,15585.0
2021.03.011.0,19.0,22.769684,9600.0,0.26849315,22.0,15688.0
2021.03.012.0,17.0,20.861328,9600.0,0.26575342,107.0,15987.0
2021.03.015.0,17.0,16.057983,9600.0,0.2630137,68.0,16038.0
2021.03.011.0,23.0,24.090424,10000.0,0.26849315,7.0,15688.0
2021.03.012.0,20.0,21.469849,10000.0,0.26575342,134.0,15987.0
2021.03.015.0,18.5,16.934235,10000.0,0.2630137,30.0,16038.0
2021.03.011.0,33.0,31.820343,11000.0,0.26849315,0.0,15688.0
2021.03.012.0,35.0,27.024933,11000.0,0.26575342,1.0,15987.0
2021.03.015.0,28.0,22.430847,11000.0,0.2630137,0.0,16038.0
2021.03.011.0,40.0,38.53897,11400.0,0.26849315,3.0,15688.0
2021.03.012.0,38.5,37.26596,11400.0,0.26575342,27.0,15987.0
2021.03.015.0,32.0,29.29486,11400.0,0.2630137,7.0,16038.0
2021.03.011.0,47.0,43.186523,11600.0,0.26849315,0.0,15688.0
2021.03.012.0,39.0,37.70645,11600.0,0.26575342,11.0,15987.0
2021.03.015.0,35.0,30.420563,11600.0,0.2630137,2.0,16038.0
2021.03.011.0,49.0,50.044495,11800.0,0.26849315,1.0,15688.0
2021.03.012.0,44.5,48.410492,11800.0,0.26575342,4.0,15987.0
2021.03.015.0,37.0,37.58481,11800.0,0.2630137,1.0,16038.0
2021.03.011.0,48.5,51.28885,12000.0,0.26849315,13.0,15688.0
2021.03.012.0,44.0,47.666046,12000.0,0.26575342,57.999985,15987.0
2021.03.015.0,41.0,37.539307,12000.0,0.2630137,26.0,16038.0
2021.03.011.0,56.0,62.996323,12400.0,0.26849315,0.0,15688.0
2021.03.012.0,53.0,53.589386,12400.0,0.26575342,70.0,15987.0
2021.03.015.0,50.0,43.855896,12400.0,0.2630137,55.0,16038.0
2021.03.011.0,70.0,81.93349,12600.0,0.26849315,4.0,15688.0
2021.03.012.0,69.0,74.79201,12600.0,0.26575342,2.0,15987.0
2021.03.015.0,59.999985,60.315933,12600.0,0.2630137,3.0,16038.0
2021.03.011.0,88.0,96.223114,13000.0,0.26849315,4.0,15688.0
2021.03.012.0,77.0,91.81914,13000.0,0.26575342,22.0,15987.0
2021.03.015.0,77.0,73.42285,13000.0,0.2630137,18.0,16038.0
2021.03.011.0,139.0,125.5508,13600.0,0.26849315,3.0,15688.0
2021.03.012.0,113.0,116.51753,13600.0,0.26575342,3.0,15987.0
2021.03.015.0,120.0,106.075516,13600.0,0.2630137,4.0,16038.0
2021.03.011.0,143.0,157.4342,13800.0,0.26849315,0.0,15688.0
2021.03.012.0,141.0,139.54045,13800.0,0.26575342,4.0,15987.0
2021.03.015.0,125.0,122.03824,13800.0,0.2630137,0.0,16038.0
2021.03.011.0,166.0,181.80032,14000.0,0.26849315,3.0,15688.0
2021.03.012.0,156.0,173.08041,14000.0,0.26575342,72.000015,15987.0
2021.03.015.0,154.0,145.51837,14000.0,0.2630137,3.0,16038.0
2021.03.011.0,188.0,204.94022,14200.0,0.26849315,0.0,15688.0
2021.03.012.0,187.0,193.42606,14200.0,0.26575342,5.0,15987.0
2021.03.015.0,169.0,165.69382,14200.0,0.2630137,10.0,16038.0
2021.03.011.0,229.0,229.63332,14400.0,0.26849315,0.0,15688.0
2021.03.012.0,216.0,210.5747,14400.0,0.26575342,2.0,15987.0
2021.03.015.0,189.0,184.10681,14400.0,0.2630137,10.0,16038.0
2021.03.011.0,415.0,411.77075,16600.0,0.26849315,0.0,15688.0
2021.03.012.0,405.0,428.7844,16600.0,0.26575342,106.0,15987.0
2021.03.015.0,382.0,451.80414,16600.0,0.2630137,0.0,16038.0
2021.03.011.0,336.0,349.51544,16800.0,0.26849315,0.0,15688.0
2021.03.012.0,335.0,358.39267,16800.0,0.26575342,5.0,15987.0
2021.03.015.0,313.0,373.77808,16800.0,0.2630137,0.0,16038.0
2021.03.011.0,226.0,287.31082,17000.0,0.26849315,6.0,15688.0
2021.03.012.0,255.0,287.77893,17000.0,0.26575342,21.0,15987.0
2021.03.015.0,253.0,294.20535,17000.0,0.2630137,3.0,16038.0
2021.03.011.0,100.0,109.0406,17800.0,0.26849315,0.0,15688.0
2021.03.012.0,106.0,107.52083,17800.0,0.26575342,1.0,15987.0
2021.03.015.0,106.0,108.67879,17800.0,0.2630137,0.0,16038.0
2021.03.011.0,85.0,85.82861,18000.0,0.26849315,10.0,15688.0
2021.03.012.0,83.0,83.765396,18000.0,0.26575342,2.0,15987.0
2021.03.015.0,83.0,83.28854,18000.0,0.2630137,24.0,16038.0
2021.03.011.0,41.5,31.549377,18800.0,0.26849315,2.0,15688.0
2021.03.012.0,43.5,29.146484,18800.0,0.26575342,0.0,15987.0
2021.03.015.0,36.5,27.739899,18800.0,0.2630137,0.0,16038.0
2021.03.011.0,17.5,4.9773254,19800.0,0.26849315,0.0,15688.0
2021.03.012.0,18.5,3.1883545,19800.0,0.26575342,15.0,15987.0
2021.03.015.0,19.0,1.3216553,19800.0,0.2630137,213.0,16038.0
2021.03.011.0,119.0,109.00949,11400.0,0.5178082,13.0,15216.0
2021.03.012.0,115.0,103.20953,11400.0,0.5150685,5.0,15539.0
2021.03.015.0,115.0,96.26431,11400.0,0.51232874,0.0,15585.0
2021.03.011.0,360.0,387.14655,17000.0,0.5178082,0.0,15216.0
2021.03.012.0,366.0,396.56375,17000.0,0.5150685,1.0,15539.0
2021.03.015.0,344.0,411.884,17000.0,0.51232874,0.0,15585.0
2021.03.011.0,130.0,135.09009,18400.0,0.5178082,0.0,15216.0
2021.03.012.0,137.0,133.65718,18400.0,0.5150685,1.0,15539.0
2021.03.015.0,115.0,135.39111,18400.0,0.51232874,0.0,15585.0
2021.03.011.0,12.5,8.321869,12800.0,0.1150685,231.0,15818.0
2021.03.012.0,11.5,4.184326,12800.0,0.11232877,358.0,16110.0
2021.03.015.0,11.5,-2.1158447,12800.0,0.10958904,64.0,16156.0
2021.03.011.0,13.5,11.4279175,12900.0,0.1150685,26.0,15818.0
2021.03.012.0,12.0,7.6316223,12900.0,0.11232877,21.0,16110.0
2021.03.015.0,12.0,1.2529602,12900.0,0.10958904,55.0,16156.0
2021.03.011.0,15.0,12.92099,13000.0,0.1150685,13.0,15818.0
2021.03.012.0,13.0,8.737579,13000.0,0.11232877,78.0,16110.0
2021.03.015.0,13.5,1.8080444,13000.0,0.10958904,93.0,16156.0
2021.03.011.0,15.5,16.07779,13100.0,0.1150685,25.0,15818.0
2021.03.012.0,15.0,13.284271,13100.0,0.11232877,30.0,16110.0
2021.03.015.0,14.0,4.8643494,13100.0,0.10958904,7.0,16156.0
2021.03.011.0,17.5,14.541351,13200.0,0.1150685,37.0,15818.0
2021.03.012.0,16.0,10.820953,13200.0,0.11232877,39.0,16110.0
2021.03.015.0,16.0,2.9844055,13200.0,0.10958904,20.0,16156.0
2021.03.011.0,17.5,17.893707,13300.0,0.1150685,14.0,15818.0
2021.03.012.0,16.0,13.3975525,13300.0,0.11232877,65.0,16110.0
2021.03.015.0,16.5,5.283661,13300.0,0.10958904,16.0,16156.0
2021.03.011.0,19.5,20.923798,13400.0,0.1150685,32.0,15818.0
2021.03.012.0,18.0,15.797455,13400.0,0.11232877,102.000015,16110.0
2021.03.015.0,17.0,6.903961,13400.0,0.10958904,34.0,16156.0
2021.03.011.0,21.0,21.91623,13500.0,0.1150685,27.0,15818.0
2021.03.012.0,19.0,16.670898,13500.0,0.11232877,105.0,16110.0
2021.03.015.0,19.0,7.5493164,13500.0,0.10958904,61.0,16156.0
2021.03.011.0,23.5,24.145782,13600.0,0.1150685,19.0,15818.0
2021.03.012.0,20.5,19.221771,13600.0,0.11232877,72.000015,16110.0
2021.03.015.0,20.5,9.5616455,13600.0,0.10958904,35.0,16156.0
2021.03.011.0,26.0,28.08435,13700.0,0.1150685,156.0,15818.0
2021.03.012.0,23.0,22.962555,13700.0,0.11232877,49.0,16110.0
2021.03.015.0,24.5,12.26178,13700.0,0.10958904,18.0,16156.0
2021.03.011.0,29.5,31.563416,13800.0,0.1150685,80.0,15818.0
2021.03.012.0,26.0,26.158203,13800.0,0.11232877,70.0,16110.0
2021.03.015.0,26.5,14.513214,13800.0,0.10958904,107.0,16156.0
2021.03.011.0,33.5,36.079437,13900.0,0.1150685,25.0,15818.0
2021.03.012.0,29.5,30.291595,13900.0,0.11232877,114.0,16110.0
2021.03.015.0,30.0,17.9664,13900.0,0.10958904,48.0,16156.0
2021.03.011.0,36.5,36.858795,14000.0,0.1150685,298.0,15818.0
2021.03.012.0,30.5,29.746857,14000.0,0.11232877,534.0,16110.0
2021.03.015.0,30.5,16.058228,14000.0,0.10958904,217.0,16156.0
2021.03.011.0,40.5,44.74762,14100.0,0.1150685,128.0,15818.0
2021.03.012.0,35.0,37.508453,14100.0,0.11232877,258.0,16110.0
2021.03.015.0,34.0,23.632843,14100.0,0.10958904,19.0,16156.0
2021.03.011.0,46.0,48.977936,14200.0,0.1150685,164.0,15818.0
2021.03.012.0,38.0,40.675568,14200.0,0.11232877,323.0,16110.0
2021.03.015.0,38.5,25.430359,14200.0,0.10958904,192.0,16156.0
2021.03.011.0,51.0,55.05014,14300.0,0.1150685,314.0,15818.0
2021.03.012.0,42.5,46.520935,14300.0,0.11232877,346.0,16110.0
2021.03.015.0,43.0,30.468262,14300.0,0.10958904,148.0,16156.0
2021.03.011.0,56.0,63.139297,14400.0,0.1150685,211.0,15818.0
2021.03.012.0,48.0,52.71936,14400.0,0.11232877,751.0,16110.0
2021.03.015.0,47.5,35.233948,14400.0,0.10958904,161.0,16156.0
2021.03.011.0,64.0,68.52373,14500.0,0.1150685,446.0,15818.0
2021.03.012.0,54.0,57.035675,14500.0,0.11232877,724.0,16110.0
2021.03.015.0,53.0,37.033234,14500.0,0.10958904,778.0,16156.0
2021.03.011.0,74.0,77.70372,14600.0,0.1150685,195.0,15818.0
2021.03.012.0,62.0,63.457123,14600.0,0.11232877,1334.0,16110.0
2021.03.015.0,59.999985,43.599915,14600.0,0.10958904,277.0,16156.0
2021.03.011.0,85.0,88.41211,14700.0,0.1150685,119.0,15818.0
2021.03.012.0,70.0,74.12341,14700.0,0.11232877,924.0,16110.0
2021.03.015.0,70.0,51.79904,14700.0,0.10958904,674.0,16156.0
2021.03.011.0,97.0,98.510574,14800.0,0.1150685,172.0,15818.0
2021.03.012.0,80.0,84.45238,14800.0,0.11232877,606.0,16110.0
2021.03.015.0,78.0,59.63109,14800.0,0.10958904,1043.0,16156.0
2021.03.011.0,110.0,94.31366,14900.0,0.1150685,779.0,15818.0
2021.03.012.0,91.0,81.22879,14900.0,0.11232877,355.0,16110.0
2021.03.015.0,88.0,60.370453,14900.0,0.10958904,317.0,16156.0
2021.03.011.0,124.0,110.87764,15000.0,0.1150685,481.0,15818.0
2021.03.012.0,102.0,95.13641,15000.0,0.11232877,1040.0,16110.0
2021.03.015.0,100.0,68.236496,15000.0,0.10958904,619.0,16156.0
2021.03.011.0,141.0,116.59854,15100.0,0.1150685,1092.0,15818.0
2021.03.012.0,115.0,103.15518,15100.0,0.11232877,594.0,16110.0
2021.03.015.0,113.0,77.26834,15100.0,0.10958904,291.0,16156.0
2021.03.011.0,158.0,151.96242,15200.0,0.1150685,75.0,15818.0
2021.03.012.0,129.0,136.6593,15200.0,0.11232877,395.0,16110.0
2021.03.015.0,125.0,104.24066,15200.0,0.10958904,401.0,16156.0
2021.03.011.0,176.0,162.94173,15300.0,0.1150685,232.0,15818.0
2021.03.012.0,148.0,147.57068,15300.0,0.11232877,326.0,16110.0
2021.03.015.0,143.0,114.24036,15300.0,0.10958904,230.0,16156.0
2021.03.011.0,200.0,184.39377,15400.0,0.1150685,124.0,15818.0
2021.03.012.0,166.0,168.33867,15400.0,0.11232877,331.0,16110.0
2021.03.015.0,161.0,132.54536,15400.0,0.10958904,227.0,16156.0
2021.03.011.0,223.0,175.30669,15500.0,0.1150685,124.0,15818.0
2021.03.012.0,189.0,157.56195,15500.0,0.11232877,1089.0,16110.0
2021.03.015.0,181.0,124.50841,15500.0,0.10958904,345.0,16156.0
2021.03.011.0,250.0,227.3016,15600.0,0.1150685,171.0,15818.0
2021.03.012.0,212.0,209.80772,15600.0,0.11232877,328.0,16110.0
2021.03.015.0,205.0,159.86891,15600.0,0.10958904,1232.0,16156.0
2021.03.011.0,278.0,255.38147,15700.0,0.1150685,146.0,15818.0
2021.03.012.0,237.0,239.45651,15700.0,0.11232877,186.0,16110.0
2021.03.015.0,235.0,193.76517,15700.0,0.10958904,257.0,16156.0
2021.03.011.0,311.0,280.72803,15800.0,0.1150685,170.0,15818.0
2021.03.012.0,266.0,244.61351,15800.0,0.11232877,1067.0,16110.0
2021.03.015.0,263.0,198.71107,15800.0,0.10958904,473.0,16156.0
2021.03.011.0,346.0,323.65628,15900.0,0.1150685,0.0,15818.0
2021.03.012.0,301.0,276.57452,15900.0,0.11232877,714.0,16110.0
2021.03.015.0,296.0,223.60178,15900.0,0.10958904,163.0,16156.0
2021.03.011.0,388.0,359.24783,16000.0,0.1150685,0.0,15818.0
2021.03.012.0,335.0,306.0626,16000.0,0.11232877,786.0,16110.0
2021.03.015.0,330.0,245.73119,16000.0,0.10958904,495.0,16156.0
2021.03.011.0,431.0,387.87067,16100.0,0.1150685,0.0,15818.0
2021.03.012.0,381.0,340.53113,16100.0,0.11232877,256.0,16110.0
2021.03.015.0,374.0,278.68982,16100.0,0.10958904,420.0,16156.0
2021.03.011.0,481.0,417.73944,16200.0,0.1150685,0.0,15818.0
2021.03.012.0,424.0,384.36334,16200.0,0.11232877,0.0,16110.0
2021.03.015.0,417.0,325.65784,16200.0,0.10958904,0.0,16156.0
2021.03.011.0,525.0,450.9582,16300.0,0.1150685,0.0,15818.0
2021.03.012.0,474.0,415.39178,16300.0,0.11232877,0.0,16110.0
2021.03.015.0,470.0,352.67776,16300.0,0.10958904,0.0,16156.0
2021.03.011.0,160.0,178.12953,16800.0,0.1150685,190.0,15818.0
2021.03.012.0,144.0,178.50443,16800.0,0.11232877,951.0,16110.0
2021.03.015.0,125.0,181.20944,16800.0,0.10958904,1168.0,16156.0
2021.03.011.0,132.0,154.31528,16900.0,0.1150685,90.0,15818.0
2021.03.012.0,120.0,155.49121,16900.0,0.11232877,571.0,16110.0
2021.03.015.0,103.0,161.42615,16900.0,0.10958904,257.0,16156.0
2021.03.011.0,108.0,125.690125,17000.0,0.1150685,342.0,15818.0
2021.03.012.0,95.0,123.35719,17000.0,0.11232877,916.0,16110.0
2021.03.015.0,81.0,124.20314,17000.0,0.10958904,804.0,16156.0
2021.03.011.0,90.0,102.80464,17100.0,0.1150685,181.0,15818.0
2021.03.012.0,77.0,99.94751,17100.0,0.11232877,878.0,16110.0
2021.03.015.0,67.0,100.96794,17100.0,0.10958904,507.0,16156.0
2021.03.011.0,74.0,86.41977,17200.0,0.1150685,82.0,15818.0
2021.03.012.0,63.0,82.99466,17200.0,0.11232877,747.0,16110.0
2021.03.015.0,54.0,82.40149,17200.0,0.10958904,420.0,16156.0
2021.03.011.0,59.999985,69.93417,17300.0,0.1150685,191.0,15818.0
2021.03.012.0,50.0,67.24625,17300.0,0.11232877,428.0,16110.0
2021.03.015.0,44.0,66.40822,17300.0,0.10958904,301.0,16156.0
2021.03.011.0,49.5,58.055817,17400.0,0.1150685,233.0,15818.0
2021.03.012.0,40.5,55.49179,17400.0,0.11232877,177.0,16110.0
2021.03.015.0,34.0,52.53238,17400.0,0.10958904,663.0,16156.0
2021.03.011.0,40.0,49.110046,17500.0,0.1150685,47.0,15818.0
2021.03.012.0,33.5,46.298798,17500.0,0.11232877,212.0,16110.0
2021.03.015.0,28.0,43.15039,17500.0,0.10958904,489.0,16156.0
2021.03.011.0,32.5,40.257812,17600.0,0.1150685,34.0,15818.0
2021.03.012.0,27.0,37.881866,17600.0,0.11232877,132.99998,16110.0
2021.03.015.0,24.0,35.799896,17600.0,0.10958904,105.0,16156.0
2021.03.011.0,25.0,33.60321,17700.0,0.1150685,29.0,15818.0
2021.03.012.0,23.0,31.011322,17700.0,0.11232877,153.0,16110.0
2021.03.015.0,18.0,28.540344,17700.0,0.10958904,186.0,16156.0
2021.03.011.0,21.5,28.660248,17800.0,0.1150685,21.0,15818.0
2021.03.012.0,19.0,26.104126,17800.0,0.11232877,115.0,16110.0
2021.03.015.0,15.0,23.51355,17800.0,0.10958904,156.0,16156.0
2021.03.011.0,18.0,24.223633,17900.0,0.1150685,5.0,15818.0
2021.03.012.0,15.5,21.815735,17900.0,0.11232877,93.0,16110.0
2021.03.015.0,13.0,19.202515,17900.0,0.10958904,144.0,16156.0
2021.03.011.0,15.0,20.328735,18000.0,0.1150685,17.0,15818.0
2021.03.012.0,13.5,17.92035,18000.0,0.11232877,132.99998,16110.0
2021.03.015.0,11.0,15.469513,18000.0,0.10958904,232.0,16156.0
2021.03.011.0,12.5,17.087189,18100.0,0.1150685,10.0,15818.0
2021.03.012.0,11.0,14.504669,18100.0,0.11232877,311.0,16110.0
2021.03.015.0,9.299988,12.048035,18100.0,0.10958904,131.99998,16156.0
2021.03.011.0,10.5,14.502869,18200.0,0.1150685,6.0,15818.0
2021.03.012.0,10.0,12.080048,18200.0,0.11232877,280.0,16110.0
2021.03.015.0,9.0,9.641388,18200.0,0.10958904,122.0,16156.0
2021.03.011.0,8.0,10.271362,18400.0,0.1150685,2.0,15818.0
2021.03.012.0,7.700012,7.8902893,18400.0,0.11232877,249.0,16110.0
2021.03.015.0,7.700012,5.348297,18400.0,0.10958904,91.0,16156.0
2021.03.011.0,7.700012,6.1785583,18600.0,0.1150685,0.0,15818.0
2021.03.012.0,6.5,4.4407043,18600.0,0.11232877,5.0,16110.0
2021.03.015.0,8.5,2.2908325,18600.0,0.10958904,124.0,16156.0
2021.03.011.0,3.0,1.5318298,19000.0,0.1150685,5.0,15818.0
2021.03.012.0,4.899994,-0.68499756,19000.0,0.11232877,1.0,16110.0
2021.03.015.0,4.0,-4.9205627,19000.0,0.10958904,1247.0,16156.0
2021.03.015.0,68.0,60.43718,13700.0,0.18630137,0.0,16100.0
2021.03.011.0,85.0,132.39536,13800.0,0.19178082,1.0,15762.0
2021.03.012.0,76.0,122.26901,13800.0,0.1890411,20.0,16045.0
2021.03.015.0,74.0,105.64067,13800.0,0.18630137,0.0,16100.0
2021.03.011.0,90.0,89.03485,13900.0,0.19178082,0.0,15762.0
2021.03.012.0,84.0,76.92476,13900.0,0.1890411,4.0,16045.0
2021.03.015.0,81.0,62.548065,13900.0,0.18630137,1.0,16100.0
2021.03.011.0,100.0,101.76631,14000.0,0.19178082,0.0,15762.0
2021.03.012.0,93.0,87.54234,14000.0,0.1890411,11.0,16045.0
2021.03.015.0,89.0,71.020966,14000.0,0.18630137,22.0,16100.0
2021.03.011.0,125.0,159.92181,14200.0,0.19178082,13.0,15762.0
2021.03.012.0,110.0,145.38406,14200.0,0.1890411,12.0,16045.0
2021.03.015.0,106.0,132.81007,14200.0,0.18630137,3.0,16100.0
2021.03.015.0,116.0,146.82408,14300.0,0.18630137,0.0,16100.0
2021.03.011.0,140.0,158.24786,14400.0,0.19178082,21.0,15762.0
2021.03.012.0,122.0,145.01381,14400.0,0.1890411,5.0,16045.0
2021.03.015.0,128.0,141.16373,14400.0,0.18630137,0.0,16100.0
2021.03.011.0,153.0,201.39926,14500.0,0.19178082,0.0,15762.0
2021.03.012.0,133.0,189.47232,14500.0,0.1890411,0.0,16045.0
2021.03.015.0,140.0,151.58946,14500.0,0.18630137,0.0,16100.0
2021.03.011.0,167.0,174.05124,14600.0,0.19178082,0.0,15762.0
2021.03.012.0,145.0,151.43874,14600.0,0.1890411,0.0,16045.0
2021.03.015.0,140.0,125.095795,14600.0,0.18630137,1.0,16100.0
2021.03.011.0,182.0,204.44577,14700.0,0.19178082,0.0,15762.0
2021.03.012.0,160.0,183.27159,14700.0,0.1890411,47.0,16045.0
2021.03.015.0,154.0,152.2574,14700.0,0.18630137,0.0,16100.0
2021.03.011.0,210.0,194.10532,14800.0,0.19178082,0.0,15762.0
2021.03.012.0,190.0,175.23036,14800.0,0.1890411,1.0,16045.0
2021.03.015.0,169.0,151.33066,14800.0,0.18630137,1.0,16100.0
2021.03.011.0,215.0,235.27194,14900.0,0.19178082,0.0,15762.0
2021.03.012.0,194.0,209.64087,14900.0,0.1890411,0.0,16045.0
2021.03.015.0,186.0,171.46178,14900.0,0.18630137,8.0,16100.0
2021.03.011.0,233.0,313.43677,15000.0,0.19178082,22.0,15762.0
2021.03.012.0,212.0,274.08862,15000.0,0.1890411,9.0,16045.0
2021.03.015.0,204.0,229.84634,15000.0,0.18630137,1.0,16100.0
2021.03.011.0,260.0,292.25266,15100.0,0.19178082,0.0,15762.0
2021.03.012.0,233.0,273.98138,15100.0,0.1890411,0.0,16045.0
2021.03.015.0,224.0,226.24445,15100.0,0.18630137,0.0,16100.0
2021.03.011.0,290.0,319.51923,15200.0,0.19178082,0.0,15762.0
2021.03.012.0,256.0,297.84344,15200.0,0.1890411,3.0,16045.0
2021.03.015.0,246.0,247.8934,15200.0,0.18630137,8.0,16100.0
2021.03.011.0,321.0,328.7872,15300.0,0.19178082,2.0,15762.0
2021.03.012.0,278.0,303.6698,15300.0,0.1890411,2.0,16045.0
2021.03.015.0,269.0,273.25146,15300.0,0.18630137,5.0,16100.0
2021.03.011.0,338.0,382.81308,15400.0,0.19178082,3.0,15762.0
2021.03.012.0,304.0,357.43948,15400.0,0.1890411,6.0,16045.0
2021.03.015.0,295.0,293.08624,15400.0,0.18630137,3.0,16100.0
2021.03.011.0,368.0,367.0917,15500.0,0.19178082,0.0,15762.0
2021.03.012.0,337.0,325.87936,15500.0,0.1890411,6.0,16045.0
2021.03.015.0,345.0,282.01263,15500.0,0.18630137,0.0,16100.0
2021.03.011.0,420.0,431.00275,15600.0,0.19178082,8.0,15762.0
2021.03.012.0,373.0,411.85516,15600.0,0.1890411,2.0,16045.0
2021.03.015.0,365.0,342.2793,15600.0,0.18630137,1.0,16100.0
2021.03.011.0,443.0,411.24463,15700.0,0.19178082,0.0,15762.0
2021.03.012.0,396.0,379.11026,15700.0,0.1890411,0.0,16045.0
2021.03.015.0,398.0,327.3413,15700.0,0.18630137,0.0,16100.0
2021.03.011.0,469.0,438.7003,15800.0,0.19178082,0.0,15762.0
2021.03.012.0,420.0,388.41064,15800.0,0.1890411,7.0,16045.0
2021.03.015.0,434.0,344.01074,15800.0,0.18630137,0.0,16100.0
2021.03.011.0,540.0,521.94055,16000.0,0.19178082,0.0,15762.0
2021.03.012.0,510.0,453.39484,16000.0,0.1890411,16.0,16045.0
2021.03.015.0,492.0,390.37915,16000.0,0.18630137,14.0,16100.0
2021.03.011.0,610.0,538.5018,16100.0,0.19178082,0.0,15762.0
2021.03.012.0,555.0,507.65204,16100.0,0.1890411,0.0,16045.0
2021.03.015.0,545.0,448.12317,16100.0,0.18630137,0.0,16100.0
2021.03.011.0,655.0,572.025,16200.0,0.19178082,0.0,15762.0
2021.03.012.0,600.0,542.18335,16200.0,0.1890411,0.0,16045.0
2021.03.015.0,595.0,480.6699,16200.0,0.18630137,0.0,16100.0
2021.03.011.0,300.0,301.7051,16700.0,0.19178082,0.0,15762.0
2021.03.012.0,289.0,312.70764,16700.0,0.1890411,2.0,16045.0
2021.03.015.0,271.0,329.29483,16700.0,0.18630137,0.0,16100.0
2021.03.011.0,253.0,269.97833,16800.0,0.19178082,0.0,15762.0
2021.03.012.0,256.0,282.12888,16800.0,0.1890411,12.0,16045.0
2021.03.015.0,242.0,297.83426,16800.0,0.18630137,47.0,16100.0
2021.03.011.0,230.0,238.7208,16900.0,0.19178082,0.0,15762.0
2021.03.012.0,217.0,247.48306,16900.0,0.1890411,21.0,16045.0
2021.03.015.0,206.0,259.6455,16900.0,0.18630137,0.0,16100.0
2021.03.011.0,174.0,186.38078,17100.0,0.19178082,1.0,15762.0
2021.03.012.0,162.0,188.98547,17100.0,0.1890411,42.0,16045.0
2021.03.015.0,155.0,194.84784,17100.0,0.18630137,5.0,16100.0
2021.03.011.0,150.0,157.42366,17200.0,0.19178082,0.0,15762.0
2021.03.012.0,140.0,160.16516,17200.0,0.1890411,4.0,16045.0
2021.03.015.0,130.0,166.00897,17200.0,0.18630137,1.0,16100.0
2021.03.011.0,131.0,135.18312,17300.0,0.19178082,0.0,15762.0
2021.03.012.0,122.0,136.58168,17300.0,0.1890411,0.0,16045.0
2021.03.015.0,124.0,141.16228,17300.0,0.18630137,0.0,16100.0
2021.03.011.0,116.0,120.59935,17400.0,0.19178082,0.0,15762.0
2021.03.012.0,106.0,120.04703,17400.0,0.1890411,8.0,16045.0
2021.03.015.0,104.0,122.30495,17400.0,0.18630137,2.0,16100.0
2021.03.011.0,102.0,103.67421,17500.0,0.19178082,0.0,15762.0
2021.03.012.0,92.0,102.86067,17500.0,0.1890411,9.0,16045.0
2021.03.015.0,80.0,104.06851,17500.0,0.18630137,3.0,16100.0
2021.03.011.0,85.0,88.27185,17600.0,0.19178082,0.0,15762.0
2021.03.012.0,81.0,87.0966,17600.0,0.1890411,0.0,16045.0
2021.03.015.0,81.0,87.66763,17600.0,0.18630137,2.0,16100.0
2021.03.015.0,62.0,73.98067,17700.0,0.18630137,0.0,16100.0
2021.03.011.0,53.0,56.621582,17900.0,0.19178082,0.0,15762.0
2021.03.012.0,53.0,54.094757,17900.0,0.1890411,5.0,16045.0
2021.03.015.0,51.0,52.73938,17900.0,0.18630137,0.0,16100.0
2021.03.011.0,50.0,48.497803,18000.0,0.19178082,0.0,15762.0
2021.03.012.0,46.5,47.204834,18000.0,0.1890411,5.0,16045.0
2021.03.015.0,44.0,45.150055,18000.0,0.18630137,0.0,16100.0
2021.03.012.0,34.5,33.758606,18200.0,0.1890411,0.0,16045.0
2021.03.015.0,32.0,31.767517,18200.0,0.18630137,0.0,16100.0
2021.03.015.0,27.5,27.765717,18300.0,0.18630137,28.0,16100.0
2021.03.011.0,22.0,22.32251,9800.0,0.26849315,0.0,15688.0
2021.03.012.0,18.5,19.91925,9800.0,0.26575342,41.0,15987.0
2021.03.015.0,17.5,15.967804,9800.0,0.2630137,0.0,16038.0
2021.03.011.0,26.0,26.226562,10400.0,0.26849315,5.0,15688.0
2021.03.012.0,30.5,22.056,10400.0,0.26575342,1.0,15987.0
2021.03.015.0,21.0,18.929169,10400.0,0.2630137,2.0,16038.0
2021.03.011.0,56.0,56.581512,12200.0,0.26849315,0.0,15688.0
2021.03.012.0,54.0,48.86737,12200.0,0.26575342,45.0,15987.0
2021.03.015.0,46.5,40.98712,12200.0,0.2630137,1.0,16038.0
2021.03.011.0,82.0,77.97827,12800.0,0.26849315,1.0,15688.0
2021.03.012.0,75.0,74.70572,12800.0,0.26575342,21.0,15987.0
2021.03.015.0,71.0,61.523087,12800.0,0.2630137,1.0,16038.0
2021.03.011.0,98.0,96.08244,13200.0,0.26849315,0.0,15688.0
2021.03.012.0,94.0,86.110245,13200.0,0.26575342,22.0,15987.0
2021.03.015.0,89.0,74.38316,13200.0,0.2630137,0.0,16038.0
2021.03.011.0,113.0,122.415665,13400.0,0.26849315,0.0,15688.0
2021.03.012.0,115.0,117.78093,13400.0,0.26575342,6.0,15987.0
2021.03.015.0,104.0,97.12216,13400.0,0.2630137,5.0,16038.0
2021.03.011.0,253.0,252.99773,14600.0,0.26849315,1.0,15688.0
2021.03.012.0,246.0,235.26315,14600.0,0.26575342,4.0,15987.0
2021.03.015.0,222.0,215.30014,14600.0,0.2630137,1.0,16038.0
2021.03.011.0,349.0,300.15298,14800.0,0.26849315,10.0,15688.0
2021.03.012.0,282.0,273.1012,14800.0,0.26575342,10.0,15987.0
2021.03.015.0,263.0,244.77827,14800.0,0.2630137,8.0,16038.0
2021.03.011.0,344.0,353.2417,15000.0,0.26849315,1.0,15688.0
2021.03.012.0,339.0,324.20227,15000.0,0.26575342,43.0,15987.0
2021.03.015.0,310.0,284.74524,15000.0,0.2630137,2.0,16038.0
2021.03.011.0,457.0,438.45047,15400.0,0.26849315,0.0,15688.0
2021.03.012.0,438.0,408.42703,15400.0,0.26575342,2.0,15987.0
2021.03.015.0,434.0,364.0845,15400.0,0.2630137,3.0,16038.0
2021.03.011.0,525.0,502.44,15600.0,0.26849315,0.0,15688.0
2021.03.012.0,500.0,474.5918,15600.0,0.26575342,36.0,15987.0
2021.03.015.0,489.0,427.7461,15600.0,0.2630137,139.0,16038.0
2021.03.011.0,695.0,575.2291,15800.0,0.26849315,0.0,15688.0
2021.03.012.0,570.0,513.74506,15800.0,0.26575342,20.0,15987.0
2021.03.015.0,565.0,465.61707,15800.0,0.2630137,3.0,16038.0
2021.03.011.0,690.0,629.89856,16000.0,0.26849315,0.0,15688.0
2021.03.012.0,675.0,603.9514,16000.0,0.26575342,0.0,15987.0
2021.03.015.0,655.0,551.3626,16000.0,0.2630137,2.0,16038.0
2021.03.011.0,206.0,226.38727,17200.0,0.26849315,2.0,15688.0
2021.03.012.0,220.0,227.38666,17200.0,0.26575342,2.0,15987.0
2021.03.015.0,205.0,236.28287,17200.0,0.2630137,1.0,16038.0
2021.03.011.0,142.0,141.11597,17600.0,0.26849315,2.0,15688.0
2021.03.012.0,140.0,141.4689,17600.0,0.26575342,37.0,15987.0
2021.03.015.0,128.0,144.60559,17600.0,0.2630137,3.0,16038.0
2021.03.011.0,59.0,51.233856,18400.0,0.26849315,2.0,15688.0
2021.03.012.0,62.0,48.93692,18400.0,0.26575342,3.0,15987.0
2021.03.015.0,53.0,48.224792,18400.0,0.2630137,1.0,16038.0
2021.03.011.0,191.0,176.24713,12400.0,0.5178082,0.0,15216.0
2021.03.012.0,184.0,168.32248,12400.0,0.5150685,0.0,15539.0
2021.03.015.0,181.0,157.55635,12400.0,0.51232874,0.0,15585.0
2021.03.011.0,232.0,215.82326,12800.0,0.5178082,0.0,15216.0
2021.03.012.0,225.0,206.52014,12800.0,0.5150685,0.0,15539.0
2021.03.015.0,220.0,193.78658,12800.0,0.51232874,5.0,15585.0
2021.03.011.0,255.0,242.51907,13000.0,0.5178082,3.0,15216.0
2021.03.012.0,246.0,234.85641,13000.0,0.5150685,28.0,15539.0
2021.03.015.0,242.0,220.00429,13000.0,0.51232874,38.0,15585.0
2021.03.011.0,284.0,266.83707,13200.0,0.5178082,0.0,15216.0
2021.03.012.0,279.0,260.2715,13200.0,0.5150685,0.0,15539.0
2021.03.015.0,270.0,244.51187,13200.0,0.51232874,0.0,15585.0
2021.03.011.0,487.0,463.78107,14200.0,0.5178082,0.0,15216.0
2021.03.012.0,483.0,460.65826,14200.0,0.5150685,2.0,15539.0
2021.03.015.0,452.0,442.79984,14200.0,0.51232874,0.0,15585.0
2021.03.011.0,540.0,554.1507,14400.0,0.5178082,0.0,15216.0
2021.03.012.0,535.0,534.66473,14400.0,0.5150685,0.0,15539.0
2021.03.015.0,510.0,493.10004,14400.0,0.51232874,0.0,15585.0
2021.03.011.0,735.0,688.9767,15000.0,0.5178082,6.0,15216.0
2021.03.012.0,695.0,698.861,15000.0,0.5150685,0.0,15539.0
2021.03.015.0,700.0,677.1228,15000.0,0.51232874,5.0,15585.0
2021.03.011.0,416.0,448.03406,16800.0,0.5178082,0.0,15216.0
2021.03.012.0,416.0,462.8589,16800.0,0.5150685,11.0,15539.0
2021.03.015.0,398.0,483.69,16800.0,0.51232874,4.0,15585.0
2021.03.011.0,310.0,335.58997,17200.0,0.5178082,1.0,15216.0
2021.03.012.0,320.0,342.7525,17200.0,0.5150685,11.0,15539.0
2021.03.015.0,295.0,355.5594,17200.0,0.51232874,0.0,15585.0
2021.03.011.0,172.0,181.21872,18000.0,0.5178082,4.0,15216.0
2021.03.012.0,184.0,180.6334,18000.0,0.5150685,7.0,15539.0
2021.03.015.0,152.0,185.06667,18000.0,0.51232874,0.0,15585.0
2021.03.011.0,79.0,72.397354,19200.0,0.5178082,0.0,15216.0
2021.03.012.0,74.0,70.932724,19200.0,0.5150685,0.0,15539.0
2021.03.015.0,65.0,69.91313,19200.0,0.51232874,0.0,15585.0
2021.03.011.0,50.0,45.862854,19800.0,0.5178082,1.0,15216.0
2021.03.012.0,46.0,43.72351,19800.0,0.5150685,1.0,15539.0
2021.03.015.0,43.0,41.44867,19800.0,0.51232874,0.0,15585.0
2021.03.011.0,37.5,36.038666,11200.0,0.26849315,5.0,15688.0
2021.03.012.0,33.0,32.325623,11200.0,0.26575342,2.0,15987.0
2021.03.015.0,31.5,25.484894,11200.0,0.2630137,6.0,16038.0
2021.03.011.0,394.0,398.7105,15200.0,0.26849315,1.0,15688.0
2021.03.012.0,398.0,353.84464,15200.0,0.26575342,3.0,15987.0
2021.03.015.0,368.0,311.73065,15200.0,0.2630137,4.0,16038.0
2021.03.011.0,795.0,704.87146,16200.0,0.26849315,0.0,15688.0
2021.03.012.0,735.0,680.9361,16200.0,0.26575342,0.0,15987.0
2021.03.015.0,735.0,621.57855,16200.0,0.2630137,0.0,16038.0
2021.03.011.0,80.0,68.23921,18200.0,0.26849315,2.0,15688.0
2021.03.012.0,70.0,66.50104,18200.0,0.26575342,0.0,15987.0
2021.03.015.0,65.0,65.59854,18200.0,0.2630137,0.0,16038.0
2021.03.011.0,357.0,335.42325,13600.0,0.5178082,0.0,15216.0
2021.03.012.0,347.0,323.92258,13600.0,0.5150685,1.0,15539.0
2021.03.015.0,336.0,306.01007,13600.0,0.51232874,0.0,15585.0
2021.03.011.0,880.0,850.46716,15400.0,0.5178082,0.0,15216.0
2021.03.012.0,860.0,825.147,15400.0,0.5150685,1.0,15539.0
2021.03.015.0,830.0,784.5136,15400.0,0.51232874,0.0,15585.0
2021.03.012.0,950.0,902.8634,15600.0,0.5150685,0.0,15539.0
2021.03.015.0,930.0,847.276,15600.0,0.51232874,0.0,15585.0
2021.03.011.0,145.0,150.23013,18200.0,0.5178082,5.0,15216.0
2021.03.012.0,158.0,149.11938,18200.0,0.5150685,1.0,15539.0
2021.03.015.0,132.0,152.4226,18200.0,0.51232874,0.0,15585.0
2021.03.011.0,9.700012,11.41098,18300.0,0.1150685,30.0,15818.0
2021.03.012.0,8.799988,9.032013,18300.0,0.11232877,221.0,16110.0
2021.03.015.0,8.799988,7.0348206,18300.0,0.10958904,76.0,16156.0
2021.03.011.0,23.5,21.390411,18600.0,0.19178082,7.0,15762.0
2021.03.012.0,25.5,19.516449,18600.0,0.1890411,0.0,16045.0
2021.03.015.0,19.5,16.661346,18600.0,0.18630137,5.0,16100.0
2021.03.011.0,19.0,15.42157,18800.0,0.19178082,1.0,15762.0
2021.03.012.0,18.0,13.570404,18800.0,0.1890411,0.0,16045.0
2021.03.015.0,16.0,11.896973,18800.0,0.18630137,2.0,16100.0
2021.03.015.0,14.5,7.867157,18900.0,0.18630137,1.0,16100.0
2021.03.011.0,28.5,26.706146,10600.0,0.26849315,1.0,15688.0
2021.03.012.0,32.0,23.68863,10600.0,0.26575342,0.0,15987.0
2021.03.015.0,22.5,21.70691,10600.0,0.2630137,0.0,16038.0
2021.03.011.0,31.0,28.306702,10800.0,0.26849315,0.0,15688.0
2021.03.012.0,30.5,24.219238,10800.0,0.26575342,0.0,15987.0
2021.03.015.0,24.0,20.149597,10800.0,0.2630137,5.0,16038.0
2021.03.011.0,46.0,40.983185,18600.0,0.26849315,0.0,15688.0
2021.03.012.0,50.0,38.016235,18600.0,0.26575342,7.0,15987.0
2021.03.015.0,44.0,36.569275,18600.0,0.2630137,0.0,16038.0
2021.03.011.0,35.0,23.937836,19000.0,0.26849315,2.0,15688.0
2021.03.012.0,36.5,21.82727,19000.0,0.26575342,0.0,15987.0
2021.03.015.0,30.0,20.308502,19000.0,0.2630137,0.0,16038.0
2021.03.011.0,210.0,194.11407,12600.0,0.5178082,0.0,15216.0
2021.03.012.0,204.0,185.62535,12600.0,0.5150685,0.0,15539.0
2021.03.015.0,200.0,173.98727,12600.0,0.51232874,0.0,15585.0
2021.03.011.0,665.0,641.73413,14800.0,0.5178082,0.0,15216.0
2021.03.012.0,640.0,642.1013,14800.0,0.5150685,0.0,15539.0
2021.03.015.0,640.0,610.77844,14800.0,0.51232874,0.0,15585.0
2021.03.011.0,222.0,251.28496,17600.0,0.5178082,1.0,15216.0
2021.03.012.0,244.0,252.56158,17600.0,0.5150685,1.0,15539.0
2021.03.015.0,214.0,259.8429,17600.0,0.51232874,0.0,15585.0
2021.03.011.0,805.0,806.29114,15200.0,0.5178082,0.0,15216.0
2021.03.012.0,775.0,795.4523,15200.0,0.5150685,0.0,15539.0
2021.03.015.0,770.0,739.79865,15200.0,0.51232874,0.0,15585.0
2021.03.011.0,1080.0,988.2328,15800.0,0.5178082,0.0,15216.0
2021.03.012.0,1050.0,967.8707,15800.0,0.5150685,0.0,15539.0
2021.03.015.0,1040.0,915.4885,15800.0,0.51232874,0.0,15585.0
2021.03.011.0,75.0,85.31271,19000.0,0.5178082,0.0,15216.0
2021.03.012.0,87.0,82.16731,19000.0,0.5150685,1.0,15539.0
2021.03.015.0,75.0,81.05295,19000.0,0.51232874,0.0,15585.0
2021.03.011.0,131.0,117.76701,11600.0,0.5178082,0.0,15216.0
2021.03.012.0,127.0,112.0632,11600.0,0.5150685,0.0,15539.0
2021.03.015.0,122.0,104.990814,11600.0,0.51232874,0.0,15585.0
2021.03.011.0,14.5,10.109619,19000.0,0.19178082,0.0,15762.0
2021.03.012.0,12.0,7.7026367,19000.0,0.1890411,5.0,16045.0
2021.03.015.0,13.0,5.4644165,19000.0,0.18630137,0.0,16100.0
2021.03.011.0,29.0,18.173035,19200.0,0.26849315,0.0,15688.0
2021.03.012.0,30.5,16.205414,19200.0,0.26575342,0.0,15987.0
2021.03.015.0,28.5,14.438263,19200.0,0.2630137,0.0,16038.0
2021.03.011.0,555.0,573.77594,16400.0,0.5178082,0.0,15216.0
2021.03.012.0,565.0,594.3153,16400.0,0.5150685,0.0,15539.0
2021.03.015.0,540.0,627.3817,16400.0,0.51232874,0.0,15585.0
2021.03.011.0,195.0,208.31445,17800.0,0.5178082,0.0,15216.0
2021.03.012.0,210.0,208.23705,17800.0,0.5150685,0.0,15539.0
2021.03.015.0,181.0,215.17316,17800.0,0.51232874,0.0,15585.0
2021.03.011.0,68.0,62.696884,19400.0,0.5178082,0.0,15216.0
2021.03.012.0,64.0,60.776276,19400.0,0.5150685,0.0,15539.0
2021.03.015.0,57.0,59.322556,19400.0,0.51232874,0.0,15585.0
2021.03.011.0,5.700012,3.9301147,18800.0,0.1150685,0.0,15818.0
2021.03.012.0,5.0,1.6155396,18800.0,0.11232877,0.0,16110.0
2021.03.015.0,6.899994,-0.30752563,18800.0,0.10958904,1.0,16156.0
2021.03.011.0,6.899994,2.3457031,18900.0,0.1150685,0.0,15818.0
2021.03.012.0,4.899994,0.34646606,18900.0,0.11232877,2.0,16110.0
2021.03.015.0,3.100006,-2.4299011,18900.0,0.10958904,293.0,16156.0
2021.03.011.0,22.0,25.10849,10200.0,0.26849315,1.0,15688.0
2021.03.012.0,25.0,22.652802,10200.0,0.26575342,1.0,15987.0
2021.03.015.0,17.0,18.269043,10200.0,0.2630137,0.0,16038.0
2021.03.011.0,20.5,8.33606,19600.0,0.26849315,0.0,15688.0
2021.03.012.0,22.0,6.5136414,19600.0,0.26575342,0.0,15987.0
2021.03.015.0,23.0,5.0259094,19600.0,0.2630137,0.0,16038.0
2021.03.011.0,123.0,118.783844,18600.0,0.5178082,2.0,15216.0
2021.03.012.0,118.0,117.39601,18600.0,0.5150685,16.0,15539.0
2021.03.015.0,100.0,117.831604,18600.0,0.51232874,0.0,15585.0
2021.03.011.0,6.700012,4.5806885,18700.0,0.1150685,0.0,15818.0
2021.03.012.0,5.799988,2.884552,18700.0,0.11232877,1.0,16110.0
2021.03.015.0,7.299988,0.8846741,18700.0,0.10958904,61.0,16156.0
2021.03.011.0,482.0,509.00043,16600.0,0.5178082,0.0,15216.0
2021.03.012.0,486.0,521.38446,16600.0,0.5150685,0.0,15539.0
2021.03.015.0,465.0,547.9735,16600.0,0.51232874,0.0,15585.0
2021.03.011.0,265.0,284.792,17400.0,0.5178082,0.0,15216.0
2021.03.012.0,280.0,288.04788,17400.0,0.5150685,1.0,15539.0
2021.03.015.0,252.0,299.97385,17400.0,0.51232874,0.0,15585.0
2021.03.011.0,0.2000122,24.922333,9200.0,0.019178078,9.0,15883.0
2021.03.012.0,0.1000061,28.231995,9200.0,0.016438365,1.0,16174.0
2021.03.015.0,0.1000061,31.881317,9200.0,0.013698608,0.0,16222.0
2021.03.011.0,0.2999878,11.249573,10000.0,0.019178078,45.0,15883.0
2021.03.012.0,0.1000061,11.979736,10000.0,0.016438365,14.0,16174.0
2021.03.015.0,0.1000061,13.12439,10000.0,0.013698608,0.0,16222.0
2021.03.011.0,0.1000061,6.1258545,10400.0,0.019178078,60.0,15883.0
2021.03.012.0,0.1000061,6.3229065,10400.0,0.016438365,35.0,16174.0
2021.03.015.0,0.1000061,6.2945557,10400.0,0.013698608,1.0,16222.0
2021.03.011.0,0.1000061,2.9887695,10800.0,0.019178078,101.000015,15883.0
2021.03.012.0,0.1000061,1.9155579,10800.0,0.016438365,0.0,16174.0
2021.03.015.0,0.1000061,1.1729736,10800.0,0.013698608,0.0,16222.0
2021.03.011.0,0.2000122,1.8216858,11000.0,0.019178078,13.0,15883.0
2021.03.012.0,0.1000061,0.6765442,11000.0,0.016438365,12.0,16174.0
2021.03.015.0,0.1000061,-0.70425415,11000.0,0.013698608,0.0,16222.0
2021.03.011.0,0.2000122,0.63842773,11200.0,0.019178078,6.0,15883.0
2021.03.012.0,0.1000061,-0.87841797,11200.0,0.016438365,0.0,16174.0
2021.03.015.0,0.1000061,-2.7714233,11200.0,0.013698608,0.0,16222.0
2021.03.011.0,0.2000122,-2.0055237,11600.0,0.019178078,0.0,15883.0
2021.03.012.0,0.1000061,-3.9032593,11600.0,0.016438365,43.0,16174.0
2021.03.015.0,0.1000061,-6.136017,11600.0,0.013698608,0.0,16222.0
2021.03.011.0,0.2000122,-3.1689758,11800.0,0.019178078,0.0,15883.0
2021.03.012.0,0.1000061,-4.9942017,11800.0,0.016438365,31.0,16174.0
2021.03.015.0,0.1000061,-7.3799744,11800.0,0.013698608,0.0,16222.0
2021.03.011.0,0.2000122,-4.580078,12000.0,0.019178078,4.0,15883.0
2021.03.012.0,0.2000122,-6.9150085,12000.0,0.016438365,24.0,16174.0
2021.03.015.0,0.1000061,-9.171387,12000.0,0.013698608,18.0,16222.0
2021.03.011.0,0.2000122,-5.29776,12100.0,0.019178078,82.0,15883.0
2021.03.012.0,0.2000122,-7.5577087,12100.0,0.016438365,20.0,16174.0
2021.03.015.0,0.1000061,-9.69223,12100.0,0.013698608,3.0,16222.0
2021.03.011.0,0.2000122,-5.9346313,12200.0,0.019178078,0.0,15883.0
2021.03.012.0,0.2000122,-8.058533,12200.0,0.016438365,0.0,16174.0
2021.03.015.0,0.1000061,-10.012238,12200.0,0.013698608,34.0,16222.0
2021.03.011.0,0.2000122,-6.338745,12400.0,0.019178078,3.0,15883.0
2021.03.012.0,0.2000122,-8.597534,12400.0,0.016438365,3.0,16174.0
2021.03.015.0,0.1000061,-10.882111,12400.0,0.013698608,31.0,16222.0
2021.03.011.0,0.5,-6.4403687,12500.0,0.019178078,0.0,15883.0
2021.03.012.0,0.2000122,-8.532013,12500.0,0.016438365,2.0,16174.0
2021.03.015.0,0.1000061,-11.453125,12500.0,0.013698608,9.0,16222.0
2021.03.011.0,0.2999878,-7.6506653,12600.0,0.019178078,10.0,15883.0
2021.03.012.0,0.2000122,-9.881805,12600.0,0.016438365,9.0,16174.0
2021.03.015.0,0.1000061,-12.206482,12600.0,0.013698608,5.0,16222.0
2021.03.011.0,0.3999939,-8.553375,12700.0,0.019178078,1.0,15883.0
2021.03.012.0,0.2000122,-10.784821,12700.0,0.016438365,40.0,16174.0
2021.03.015.0,0.1000061,-13.294617,12700.0,0.013698608,0.0,16222.0
2021.03.011.0,0.3999939,-9.229523,12800.0,0.019178078,20.0,15883.0
2021.03.012.0,0.2000122,-11.548126,12800.0,0.016438365,0.0,16174.0
2021.03.015.0,0.2000122,-13.866943,12800.0,0.013698608,22.0,16222.0
2021.03.011.0,0.5,-12.75943,13000.0,0.019178078,335.0,15883.0
2021.03.012.0,0.2000122,-15.622528,13000.0,0.016438365,102.000015,16174.0
2021.03.015.0,0.1000061,-17.982086,13000.0,0.013698608,15.0,16222.0
2021.03.011.0,0.7000122,-11.403931,13200.0,0.019178078,3.0,15883.0
2021.03.012.0,0.2999878,-14.232361,13200.0,0.016438365,43.0,16174.0
2021.03.015.0,0.2000122,-16.928467,13200.0,0.013698608,3.0,16222.0
2021.03.011.0,0.6000061,-10.641876,13300.0,0.019178078,24.0,15883.0
2021.03.012.0,0.2999878,-13.955536,13300.0,0.016438365,99.0,16174.0
2021.03.015.0,0.2000122,-17.007172,13300.0,0.013698608,2.0,16222.0
2021.03.011.0,0.6000061,-12.236511,13400.0,0.019178078,1.0,15883.0
2021.03.012.0,0.3999939,-15.511169,13400.0,0.016438365,38.0,16174.0
2021.03.015.0,0.2000122,-18.41687,13400.0,0.013698608,0.0,16222.0
2021.03.011.0,0.7000122,-15.04892,13500.0,0.019178078,76.0,15883.0
2021.03.012.0,0.3999939,-17.70935,13500.0,0.016438365,46.0,16174.0
2021.03.015.0,0.2000122,-20.40564,13500.0,0.013698608,61.0,16222.0
2021.03.011.0,0.7000122,-12.864014,13600.0,0.019178078,8.0,15883.0
2021.03.012.0,0.5,-16.672363,13600.0,0.016438365,92.0,16174.0
2021.03.015.0,0.2000122,-19.884491,13600.0,0.013698608,40.0,16222.0
2021.03.011.0,0.7999878,-9.590393,13700.0,0.019178078,15.0,15883.0
2021.03.012.0,0.5,-14.713287,13700.0,0.016438365,49.0,16174.0
2021.03.015.0,0.1000061,-19.242554,13700.0,0.013698608,55.0,16222.0
2021.03.011.0,0.8999939,-15.404724,13800.0,0.019178078,10.0,15883.0
2021.03.012.0,0.5,-19.74649,13800.0,0.016438365,51.0,16174.0
2021.03.015.0,0.2000122,-23.29538,13800.0,0.013698608,115.0,16222.0
2021.03.011.0,1.0,-16.882812,13900.0,0.019178078,148.0,15883.0
2021.03.012.0,0.5,-22.4245,13900.0,0.016438365,504.0,16174.0
2021.03.015.0,0.2000122,-26.232422,13900.0,0.013698608,56.000015,16222.0
2021.03.011.0,1.2999878,-21.33078,14000.0,0.019178078,421.0,15883.0
2021.03.012.0,0.5,-25.860504,14000.0,0.016438365,289.0,16174.0
2021.03.015.0,0.2000122,-29.19815,14000.0,0.013698608,80.0,16222.0
2021.03.011.0,1.3999939,-20.352692,14200.0,0.019178078,1843.0,15883.0
2021.03.012.0,0.7000122,-26.87091,14200.0,0.016438365,320.0,16174.0
2021.03.015.0,0.2999878,-31.052856,14200.0,0.013698608,83.0,16222.0
2021.03.011.0,1.6000061,-21.280243,14300.0,0.019178078,1373.0,15883.0
2021.03.012.0,0.7999878,-28.339874,14300.0,0.016438365,805.0,16174.0
2021.03.015.0,0.3999939,-32.62387,14300.0,0.013698608,80.0,16222.0
2021.03.011.0,1.5,-18.09668,14400.0,0.019178078,1350.0,15883.0
2021.03.012.0,0.7999878,-25.893219,14400.0,0.016438365,505.0,16174.0
2021.03.015.0,0.2999878,-31.643738,14400.0,0.013698608,227.0,16222.0
2021.03.011.0,1.8999939,-22.140198,14500.0,0.019178078,1748.0,15883.0
2021.03.012.0,1.1000061,-29.128662,14500.0,0.016438365,1711.0,16174.0
2021.03.015.0,0.5,-33.839355,14500.0,0.013698608,418.0,16222.0
2021.03.011.0,1.8999939,-15.253296,14600.0,0.019178078,1397.0,15883.0
2021.03.012.0,1.1000061,-23.889801,14600.0,0.016438365,864.0,16174.0
2021.03.015.0,0.5,-30.721863,14600.0,0.013698608,508.0,16222.0
2021.03.011.0,2.399994,-11.338409,14700.0,0.019178078,2259.0,15883.0
2021.03.012.0,1.2000122,-21.517578,14700.0,0.016438365,2398.0,16174.0
2021.03.015.0,0.6000061,-28.214905,14700.0,0.013698608,476.0,16222.0
2021.03.011.0,264.0,107.983505,16000.0,0.019178078,8995.0,15883.0
2021.03.012.0,269.0,122.96701,16000.0,0.016438365,0.0,16174.0
2021.03.015.0,231.0,164.44159,16000.0,0.013698608,0.0,16222.0
2021.03.011.0,145.0,79.94612,16200.0,0.019178078,9699.0,15883.0
2021.03.012.0,134.0,51.90622,16200.0,0.016438365,19003.0,16174.0
2021.03.015.0,94.0,68.48724,16200.0,0.013698608,0.0,16222.0
2021.03.011.0,68.0,75.94748,16400.0,0.019178078,13559.0,15883.0
2021.03.012.0,51.0,56.07715,16400.0,0.016438365,22997.002,16174.0
2021.03.015.0,25.5,43.15207,16400.0,0.013698608,19181.0,16222.0
2021.03.011.0,7.200012,39.624603,16800.0,0.019178078,3012.0,15883.0
2021.03.012.0,2.7000122,29.459381,16800.0,0.016438365,7869.0,16174.0
2021.03.015.0,1.0,34.93634,16800.0,0.013698608,8773.0,16222.0
2021.03.011.0,2.600006,28.115967,17000.0,0.019178078,1852.0,15883.0
2021.03.012.0,1.1000061,14.912842,17000.0,0.016438365,2395.0,16174.0
2021.03.015.0,0.6000061,4.1311035,17000.0,0.013698608,2874.0,16222.0
2021.03.011.0,0.3999939,7.175293,17400.0,0.019178078,109.0,15883.0
2021.03.012.0,0.2000122,4.006653,17400.0,0.016438365,97.0,16174.0
2021.03.015.0,0.1000061,1.4132385,17400.0,0.013698608,170.0,16222.0
2021.03.011.0,220.0,243.72269,16600.0,0.1150685,136.0,15818.0
2021.03.012.0,207.0,248.18633,16600.0,0.11232877,558.0,16110.0
2021.03.015.0,183.0,260.06686,16600.0,0.10958904,402.0,16156.0
2021.03.011.0,185.0,204.02792,16700.0,0.1150685,1089.0,15818.0
2021.03.012.0,173.0,207.36243,16700.0,0.11232877,433.0,16110.0
2021.03.015.0,152.0,204.95721,16700.0,0.10958904,2634.0,16156.0
2021.03.011.0,790.0,743.1188,15800.0,0.26849315,0.0,15688.0
2021.03.012.0,810.0,769.0435,15800.0,0.26575342,0.0,15987.0
2021.03.015.0,785.0,823.50745,15800.0,0.2630137,0.0,16038.0
2021.03.011.0,600.0,551.9675,16200.0,0.26849315,0.0,15688.0
2021.03.012.0,575.0,585.6394,16200.0,0.26575342,65.0,15987.0
2021.03.015.0,550.0,631.2336,16200.0,0.2630137,1.0,16038.0
2021.03.011.0,600.0,611.8203,14600.0,0.5178082,0.0,15216.0
2021.03.012.0,580.0,585.4071,14600.0,0.5150685,0.0,15539.0
2021.03.015.0,570.0,538.76575,14600.0,0.51232874,0.0,15585.0
2021.03.011.0,825.0,784.60065,15800.0,0.5178082,0.0,15216.0
2021.03.012.0,835.0,832.1802,15800.0,0.5150685,1.0,15539.0
2021.03.015.0,805.0,883.7196,15800.0,0.51232874,0.0,15585.0
2021.03.011.0,635.0,631.02216,16200.0,0.5178082,0.0,15216.0
2021.03.012.0,650.0,658.37335,16200.0,0.5150685,0.0,15539.0
2021.03.015.0,620.0,701.1612,16200.0,0.51232874,0.0,15585.0
2021.03.011.0,24.5,12.565552,19400.0,0.26849315,0.0,15688.0
2021.03.012.0,26.0,10.610046,19400.0,0.26575342,0.0,15987.0
2021.03.015.0,27.5,9.145782,19400.0,0.2630137,0.0,16038.0
2021.03.011.0,316.0,297.4532,13400.0,0.5178082,1.0,15216.0
2021.03.012.0,314.0,285.7085,13400.0,0.5150685,1.0,15539.0
2021.03.015.0,302.0,270.26324,13400.0,0.51232874,0.0,15585.0
2021.03.011.0,0.1000061,19.108612,9600.0,0.019178078,0.0,15883.0
2021.03.012.0,0.1000061,19.841492,9600.0,0.016438365,0.0,16174.0
2021.03.015.0,0.2999878,21.38739,9600.0,0.013698608,0.0,16222.0
2021.03.011.0,0.1000061,16.218536,9800.0,0.019178078,0.0,15883.0
2021.03.012.0,0.1000061,16.656647,9800.0,0.016438365,21.0,16174.0
2021.03.015.0,0.1000061,17.090393,9800.0,0.013698608,0.0,16222.0
2021.03.011.0,0.1000061,10.008087,10200.0,0.019178078,20.0,15883.0
2021.03.012.0,0.1000061,10.093445,10200.0,0.016438365,0.0,16174.0
2021.03.015.0,0.1000061,9.944916,10200.0,0.013698608,0.0,16222.0
2021.03.011.0,0.2000122,-0.7841797,11400.0,0.019178078,10.0,15883.0
2021.03.012.0,0.1000061,-2.4649963,11400.0,0.016438365,64.0,16174.0
2021.03.015.0,0.1000061,-4.5436096,11400.0,0.013698608,0.0,16222.0
2021.03.011.0,0.6000061,-7.826538,13100.0,0.019178078,1.0,15883.0
2021.03.012.0,0.2000122,-11.29892,13100.0,0.016438365,53.0,16174.0
2021.03.015.0,0.1000061,-14.902344,13100.0,0.013698608,0.0,16222.0
2021.03.011.0,1.2999878,-16.373657,14100.0,0.019178078,244.0,15883.0
2021.03.012.0,0.7000122,-21.68399,14100.0,0.016438365,147.0,16174.0
2021.03.015.0,0.2999878,-25.678314,14100.0,0.013698608,35.0,16222.0
2021.03.011.0,2.5,-4.049774,14800.0,0.019178078,2678.0,15883.0
2021.03.012.0,1.3999939,-14.273865,14800.0,0.016438365,3797.0002,16174.0
2021.03.015.0,0.7000122,-21.424438,14800.0,0.013698608,929.0,16222.0
2021.03.011.0,3.100006,1.3915405,14900.0,0.019178078,4016.0,15883.0
2021.03.012.0,1.5,-3.753601,14900.0,0.016438365,4868.0,16174.0
2021.03.015.0,0.7999878,-6.7167664,14900.0,0.013698608,886.0,16222.0
2021.03.011.0,4.0,29.61081,15000.0,0.019178078,6378.0,15883.0
2021.03.012.0,1.7999878,25.006683,15000.0,0.016438365,6832.0005,16174.0
2021.03.015.0,1.0,17.338837,15000.0,0.013698608,1892.0,16222.0
2021.03.011.0,4.799988,17.65152,15100.0,0.019178078,3746.0,15883.0
2021.03.012.0,1.8999939,13.319946,15100.0,0.016438365,7009.0,16174.0
2021.03.015.0,1.1000061,11.050568,15100.0,0.013698608,1834.0,16222.0
2021.03.011.0,6.399994,30.154602,15200.0,0.019178078,3740.0,15883.0
2021.03.012.0,2.399994,30.192383,15200.0,0.016438365,11817.0,16174.0
2021.03.015.0,1.2000122,29.986755,15200.0,0.013698608,2295.0,16222.0
2021.03.011.0,8.200012,34.46576,15300.0,0.019178078,4318.0,15883.0
2021.03.012.0,2.7999878,37.575104,15300.0,0.016438365,14624.0,16174.0
2021.03.015.0,1.3999939,37.153595,15300.0,0.013698608,5410.0,16222.0
2021.03.011.0,11.0,43.39212,15400.0,0.019178078,5658.0,15883.0
2021.03.012.0,3.7999878,41.69034,15400.0,0.016438365,13868.0,16174.0
2021.03.015.0,1.6000061,37.048065,15400.0,0.013698608,5336.0,16222.0
2021.03.011.0,15.5,40.18753,15500.0,0.019178078,6993.0005,15883.0
2021.03.012.0,4.799988,38.04193,15500.0,0.016438365,16274.0,16174.0
2021.03.015.0,2.2999878,35.201202,15500.0,0.013698608,6370.0005,16222.0
2021.03.011.0,22.0,50.391266,15600.0,0.019178078,5688.0,15883.0
2021.03.012.0,7.0,46.130463,15600.0,0.016438365,14229.0,16174.0
2021.03.015.0,3.2999878,41.80316,15600.0,0.013698608,11291.0,16222.0
2021.03.011.0,32.0,58.186462,15700.0,0.019178078,5817.0,15883.0
2021.03.012.0,11.0,49.558228,15700.0,0.016438365,14946.0,16174.0
2021.03.015.0,5.299988,40.92505,15700.0,0.013698608,7286.0,16222.0
2021.03.011.0,45.5,65.92894,15800.0,0.019178078,5060.0,15883.0
2021.03.012.0,16.5,50.026,15800.0,0.016438365,19356.0,16174.0
2021.03.015.0,9.200012,37.257996,15800.0,0.013698608,11480.0,16222.0
2021.03.011.0,200.0,115.35686,16100.0,0.019178078,9219.0,15883.0
2021.03.012.0,196.0,123.46158,16100.0,0.016438365,0.0,16174.0
2021.03.015.0,156.0,152.97234,16100.0,0.013698608,0.0,16222.0
2021.03.011.0,100.0,76.92308,16300.0,0.019178078,9937.0,15883.0
2021.03.012.0,85.0,54.404297,16300.0,0.016438365,19314.0,16174.0
2021.03.015.0,53.0,34.64981,16300.0,0.013698608,19840.0,16222.0
2021.03.011.0,42.0,78.07228,16500.0,0.019178078,9835.0,15883.0
2021.03.012.0,28.5,70.60144,16500.0,0.016438365,28500.0,16174.0
2021.03.015.0,11.5,64.29671,16500.0,0.013698608,25414.0,16222.0
2021.03.011.0,24.0,67.25804,16600.0,0.019178078,5506.0,15883.0
2021.03.012.0,13.5,65.425186,16600.0,0.016438365,17315.0,16174.0
2021.03.015.0,4.299988,69.85622,16600.0,0.013698608,14814.999,16222.0
2021.03.011.0,13.5,53.457397,16700.0,0.019178078,5916.0,15883.0
2021.03.012.0,6.399994,51.469116,16700.0,0.016438365,10645.0,16174.0
2021.03.015.0,1.8999939,64.214325,16700.0,0.013698608,10753.0,16222.0
2021.03.011.0,3.899994,31.289825,16900.0,0.019178078,2814.0,15883.0
2021.03.012.0,1.2000122,14.707062,16900.0,0.016438365,5704.0,16174.0
2021.03.015.0,0.7000122,7.881653,16900.0,0.013698608,4291.0,16222.0
2021.03.011.0,1.6000061,17.286743,17100.0,0.019178078,2684.0,15883.0
2021.03.012.0,0.7000122,6.821106,17100.0,0.016438365,1165.0,16174.0
2021.03.015.0,0.2999878,3.2888794,17100.0,0.013698608,95.0,16222.0
2021.03.011.0,1.1000061,12.305023,17200.0,0.019178078,991.0,15883.0
2021.03.012.0,0.2999878,6.1256714,17200.0,0.016438365,638.0,16174.0
2021.03.015.0,0.2999878,2.3712158,17200.0,0.013698608,300.0,16222.0
2021.03.011.0,0.6000061,9.22171,17300.0,0.019178078,220.0,15883.0
2021.03.012.0,0.2000122,5.159485,17300.0,0.016438365,234.0,16174.0
2021.03.015.0,0.2000122,1.3223267,17300.0,0.013698608,606.0,16222.0
2021.03.011.0,0.3999939,0.7696533,17500.0,0.019178078,132.99998,15883.0
2021.03.012.0,0.5,-1.3907166,17500.0,0.016438365,106.0,16174.0
2021.03.015.0,0.3999939,-3.6847534,17500.0,0.013698608,25.0,16222.0
2021.03.011.0,0.2999878,-2.0725403,17600.0,0.019178078,624.0,15883.0
2021.03.012.0,0.5,-4.7957153,17600.0,0.016438365,231.0,16174.0
2021.03.015.0,0.1000061,-7.0493774,17600.0,0.013698608,23.0,16222.0
2021.03.011.0,0.2999878,-4.4284973,17800.0,0.019178078,28.0,15883.0
2021.03.012.0,0.1000061,-6.594208,17800.0,0.016438365,84.0,16174.0
2021.03.015.0,0.1000061,-8.109039,17800.0,0.013698608,20.0,16222.0
2021.03.011.0,0.3999939,-7.254944,18000.0,0.019178078,11.0,15883.0
2021.03.012.0,0.2000122,-9.279755,18000.0,0.016438365,12.0,16174.0
2021.03.015.0,0.2000122,-11.358734,18000.0,0.013698608,6.0,16222.0
2021.03.011.0,0.3999939,-7.3527527,18100.0,0.019178078,3.0,15883.0
2021.03.012.0,0.1000061,-10.234833,18100.0,0.016438365,3.0,16174.0
2021.03.015.0,0.2999878,-12.852661,18100.0,0.013698608,72.000015,16222.0
2021.03.011.0,0.1000061,-8.541626,18300.0,0.019178078,8.0,15883.0
2021.03.012.0,0.1000061,-11.232697,18300.0,0.016438365,0.0,16174.0
2021.03.015.0,0.1000061,-14.03421,18300.0,0.013698608,0.0,16222.0
2021.03.011.0,337.0,353.58664,16300.0,0.1150685,304.0,15818.0
2021.03.012.0,332.0,362.09274,16300.0,0.11232877,587.0,16110.0
2021.03.015.0,308.0,375.43723,16300.0,0.10958904,748.0,16156.0
2021.03.011.0,675.0,637.8578,16000.0,0.26849315,0.0,15688.0
2021.03.012.0,685.0,674.0354,16000.0,0.26575342,5.0,15987.0
2021.03.015.0,670.0,716.42993,16000.0,0.2630137,0.0,16038.0
2021.03.011.0,499.0,483.23187,16400.0,0.26849315,0.0,15688.0
2021.03.012.0,485.0,504.8211,16400.0,0.26575342,50.0,15987.0
2021.03.015.0,461.0,532.60614,16400.0,0.2630137,0.0,16038.0
2021.03.011.0,1020.0,981.8091,15400.0,0.5178082,0.0,15216.0
2021.03.012.0,1040.0,1005.66125,15400.0,0.5150685,0.0,15539.0
2021.03.015.0,995.0,1065.3533,15400.0,0.51232874,0.0,15585.0
2021.03.011.0,0.1000061,4.982605,10600.0,0.019178078,0.0,15883.0
2021.03.012.0,0.1000061,4.456909,10600.0,0.016438365,20.0,16174.0
2021.03.015.0,0.1000061,3.9992065,10600.0,0.013698608,0.0,16222.0
2021.03.011.0,0.2000122,-5.832489,12300.0,0.019178078,0.0,15883.0
2021.03.012.0,0.2000122,-8.2135315,12300.0,0.016438365,0.0,16174.0
2021.03.015.0,0.1000061,-10.345428,12300.0,0.013698608,13.0,16222.0
2021.03.011.0,0.3999939,-10.057709,12900.0,0.019178078,27.0,15883.0
2021.03.012.0,0.3999939,-12.376343,12900.0,0.016438365,10.0,16174.0
2021.03.015.0,0.2999878,-14.58609,12900.0,0.013698608,14.0,16222.0
2021.03.011.0,595.0,512.24725,15600.0,0.019178078,0.0,15883.0
2021.03.012.0,630.0,540.45215,15600.0,0.016438365,0.0,16174.0
2021.03.015.0,600.0,642.9441,15600.0,0.013698608,0.0,16222.0
2021.03.011.0,417.0,387.81512,15800.0,0.019178078,0.0,15883.0
2021.03.012.0,443.0,387.02304,15800.0,0.016438365,0.0,16174.0
2021.03.015.0,409.0,428.58746,15800.0,0.013698608,0.0,16222.0
2021.03.011.0,338.0,204.31061,15900.0,0.019178078,6802.0,15883.0
2021.03.012.0,349.0,213.2106,15900.0,0.016438365,0.0,16174.0
2021.03.015.0,315.0,256.81982,15900.0,0.013698608,0.0,16222.0
2021.03.011.0,0.2000122,-0.9572449,17700.0,0.019178078,16.0,15883.0
2021.03.012.0,0.3999939,-3.0056763,17700.0,0.016438365,127.0,16174.0
2021.03.015.0,0.1000061,-5.346924,17700.0,0.013698608,22.0,16222.0
2021.03.011.0,0.2999878,-4.162445,17900.0,0.019178078,42.0,15883.0
2021.03.012.0,0.1000061,-6.73645,17900.0,0.016438365,94.0,16174.0
2021.03.015.0,0.1000061,-8.825348,17900.0,0.013698608,22.0,16222.0
2021.03.011.0,0.1000061,-9.286407,18200.0,0.019178078,19.0,15883.0
2021.03.012.0,0.1000061,-11.311188,18200.0,0.016438365,0.0,16174.0
2021.03.015.0,0.2999878,-13.395416,18200.0,0.013698608,0.0,16222.0
2021.03.011.0,0.1000061,-10.102081,18500.0,0.019178078,0.0,15883.0
2021.03.012.0,0.3999939,-12.37204,18500.0,0.016438365,51.0,16174.0
2021.03.015.0,0.1000061,-16.093964,18500.0,0.013698608,1.0,16222.0
2021.03.011.0,0.1000061,-10.9487915,18600.0,0.019178078,0.0,15883.0
2021.03.012.0,0.2000122,-13.588867,18600.0,0.016438365,0.0,16174.0
2021.03.015.0,0.1000061,-17.023865,18600.0,0.013698608,2.0,16222.0
2021.03.011.0,555.0,541.79675,15900.0,0.1150685,75.0,15818.0
2021.03.012.0,555.0,577.47485,15900.0,0.11232877,0.0,16110.0
2021.03.015.0,530.0,625.80664,15900.0,0.10958904,0.0,16156.0
2021.03.011.0,497.0,486.31833,16000.0,0.1150685,217.0,15818.0
2021.03.012.0,496.0,517.4035,16000.0,0.11232877,0.0,16110.0
2021.03.015.0,466.0,562.92566,16000.0,0.10958904,0.0,16156.0
2021.03.011.0,387.0,396.84177,16200.0,0.1150685,307.0,15818.0
2021.03.012.0,383.0,404.9026,16200.0,0.11232877,713.0,16110.0
2021.03.015.0,356.0,427.1611,16200.0,0.10958904,237.0,16156.0
2021.03.011.0,7.600006,7.4980164,18500.0,0.1150685,1.0,15818.0
2021.03.012.0,7.0,5.790283,18500.0,0.11232877,0.0,16110.0
2021.03.015.0,7.0,3.891449,18500.0,0.10958904,32.0,16156.0
2021.03.011.0,1040.0,953.19995,15400.0,0.26849315,0.0,15688.0
2021.03.012.0,1070.0,1001.75806,15400.0,0.26575342,0.0,15987.0
2021.03.015.0,1050.0,1084.5712,15400.0,0.2630137,0.0,16038.0
2021.03.011.0,1270.0,1172.5979,15000.0,0.5178082,0.0,15216.0
2021.03.012.0,1280.0,1217.9689,15000.0,0.5150685,0.0,15539.0
2021.03.015.0,1260.0,1297.5171,15000.0,0.51232874,0.0,15585.0
2021.03.011.0,860.0,862.93164,15600.0,0.5178082,0.0,15216.0
2021.03.012.0,935.0,882.39624,15600.0,0.5150685,1.0,15539.0
2021.03.015.0,895.0,931.06116,15600.0,0.51232874,0.0,15585.0
2021.03.011.0,500.0,443.04675,15700.0,0.019178078,0.0,15883.0
2021.03.012.0,540.0,459.90704,15700.0,0.016438365,0.0,16174.0
2021.03.015.0,505.0,521.3749,15700.0,0.013698608,0.0,16222.0
2021.03.011.0,0.1000061,22.575714,9400.0,0.019178078,0.0,15883.0
2021.03.012.0,0.1000061,23.851654,9400.0,0.016438365,0.0,16174.0
2021.03.015.0,0.1000061,26.213562,9400.0,0.013698608,0.0,16222.0
2021.03.011.0,1270.0,1181.5496,14900.0,0.019178078,0.0,15883.0
2021.03.012.0,1320.0,1233.6653,14900.0,0.016438365,0.0,16174.0
2021.03.015.0,1300.0,1237.2498,14900.0,0.013698608,0.0,16222.0
2021.03.011.0,1170.0,1103.5627,15000.0,0.019178078,0.0,15883.0
2021.03.012.0,1220.0,1171.4135,15000.0,0.016438365,0.0,16174.0
2021.03.015.0,1200.0,1207.8251,15000.0,0.013698608,0.0,16222.0
2021.03.011.0,975.0,898.8474,15200.0,0.019178078,0.0,15883.0
2021.03.012.0,1030.0,979.76917,15200.0,0.016438365,0.0,16174.0
2021.03.015.0,1000.0,1085.5669,15200.0,0.013698608,0.0,16222.0
2021.03.011.0,785.0,689.36316,15400.0,0.019178078,0.0,15883.0
2021.03.012.0,830.0,746.8003,15400.0,0.016438365,0.0,16174.0
2021.03.015.0,800.0,874.1443,15400.0,0.013698608,0.0,16222.0
2021.03.011.0,1480.0,1351.2415,14800.0,0.26849315,0.0,15688.0
2021.03.012.0,1520.0,1410.7571,14800.0,0.26575342,0.0,15987.0
2021.03.015.0,1480.0,1508.9999,14800.0,0.2630137,0.0,16038.0
2021.03.011.0,1330.0,1215.2307,15000.0,0.26849315,0.0,15688.0
2021.03.012.0,1380.0,1278.7017,15000.0,0.26575342,0.0,15987.0
2021.03.015.0,1330.0,1377.7611,15000.0,0.2630137,0.0,16038.0
2021.03.011.0,403.0,385.24536,13800.0,0.5178082,0.0,15216.0
2021.03.012.0,386.0,371.94485,13800.0,0.5150685,0.0,15539.0
2021.03.015.0,370.0,346.23145,13800.0,0.51232874,0.0,15585.0
2021.03.011.0,1400.0,1291.6421,14800.0,0.5178082,0.0,15216.0
2021.03.012.0,1420.0,1331.8502,14800.0,0.5150685,0.0,15539.0
2021.03.015.0,1400.0,1409.9563,14800.0,0.51232874,0.0,15585.0
2021.03.011.0,1370.0,1257.5225,14800.0,0.019178078,0.0,15883.0
2021.03.012.0,1420.0,1298.9979,14800.0,0.016438365,0.0,16174.0
2021.03.015.0,1400.0,1281.7402,14800.0,0.013698608,0.0,16222.0
2021.03.011.0,755.0,734.7932,15600.0,0.1150685,0.0,15818.0
2021.03.012.0,765.0,762.8944,15600.0,0.11232877,0.0,16110.0
2021.03.015.0,745.0,823.0398,15600.0,0.10958904,0.0,16156.0
2021.03.011.0,910.0,840.3529,15600.0,0.26849315,0.0,15688.0
2021.03.012.0,935.0,883.56335,15600.0,0.26575342,0.0,15987.0
2021.03.015.0,905.0,954.7844,15600.0,0.2630137,0.0,16038.0
2021.03.011.0,1140.0,1065.452,15200.0,0.5178082,0.0,15216.0
2021.03.012.0,1160.0,1113.3123,15200.0,0.5150685,0.0,15539.0
2021.03.015.0,1130.0,1190.134,15200.0,0.51232874,0.0,15585.0
2021.03.011.0,720.0,736.72284,16000.0,0.5178082,5.0,15216.0
2021.03.012.0,760.0,779.4058,16000.0,0.5150685,11.0,15539.0
2021.03.015.0,705.0,818.7616,16000.0,0.51232874,5.0,15585.0
2021.03.011.0,99.0,99.770706,18800.0,0.5178082,2.0,15216.0
2021.03.012.0,102.0,97.91397,18800.0,0.5150685,0.0,15539.0
2021.03.015.0,87.0,97.70276,18800.0,0.51232874,0.0,15585.0
2021.03.011.0,680.0,670.15784,15700.0,0.1150685,0.0,15818.0
2021.03.012.0,695.0,693.75525,15700.0,0.11232877,0.0,16110.0
2021.03.015.0,670.0,745.78394,15700.0,0.10958904,0.0,16156.0
2021.03.011.0,296.0,317.78973,16400.0,0.1150685,85.0,15818.0
2021.03.012.0,285.0,326.48236,16400.0,0.11232877,511.0,16110.0
2021.03.015.0,263.0,338.5371,16400.0,0.10958904,704.0,16156.0
2021.03.011.0,254.0,280.8605,16500.0,0.1150685,158.0,15818.0
2021.03.012.0,245.0,287.09857,16500.0,0.11232877,502.0,16110.0
2021.03.015.0,221.0,300.96146,16500.0,0.10958904,387.0,16156.0
2021.03.011.0,685.0,598.2976,15500.0,0.019178078,0.0,15883.0
2021.03.012.0,730.0,649.7213,15500.0,0.016438365,0.0,16174.0
2021.03.015.0,700.0,768.52234,15500.0,0.013698608,0.0,16222.0
2021.03.011.0,830.0,801.74963,15500.0,0.1150685,0.0,15818.0
2021.03.012.0,845.0,834.6732,15500.0,0.11232877,0.0,16110.0
2021.03.015.0,820.0,903.33264,15500.0,0.10958904,0.0,16156.0
2021.03.011.0,1640.0,1546.3815,14600.0,0.26849315,0.0,15688.0
2021.03.012.0,1680.0,1591.6576,14600.0,0.26575342,0.0,15987.0
2021.03.015.0,1640.0,1671.1798,14600.0,0.2630137,0.0,16038.0
2021.03.011.0,880.0,789.85913,15300.0,0.019178078,0.0,15883.0
2021.03.012.0,930.0,866.89355,15300.0,0.016438365,0.0,16174.0
2021.03.015.0,900.0,999.4678,15300.0,0.013698608,0.0,16222.0
2021.03.011.0,905.0,871.46936,15400.0,0.1150685,0.0,15818.0
2021.03.012.0,925.0,908.47375,15400.0,0.11232877,0.0,16110.0
2021.03.015.0,900.0,985.3595,15400.0,0.10958904,0.0,16156.0
2021.03.011.0,0.1000061,-9.748505,18400.0,0.019178078,2.0,15883.0
2021.03.012.0,0.1000061,-12.21521,18400.0,0.016438365,0.0,16174.0
2021.03.015.0,0.1000061,-15.039307,18400.0,0.013698608,0.0,16222.0
2021.03.011.0,620.0,608.63855,15800.0,0.1150685,0.0,15818.0
2021.03.012.0,625.0,632.1334,15800.0,0.11232877,0.0,16110.0
2021.03.015.0,600.0,678.0745,15800.0,0.10958904,0.0,16156.0
2021.03.011.0,438.0,439.5887,16100.0,0.1150685,173.0,15818.0
2021.03.012.0,437.0,465.36548,16100.0,0.11232877,0.0,16110.0
2021.03.015.0,412.0,501.92487,16100.0,0.10958904,0.0,16156.0
2021.03.011.0,66.0,133.2078,15900.0,0.019178078,0.0,15883.0
2021.03.012.0,27.5,102.74341,15900.0,0.016438365,15688.999,16174.0
2021.03.015.0,17.0,76.926956,15900.0,0.013698608,14871.999,16222.0
2021.03.011.0,340.0,372.16486,16500.0,0.19178082,0.0,15762.0
2021.03.012.0,356.0,392.65286,16500.0,0.1890411,1.0,16045.0
2021.03.015.0,340.0,416.25958,16500.0,0.18630137,1.0,16100.0
2021.03.011.0,334.0,337.02762,16600.0,0.19178082,0.0,15762.0
2021.03.012.0,324.0,349.87408,16600.0,0.1890411,0.0,16045.0
2021.03.015.0,304.0,378.85898,16600.0,0.18630137,3.0,16100.0
2021.03.011.0,90.0,165.15219,16000.0,0.019178078,0.0,15883.0
2021.03.012.0,44.0,125.588425,16000.0,0.016438365,20613.0,16174.0
2021.03.015.0,31.0,85.49831,16000.0,0.013698608,19024.0,16222.0
2021.03.011.0,127.0,181.44377,16100.0,0.019178078,0.0,15883.0
2021.03.012.0,71.0,134.40158,16100.0,0.016438365,8224.0,16174.0
2021.03.015.0,57.0,103.059814,16100.0,0.013698608,15368.0,16222.0
2021.03.011.0,171.0,218.81505,16200.0,0.019178078,0.0,15883.0
2021.03.012.0,112.0,188.64005,16200.0,0.016438365,0.0,16174.0
2021.03.015.0,95.0,137.66895,16200.0,0.013698608,15489.001,16222.0
2021.03.011.0,228.0,259.84537,16300.0,0.019178078,0.0,15883.0
2021.03.012.0,160.0,220.20714,16300.0,0.016438365,0.0,16174.0
2021.03.015.0,153.0,184.26962,16300.0,0.013698608,0.0,16222.0
2021.03.011.0,0.1000061,-10.916809,18700.0,0.019178078,0.0,15883.0
2021.03.012.0,0.1000061,-13.310944,18700.0,0.016438365,0.0,16174.0
2021.03.015.0,0.1000061,-16.708618,18700.0,0.013698608,0.0,16222.0
2021.03.011.0,0.1000061,-12.111359,18800.0,0.019178078,0.0,15883.0
2021.03.012.0,0.1000061,-14.656158,18800.0,0.016438365,0.0,16174.0
2021.03.015.0,0.1000061,-18.293121,18800.0,0.013698608,0.0,16222.0
2021.03.011.0,0.1000061,-12.471191,18900.0,0.019178078,0.0,15883.0
2021.03.012.0,0.1000061,-15.357666,18900.0,0.016438365,0.0,16174.0
2021.03.015.0,0.1000061,-19.331818,18900.0,0.013698608,0.0,16222.0
2021.03.011.0,455.0,455.5594,16300.0,0.19178082,2.0,15762.0
2021.03.012.0,440.0,476.10455,16300.0,0.1890411,3.0,16045.0
2021.03.015.0,425.0,506.08386,16300.0,0.18630137,9.0,16100.0
2021.03.011.0,410.0,428.10623,16400.0,0.19178082,0.0,15762.0
2021.03.012.0,440.0,448.57483,16400.0,0.1890411,17.0,16045.0
2021.03.015.0,382.0,475.46045,16400.0,0.18630137,5.0,16100.0
2021.03.012.0,0.1000061,-15.80896,19000.0,0.016438365,0.0,16174.0
2021.03.015.0,0.1000061,-20.191498,19000.0,0.013698608,0.0,16222.0
2021.03.012.0,54.0,52.249084,19600.0,0.5150685,0.0,15539.0
2021.03.015.0,49.5,49.49179,19600.0,0.51232874,0.0,15585.0
2021.03.011.0,1820.0,1814.6877,14200.0,0.5178082,0.0,15216.0
2021.03.012.0,1860.0,1821.5083,14200.0,0.5150685,0.0,15539.0
2021.03.015.0,1810.0,1850.9269,14200.0,0.51232874,0.0,15585.0
2021.03.011.0,1680.0,1619.7404,14400.0,0.5178082,0.0,15216.0
2021.03.012.0,1720.0,1640.8153,14400.0,0.5150685,0.0,15539.0
2021.03.015.0,1670.0,1695.1155,14400.0,0.51232874,0.0,15585.0
2021.03.011.0,1530.0,1433.6768,14600.0,0.5178082,0.0,15216.0
2021.03.012.0,1560.0,1469.6351,14600.0,0.5150685,0.0,15539.0
2021.03.015.0,1530.0,1540.3191,14600.0,0.51232874,0.0,15585.0
2021.03.011.0,1230.0,1172.128,15000.0,0.1150685,0.0,15818.0
2021.03.012.0,1260.0,1230.2734,15000.0,0.11232877,0.0,16110.0
2021.03.015.0,1240.0,1329.2771,15000.0,0.10958904,0.0,16156.0
2021.03.011.0,1070.0,1007.02783,15100.0,0.019178078,0.0,15883.0
2021.03.012.0,1120.0,1083.8715,15100.0,0.016438365,0.0,16174.0
2021.03.015.0,1100.0,1142.3955,15100.0,0.013698608,0.0,16222.0
2021.03.011.0,301.0,290.727,16400.0,0.019178078,0.0,15883.0
2021.03.012.0,227.0,240.99405,16400.0,0.016438365,0.0,16174.0
2021.03.015.0,228.0,196.67606,16400.0,0.013698608,0.0,16222.0
2021.04.01.0,158.0,180.51158,17400.0,0.2109589,1.0,16314.0
2021.04.06.0,196.0,186.93326,17400.0,0.20821919,61.0,16450.0
2021.04.07.0,203.0,201.71056,17400.0,0.19452055,24.0,16628.0
2021.04.01.0,53.0,51.43347,11200.0,0.46027398,86.000015,15860.0
2021.04.06.0,48.5,47.627075,11200.0,0.45753425,49.0,15969.0
2021.04.07.0,45.0,43.108643,11200.0,0.44383562,30.0,16158.0
2021.04.01.0,74.0,72.41727,11800.0,0.46027398,5.0,15860.0
2021.04.06.0,66.0,67.35315,11800.0,0.45753425,24.0,15969.0
2021.04.07.0,59.0,61.642914,11800.0,0.44383562,6.0,16158.0
2021.04.01.0,80.0,80.60185,12000.0,0.46027398,24.0,15860.0
2021.04.06.0,70.0,74.9308,12000.0,0.45753425,27.0,15969.0
2021.04.07.0,65.0,68.45059,12000.0,0.44383562,14.0,16158.0
2021.04.01.0,90.0,90.70111,12200.0,0.46027398,5.0,15860.0
2021.04.06.0,80.0,84.496,12200.0,0.45753425,0.0,15969.0
2021.04.07.0,72.0,77.402435,12200.0,0.44383562,3.0,16158.0
2021.04.01.0,265.0,259.68597,14000.0,0.46027398,1.0,15860.0
2021.04.06.0,214.0,244.09332,14000.0,0.45753425,0.0,15969.0
2021.04.07.0,210.0,224.00319,14000.0,0.44383562,0.0,16158.0
2021.04.01.0,6.799988,1.4611206,9600.0,0.2109589,67.0,16314.0
2021.04.06.0,5.0,0.24301147,9600.0,0.20821919,37.0,16450.0
2021.04.07.0,6.899994,-1.6688538,9600.0,0.19452055,112.0,16628.0
2021.04.01.0,8.5,2.1122131,10000.0,0.2109589,0.0,16314.0
2021.04.06.0,11.0,0.68551636,10000.0,0.20821919,70.0,16450.0
2021.04.07.0,6.899994,-0.7609558,10000.0,0.19452055,1.0,16628.0
2021.04.01.0,12.0,3.9776917,11000.0,0.2109589,22.0,16314.0
2021.04.06.0,10.0,2.421692,11000.0,0.20821919,28.0,16450.0
2021.04.07.0,9.200012,0.302063,11000.0,0.19452055,23.0,16628.0
2021.04.01.0,13.5,5.692688,11400.0,0.2109589,3.0,16314.0
2021.04.06.0,14.0,4.027069,11400.0,0.20821919,41.0,16450.0
2021.04.07.0,12.0,1.84375,11400.0,0.19452055,1.0,16628.0
2021.04.01.0,17.5,6.4548645,11600.0,0.2109589,0.0,16314.0
2021.04.06.0,15.5,4.8532104,11600.0,0.20821919,4.0,16450.0
2021.04.07.0,14.5,2.6853333,11600.0,0.19452055,9.0,16628.0
2021.04.01.0,17.0,7.557678,11800.0,0.2109589,0.0,16314.0
2021.04.06.0,16.0,5.745514,11800.0,0.20821919,7.0,16450.0
2021.04.07.0,15.5,3.45813,11800.0,0.19452055,0.0,16628.0
2021.04.01.0,19.0,8.6839905,12000.0,0.2109589,19.0,16314.0
2021.04.06.0,19.0,6.810791,12000.0,0.20821919,1.0,16450.0
2021.04.07.0,19.0,4.5174866,12000.0,0.19452055,9.0,16628.0
2021.04.01.0,23.0,12.22403,12400.0,0.2109589,0.0,16314.0
2021.04.06.0,20.0,10.193237,12400.0,0.20821919,5.0,16450.0
2021.04.07.0,20.0,7.447754,12400.0,0.19452055,1.0,16628.0
2021.04.01.0,23.5,14.597809,12600.0,0.2109589,0.0,16314.0
2021.04.06.0,20.5,12.241364,12600.0,0.20821919,20.0,16450.0
2021.04.07.0,20.0,9.086395,12600.0,0.19452055,0.0,16628.0
2021.04.01.0,31.0,20.724518,13000.0,0.2109589,1.0,16314.0
2021.04.06.0,24.5,17.99762,13000.0,0.20821919,24.0,16450.0
2021.04.07.0,21.5,14.182434,13000.0,0.19452055,13.0,16628.0
2021.04.01.0,45.5,36.071228,13600.0,0.2109589,1.0,16314.0
2021.04.06.0,35.5,32.082947,13600.0,0.20821919,2.0,16450.0
2021.04.07.0,23.5,26.630707,13600.0,0.19452055,0.0,16628.0
2021.04.01.0,49.0,42.43524,13800.0,0.2109589,4.0,16314.0
2021.04.06.0,37.0,38.095398,13800.0,0.20821919,4.0,16450.0
2021.04.07.0,34.0,31.954498,13800.0,0.19452055,37.0,16628.0
2021.04.01.0,58.0,50.58142,14000.0,0.2109589,6.0,16314.0
2021.04.06.0,43.0,45.90341,14000.0,0.20821919,24.0,16450.0
2021.04.07.0,41.0,39.125397,14000.0,0.19452055,57.000015,16628.0
2021.04.01.0,72.0,61.626526,14200.0,0.2109589,0.0,16314.0
2021.04.06.0,39.5,56.949738,14200.0,0.20821919,2.0,16450.0
2021.04.07.0,48.0,48.182983,14200.0,0.19452055,2.0,16628.0
2021.04.01.0,78.0,72.94577,14400.0,0.2109589,0.0,16314.0
2021.04.06.0,59.0,67.88185,14400.0,0.20821919,88.999985,16450.0
2021.04.07.0,56.0,58.2388,14400.0,0.19452055,11.0,16628.0
2021.04.01.0,430.0,486.5735,16600.0,0.2109589,0.0,16314.0
2021.04.06.0,515.0,502.5468,16600.0,0.20821919,5.0,16450.0
2021.04.07.0,530.0,534.137,16600.0,0.19452055,0.0,16628.0
2021.04.06.0,405.0,409.72668,16800.0,0.20821919,9.0,16450.0
2021.04.07.0,426.0,446.20837,16800.0,0.19452055,17.0,16628.0
2021.04.06.0,325.0,322.14795,17000.0,0.20821919,46.0,16450.0
2021.04.07.0,338.0,351.60822,17000.0,0.19452055,25.0,16628.0
2021.04.07.0,295.0,310.37634,17100.0,0.19452055,2.0,16628.0
2021.04.06.0,226.0,214.02075,17300.0,0.20821919,1.0,16450.0
2021.04.07.0,229.0,232.57472,17300.0,0.19452055,42.0,16628.0
2021.04.01.0,89.0,97.17648,17800.0,0.2109589,0.0,16314.0
2021.04.06.0,112.0,101.15834,17800.0,0.20821919,9.0,16450.0
2021.04.07.0,116.0,108.11859,17800.0,0.19452055,93.0,16628.0
2021.04.06.0,86.0,70.050064,18000.0,0.20821919,12.0,16450.0
2021.04.07.0,89.0,75.13382,18000.0,0.19452055,229.0,16628.0
2021.04.06.0,30.0,18.496155,18800.0,0.20821919,2.0,16450.0
2021.04.07.0,26.0,18.819366,18800.0,0.19452055,7.0,16628.0
2021.04.06.0,15.0,-4.263275,19800.0,0.20821919,20.0,16450.0
2021.04.07.0,13.0,-4.6885376,19800.0,0.19452055,48.0,16628.0
2021.04.01.0,63.0,57.347717,11400.0,0.46027398,0.0,15860.0
2021.04.06.0,45.5,53.619232,11400.0,0.45753425,8.0,15969.0
2021.04.07.0,49.0,48.259247,11400.0,0.44383562,2.0,16158.0
2021.04.06.0,436.0,433.794,17000.0,0.45753425,1.0,15969.0
2021.04.07.0,453.0,458.1465,17000.0,0.44383562,0.0,16158.0
2021.04.06.0,129.0,111.94307,18400.0,0.45753425,3.0,15969.0
2021.04.07.0,158.0,118.84047,18400.0,0.44383562,20.0,16158.0
2021.04.06.0,206.0,223.41002,12800.0,0.70684934,13.0,15778.0
2021.04.07.0,200.0,210.92667,12800.0,0.6931507,35.0,15975.0
2021.04.06.0,222.0,250.25102,13000.0,0.70684934,3.0,15778.0
2021.04.07.0,222.0,233.69441,13000.0,0.6931507,1.0,15975.0
2021.04.07.0,245.0,257.9021,13200.0,0.6931507,0.0,15975.0
2021.04.07.0,1020.0,1024.7263,16000.0,0.6931507,10.0,15975.0
2021.04.06.0,278.0,253.35922,18000.0,0.70684934,9.0,15778.0
2021.04.07.0,300.0,268.55768,18000.0,0.6931507,29.0,15975.0
2021.04.06.0,1.7999878,-23.771454,12800.0,0.057534248,97.0,16422.0
2021.04.07.0,1.5,-25.706635,12800.0,0.041095898,72.999985,16731.0
2021.04.06.0,2.100006,-21.054535,12900.0,0.057534248,20.0,16422.0
2021.04.07.0,1.5,-23.524872,12900.0,0.041095898,30.0,16731.0
2021.04.06.0,2.100006,-21.004913,13000.0,0.057534248,7.0,16422.0
2021.04.07.0,1.6000061,-23.485504,13000.0,0.041095898,5.0,16731.0
2021.04.06.0,2.0,-19.200226,13100.0,0.057534248,3.0,16422.0
2021.04.07.0,2.0,-22.112457,13100.0,0.041095898,4.0,16731.0
2021.04.06.0,2.2000122,-19.563324,13200.0,0.057534248,8.0,16422.0
2021.04.07.0,2.0,-22.600037,13200.0,0.041095898,29.0,16731.0
2021.04.06.0,2.2999878,-19.697174,13300.0,0.057534248,6.0,16422.0
2021.04.07.0,2.0,-22.65628,13300.0,0.041095898,27.0,16731.0
2021.04.06.0,2.2999878,-19.294464,13400.0,0.057534248,2.0,16422.0
2021.04.07.0,2.5,-22.371124,13400.0,0.041095898,23.0,16731.0
2021.04.06.0,2.7000122,-19.857422,13500.0,0.057534248,6.0,16422.0
2021.04.07.0,2.0,-22.858978,13500.0,0.041095898,75.0,16731.0
2021.04.06.0,2.899994,-19.471893,13600.0,0.057534248,20.0,16422.0
2021.04.07.0,2.0,-22.509186,13600.0,0.041095898,62.0,16731.0
2021.04.06.0,3.0,-19.800934,13700.0,0.057534248,2.0,16422.0
2021.04.07.0,2.2000122,-22.894043,13700.0,0.041095898,39.0,16731.0
2021.04.06.0,3.5,-20.298462,13800.0,0.057534248,5.0,16422.0
2021.04.07.0,2.399994,-23.524109,13800.0,0.041095898,108.0,16731.0
2021.04.06.0,3.600006,-20.470581,13900.0,0.057534248,46.0,16422.0
2021.04.07.0,2.600006,-23.493347,13900.0,0.041095898,121.0,16731.0
2021.04.06.0,3.899994,-24.958557,14000.0,0.057534248,209.0,16422.0
2021.04.07.0,3.0,-27.7193,14000.0,0.041095898,408.0,16731.0
2021.04.06.0,4.0,-21.057709,14100.0,0.057534248,86.000015,16422.0
2021.04.07.0,3.5,-24.470459,14100.0,0.041095898,254.0,16731.0
2021.04.06.0,4.200012,-22.659302,14200.0,0.057534248,19.0,16422.0
2021.04.07.0,3.0,-25.14328,14200.0,0.041095898,120.0,16731.0
2021.04.06.0,4.799988,-21.07135,14300.0,0.057534248,72.999985,16422.0
2021.04.07.0,4.5,-24.221436,14300.0,0.041095898,206.0,16731.0
2021.04.06.0,5.299988,-21.026245,14400.0,0.057534248,125.0,16422.0
2021.04.07.0,3.5,-24.526672,14400.0,0.041095898,145.0,16731.0
2021.04.06.0,5.700012,-24.531738,14500.0,0.057534248,204.0,16422.0
2021.04.07.0,3.7000122,-27.361206,14500.0,0.041095898,231.0,16731.0
2021.04.06.0,5.899994,-20.924042,14600.0,0.057534248,153.0,16422.0
2021.04.07.0,4.100006,-24.215546,14600.0,0.041095898,284.0,16731.0
2021.04.06.0,6.600006,-20.846863,14700.0,0.057534248,186.0,16422.0
2021.04.07.0,4.5,-24.643982,14700.0,0.041095898,291.0,16731.0
2021.04.06.0,6.899994,-22.850769,14800.0,0.057534248,559.0,16422.0
2021.04.07.0,4.600006,-26.86731,14800.0,0.041095898,465.0,16731.0
2021.04.06.0,7.5,-20.883392,14900.0,0.057534248,790.0,16422.0
2021.04.07.0,4.899994,-25.182526,14900.0,0.041095898,283.0,16731.0
2021.04.06.0,8.299988,-5.532959,15000.0,0.057534248,642.0,16422.0
2021.04.07.0,5.299988,-16.018372,15000.0,0.041095898,1390.0,16731.0
2021.04.06.0,8.899994,-17.716309,15100.0,0.057534248,559.0,16422.0
2021.04.07.0,5.899994,-23.099396,15100.0,0.041095898,798.0,16731.0
2021.04.06.0,9.5,-13.279633,15200.0,0.057534248,438.0,16422.0
2021.04.07.0,6.700012,-19.138641,15200.0,0.041095898,698.0,16731.0
2021.04.06.0,11.0,-11.788208,15300.0,0.057534248,410.0,16422.0
2021.04.07.0,7.0,-17.955353,15300.0,0.041095898,705.0,16731.0
2021.04.06.0,12.5,-7.56723,15400.0,0.057534248,397.0,16422.0
2021.04.07.0,7.899994,-13.908783,15400.0,0.041095898,743.0,16731.0
2021.04.06.0,13.5,7.0351257,15500.0,0.057534248,1445.0,16422.0
2021.04.07.0,8.700012,-3.232544,15500.0,0.041095898,2278.0,16731.0
2021.04.06.0,16.0,10.323151,15600.0,0.057534248,1406.0,16422.0
2021.04.07.0,9.899994,1.6912842,15600.0,0.041095898,1352.0,16731.0
2021.04.06.0,19.5,15.356781,15700.0,0.057534248,1022.0,16422.0
2021.04.07.0,11.5,0.7232361,15700.0,0.041095898,2153.0,16731.0
2021.04.06.0,22.0,33.650085,15800.0,0.057534248,1773.0,16422.0
2021.04.07.0,14.0,18.679047,15800.0,0.041095898,2954.0,16731.0
2021.04.06.0,27.5,32.301666,15900.0,0.057534248,2175.0,16422.0
2021.04.07.0,16.5,16.484009,15900.0,0.041095898,2321.0,16731.0
2021.04.06.0,34.5,53.05591,16000.0,0.057534248,5117.0,16422.0
2021.04.07.0,21.0,40.636414,16000.0,0.041095898,4350.0,16731.0
2021.04.06.0,43.5,61.595215,16100.0,0.057534248,2251.0,16422.0
2021.04.07.0,27.0,41.08188,16100.0,0.041095898,2846.0,16731.0
2021.04.06.0,54.0,77.949905,16200.0,0.057534248,2574.0,16422.0
2021.04.07.0,34.5,59.07431,16200.0,0.041095898,4415.0,16731.0
2021.04.06.0,70.0,87.555725,16300.0,0.057534248,1952.0,16422.0
2021.04.07.0,47.0,68.24632,16300.0,0.041095898,5670.0,16731.0
2021.04.06.0,162.0,129.48598,16800.0,0.057534248,6452.0005,16422.0
2021.04.07.0,164.0,128.3711,16800.0,0.041095898,6255.0005,16731.0
2021.04.06.0,123.0,124.21274,16900.0,0.057534248,3605.0,16422.0
2021.04.07.0,120.0,131.24506,16900.0,0.041095898,4276.0,16731.0
2021.04.06.0,88.0,89.18385,17000.0,0.057534248,6372.0,16422.0
2021.04.07.0,86.0,98.15619,17000.0,0.041095898,8850.0,16731.0
2021.04.06.0,60.999985,87.343185,17100.0,0.057534248,2308.0,16422.0
2021.04.07.0,59.0,94.050125,17100.0,0.041095898,3440.0,16731.0
2021.04.06.0,42.5,64.36621,17200.0,0.057534248,1531.0,16422.0
2021.04.07.0,39.0,64.08768,17200.0,0.041095898,6574.0005,16731.0
2021.04.06.0,28.0,47.10565,17300.0,0.057534248,1290.0,16422.0
2021.04.07.0,26.5,50.616333,17300.0,0.041095898,1911.0,16731.0
2021.04.06.0,19.0,36.069794,17400.0,0.057534248,754.0,16422.0
2021.04.07.0,17.0,35.838684,17400.0,0.041095898,1911.0,16731.0
2021.04.06.0,12.5,24.439392,17500.0,0.057534248,1516.0,16422.0
2021.04.07.0,11.5,21.789917,17500.0,0.041095898,1704.0,16731.0
2021.04.06.0,8.600006,22.991608,17600.0,0.057534248,242.0,16422.0
2021.04.07.0,7.200012,18.473969,17600.0,0.041095898,2000.0002,16731.0
2021.04.06.0,6.0,16.672974,17700.0,0.057534248,311.0,16422.0
2021.04.07.0,5.200012,13.954254,17700.0,0.041095898,1026.0,16731.0
2021.04.06.0,4.5,15.052826,17800.0,0.057534248,87.999985,16422.0
2021.04.07.0,4.0,13.700714,17800.0,0.041095898,318.0,16731.0
2021.04.06.0,3.899994,12.683716,17900.0,0.057534248,29.0,16422.0
2021.04.07.0,2.7000122,11.506317,17900.0,0.041095898,212.0,16731.0
2021.04.06.0,2.7999878,9.475403,18000.0,0.057534248,14.0,16422.0
2021.04.07.0,3.2000122,8.273041,18000.0,0.041095898,56.000015,16731.0
2021.04.06.0,2.600006,6.999359,18100.0,0.057534248,7.0,16422.0
2021.04.07.0,0.7000122,5.3670654,18100.0,0.041095898,77.0,16731.0
2021.04.06.0,2.0,4.677429,18200.0,0.057534248,5.0,16422.0
2021.04.07.0,2.100006,3.4660645,18200.0,0.041095898,46.0,16731.0
2021.04.06.0,1.8999939,1.9671326,18400.0,0.057534248,0.0,16422.0
2021.04.07.0,1.8999939,0.4776001,18400.0,0.041095898,67.0,16731.0
2021.04.06.0,1.2000122,-0.6573181,18600.0,0.057534248,0.0,16422.0
2021.04.07.0,1.2000122,-1.8909912,18600.0,0.041095898,47.0,16731.0
2021.04.06.0,0.7999878,-5.970154,19000.0,0.057534248,4.0,16422.0
2021.04.07.0,0.7999878,-5.8005066,19000.0,0.041095898,7.0,16731.0
2021.04.06.0,10.5,1.1430054,13400.0,0.13424657,31.0,16379.0
2021.04.07.0,9.5,-4.1357727,13400.0,0.11780822,32.0,16679.0
2021.04.06.0,9.100006,3.4083557,13500.0,0.13424657,24.0,16379.0
2021.04.07.0,10.0,-2.4421692,13500.0,0.11780822,2.0,16679.0
2021.04.06.0,13.0,4.449402,13700.0,0.13424657,0.0,16379.0
2021.04.07.0,14.0,-0.7304077,13700.0,0.11780822,17.0,16679.0
2021.04.06.0,13.5,6.302582,13800.0,0.13424657,8.0,16379.0
2021.04.07.0,12.0,0.70843506,13800.0,0.11780822,12.0,16679.0
2021.04.06.0,15.0,12.485901,13900.0,0.13424657,1.0,16379.0
2021.04.07.0,13.0,4.1423035,13900.0,0.11780822,5.0,16679.0
2021.04.06.0,16.0,11.756226,14000.0,0.13424657,7.0,16379.0
2021.04.07.0,14.0,3.6687317,14000.0,0.11780822,112.0,16679.0
2021.04.06.0,16.5,17.424652,14100.0,0.13424657,20.0,16379.0
2021.04.07.0,18.0,7.7715454,14100.0,0.11780822,42.0,16679.0
2021.04.06.0,18.5,13.664642,14200.0,0.13424657,4.0,16379.0
2021.04.07.0,18.0,7.0410767,14200.0,0.11780822,27.0,16679.0
2021.04.06.0,19.5,14.815308,14300.0,0.13424657,111.0,16379.0
2021.04.07.0,17.5,7.509033,14300.0,0.11780822,47.0,16679.0
2021.04.06.0,21.5,20.117126,14400.0,0.13424657,24.0,16379.0
2021.04.07.0,22.5,11.921875,14400.0,0.11780822,60.0,16679.0
2021.04.06.0,23.5,19.087402,14500.0,0.13424657,266.0,16379.0
2021.04.07.0,20.5,10.300507,14500.0,0.11780822,204.0,16679.0
2021.04.06.0,25.5,35.5224,14600.0,0.13424657,61.0,16379.0
2021.04.07.0,23.5,22.053345,14600.0,0.11780822,84.0,16679.0
2021.04.06.0,28.0,37.176727,14700.0,0.13424657,200.0,16379.0
2021.04.07.0,25.0,24.060883,14700.0,0.11780822,47.0,16679.0
2021.04.06.0,30.0,45.068634,14800.0,0.13424657,303.0,16379.0
2021.04.07.0,27.5,29.29544,14800.0,0.11780822,173.0,16679.0
2021.04.06.0,35.0,52.37442,14900.0,0.13424657,3.0,16379.0
2021.04.07.0,30.0,36.211,14900.0,0.11780822,54.0,16679.0
2021.04.06.0,38.5,46.112885,15000.0,0.13424657,65.0,16379.0
2021.04.07.0,33.0,33.611908,15000.0,0.11780822,435.0,16679.0
2021.04.06.0,43.5,54.64392,15100.0,0.13424657,79.0,16379.0
2021.04.07.0,39.0,42.142303,15100.0,0.11780822,39.0,16679.0
2021.04.06.0,49.0,60.82753,15200.0,0.13424657,61.0,16379.0
2021.04.07.0,42.0,47.47119,15200.0,0.11780822,112.0,16679.0
2021.04.06.0,55.0,58.500305,15300.0,0.13424657,108.0,16379.0
2021.04.07.0,48.5,44.085815,15300.0,0.11780822,467.0,16679.0
2021.04.06.0,62.0,75.231705,15400.0,0.13424657,80.0,16379.0
2021.04.07.0,52.0,59.07608,15400.0,0.11780822,239.0,16679.0
2021.04.06.0,69.0,94.261444,15500.0,0.13424657,139.0,16379.0
2021.04.07.0,59.999985,72.21762,15500.0,0.11780822,245.0,16679.0
2021.04.06.0,83.0,95.24632,15600.0,0.13424657,33.0,16379.0
2021.04.07.0,68.0,77.74756,15600.0,0.11780822,122.0,16679.0
2021.04.06.0,92.0,108.97058,15700.0,0.13424657,14.0,16379.0
2021.04.07.0,83.0,87.736465,15700.0,0.11780822,144.0,16679.0
2021.04.06.0,108.0,130.96956,15800.0,0.13424657,47.0,16379.0
2021.04.07.0,94.0,103.318115,15800.0,0.11780822,511.0,16679.0
2021.04.06.0,123.0,141.72795,15900.0,0.13424657,62.0,16379.0
2021.04.07.0,107.0,116.28656,15900.0,0.11780822,71.000015,16679.0
2021.04.06.0,142.0,159.81557,16000.0,0.13424657,56.000015,16379.0
2021.04.07.0,125.0,134.60796,16000.0,0.11780822,123.0,16679.0
2021.04.06.0,163.0,179.77896,16100.0,0.13424657,100.0,16379.0
2021.04.07.0,143.0,149.8983,16100.0,0.11780822,444.0,16679.0
2021.04.06.0,185.0,197.92546,16200.0,0.13424657,102.999985,16379.0
2021.04.07.0,168.0,170.34221,16200.0,0.11780822,149.0,16679.0
2021.04.06.0,350.0,365.36246,16700.0,0.13424657,58.999985,16379.0
2021.04.07.0,357.0,391.95453,16700.0,0.11780822,397.0,16679.0
2021.04.06.0,300.0,319.44427,16800.0,0.13424657,102.000015,16379.0
2021.04.07.0,313.0,344.69608,16800.0,0.11780822,293.0,16679.0
2021.04.06.0,262.0,277.53284,16900.0,0.13424657,11.0,16379.0
2021.04.07.0,270.0,303.15002,16900.0,0.11780822,39.0,16679.0
2021.04.06.0,222.0,234.82407,17000.0,0.13424657,82.0,16379.0
2021.04.07.0,221.0,256.00735,17000.0,0.11780822,216.0,16679.0
2021.04.06.0,181.0,195.89722,17100.0,0.13424657,63.0,16379.0
2021.04.07.0,188.0,214.69669,17100.0,0.11780822,134.0,16679.0
2021.04.06.0,148.0,164.21127,17200.0,0.13424657,57.000015,16379.0
2021.04.07.0,157.0,179.82669,17200.0,0.11780822,240.0,16679.0
2021.04.06.0,122.0,135.15134,17300.0,0.13424657,149.0,16379.0
2021.04.07.0,134.0,147.81755,17300.0,0.11780822,177.0,16679.0
2021.04.06.0,105.0,112.74739,17400.0,0.13424657,69.0,16379.0
2021.04.07.0,108.0,120.16666,17400.0,0.11780822,582.0,16679.0
2021.04.06.0,80.0,89.519424,17500.0,0.13424657,321.0,16379.0
2021.04.07.0,85.0,95.369385,17500.0,0.11780822,506.0,16679.0
2021.04.06.0,64.0,74.05829,17600.0,0.13424657,10.0,16379.0
2021.04.07.0,67.0,79.8208,17600.0,0.11780822,212.0,16679.0
2021.04.06.0,54.0,61.65422,17700.0,0.13424657,17.0,16379.0
2021.04.07.0,62.0,66.176254,17700.0,0.11780822,96.0,16679.0
2021.04.06.0,46.5,50.270233,17800.0,0.13424657,5.0,16379.0
2021.04.07.0,45.0,53.77176,17800.0,0.11780822,45.0,16679.0
2021.04.06.0,39.0,39.79602,17900.0,0.13424657,0.0,16379.0
2021.04.07.0,36.5,42.941376,17900.0,0.11780822,26.0,16679.0
2021.04.06.0,31.5,32.70352,18000.0,0.13424657,4.0,16379.0
2021.04.07.0,32.0,34.382416,18000.0,0.11780822,125.0,16679.0
2021.04.06.0,27.0,27.024231,18100.0,0.13424657,40.0,16379.0
2021.04.07.0,26.5,28.354858,18100.0,0.11780822,11.0,16679.0
2021.04.06.0,22.0,21.556183,18200.0,0.13424657,71.000015,16379.0
2021.04.07.0,20.5,22.651337,18200.0,0.11780822,41.0,16679.0
2021.04.06.0,19.0,17.62033,18300.0,0.13424657,0.0,16379.0
2021.04.07.0,19.5,18.41449,18300.0,0.11780822,26.0,16679.0
2021.04.06.0,13.5,14.601501,18400.0,0.13424657,0.0,16379.0
2021.04.07.0,13.5,15.147797,18400.0,0.11780822,3.0,16679.0
2021.04.06.0,15.0,11.285767,18500.0,0.13424657,20.0,16379.0
2021.04.07.0,12.0,11.336884,18500.0,0.11780822,60.0,16679.0
2021.04.01.0,7.600006,1.8787842,9800.0,0.2109589,0.0,16314.0
2021.04.06.0,7.0,0.50161743,9800.0,0.20821919,0.0,16450.0
2021.04.07.0,7.299988,-0.9962158,9800.0,0.19452055,1.0,16628.0
2021.04.01.0,9.799988,2.6166992,10400.0,0.2109589,1.0,16314.0
2021.04.06.0,9.5,1.2086792,10400.0,0.20821919,0.0,16450.0
2021.04.07.0,10.0,-0.29708862,10400.0,0.19452055,6.0,16628.0
2021.04.01.0,21.0,10.797607,12200.0,0.2109589,0.0,16314.0
2021.04.06.0,17.0,8.466431,12200.0,0.20821919,0.0,16450.0
2021.04.07.0,17.0,5.9203186,12200.0,0.19452055,16.0,16628.0
2021.04.06.0,21.0,16.786987,12800.0,0.2109589,6.0,16314.0
2021.04.07.0,20.5,11.92746,12800.0,0.19452055,60.0,16628.0
2021.04.01.0,35.0,24.397491,13200.0,0.2109589,42.0,16314.0
2021.04.06.0,25.0,20.687286,13200.0,0.20821919,0.0,16450.0
2021.04.07.0,22.0,16.774597,13200.0,0.19452055,82.0,16628.0
2021.04.01.0,40.0,29.845337,13400.0,0.2109589,0.0,16314.0
2021.04.06.0,28.0,25.524963,13400.0,0.20821919,0.0,16450.0
2021.04.07.0,23.0,21.418457,13400.0,0.19452055,43.0,16628.0
2021.04.06.0,45.0,47.959106,13900.0,0.2109589,3.0,16314.0
2021.04.07.0,36.0,39.092957,13900.0,0.19452055,1.0,16628.0
2021.04.06.0,78.0,90.61479,14600.0,0.2109589,0.0,16314.0
2021.04.07.0,65.0,76.75435,14600.0,0.19452055,2.0,16628.0
2021.04.06.0,89.0,105.47948,14800.0,0.2109589,3.0,16314.0
2021.04.07.0,75.0,89.66841,14800.0,0.19452055,3.0,16628.0
2021.04.06.0,101.0,122.94028,15000.0,0.2109589,36.0,16314.0
2021.04.07.0,94.0,104.715195,15000.0,0.19452055,180.0,16628.0
2021.04.06.0,161.0,174.71701,15400.0,0.2109589,2.0,16314.0
2021.04.07.0,136.0,151.84158,15400.0,0.19452055,9.0,16628.0
2021.04.06.0,182.0,213.6278,15600.0,0.2109589,1.0,16314.0
2021.04.07.0,176.0,182.14616,15600.0,0.19452055,23.0,16628.0
2021.04.06.0,210.0,227.41422,15700.0,0.2109589,0.0,16314.0
2021.04.07.0,193.0,198.74057,15700.0,0.19452055,5.0,16628.0
2021.04.06.0,222.0,250.81201,15800.0,0.2109589,0.0,16314.0
2021.04.07.0,211.0,215.51437,15800.0,0.19452055,12.0,16628.0
2021.04.06.0,282.0,294.86105,16000.0,0.2109589,0.0,16314.0
2021.04.07.0,255.0,263.1157,16000.0,0.19452055,190.0,16628.0
2021.04.06.0,250.0,247.59024,17200.0,0.20821919,0.0,16450.0
2021.04.07.0,265.0,268.22238,17200.0,0.19452055,55.0,16628.0
2021.04.06.0,172.0,156.29689,17500.0,0.2109589,0.0,16314.0
2021.04.07.0,179.0,168.69688,17500.0,0.19452055,21.0,16628.0
2021.04.06.0,145.0,133.57751,17600.0,0.2109589,0.0,16314.0
2021.04.07.0,152.0,143.68619,17600.0,0.19452055,22.0,16628.0
2021.04.06.0,130.0,114.36392,17700.0,0.2109589,0.0,16314.0
2021.04.07.0,131.0,123.03761,17700.0,0.19452055,8.0,16628.0
2021.04.06.0,54.0,37.572266,18400.0,0.2109589,0.0,16314.0
2021.04.07.0,49.0,40.119232,18400.0,0.19452055,20.0,16628.0
2021.04.06.0,82.0,101.1481,12400.0,0.46027398,0.0,15860.0
2021.04.07.0,79.0,92.36705,12400.0,0.44383562,2.0,16158.0
2021.04.06.0,98.0,123.68237,12800.0,0.45753425,0.0,15969.0
2021.04.07.0,97.0,112.46336,12800.0,0.44383562,6.0,16158.0
2021.04.06.0,115.0,140.71925,13000.0,0.46027398,0.0,15860.0
2021.04.07.0,108.0,129.45714,13000.0,0.44383562,7.0,16158.0
2021.04.01.0,164.0,159.51541,13200.0,0.46027398,0.0,15860.0
2021.04.06.0,115.0,150.71669,13200.0,0.45753425,0.0,15969.0
2021.04.07.0,124.0,141.34515,13200.0,0.44383562,1.0,16158.0
2021.04.06.0,241.0,281.3928,14200.0,0.46027398,0.0,15860.0
2021.04.07.0,231.0,258.90335,14200.0,0.44383562,1.0,16158.0
2021.04.06.0,271.0,314.13834,14400.0,0.46027398,0.0,15860.0
2021.04.07.0,259.0,289.7049,14400.0,0.44383562,18.0,16158.0
2021.04.06.0,398.0,428.72064,15000.0,0.46027398,0.0,15860.0
2021.04.07.0,375.0,396.20517,15000.0,0.44383562,9.0,16158.0
2021.04.06.0,505.0,500.94995,16800.0,0.46027398,0.0,15860.0
2021.04.07.0,505.0,531.1981,16800.0,0.44383562,9.0,16158.0
2021.04.06.0,375.0,360.97662,17200.0,0.46027398,0.0,15860.0
2021.04.07.0,394.0,384.59027,17200.0,0.44383562,50.0,16158.0
2021.04.06.0,196.0,163.16092,18000.0,0.45753425,0.0,15969.0
2021.04.07.0,190.0,176.3308,18000.0,0.44383562,7.0,16158.0
2021.04.06.0,65.0,46.339447,19200.0,0.45753425,0.0,15969.0
2021.04.07.0,81.0,48.925323,19200.0,0.44383562,20.0,16158.0
2021.04.06.0,48.0,27.590485,19800.0,0.45753425,0.0,15969.0
2021.04.07.0,48.0,28.770264,19800.0,0.44383562,1.0,16158.0
2021.04.06.0,398.0,407.12186,14000.0,0.70958906,0.0,15651.0
2021.04.07.0,368.0,385.09473,14000.0,0.6931507,1.0,15975.0
2021.04.07.0,685.0,695.368,15200.0,0.6931507,1.0,15975.0
2021.04.06.0,12.0,5.721588,13600.0,0.13424657,22.0,16379.0
2021.04.07.0,11.0,-0.48742676,13600.0,0.11780822,0.0,16679.0
2021.04.01.0,12.5,4.6585083,11200.0,0.2109589,3.0,16314.0
2021.04.06.0,12.0,2.813263,11200.0,0.20821919,0.0,16450.0
2021.04.07.0,9.5,0.7408142,11200.0,0.19452055,0.0,16628.0
2021.04.07.0,32.0,31.849792,13700.0,0.19452055,0.0,16628.0
2021.04.07.0,70.0,88.26581,14700.0,0.20821919,0.0,16450.0
2021.04.07.0,92.0,100.7825,14900.0,0.19452055,0.0,16628.0
2021.04.01.0,167.0,146.4531,15200.0,0.2109589,38.0,16314.0
2021.04.07.0,120.0,133.98865,15200.0,0.20821919,0.0,16450.0
2021.04.01.0,412.0,318.97873,16200.0,0.2109589,0.0,16314.0
2021.04.07.0,337.0,305.79776,16200.0,0.20821919,0.0,16450.0
2021.04.01.0,46.5,51.096954,18200.0,0.2109589,0.0,16314.0
2021.04.07.0,59.999985,52.240936,18200.0,0.20821919,0.0,16450.0
2021.04.01.0,210.0,199.80951,13600.0,0.46027398,0.0,15860.0
2021.04.06.0,167.0,188.57765,13600.0,0.45753425,0.0,15969.0
2021.04.07.0,164.0,176.64395,13600.0,0.44383562,0.0,16158.0
2021.04.01.0,590.0,532.1096,15400.0,0.46027398,0.0,15860.0
2021.04.07.0,495.0,515.0662,15400.0,0.45753425,0.0,15969.0
2021.04.01.0,660.0,582.76746,15600.0,0.46027398,0.0,15860.0
2021.04.07.0,555.0,569.36163,15600.0,0.45753425,0.0,15969.0
2021.04.01.0,131.0,134.36507,18200.0,0.46027398,0.0,15860.0
2021.04.07.0,155.0,139.73363,18200.0,0.45753425,0.0,15969.0
2021.04.01.0,565.0,583.1949,16800.0,0.70958906,0.0,15651.0
2021.04.07.0,640.0,602.20886,16800.0,0.70684934,0.0,15778.0
2021.04.01.0,79.0,86.492065,19600.0,0.70958906,0.0,15651.0
2021.04.07.0,97.0,88.289536,19600.0,0.70684934,0.0,15778.0
2021.04.01.0,1.6000061,3.2124023,18300.0,0.057534248,0.0,16422.0
2021.04.07.0,2.0,2.3817139,18300.0,0.05479452,0.0,16551.0
2021.04.01.0,10.5,9.113068,18600.0,0.13424657,0.0,16379.0
2021.04.07.0,10.0,8.993164,18600.0,0.13150685,0.0,16499.0
2021.04.01.0,9.200012,7.3466797,18700.0,0.13424657,0.0,16379.0
2021.04.07.0,9.5,6.830139,18700.0,0.13150685,0.0,16499.0
2021.04.01.0,8.5,4.5033264,18800.0,0.13424657,0.0,16379.0
2021.04.06.0,9.0,4.212158,18800.0,0.13150685,0.0,16499.0
2021.04.06.0,8.100006,2.938507,18900.0,0.13424657,0.0,16379.0
2021.04.07.0,8.299988,2.4918213,18900.0,0.11780822,0.0,16679.0
2021.04.01.0,10.5,2.742279,10600.0,0.2109589,6.0,16314.0
2021.04.06.0,9.799988,1.3829956,10600.0,0.20821919,0.0,16450.0
2021.04.07.0,8.600006,-0.36154175,10600.0,0.19452055,0.0,16628.0
2021.04.01.0,11.0,3.3970337,10800.0,0.2109589,0.0,16314.0
2021.04.07.0,8.899994,1.8443909,10800.0,0.20821919,0.0,16450.0
2021.04.01.0,74.0,82.77025,17900.0,0.2109589,0.0,16314.0
2021.04.07.0,101.0,85.42685,17900.0,0.20821919,0.0,16450.0
2021.04.01.0,55.0,59.829834,18100.0,0.2109589,0.0,16314.0
2021.04.07.0,77.0,61.75876,18100.0,0.20821919,0.0,16450.0
2021.04.01.0,32.0,26.436646,18600.0,0.2109589,0.0,16314.0
2021.04.07.0,36.0,27.120758,18600.0,0.20821919,0.0,16450.0
2021.04.06.0,27.5,11.827728,19000.0,0.2109589,0.0,16314.0
2021.04.07.0,23.5,12.51535,19000.0,0.19452055,0.0,16628.0
2021.04.06.0,90.0,113.443756,12600.0,0.46027398,0.0,15860.0
2021.04.07.0,88.0,103.77365,12600.0,0.44383562,0.0,16158.0
2021.04.06.0,351.0,390.50885,14800.0,0.46027398,0.0,15860.0
2021.04.07.0,332.0,355.7093,14800.0,0.44383562,0.0,16158.0
2021.04.01.0,226.0,247.35995,17600.0,0.46027398,0.0,15860.0
2021.04.07.0,295.0,255.91283,17600.0,0.45753425,0.0,15969.0
2021.04.01.0,700.0,707.5979,15000.0,0.70958906,0.0,15651.0
2021.04.06.0,640.0,670.1161,15000.0,0.70684934,0.0,15778.0
2021.04.01.0,520.0,480.0932,15200.0,0.46027398,0.0,15860.0
2021.04.07.0,432.0,455.80566,15200.0,0.45753425,0.0,15969.0
2021.04.01.0,740.0,647.4187,15800.0,0.46027398,0.0,15860.0
2021.04.06.0,640.0,620.24854,15800.0,0.45753425,0.0,15969.0
2021.04.07.0,610.0,597.0281,15800.0,0.44383562,0.0,16158.0
2021.04.01.0,59.999985,61.23935,19000.0,0.46027398,0.0,15860.0
2021.04.07.0,96.0,62.35791,19000.0,0.45753425,0.0,15969.0
2021.04.01.0,68.0,65.05374,11600.0,0.46027398,0.0,15860.0
2021.04.06.0,58.0,60.564835,11600.0,0.45753425,0.0,15969.0
2021.04.07.0,54.0,55.268982,11600.0,0.44383562,0.0,16158.0
2021.04.01.0,7.200012,0.5502014,19000.0,0.13424657,0.0,16379.0
2021.04.06.0,7.5,0.11859131,19000.0,0.13150685,0.0,16499.0
2021.04.07.0,7.5,-0.03451538,19000.0,0.11780822,0.0,16679.0
2021.04.01.0,19.0,7.677307,19200.0,0.2109589,0.0,16314.0
2021.04.06.0,25.5,7.6405334,19200.0,0.20821919,0.0,16450.0
2021.04.07.0,21.0,8.287323,19200.0,0.19452055,0.0,16628.0
2021.04.06.0,675.0,670.9154,16400.0,0.46027398,0.0,15860.0
2021.04.07.0,685.0,705.91223,16400.0,0.44383562,0.0,16158.0
2021.04.01.0,190.0,202.6541,17800.0,0.46027398,0.0,15860.0
2021.04.07.0,254.0,210.6677,17800.0,0.45753425,0.0,15969.0
2021.04.01.0,40.0,42.064636,19400.0,0.46027398,0.0,15860.0
2021.04.07.0,68.0,41.66092,19400.0,0.45753425,0.0,15969.0
2021.04.06.0,565.0,523.6792,17000.0,0.70684934,0.0,15778.0
2021.04.07.0,565.0,554.71344,17000.0,0.6931507,0.0,15975.0
2021.04.01.0,1.1000061,-1.9684143,18800.0,0.057534248,27.0,16422.0
2021.04.07.0,1.0,-3.0131836,18800.0,0.05479452,0.0,16551.0
2021.04.01.0,1.0,-2.15094,18900.0,0.057534248,10.0,16422.0
2021.04.07.0,0.8999939,-2.5365295,18900.0,0.05479452,0.0,16551.0
2021.04.01.0,9.100006,2.149994,10200.0,0.2109589,0.0,16314.0
2021.04.06.0,8.100006,0.83065796,10200.0,0.20821919,0.0,16450.0
2021.04.07.0,8.0,-0.9512024,10200.0,0.19452055,0.0,16628.0
2021.04.06.0,18.0,0.3600464,19600.0,0.20821919,0.0,16450.0
2021.04.07.0,16.0,0.09753418,19600.0,0.19452055,0.0,16628.0
2021.04.01.0,89.0,91.510376,18600.0,0.46027398,0.0,15860.0
2021.04.07.0,129.0,94.049194,18600.0,0.45753425,0.0,15969.0
2021.04.01.0,1.1000061,0.11785889,18700.0,0.057534248,0.0,16422.0
2021.04.07.0,1.1000061,-0.10076904,18700.0,0.05479452,0.0,16551.0
2021.04.01.0,510.0,580.6085,16600.0,0.46027398,0.0,15860.0
2021.04.06.0,580.0,594.5272,16600.0,0.45753425,0.0,15969.0
2021.04.07.0,590.0,618.2324,16600.0,0.44383562,0.0,16158.0
2021.04.01.0,268.0,300.42572,17400.0,0.46027398,0.0,15860.0
2021.04.07.0,334.0,311.1225,17400.0,0.45753425,0.0,15969.0
2021.04.06.0,275.0,180.45001,16600.0,0.057534248,2480.0,16422.0
2021.04.07.0,279.0,208.82149,16600.0,0.041095898,0.0,16731.0
2021.04.06.0,214.0,164.64473,16700.0,0.057534248,2757.0,16422.0
2021.04.07.0,218.0,187.89073,16700.0,0.041095898,0.0,16731.0
2021.04.01.0,935.0,1012.1538,15800.0,0.2109589,0.0,16314.0
2021.04.06.0,1060.0,1037.9601,15800.0,0.20821919,0.0,16450.0
2021.04.07.0,1080.0,1082.0223,15800.0,0.19452055,0.0,16628.0
2021.04.01.0,660.0,723.969,16200.0,0.2109589,0.0,16314.0
2021.04.06.0,765.0,738.77264,16200.0,0.20821919,0.0,16450.0
2021.04.07.0,785.0,774.4829,16200.0,0.19452055,0.0,16628.0
2021.04.01.0,363.0,350.44632,14600.0,0.46027398,0.0,15860.0
2021.04.06.0,309.0,329.74643,14600.0,0.45753425,0.0,15969.0
2021.04.07.0,293.0,310.23383,14600.0,0.44383562,0.0,16158.0
2021.04.01.0,910.0,975.1205,15800.0,0.46027398,0.0,15860.0
2021.04.06.0,1000.0,991.88586,15800.0,0.45753425,0.0,15969.0
2021.04.07.0,1010.0,1022.88684,15800.0,0.44383562,0.0,16158.0
2021.04.01.0,695.0,741.05865,16200.0,0.46027398,0.0,15860.0
2021.04.07.0,790.0,764.92163,16200.0,0.45753425,0.0,15969.0
2021.04.01.0,18.0,3.6126404,19400.0,0.2109589,0.0,16314.0
2021.04.06.0,21.0,3.4724426,19400.0,0.20821919,0.0,16450.0
2021.04.07.0,19.5,3.8257751,19400.0,0.19452055,0.0,16628.0
2021.04.01.0,189.0,178.18353,13400.0,0.46027398,0.0,15860.0
2021.04.06.0,148.0,168.39958,13400.0,0.45753425,0.0,15969.0
2021.04.07.0,143.0,157.20944,13400.0,0.44383562,0.0,16158.0
2021.04.01.0,391.0,358.87122,16300.0,0.057534248,0.0,16422.0
2021.04.06.0,500.0,412.70547,16300.0,0.05479452,0.0,16551.0
2021.04.07.0,520.0,476.47482,16300.0,0.041095898,0.0,16731.0
2021.04.01.0,790.0,861.98645,16000.0,0.2109589,0.0,16314.0
2021.04.06.0,900.0,882.18933,16000.0,0.20821919,0.0,16450.0
2021.04.07.0,925.0,920.7727,16000.0,0.19452055,0.0,16628.0
2021.04.06.0,630.0,612.71155,16400.0,0.20821919,0.0,16450.0
2021.04.07.0,660.0,669.9236,16400.0,0.19452055,0.0,16628.0
2021.04.01.0,1150.0,1240.5367,15400.0,0.46027398,0.0,15860.0
2021.04.06.0,1250.0,1259.5382,15400.0,0.45753425,0.0,15969.0
2021.04.07.0,1290.0,1289.2808,15400.0,0.44383562,0.0,16158.0
2021.04.01.0,710.0,745.61926,15900.0,0.057534248,0.0,16422.0
2021.04.06.0,850.0,788.209,15900.0,0.05479452,0.0,16551.0
2021.04.07.0,890.0,869.39,15900.0,0.041095898,0.0,16731.0
2021.04.01.0,630.0,660.4729,16000.0,0.057534248,0.0,16422.0
2021.04.06.0,760.0,699.8607,16000.0,0.05479452,0.0,16551.0
2021.04.07.0,795.0,776.43066,16000.0,0.041095898,0.0,16731.0
2021.04.01.0,463.0,486.75003,16200.0,0.057534248,0.0,16422.0
2021.04.06.0,580.0,523.4788,16200.0,0.05479452,0.0,16551.0
2021.04.07.0,605.0,588.06287,16200.0,0.041095898,0.0,16731.0
2021.04.01.0,1.2999878,0.9992981,18500.0,0.057534248,0.0,16422.0
2021.04.07.0,1.6000061,0.023834229,18500.0,0.05479452,0.0,16551.0
2021.04.01.0,1240.0,1387.9261,15400.0,0.2109589,0.0,16314.0
2021.04.06.0,1380.0,1424.1465,15400.0,0.20821919,0.0,16450.0
2021.04.07.0,1400.0,1462.9575,15400.0,0.19452055,0.0,16628.0
2021.04.01.0,1430.0,1517.1487,15000.0,0.46027398,0.0,15860.0
2021.04.06.0,1550.0,1552.5011,15000.0,0.45753425,0.0,15969.0
2021.04.07.0,1570.0,1593.2074,15000.0,0.44383562,0.0,16158.0
2021.04.01.0,1030.0,1101.0056,15600.0,0.46027398,0.0,15860.0
2021.04.06.0,1120.0,1118.4392,15600.0,0.45753425,0.0,15969.0
2021.04.07.0,1150.0,1151.3588,15600.0,0.44383562,0.0,16158.0
2021.04.01.0,1770.0,1860.5155,14800.0,0.2109589,0.0,16314.0
2021.04.06.0,1910.0,1898.4493,14800.0,0.20821919,0.0,16450.0
2021.04.07.0,1940.0,1932.3384,14800.0,0.19452055,0.0,16628.0
2021.04.01.0,1580.0,1736.5144,15000.0,0.2109589,0.0,16314.0
2021.04.06.0,1730.0,1775.2504,15000.0,0.20821919,0.0,16450.0
2021.04.07.0,1760.0,1813.203,15000.0,0.19452055,0.0,16628.0
2021.04.01.0,236.0,226.4462,13800.0,0.46027398,0.0,15860.0
2021.04.06.0,189.0,213.10352,13800.0,0.45753425,0.0,15969.0
2021.04.07.0,186.0,199.5241,13800.0,0.44383562,0.0,16158.0
2021.04.01.0,1580.0,1661.7203,14800.0,0.46027398,0.0,15860.0
2021.04.06.0,1700.0,1700.9806,14800.0,0.45753425,0.0,15969.0
2021.04.07.0,1730.0,1741.1876,14800.0,0.44383562,0.0,16158.0
2021.04.01.0,980.0,1086.0298,15600.0,0.057534248,0.0,16422.0
2021.04.06.0,1140.0,1128.7064,15600.0,0.05479452,0.0,16551.0
2021.04.07.0,1180.0,1190.2802,15600.0,0.041095898,0.0,16731.0
2021.04.01.0,1080.0,1189.1636,15600.0,0.2109589,0.0,16314.0
2021.04.06.0,1210.0,1217.3575,15600.0,0.20821919,0.0,16450.0
2021.04.07.0,1240.0,1259.7325,15600.0,0.19452055,0.0,16628.0
2021.04.01.0,1290.0,1376.6868,15200.0,0.46027398,0.0,15860.0
2021.04.06.0,1400.0,1404.1537,15200.0,0.45753425,0.0,15969.0
2021.04.07.0,1430.0,1441.0396,15200.0,0.44383562,0.0,16158.0
2021.04.01.0,790.0,868.46484,16000.0,0.46027398,0.0,15860.0
2021.04.06.0,880.0,879.1454,16000.0,0.45753425,0.0,15969.0
2021.04.07.0,890.0,903.2761,16000.0,0.44383562,0.0,16158.0
2021.04.01.0,74.0,75.3073,18800.0,0.46027398,0.0,15860.0
2021.04.06.0,95.0,76.99454,18800.0,0.45753425,0.0,15969.0
2021.04.07.0,114.0,81.41112,18800.0,0.44383562,0.0,16158.0
2021.04.01.0,890.0,967.34827,15700.0,0.057534248,0.0,16422.0
2021.04.06.0,1050.0,1014.6669,15700.0,0.05479452,0.0,16551.0
2021.04.07.0,1080.0,1085.1896,15700.0,0.041095898,0.0,16731.0
2021.04.01.0,321.0,328.24927,16400.0,0.057534248,0.0,16422.0
2021.04.06.0,421.0,374.8586,16400.0,0.05479452,0.0,16551.0
2021.04.07.0,432.0,426.22736,16400.0,0.041095898,0.0,16731.0
2021.04.01.0,259.0,220.59058,16500.0,0.057534248,2914.0,16422.0
2021.04.06.0,341.0,254.76772,16500.0,0.05479452,0.0,16551.0
2021.04.07.0,352.0,305.02185,16500.0,0.041095898,0.0,16731.0
2021.04.01.0,1080.0,1211.43,15500.0,0.057534248,0.0,16422.0
2021.04.06.0,1240.0,1252.1082,15500.0,0.05479452,0.0,16551.0
2021.04.07.0,1280.0,1307.8473,15500.0,0.041095898,0.0,16731.0
2021.04.01.0,1940.0,1950.353,14600.0,0.2109589,0.0,16314.0
2021.04.06.0,2100.0,1972.3777,14600.0,0.20821919,0.0,16450.0
2021.04.07.0,2130.0,1988.5679,14600.0,0.19452055,0.0,16628.0
2021.04.01.0,1170.0,1339.282,15400.0,0.057534248,0.0,16422.0
2021.04.06.0,1340.0,1377.2861,15400.0,0.05479452,0.0,16551.0
2021.04.07.0,1370.0,1422.3777,15400.0,0.041095898,0.0,16731.0
2021.04.01.0,800.0,851.6929,15800.0,0.057534248,0.0,16422.0
2021.04.06.0,950.0,896.8397,15800.0,0.05479452,0.0,16551.0
2021.04.07.0,980.0,974.5277,15800.0,0.041095898,0.0,16731.0
2021.04.01.0,545.0,574.81635,16100.0,0.057534248,0.0,16422.0
2021.04.06.0,670.0,617.31494,16100.0,0.05479452,0.0,16551.0
2021.04.07.0,695.0,684.49756,16100.0,0.041095898,0.0,16731.0
2021.04.06.0,463.0,391.06586,16500.0,0.13424657,381.0,16379.0
2021.04.07.0,477.0,374.34015,16500.0,0.11780822,0.0,16679.0
2021.04.06.0,403.0,411.3734,16600.0,0.13424657,179.0,16379.0
2021.04.07.0,418.0,447.92023,16600.0,0.11780822,0.0,16679.0
2021.04.01.0,492.0,569.20703,16300.0,0.13424657,0.0,16379.0
2021.04.06.0,590.0,596.6072,16300.0,0.13150685,0.0,16499.0
2021.04.07.0,620.0,637.963,16300.0,0.11780822,0.0,16679.0
2021.04.01.0,427.0,445.3418,16400.0,0.13424657,139.0,16379.0
2021.04.06.0,525.0,413.05725,16400.0,0.13150685,0.0,16499.0
2021.04.07.0,545.0,434.54117,16400.0,0.11780822,0.0,16679.0
2021.04.01.0,560.0,631.5637,16200.0,0.13424657,0.0,16379.0
2021.04.06.0,665.0,652.595,16200.0,0.13150685,0.0,16499.0
2021.04.07.0,690.0,694.77734,16200.0,0.11780822,0.0,16679.0
2021.04.01.0,625.0,702.2251,16100.0,0.13424657,0.0,16379.0
2021.04.06.0,740.0,723.2523,16100.0,0.13150685,0.0,16499.0
2021.04.07.0,765.0,767.0874,16100.0,0.11780822,0.0,16679.0
2021.04.01.0,352.0,335.51297,13600.0,0.70958906,0.0,15651.0
2021.04.06.0,312.0,318.86096,13600.0,0.70684934,0.0,15778.0
2021.04.07.0,299.0,301.22626,13600.0,0.6931507,0.0,15975.0
2021.04.01.0,33.0,34.537506,19600.0,0.46027398,0.0,15860.0
2021.04.06.0,50.0,33.823242,19600.0,0.45753425,0.0,15969.0
2021.04.07.0,57.0,35.123108,19600.0,0.44383562,0.0,16158.0
2021.04.01.0,850.0,787.98193,15400.0,0.70958906,0.0,15651.0
2021.04.06.0,770.0,759.18335,15400.0,0.70684934,0.0,15778.0
2021.04.07.0,760.0,729.8431,15400.0,0.6931507,0.0,15975.0
2021.04.01.0,850.0,946.4675,15800.0,0.13424657,0.0,16379.0
2021.04.06.0,985.0,975.0217,15800.0,0.13150685,0.0,16499.0
2021.04.07.0,1010.0,1025.1191,15800.0,0.11780822,0.0,16679.0
2021.04.01.0,780.0,855.5764,15900.0,0.13424657,0.0,16379.0
2021.04.06.0,900.0,884.47375,15900.0,0.13150685,0.0,16499.0
2021.04.07.0,930.0,936.2335,15900.0,0.11780822,0.0,16679.0
2021.04.01.0,700.0,773.99243,16000.0,0.13424657,0.0,16379.0
2021.04.06.0,825.0,799.4231,16000.0,0.13150685,0.0,16499.0
2021.04.07.0,845.0,847.7112,16000.0,0.11780822,0.0,16679.0
2021.04.07.0,600.0,580.4704,16500.0,0.19452055,0.0,16628.0
2021.04.06.0,1110.0,1074.5706,15800.0,0.70684934,0.0,15778.0
2021.04.07.0,1130.0,1121.6273,15800.0,0.6931507,0.0,15975.0
2021.04.06.0,244.0,227.35657,18200.0,0.70684934,0.0,15778.0
2021.04.07.0,263.0,238.05663,18200.0,0.6931507,0.0,15975.0
2021.04.07.0,855.0,848.1604,16100.0,0.19452055,0.0,16628.0
2021.04.07.0,815.0,816.70294,16400.0,0.6931507,0.0,15975.0
2021.04.06.0,530.0,532.64886,14600.0,0.70684934,0.0,15778.0
2021.04.07.0,505.0,501.31598,14600.0,0.6931507,0.0,15975.0
2021.04.06.0,910.0,863.04553,16200.0,0.70684934,0.0,15778.0
2021.04.07.0,915.0,901.8939,16200.0,0.6931507,0.0,15975.0
2021.04.06.0,1220.0,1213.2147,15600.0,0.70684934,0.0,15778.0
2021.04.07.0,1250.0,1255.8456,15600.0,0.6931507,0.0,15975.0
2021.04.01.0,2040.0,1976.2871,14200.0,0.46027398,0.0,15860.0
2021.04.06.0,2190.0,1987.901,14200.0,0.45753425,0.0,15969.0
2021.04.07.0,2220.0,1997.8479,14200.0,0.44383562,0.0,16158.0
2021.04.01.0,1880.0,1905.0674,14400.0,0.46027398,0.0,15860.0
2021.04.06.0,2020.0,1934.2214,14400.0,0.45753425,0.0,15969.0
2021.04.07.0,2050.0,1959.752,14400.0,0.44383562,0.0,16158.0
2021.04.01.0,1730.0,1789.7255,14600.0,0.46027398,0.0,15860.0
2021.04.06.0,1860.0,1830.1289,14600.0,0.45753425,0.0,15969.0
2021.04.07.0,1890.0,1870.4318,14600.0,0.44383562,0.0,16158.0
2021.04.01.0,1560.0,1736.446,15000.0,0.057534248,0.0,16422.0
2021.04.06.0,1740.0,1784.3145,15000.0,0.05479452,0.0,16551.0
2021.04.07.0,1770.0,1827.8843,15000.0,0.041095898,0.0,16731.0
2021.04.026.0,480.0,334.79745,17400.0,0.14794521,60.0,17205.0
2021.04.027.0,500.0,374.27408,17400.0,0.13972603,0.0,17473.0
2021.04.028.0,485.0,440.348,17400.0,0.1369863,0.0,17512.0
2021.04.026.0,36.5,26.10318,11200.0,0.39726028,34.0,16720.0
2021.04.027.0,36.0,25.681488,11200.0,0.3890411,15.0,16979.0
2021.04.028.0,37.0,25.216736,11200.0,0.38630137,4.0,17012.0
2021.04.026.0,51.0,35.582123,11800.0,0.39726028,1.0,16720.0
2021.04.027.0,54.0,35.170044,11800.0,0.3890411,0.0,16979.0
2021.04.028.0,48.0,34.8815,11800.0,0.38630137,1.0,17012.0
2021.04.026.0,56.0,39.806183,12000.0,0.39726028,0.0,16720.0
2021.04.027.0,51.0,39.16388,12000.0,0.3890411,0.0,16979.0
2021.04.028.0,52.0,38.39917,12000.0,0.38630137,3.0,17012.0
2021.04.026.0,45.0,44.758453,12200.0,0.39726028,1.0,16720.0
2021.04.027.0,56.0,43.094055,12200.0,0.3890411,1.0,16979.0
2021.04.028.0,65.0,41.8425,12200.0,0.38630137,0.0,17012.0
2021.04.026.0,127.0,128.0823,14000.0,0.39726028,0.0,16720.0
2021.04.027.0,130.0,127.03296,14000.0,0.3890411,3.0,16979.0
2021.04.028.0,126.0,122.75343,14000.0,0.38630137,1.0,17012.0
2021.04.026.0,4.799988,-8.235779,9600.0,0.14794521,11.0,17205.0
2021.04.027.0,4.600006,-7.351166,9600.0,0.13972603,36.0,17473.0
2021.04.028.0,5.100006,-6.5649414,9600.0,0.1369863,160.0,17512.0
2021.04.026.0,5.100006,-6.8363953,10000.0,0.14794521,45.0,17205.0
2021.04.027.0,5.399994,-6.240906,10000.0,0.13972603,0.0,17473.0
2021.04.028.0,6.0,-5.58609,10000.0,0.1369863,0.0,17512.0
2021.04.026.0,8.899994,-7.05954,11000.0,0.14794521,0.0,17205.0
2021.04.027.0,7.399994,-6.3905945,11000.0,0.13972603,24.0,17473.0
2021.04.028.0,8.5,-5.8941956,11000.0,0.1369863,0.0,17512.0
2021.04.026.0,9.0,-6.186096,11400.0,0.14794521,1.0,17205.0
2021.04.027.0,8.299988,-5.7424927,11400.0,0.13972603,0.0,17473.0
2021.04.028.0,9.899994,-5.2124023,11400.0,0.1369863,0.0,17512.0
2021.04.026.0,9.100006,-5.986145,11600.0,0.14794521,0.0,17205.0
2021.04.027.0,8.600006,-5.594635,11600.0,0.13972603,7.0,17473.0
2021.04.028.0,10.5,-5.1683655,11600.0,0.1369863,0.0,17512.0
2021.04.026.0,10.0,-5.1890564,11800.0,0.14794521,1.0,17205.0
2021.04.027.0,8.799988,-4.88501,11800.0,0.13972603,0.0,17473.0
2021.04.028.0,11.0,-4.4483643,11800.0,0.1369863,34.0,17512.0
2021.04.026.0,11.0,-4.7057495,12000.0,0.14794521,0.0,17205.0
2021.04.027.0,9.0,-4.591217,12000.0,0.13972603,0.0,17473.0
2021.04.028.0,12.0,-4.3224792,12000.0,0.1369863,0.0,17512.0
2021.04.026.0,12.5,-2.9656372,12400.0,0.14794521,23.0,17205.0
2021.04.027.0,12.0,-2.606079,12400.0,0.13972603,22.0,17473.0
2021.04.028.0,14.0,-2.2305908,12400.0,0.1369863,20.0,17512.0
2021.04.026.0,16.0,-2.014618,12600.0,0.14794521,0.0,17205.0
2021.04.027.0,13.0,-1.7142944,12600.0,0.13972603,23.0,17473.0
2021.04.028.0,15.0,-1.4616089,12600.0,0.1369863,6.0,17512.0
2021.04.026.0,17.5,0.36053467,13000.0,0.14794521,24.0,17205.0
2021.04.027.0,15.5,0.6939392,13000.0,0.13972603,3.0,17473.0
2021.04.028.0,16.5,1.0645752,13000.0,0.1369863,28.0,17512.0
2021.04.026.0,24.0,5.253357,13600.0,0.14794521,0.0,17205.0
2021.04.027.0,21.0,5.4627686,13600.0,0.13972603,9.0,17473.0
2021.04.028.0,18.0,5.530304,13600.0,0.1369863,0.0,17512.0
2021.04.026.0,20.5,8.314331,13800.0,0.14794521,3.0,17205.0
2021.04.027.0,23.0,8.50354,13800.0,0.13972603,15.0,17473.0
2021.04.028.0,23.5,8.474976,13800.0,0.1369863,0.0,17512.0
2021.04.026.0,26.0,9.919708,14000.0,0.14794521,31.0,17205.0
2021.04.027.0,25.0,10.29245,14000.0,0.13972603,102.000015,17473.0
2021.04.028.0,23.5,10.263092,14000.0,0.1369863,7.0,17512.0
2021.04.026.0,33.0,14.021423,14200.0,0.14794521,8.0,17205.0
2021.04.027.0,30.0,14.441101,14200.0,0.13972603,3.0,17473.0
2021.04.028.0,28.5,14.247589,14200.0,0.1369863,0.0,17512.0
2021.04.026.0,34.0,16.957947,14400.0,0.14794521,0.0,17205.0
2021.04.027.0,33.5,17.155914,14400.0,0.13972603,17.0,17473.0
2021.04.028.0,31.0,16.717651,14400.0,0.1369863,4.0,17512.0
2021.04.026.0,1060.0,879.22314,16600.0,0.14794521,0.0,17205.0
2021.04.027.0,1090.0,968.5166,16600.0,0.13972603,0.0,17473.0
2021.04.028.0,1060.0,1119.5188,16600.0,0.1369863,0.0,17512.0
2021.04.026.0,900.0,722.0237,16800.0,0.14794521,0.0,17205.0
2021.04.027.0,930.0,804.95984,16800.0,0.13972603,0.0,17473.0
2021.04.028.0,900.0,943.1023,16800.0,0.1369863,0.0,17512.0
2021.04.026.0,750.0,579.78436,17000.0,0.14794521,0.0,17205.0
2021.04.027.0,770.0,647.11285,17000.0,0.13972603,0.0,17473.0
2021.04.028.0,745.0,759.5444,17000.0,0.1369863,0.0,17512.0
2021.04.026.0,680.0,499.01294,17100.0,0.14794521,0.0,17205.0
2021.04.027.0,705.0,571.8137,17100.0,0.13972603,0.0,17473.0
2021.04.028.0,675.0,680.15326,17100.0,0.1369863,0.0,17512.0
2021.04.026.0,550.0,387.0583,17300.0,0.14794521,45.0,17205.0
2021.04.027.0,570.0,433.52158,17300.0,0.13972603,0.0,17473.0
2021.04.028.0,550.0,504.25592,17300.0,0.1369863,0.0,17512.0
2021.04.026.0,263.0,165.2529,17800.0,0.14794521,47.0,17205.0
2021.04.027.0,300.0,188.3306,17800.0,0.13972603,73.999985,17473.0
2021.04.028.0,285.0,221.62628,17800.0,0.1369863,80.0,17512.0
2021.04.026.0,209.0,113.06882,18000.0,0.14794521,127.0,17205.0
2021.04.027.0,226.0,129.76334,18000.0,0.13972603,244.0,17473.0
2021.04.028.0,210.0,151.72157,18000.0,0.1369863,262.0,17512.0
2021.04.026.0,49.0,21.553925,18800.0,0.14794521,4.0,17205.0
2021.04.027.0,54.0,23.94339,18800.0,0.13972603,61.0,17473.0
2021.04.028.0,52.0,26.260742,18800.0,0.1369863,83.0,17512.0
2021.04.026.0,12.5,-9.342224,19800.0,0.14794521,0.0,17205.0
2021.04.027.0,15.0,-6.3490906,19800.0,0.13972603,7.0,17473.0
2021.04.028.0,12.5,-4.614868,19800.0,0.1369863,41.0,17512.0
2021.04.026.0,42.5,28.855469,11400.0,0.39726028,0.0,16720.0
2021.04.027.0,39.5,28.580872,11400.0,0.3890411,5.0,16979.0
2021.04.028.0,40.5,28.014038,11400.0,0.38630137,0.0,17012.0
2021.04.026.0,700.0,621.1317,17000.0,0.39726028,1.0,16720.0
2021.04.027.0,750.0,662.3691,17000.0,0.3890411,20.0,16979.0
2021.04.028.0,740.0,727.71545,17000.0,0.38630137,0.0,17012.0
2021.04.026.0,217.0,171.25551,18400.0,0.39726028,0.0,16720.0
2021.04.027.0,230.0,184.12451,18400.0,0.3890411,0.0,16979.0
2021.04.028.0,220.0,201.79532,18400.0,0.38630137,0.0,17012.0
2021.04.026.0,135.0,133.74362,12800.0,0.6465753,34.0,16544.0
2021.04.027.0,138.0,131.96852,12800.0,0.63835615,30.0,16801.0
2021.04.028.0,134.0,129.75914,12800.0,0.6356164,15.0,16795.0
2021.04.026.0,153.0,148.5577,13000.0,0.6465753,6.0,16544.0
2021.04.027.0,153.0,146.88922,13000.0,0.63835615,1.0,16801.0
2021.04.028.0,150.0,144.3063,13000.0,0.6356164,1.0,16795.0
2021.04.026.0,171.0,164.50377,13200.0,0.6465753,0.0,16544.0
2021.04.027.0,169.0,162.65524,13200.0,0.63835615,0.0,16801.0
2021.04.028.0,165.0,159.81273,13200.0,0.6356164,0.0,16795.0
2021.04.026.0,222.0,225.47104,13800.0,0.6465753,2.0,16544.0
2021.04.027.0,226.0,222.2413,13800.0,0.63835615,0.0,16801.0
2021.04.028.0,220.0,217.61838,13800.0,0.6356164,0.0,16795.0
2021.04.026.0,1470.0,1326.9102,16000.0,0.6465753,0.0,16544.0
2021.04.027.0,1490.0,1391.3396,16000.0,0.63835615,0.0,16801.0
2021.04.028.0,1450.0,1493.8967,16000.0,0.6356164,0.0,16795.0
2021.04.026.0,436.0,398.91852,18000.0,0.6465753,0.0,16544.0
2021.04.027.0,456.0,423.56848,18000.0,0.63835615,2.0,16801.0
2021.04.028.0,450.0,452.9276,18000.0,0.6356164,0.0,16795.0
2021.04.026.0,218.0,184.11993,19000.0,0.6465753,19.0,16544.0
2021.04.027.0,221.0,193.77493,19000.0,0.63835615,1.0,16801.0
2021.04.028.0,232.0,204.86227,19000.0,0.6356164,19.0,16795.0
2021.04.026.0,3.5,-18.217102,13400.0,0.07123287,60.0,17257.0
2021.04.027.0,3.5,-17.60962,13400.0,0.06301369,448.0,17530.0
2021.04.028.0,3.899994,-16.53128,13400.0,0.060273975,305.0,17571.0
2021.04.026.0,4.0,-15.222931,13500.0,0.07123287,27.0,17257.0
2021.04.027.0,4.600006,-14.645874,13500.0,0.06301369,72.000015,17530.0
2021.04.028.0,4.399994,-14.135925,13500.0,0.060273975,11.0,17571.0
2021.04.026.0,5.600006,-13.308777,13700.0,0.07123287,4.0,17257.0
2021.04.027.0,6.899994,-12.673004,13700.0,0.06301369,1.0,17530.0
2021.04.028.0,4.600006,-12.02301,13700.0,0.060273975,13.0,17571.0
2021.04.026.0,5.200012,-12.988281,13800.0,0.07123287,4.0,17257.0
2021.04.027.0,6.899994,-12.2743225,13800.0,0.06301369,6.0,17530.0
2021.04.028.0,5.299988,-11.536407,13800.0,0.060273975,3.0,17571.0
2021.04.026.0,5.5,-12.343506,13900.0,0.07123287,34.0,17257.0
2021.04.027.0,6.0,-11.58725,13900.0,0.06301369,12.0,17530.0
2021.04.028.0,5.899994,-10.923737,13900.0,0.060273975,1.0,17571.0
2021.04.026.0,6.299988,-12.808563,14000.0,0.07123287,78.0,17257.0
2021.04.027.0,6.700012,-12.218994,14000.0,0.06301369,169.0,17530.0
2021.04.028.0,6.100006,-11.513977,14000.0,0.060273975,16.0,17571.0
2021.04.026.0,6.399994,-10.824188,14100.0,0.07123287,30.0,17257.0
2021.04.027.0,7.600006,-10.3508,14100.0,0.06301369,3.0,17530.0
2021.04.028.0,6.799988,-9.909393,14100.0,0.060273975,5.0,17571.0
2021.04.026.0,7.0,-10.906433,14200.0,0.07123287,53.0,17257.0
2021.04.027.0,7.600006,-10.3471985,14200.0,0.06301369,55.0,17530.0
2021.04.028.0,6.899994,-9.659271,14200.0,0.060273975,4.0,17571.0
2021.04.026.0,7.200012,-11.065186,14300.0,0.07123287,34.0,17257.0
2021.04.027.0,8.0,-10.567932,14300.0,0.06301369,81.0,17530.0
2021.04.028.0,7.0,-10.047394,14300.0,0.060273975,49.0,17571.0
2021.04.026.0,7.799988,-9.245239,14400.0,0.07123287,23.0,17257.0
2021.04.027.0,8.799988,-8.913452,14400.0,0.06301369,136.0,17530.0
2021.04.028.0,8.299988,-8.454681,14400.0,0.060273975,192.0,17571.0
2021.04.026.0,8.5,-11.432526,14500.0,0.07123287,148.0,17257.0
2021.04.027.0,9.200012,-11.18454,14500.0,0.06301369,96.0,17530.0
2021.04.028.0,8.899994,-10.653748,14500.0,0.060273975,311.0,17571.0
2021.04.026.0,9.299988,-7.383728,14600.0,0.07123287,138.0,17257.0
2021.04.027.0,9.899994,-7.014374,14600.0,0.06301369,256.0,17530.0
2021.04.028.0,9.100006,-6.8817444,14600.0,0.060273975,163.0,17571.0
2021.04.026.0,10.5,-6.535614,14700.0,0.07123287,170.0,17257.0
2021.04.027.0,10.5,-6.2655945,14700.0,0.06301369,117.999985,17530.0
2021.04.028.0,10.0,-5.839905,14700.0,0.060273975,207.0,17571.0
2021.04.026.0,10.0,-5.5559998,14800.0,0.07123287,189.0,17257.0
2021.04.027.0,10.0,-5.279022,14800.0,0.06301369,302.0,17530.0
2021.04.028.0,9.5,-5.095642,14800.0,0.060273975,321.0,17571.0
2021.04.026.0,11.0,-2.8023682,14900.0,0.07123287,187.0,17257.0
2021.04.027.0,12.0,-2.689911,14900.0,0.06301369,203.0,17530.0
2021.04.028.0,11.0,-2.7668762,14900.0,0.060273975,347.0,17571.0
2021.04.026.0,12.5,-22.103851,15000.0,0.07123287,3098.0,17257.0
2021.04.027.0,12.5,-23.235199,15000.0,0.06301369,751.0,17530.0
2021.04.028.0,11.5,-21.7695,15000.0,0.060273975,258.0,17571.0
2021.04.026.0,13.0,0.8695984,15100.0,0.07123287,178.0,17257.0
2021.04.027.0,14.0,1.0224609,15100.0,0.06301369,377.0,17530.0
2021.04.028.0,13.0,0.40725708,15100.0,0.060273975,161.0,17571.0
2021.04.026.0,14.0,-3.8496094,15200.0,0.07123287,148.0,17257.0
2021.04.027.0,14.0,-5.001465,15200.0,0.06301369,291.0,17530.0
2021.04.028.0,13.5,-4.5089417,15200.0,0.060273975,194.0,17571.0
2021.04.026.0,15.5,3.3643494,15300.0,0.07123287,202.0,17257.0
2021.04.027.0,16.0,3.1521912,15300.0,0.06301369,1077.0,17530.0
2021.04.028.0,15.0,2.3276978,15300.0,0.060273975,322.0,17571.0
2021.04.026.0,16.0,-4.8132935,15400.0,0.07123287,268.0,17257.0
2021.04.027.0,16.0,-5.398346,15400.0,0.06301369,551.0,17530.0
2021.04.028.0,15.0,-4.185669,15400.0,0.060273975,249.0,17571.0
2021.04.026.0,18.5,-11.948669,15500.0,0.07123287,2355.0,17257.0
2021.04.027.0,17.0,-14.233978,15500.0,0.06301369,2562.0,17530.0
2021.04.028.0,17.0,-13.797363,15500.0,0.060273975,327.0,17571.0
2021.04.026.0,19.5,10.510437,15600.0,0.07123287,321.0,17257.0
2021.04.027.0,19.5,9.520508,15600.0,0.06301369,2292.0002,17530.0
2021.04.028.0,19.0,7.404724,15600.0,0.060273975,687.0,17571.0
2021.04.026.0,23.0,6.048401,15700.0,0.07123287,490.0,17257.0
2021.04.027.0,23.0,5.222809,15700.0,0.06301369,1200.0,17530.0
2021.04.028.0,21.0,3.6030579,15700.0,0.060273975,364.0,17571.0
2021.04.026.0,25.5,8.7547,15800.0,0.07123287,594.0,17257.0
2021.04.027.0,25.0,7.3320007,15800.0,0.06301369,1568.0,17530.0
2021.04.028.0,23.0,6.3325806,15800.0,0.060273975,453.0,17571.0
2021.04.026.0,28.5,14.332947,15900.0,0.07123287,492.0,17257.0
2021.04.027.0,27.5,15.242828,15900.0,0.06301369,876.0,17530.0
2021.04.028.0,26.0,14.009247,15900.0,0.060273975,339.0,17571.0
2021.04.026.0,32.5,6.9346313,16000.0,0.07123287,4089.0002,17257.0
2021.04.027.0,31.5,4.9558716,16000.0,0.06301369,4512.0,17530.0
2021.04.028.0,30.0,-2.697937,16000.0,0.060273975,2311.0,17571.0
2021.04.026.0,36.0,29.360687,16100.0,0.07123287,767.0,17257.0
2021.04.027.0,35.0,28.141724,16100.0,0.06301369,2109.0,17530.0
2021.04.028.0,33.0,23.274445,16100.0,0.060273975,378.0,17571.0
2021.04.026.0,41.5,27.353912,16200.0,0.07123287,1205.0,17257.0
2021.04.027.0,39.5,22.87619,16200.0,0.06301369,3234.0,17530.0
2021.04.028.0,38.0,17.795685,16200.0,0.060273975,1325.0,17571.0
2021.04.026.0,47.0,23.515564,16300.0,0.07123287,1628.0,17257.0
2021.04.027.0,44.5,15.688812,16300.0,0.06301369,5021.0,17530.0
2021.04.028.0,42.5,11.5833435,16300.0,0.060273975,551.0,17571.0
2021.04.026.0,53.0,32.679657,16400.0,0.07123287,2177.0,17257.0
2021.04.027.0,51.0,29.726196,16400.0,0.06301369,1895.0,17530.0
2021.04.028.0,50.0,23.138275,16400.0,0.060273975,1680.0,17571.0
2021.04.026.0,910.0,739.665,16700.0,0.07123287,0.0,17257.0
2021.04.027.0,940.0,823.69946,16700.0,0.06301369,0.0,17530.0
2021.04.028.0,915.0,979.3059,16700.0,0.060273975,0.0,17571.0
2021.04.026.0,825.0,664.78394,16800.0,0.07123287,0.0,17257.0
2021.04.027.0,860.0,737.5564,16800.0,0.06301369,0.0,17530.0
2021.04.028.0,820.0,874.0061,16800.0,0.060273975,0.0,17571.0
2021.04.026.0,730.0,608.9188,16900.0,0.07123287,0.0,17257.0
2021.04.027.0,770.0,668.5713,16900.0,0.06301369,0.0,17530.0
2021.04.028.0,735.0,783.8925,16900.0,0.060273975,0.0,17571.0
2021.04.026.0,645.0,539.2553,17000.0,0.07123287,0.0,17257.0
2021.04.027.0,685.0,592.7832,17000.0,0.06301369,0.0,17530.0
2021.04.028.0,650.0,690.9512,17000.0,0.060273975,0.0,17571.0
2021.04.026.0,565.0,494.7549,17100.0,0.07123287,0.0,17257.0
2021.04.027.0,600.0,540.4951,17100.0,0.06301369,0.0,17530.0
2021.04.028.0,575.0,617.5206,17100.0,0.060273975,0.0,17571.0
2021.04.026.0,490.0,343.81555,17200.0,0.07123287,0.0,17257.0
2021.04.027.0,525.0,378.8643,17200.0,0.06301369,0.0,17530.0
2021.04.028.0,494.0,495.9806,17200.0,0.060273975,0.0,17571.0
2021.04.026.0,425.0,204.93819,17300.0,0.07123287,3943.0,17257.0
2021.04.027.0,454.0,238.21019,17300.0,0.06301369,0.0,17530.0
2021.04.028.0,419.0,321.92038,17300.0,0.060273975,0.0,17571.0
2021.04.026.0,354.0,189.51553,17400.0,0.07123287,3713.0,17257.0
2021.04.027.0,382.0,221.7745,17400.0,0.06301369,0.0,17530.0
2021.04.028.0,352.0,300.5904,17400.0,0.060273975,0.0,17571.0
2021.04.026.0,298.0,146.45528,17500.0,0.07123287,3133.9998,17257.0
2021.04.027.0,320.0,181.56302,17500.0,0.06301369,0.0,17530.0
2021.04.028.0,294.0,245.11655,17500.0,0.060273975,0.0,17571.0
2021.04.026.0,245.0,127.755646,17600.0,0.07123287,2522.0,17257.0
2021.04.027.0,265.0,137.96718,17600.0,0.06301369,4041.0,17530.0
2021.04.028.0,239.0,159.04683,17600.0,0.060273975,2640.0,17571.0
2021.04.026.0,194.0,97.32582,17700.0,0.07123287,2372.0,17257.0
2021.04.027.0,215.0,107.085144,17700.0,0.06301369,5047.0,17530.0
2021.04.028.0,192.0,130.97101,17700.0,0.060273975,2049.0,17571.0
2021.04.026.0,155.0,67.42189,17800.0,0.07123287,3554.9998,17257.0
2021.04.027.0,172.0,82.33243,17800.0,0.06301369,5062.0,17530.0
2021.04.028.0,153.0,100.70598,17800.0,0.060273975,3668.0002,17571.0
2021.04.026.0,120.0,52.964386,17900.0,0.07123287,1480.0,17257.0
2021.04.027.0,136.0,62.516724,17900.0,0.06301369,4093.0,17530.0
2021.04.028.0,119.0,81.459915,17900.0,0.060273975,2591.0,17571.0
2021.04.026.0,92.0,31.006989,18000.0,0.07123287,1824.0,17257.0
2021.04.027.0,106.0,39.189087,18000.0,0.06301369,4570.0,17530.0
2021.04.028.0,90.0,53.66815,18000.0,0.060273975,3331.0,17571.0
2021.04.026.0,70.0,22.480621,18100.0,0.07123287,970.0,17257.0
2021.04.027.0,80.0,26.409698,18100.0,0.06301369,2748.0,17530.0
2021.04.028.0,68.0,34.246124,18100.0,0.060273975,3042.0,17571.0
2021.04.026.0,51.0,13.311859,18200.0,0.07123287,562.0,17257.0
2021.04.027.0,60.999985,16.22293,18200.0,0.06301369,1862.0,17530.0
2021.04.028.0,50.0,20.982727,18200.0,0.060273975,2380.0,17571.0
2021.04.026.0,38.0,-0.22421265,18300.0,0.07123287,2536.0,17257.0
2021.04.027.0,47.0,1.3205566,18300.0,0.06301369,1157.0,17530.0
2021.04.028.0,38.0,6.2761536,18300.0,0.060273975,1537.0,17571.0
2021.04.026.0,20.0,4.427948,18400.0,0.07123287,384.0,17257.0
2021.04.027.0,32.5,5.2628174,18400.0,0.06301369,770.0,17530.0
2021.04.028.0,27.5,6.1286316,18400.0,0.060273975,1110.0,17571.0
2021.04.026.0,22.5,-0.24575806,18500.0,0.07123287,45.0,17257.0
2021.04.027.0,26.0,0.21643066,18500.0,0.06301369,581.0,17530.0
2021.04.028.0,21.0,1.2466125,18500.0,0.060273975,722.0,17571.0
2021.04.026.0,4.600006,-3.1446838,19100.0,0.07123287,1.0,17257.0
2021.04.027.0,5.299988,-3.0424805,19100.0,0.06301369,0.0,17530.0
2021.04.028.0,5.200012,-0.80996704,19100.0,0.060273975,19.0,17571.0
2021.04.026.0,5.0,-7.1378174,9800.0,0.14794521,0.0,17205.0
2021.04.027.0,5.0,-6.16333,9800.0,0.13972603,1.0,17473.0
2021.04.028.0,5.399994,-5.4136047,9800.0,0.1369863,0.0,17512.0
2021.04.026.0,8.0,-7.309845,10400.0,0.14794521,0.0,17205.0
2021.04.027.0,6.200012,-6.450287,10400.0,0.13972603,1.0,17473.0
2021.04.028.0,6.5,-5.865326,10400.0,0.1369863,0.0,17512.0
2021.04.026.0,11.5,-3.8315735,12200.0,0.14794521,5.0,17205.0
2021.04.027.0,11.0,-3.3900757,12200.0,0.13972603,4.0,17473.0
2021.04.028.0,13.0,-2.948761,12200.0,0.1369863,31.0,17512.0
2021.04.026.0,17.0,-0.5007324,12800.0,0.14794521,1.0,17205.0
2021.04.027.0,13.0,-0.25506592,12800.0,0.13972603,0.0,17473.0
2021.04.028.0,15.0,0.061065674,12800.0,0.1369863,4.0,17512.0
2021.04.026.0,19.0,1.4059448,13200.0,0.14794521,0.0,17205.0
2021.04.027.0,16.5,1.538208,13200.0,0.13972603,0.0,17473.0
2021.04.028.0,15.5,1.7956543,13200.0,0.1369863,31.0,17512.0
2021.04.026.0,20.5,3.2530823,13400.0,0.14794521,0.0,17205.0
2021.04.027.0,20.5,3.6612854,13400.0,0.13972603,35.0,17473.0
2021.04.028.0,18.0,3.7730408,13400.0,0.1369863,6.0,17512.0
2021.04.026.0,25.0,8.329559,13900.0,0.14794521,20.0,17205.0
2021.04.027.0,25.5,8.290253,13900.0,0.13972603,0.0,17473.0
2021.04.028.0,23.5,8.1250305,13900.0,0.1369863,1.0,17512.0
2021.04.026.0,34.5,18.956543,14500.0,0.14794521,0.0,17205.0
2021.04.027.0,35.5,18.366516,14500.0,0.13972603,13.0,17473.0
2021.04.028.0,33.0,17.577637,14500.0,0.1369863,34.0,17512.0
2021.04.026.0,39.5,23.10028,14600.0,0.14794521,24.0,17205.0
2021.04.027.0,37.5,23.223907,14600.0,0.13972603,23.0,17473.0
2021.04.028.0,34.0,22.154694,14600.0,0.1369863,8.0,17512.0
2021.04.026.0,43.0,29.505402,14800.0,0.14794521,1.0,17205.0
2021.04.027.0,40.5,29.82071,14800.0,0.13972603,25.0,17473.0
2021.04.028.0,40.0,28.17511,14800.0,0.1369863,20.0,17512.0
2021.04.026.0,48.0,35.509705,15000.0,0.14794521,65.0,17205.0
2021.04.027.0,47.0,35.70575,15000.0,0.13972603,245.0,17473.0
2021.04.028.0,44.0,33.22986,15000.0,0.1369863,63.0,17512.0
2021.04.026.0,66.0,58.447144,15400.0,0.14794521,54.0,17205.0
2021.04.027.0,65.0,58.959167,15400.0,0.13972603,151.0,17473.0
2021.04.028.0,63.0,53.647217,15400.0,0.1369863,11.0,17512.0
2021.04.026.0,73.0,59.01706,15500.0,0.14794521,25.0,17205.0
2021.04.027.0,70.0,56.759033,15500.0,0.13972603,239.0,17473.0
2021.04.028.0,67.0,53.624176,15500.0,0.1369863,15.0,17512.0
2021.04.026.0,80.0,72.89816,15600.0,0.14794521,88.999985,17205.0
2021.04.027.0,78.0,74.4778,15600.0,0.13972603,112.0,17473.0
2021.04.028.0,75.0,67.207504,15600.0,0.1369863,50.0,17512.0
2021.04.026.0,86.0,76.70297,15700.0,0.14794521,37.0,17205.0
2021.04.027.0,84.0,73.63397,15700.0,0.13972603,93.0,17473.0
2021.04.028.0,83.0,68.77998,15700.0,0.1369863,27.0,17512.0
2021.04.026.0,93.0,90.688095,15800.0,0.14794521,290.0,17205.0
2021.04.027.0,90.0,94.03154,15800.0,0.13972603,161.0,17473.0
2021.04.028.0,88.0,83.09215,15800.0,0.1369863,143.0,17512.0
2021.04.026.0,103.0,93.36272,15900.0,0.14794521,158.0,17205.0
2021.04.027.0,98.0,90.28699,15900.0,0.13972603,23.0,17473.0
2021.04.028.0,96.0,84.1711,15900.0,0.1369863,460.0,17512.0
2021.04.026.0,111.0,107.30623,16000.0,0.14794521,389.0,17205.0
2021.04.027.0,105.0,103.55031,16000.0,0.13972603,2877.0,17473.0
2021.04.028.0,103.0,91.37526,16000.0,0.1369863,189.0,17512.0
2021.04.026.0,120.0,116.851776,16100.0,0.14794521,50.0,17205.0
2021.04.027.0,116.0,112.59909,16100.0,0.13972603,78.0,17473.0
2021.04.028.0,119.0,105.27992,16100.0,0.1369863,19.0,17512.0
2021.04.026.0,143.0,141.51227,16300.0,0.14794521,38.0,17205.0
2021.04.027.0,140.0,136.35431,16300.0,0.13972603,194.0,17473.0
2021.04.028.0,137.0,127.92131,16300.0,0.1369863,12.0,17512.0
2021.04.026.0,980.0,801.02124,16700.0,0.14794521,0.0,17205.0
2021.04.027.0,1020.0,886.44104,16700.0,0.13972603,0.0,17473.0
2021.04.028.0,980.0,1030.5957,16700.0,0.1369863,0.0,17512.0
2021.04.026.0,610.0,446.43704,17200.0,0.14794521,0.0,17205.0
2021.04.027.0,635.0,499.65527,17200.0,0.13972603,0.0,17473.0
2021.04.028.0,610.0,590.9224,17200.0,0.1369863,0.0,17512.0
2021.04.026.0,418.0,284.2552,17500.0,0.14794521,23.0,17205.0
2021.04.027.0,447.0,325.04642,17500.0,0.13972603,31.0,17473.0
2021.04.028.0,412.0,374.87827,17500.0,0.1369863,0.0,17512.0
2021.04.026.0,359.0,234.69865,17600.0,0.14794521,22.0,17205.0
2021.04.027.0,385.0,269.0216,17600.0,0.13972603,41.0,17473.0
2021.04.028.0,362.0,320.97278,17600.0,0.1369863,5.0,17512.0
2021.04.026.0,305.0,197.15494,17700.0,0.14794521,46.0,17205.0
2021.04.027.0,317.0,228.34956,17700.0,0.13972603,38.0,17473.0
2021.04.028.0,320.0,272.45938,17700.0,0.1369863,30.0,17512.0
2021.04.026.0,105.0,51.83264,18400.0,0.14794521,34.0,17205.0
2021.04.027.0,112.0,58.870422,18400.0,0.13972603,99.0,17473.0
2021.04.028.0,102.0,67.18544,18400.0,0.1369863,6.0,17512.0
2021.04.026.0,66.0,49.474854,12400.0,0.39726028,0.0,16720.0
2021.04.027.0,60.999985,48.72348,12400.0,0.3890411,0.0,16979.0
2021.04.028.0,62.0,47.610718,12400.0,0.38630137,0.0,17012.0
2021.04.026.0,66.0,61.049103,12800.0,0.39726028,0.0,16720.0
2021.04.027.0,73.0,59.90593,12800.0,0.3890411,1.0,16979.0
2021.04.028.0,73.0,58.43878,12800.0,0.38630137,0.0,17012.0
2021.04.026.0,86.0,70.18149,13000.0,0.39726028,6.0,16720.0
2021.04.027.0,80.0,68.75833,13000.0,0.3890411,1.0,16979.0
2021.04.028.0,79.0,66.61104,13000.0,0.38630137,1.0,17012.0
2021.04.026.0,82.0,79.28508,13200.0,0.39726028,19.0,16720.0
2021.04.027.0,87.0,77.63313,13200.0,0.3890411,4.0,16979.0
2021.04.028.0,85.0,74.51463,13200.0,0.38630137,4.0,17012.0
2021.04.026.0,148.0,147.51752,14200.0,0.39726028,0.0,16720.0
2021.04.027.0,149.0,146.56787,14200.0,0.3890411,1.0,16979.0
2021.04.028.0,142.0,141.37921,14200.0,0.38630137,1.0,17012.0
2021.04.026.0,166.0,168.20795,14400.0,0.39726028,0.0,16720.0
2021.04.027.0,166.0,164.64583,14400.0,0.3890411,0.0,16979.0
2021.04.028.0,159.0,163.02646,14400.0,0.38630137,1.0,17012.0
2021.04.026.0,235.0,250.12918,15000.0,0.39726028,4.0,16720.0
2021.04.027.0,226.0,246.96361,15000.0,0.3890411,9.0,16979.0
2021.04.028.0,225.0,234.30559,15000.0,0.38630137,34.0,17012.0
2021.04.026.0,870.0,729.9048,16800.0,0.39726028,0.0,16720.0
2021.04.027.0,870.0,803.5875,16800.0,0.3890411,0.0,16979.0
2021.04.028.0,875.0,900.75244,16800.0,0.38630137,0.0,17012.0
2021.04.026.0,615.0,532.39996,17200.0,0.39726028,20.0,16720.0
2021.04.027.0,625.0,571.6703,17200.0,0.3890411,2.0,16979.0
2021.04.028.0,635.0,638.5062,17200.0,0.38630137,1.0,17012.0
2021.04.026.0,322.0,262.41187,18000.0,0.39726028,1.0,16720.0
2021.04.027.0,333.0,282.82227,18000.0,0.3890411,12.0,16979.0
2021.04.028.0,322.0,312.93805,18000.0,0.38630137,3.0,17012.0
2021.04.026.0,101.0,75.8492,19200.0,0.39726028,0.0,16720.0
2021.04.027.0,105.0,80.13585,19200.0,0.3890411,0.0,16979.0
2021.04.028.0,107.0,85.02612,19200.0,0.38630137,1.0,17012.0
2021.04.026.0,58.0,39.39511,19800.0,0.39726028,0.0,16720.0
2021.04.027.0,60.999985,41.66806,19800.0,0.3890411,0.0,16979.0
2021.04.028.0,60.999985,44.16092,19800.0,0.38630137,21.0,17012.0
2021.04.026.0,190.0,182.84624,13400.0,0.6465753,1.0,16544.0
2021.04.027.0,186.0,180.6402,13400.0,0.63835615,10.0,16801.0
2021.04.028.0,181.0,177.16801,13400.0,0.6356164,0.0,16795.0
2021.04.026.0,240.0,250.58609,14000.0,0.6465753,1.0,16544.0
2021.04.027.0,249.0,246.88026,14000.0,0.63835615,11.0,16801.0
2021.04.028.0,242.0,242.14267,14000.0,0.6356164,0.0,16795.0
2021.04.026.0,450.0,463.40833,15200.0,0.6465753,0.0,16544.0
2021.04.027.0,441.0,467.0689,15200.0,0.63835615,4.0,16801.0
2021.04.028.0,439.0,460.64346,15200.0,0.6356164,0.0,16795.0
2021.04.026.0,104.0,94.2195,20000.0,0.6465753,0.0,16544.0
2021.04.027.0,106.0,97.482544,20000.0,0.63835615,3.0,16801.0
2021.04.028.0,111.0,100.69612,20000.0,0.6356164,2.0,16795.0
2021.04.026.0,4.399994,-14.111755,13600.0,0.07123287,90.0,17257.0
2021.04.027.0,5.600006,-13.493225,13600.0,0.06301369,7.0,17530.0
2021.04.028.0,5.299988,-13.041504,13600.0,0.060273975,55.0,17571.0
2021.04.026.0,62.0,40.374268,16500.0,0.07123287,2387.0,17257.0
2021.04.027.0,59.0,38.13968,16500.0,0.06301369,2138.0,17530.0
2021.04.028.0,57.0,31.1474,16500.0,0.060273975,1821.0,17571.0
2021.04.026.0,71.0,51.58194,16600.0,0.07123287,1846.0002,17257.0
2021.04.027.0,65.0,41.976685,16600.0,0.06301369,4754.0,17530.0
2021.04.028.0,65.0,35.30124,16600.0,0.060273975,1436.0,17571.0
2021.04.026.0,8.899994,-6.645294,11200.0,0.14794521,2.0,17205.0
2021.04.027.0,8.0,-5.9965515,11200.0,0.13972603,1.0,17473.0
2021.04.028.0,9.299988,-5.440857,11200.0,0.1369863,41.0,17512.0
2021.04.026.0,22.5,6.1726074,13700.0,0.14794521,0.0,17205.0
2021.04.027.0,22.0,6.082672,13700.0,0.13972603,2.0,17473.0
2021.04.028.0,22.5,5.9918823,13700.0,0.1369863,0.0,17512.0
2021.04.026.0,33.5,15.0538025,14300.0,0.14794521,6.0,17205.0
2021.04.027.0,32.5,14.780731,14300.0,0.13972603,0.0,17473.0
2021.04.028.0,29.0,14.413788,14300.0,0.1369863,3.0,17512.0
2021.04.026.0,41.0,23.81192,14700.0,0.14794521,0.0,17205.0
2021.04.027.0,39.0,23.050446,14700.0,0.13972603,0.0,17473.0
2021.04.028.0,36.5,21.976837,14700.0,0.1369863,0.0,17512.0
2021.04.026.0,47.0,29.894867,14900.0,0.14794521,3.0,17205.0
2021.04.027.0,46.5,28.55362,14900.0,0.13972603,72.999985,17473.0
2021.04.028.0,39.5,26.952026,14900.0,0.1369863,25.0,17512.0
2021.04.026.0,57.0,46.072327,15200.0,0.14794521,57.999985,17205.0
2021.04.027.0,54.0,46.512268,15200.0,0.13972603,137.0,17473.0
2021.04.028.0,52.0,42.525787,15200.0,0.1369863,41.0,17512.0
2021.04.026.0,59.999985,48.258972,15300.0,0.14794521,49.0,17205.0
2021.04.027.0,59.999985,46.28,15300.0,0.13972603,79.0,17473.0
2021.04.028.0,62.0,43.622528,15300.0,0.1369863,21.0,17512.0
2021.04.026.0,129.0,142.36096,16200.0,0.14794521,23.0,17205.0
2021.04.027.0,123.0,138.97943,16200.0,0.13972603,56.000015,17473.0
2021.04.028.0,125.0,122.69083,16200.0,0.1369863,44.0,17512.0
2021.04.026.0,161.0,157.22272,16400.0,0.14794521,9.0,17205.0
2021.04.027.0,152.0,145.44327,16400.0,0.13972603,1580.0,17473.0
2021.04.028.0,150.0,133.94719,16400.0,0.1369863,222.0,17512.0
2021.04.026.0,170.0,173.21452,16500.0,0.14794521,6.0,17205.0
2021.04.027.0,166.0,168.48778,16500.0,0.13972603,154.0,17473.0
2021.04.028.0,161.0,157.53331,16500.0,0.1369863,43.0,17512.0
2021.04.026.0,189.0,189.59145,16600.0,0.14794521,47.0,17205.0
2021.04.027.0,180.0,185.6854,16600.0,0.13972603,145.0,17473.0
2021.04.028.0,177.0,174.2515,16600.0,0.1369863,20.0,17512.0
2021.04.026.0,152.0,78.4814,18200.0,0.14794521,15.0,17205.0
2021.04.027.0,156.0,89.524124,18200.0,0.13972603,128.0,17473.0
2021.04.028.0,156.0,103.003876,18200.0,0.1369863,28.0,17512.0
2021.04.026.0,101.0,98.49118,13600.0,0.39726028,0.0,16720.0
2021.04.027.0,106.0,96.49838,13600.0,0.3890411,0.0,16979.0
2021.04.028.0,100.0,93.4113,13600.0,0.38630137,0.0,17012.0
2021.04.026.0,300.0,314.1984,15400.0,0.39726028,0.0,16720.0
2021.04.027.0,287.0,325.93887,15400.0,0.3890411,2.0,16979.0
2021.04.028.0,288.0,317.00223,15400.0,0.38630137,0.0,17012.0
2021.04.026.0,332.0,364.82773,15600.0,0.39726028,50.0,16720.0
2021.04.027.0,324.0,368.30505,15600.0,0.3890411,12.0,16979.0
2021.04.028.0,326.0,351.18173,15600.0,0.38630137,0.0,17012.0
2021.04.026.0,266.0,216.11717,18200.0,0.39726028,0.0,16720.0
2021.04.027.0,278.0,231.67325,18200.0,0.3890411,10.0,16979.0
2021.04.028.0,271.0,253.39824,18200.0,0.38630137,12.0,17012.0
2021.04.026.0,48.5,30.99524,20000.0,0.39726028,0.0,16720.0
2021.04.027.0,52.0,33.066833,20000.0,0.3890411,0.0,16979.0
2021.04.028.0,51.0,35.307373,20000.0,0.38630137,0.0,17012.0
2021.04.026.0,960.0,857.4513,16800.0,0.6465753,4.0,16544.0
2021.04.027.0,970.0,918.4475,16800.0,0.63835615,0.0,16801.0
2021.04.028.0,975.0,1001.77344,16800.0,0.6356164,0.0,16795.0
2021.04.026.0,685.0,582.70966,17400.0,0.6465753,1.0,16544.0
2021.04.027.0,675.0,620.51276,17400.0,0.63835615,0.0,16801.0
2021.04.028.0,685.0,676.98157,17400.0,0.6356164,0.0,16795.0
2021.04.026.0,132.0,122.53882,19600.0,0.6465753,0.0,16544.0
2021.04.027.0,142.0,126.95822,19600.0,0.63835615,3.0,16801.0
2021.04.028.0,150.0,131.73367,19600.0,0.6356164,0.0,16795.0
2021.04.026.0,81.0,62.4601,16700.0,0.07123287,1504.0,17257.0
2021.04.027.0,76.0,59.642563,16700.0,0.06301369,1880.0002,17530.0
2021.04.028.0,76.0,52.44214,16700.0,0.060273975,898.0,17571.0
2021.04.026.0,16.5,1.39505,18600.0,0.07123287,72.999985,17257.0
2021.04.027.0,19.5,1.548706,18600.0,0.06301369,495.0,17530.0
2021.04.028.0,16.0,1.920166,18600.0,0.060273975,363.0,17571.0
2021.04.026.0,13.0,-0.15759277,18700.0,0.07123287,98.0,17257.0
2021.04.027.0,15.5,0.28216553,18700.0,0.06301369,379.0,17530.0
2021.04.028.0,12.0,0.2850647,18700.0,0.060273975,287.0,17571.0
2021.04.026.0,10.0,-1.3309326,18800.0,0.07123287,41.0,17257.0
2021.04.027.0,12.5,0.0970459,18800.0,0.06301369,122.0,17530.0
2021.04.028.0,9.600006,0.30645752,18800.0,0.060273975,473.0,17571.0
2021.04.026.0,6.899994,-1.313324,18900.0,0.07123287,2.0,17257.0
2021.04.027.0,9.399994,-2.18042,18900.0,0.06301369,17.0,17530.0
2021.04.028.0,8.100006,-0.40600586,18900.0,0.060273975,22.0,17571.0
2021.04.026.0,8.0,-7.2608337,10600.0,0.14794521,0.0,17205.0
2021.04.027.0,6.600006,-6.626587,10600.0,0.13972603,0.0,17473.0
2021.04.028.0,6.600006,-6.0647583,10600.0,0.1369863,0.0,17512.0
2021.04.026.0,4.600006,-7.4638977,10800.0,0.14794521,0.0,17205.0
2021.04.027.0,7.0,-7.07666,10800.0,0.13972603,50.0,17473.0
2021.04.028.0,7.600006,-6.3951416,10800.0,0.1369863,0.0,17512.0
2021.04.026.0,27.5,11.701782,14100.0,0.14794521,0.0,17205.0
2021.04.027.0,27.5,11.220917,14100.0,0.13972603,0.0,17473.0
2021.04.028.0,25.0,10.6918335,14100.0,0.1369863,0.0,17512.0
2021.04.026.0,825.0,650.39594,16900.0,0.14794521,0.0,17205.0
2021.04.027.0,855.0,723.4717,16900.0,0.13972603,0.0,17473.0
2021.04.028.0,820.0,847.2023,16900.0,0.1369863,0.0,17512.0
2021.04.026.0,248.0,136.22397,17900.0,0.14794521,72.000015,17205.0
2021.04.027.0,248.0,158.20618,17900.0,0.13972603,28.0,17473.0
2021.04.028.0,236.0,187.78998,17900.0,0.1369863,25.0,17512.0
2021.04.026.0,178.0,93.26106,18100.0,0.14794521,144.0,17205.0
2021.04.027.0,175.0,107.83841,18100.0,0.13972603,58.999985,17473.0
2021.04.028.0,180.0,126.07727,18100.0,0.1369863,28.0,17512.0
2021.04.026.0,126.0,63.00482,18300.0,0.14794521,62.0,17205.0
2021.04.027.0,129.0,72.50368,18300.0,0.13972603,70.0,17473.0
2021.04.028.0,127.0,83.11041,18300.0,0.1369863,175.0,17512.0
2021.04.026.0,88.0,42.353607,18500.0,0.14794521,32.0,17205.0
2021.04.027.0,95.0,47.56897,18500.0,0.13972603,91.0,17473.0
2021.04.028.0,92.0,52.550385,18500.0,0.1369863,275.0,17512.0
2021.04.026.0,74.0,34.626373,18600.0,0.14794521,16.0,17205.0
2021.04.027.0,82.0,38.60446,18600.0,0.13972603,77.0,17473.0
2021.04.028.0,76.0,42.282715,18600.0,0.1369863,160.0,17512.0
2021.04.026.0,39.5,12.4817505,19000.0,0.14794521,20.0,17205.0
2021.04.027.0,38.0,14.032318,19000.0,0.13972603,120.0,17473.0
2021.04.028.0,35.5,15.611938,19000.0,0.1369863,18.0,17512.0
2021.04.026.0,72.0,55.21747,12600.0,0.39726028,0.0,16720.0
2021.04.027.0,67.0,54.386017,12600.0,0.3890411,0.0,16979.0
2021.04.028.0,67.0,53.205414,12600.0,0.38630137,0.0,17012.0
2021.04.026.0,209.0,216.20673,14800.0,0.39726028,0.0,16720.0
2021.04.027.0,200.0,211.88937,14800.0,0.3890411,0.0,16979.0
2021.04.028.0,201.0,211.63815,14800.0,0.38630137,1.0,17012.0
2021.04.026.0,439.0,385.63593,17600.0,0.39726028,1.0,16720.0
2021.04.027.0,466.0,413.42868,17600.0,0.3890411,19.0,16979.0
2021.04.028.0,457.0,459.58752,17600.0,0.38630137,1.0,17012.0
2021.04.026.0,40.0,24.775757,20200.0,0.39726028,0.0,16720.0
2021.04.027.0,45.0,26.300507,20200.0,0.3890411,0.0,16979.0
2021.04.028.0,43.0,28.123352,20200.0,0.38630137,0.0,17012.0
2021.04.026.0,399.0,418.70404,15000.0,0.6465753,0.0,16544.0
2021.04.027.0,398.0,415.85944,15000.0,0.63835615,3.0,16801.0
2021.04.028.0,396.0,407.07697,15000.0,0.6356164,5.0,16795.0
2021.04.026.0,720.0,642.3288,17200.0,0.6465753,1.0,16544.0
2021.04.027.0,750.0,677.1904,17200.0,0.63835615,1.0,16801.0
2021.04.028.0,775.0,741.07886,17200.0,0.6356164,1.0,16795.0
2021.04.026.0,84.0,82.062836,20200.0,0.6465753,0.0,16544.0
2021.04.027.0,92.0,84.164825,20200.0,0.63835615,1.0,16801.0
2021.04.028.0,98.0,86.67992,20200.0,0.6356164,0.0,16795.0
2021.04.026.0,92.0,68.31883,16800.0,0.07123287,3778.0,17257.0
2021.04.027.0,86.0,59.907104,16800.0,0.06301369,2834.0,17530.0
2021.04.028.0,87.0,51.992218,16800.0,0.060273975,1484.0,17571.0
2021.04.026.0,53.0,39.027313,15100.0,0.14794521,30.0,17205.0
2021.04.027.0,53.0,36.818848,15100.0,0.13972603,103.999985,17473.0
2021.04.028.0,50.0,34.4328,15100.0,0.1369863,24.0,17512.0
2021.04.026.0,38.5,17.541962,18900.0,0.14794521,0.0,17205.0
2021.04.027.0,45.0,19.39618,18900.0,0.13972603,31.0,17473.0
2021.04.028.0,51.0,20.91214,18900.0,0.1369863,15.0,17512.0
2021.04.026.0,264.0,268.74933,15200.0,0.39726028,0.0,16720.0
2021.04.027.0,255.0,279.7242,15200.0,0.3890411,5.0,16979.0
2021.04.028.0,255.0,273.3932,15200.0,0.38630137,0.0,17012.0
2021.04.026.0,372.0,418.79764,15800.0,0.39726028,1.0,16720.0
2021.04.027.0,364.0,419.61343,15800.0,0.3890411,3.0,16979.0
2021.04.028.0,369.0,394.59662,15800.0,0.38630137,0.0,17012.0
2021.04.026.0,417.0,441.25116,16000.0,0.39726028,0.0,16720.0
2021.04.027.0,410.0,444.32187,16000.0,0.3890411,1.0,16979.0
2021.04.028.0,417.0,433.31802,16000.0,0.38630137,2.0,17012.0
2021.04.026.0,122.0,92.86713,19000.0,0.39726028,0.0,16720.0
2021.04.027.0,125.0,98.525085,19000.0,0.3890411,2.0,16979.0
2021.04.028.0,128.0,104.81285,19000.0,0.38630137,0.0,17012.0
2021.04.026.0,361.0,374.86337,14800.0,0.6465753,0.0,16544.0
2021.04.027.0,363.0,371.7698,14800.0,0.63835615,0.0,16801.0
2021.04.028.0,359.0,365.84674,14800.0,0.6356164,0.0,16795.0
2021.04.026.0,333.0,292.59042,18400.0,0.6465753,0.0,16544.0
2021.04.027.0,347.0,311.3633,18400.0,0.63835615,1.0,16801.0
2021.04.028.0,348.0,333.7274,18400.0,0.6356164,0.0,16795.0
2021.04.026.0,4.299988,-4.2896423,19200.0,0.07123287,0.0,17257.0
2021.04.027.0,4.700012,-1.7208862,19200.0,0.06301369,12.0,17530.0
2021.04.028.0,4.299988,-0.38967896,19200.0,0.060273975,0.0,17571.0
2021.04.026.0,209.0,213.10349,16700.0,0.14794521,11.0,17205.0
2021.04.027.0,206.0,208.95349,16700.0,0.13972603,65.0,17473.0
2021.04.028.0,201.0,193.68835,16700.0,0.1369863,169.0,17512.0
2021.04.026.0,46.5,31.863403,11600.0,0.39726028,0.0,16720.0
2021.04.027.0,43.0,31.609741,11600.0,0.3890411,0.0,16979.0
2021.04.028.0,44.0,31.092163,11600.0,0.38630137,0.0,17012.0
2021.04.026.0,33.0,19.227905,20400.0,0.39726028,0.0,16720.0
2021.04.027.0,39.0,20.509705,20400.0,0.3890411,0.0,16979.0
2021.04.028.0,36.0,22.167145,20400.0,0.38630137,2.0,17012.0
2021.04.026.0,630.0,630.5354,15800.0,0.6465753,0.0,16544.0
2021.04.027.0,600.0,631.88403,15800.0,0.63835615,1.0,16801.0
2021.04.028.0,585.0,621.7577,15800.0,0.6356164,0.0,16795.0
2021.04.026.0,5.0,-3.5598755,19000.0,0.07123287,3.0,17257.0
2021.04.027.0,7.200012,-1.1009216,19000.0,0.06301369,30.0,17530.0
2021.04.028.0,6.399994,0.38363647,19000.0,0.060273975,8.0,17571.0
2021.04.027.0,27.5,9.09256,19200.0,0.13972603,31.0,17473.0
2021.04.028.0,29.5,10.126465,19200.0,0.1369863,0.0,17512.0
2021.04.026.0,1130.0,943.3906,16400.0,0.39726028,0.0,16720.0
2021.04.027.0,1130.0,1012.8478,16400.0,0.3890411,0.0,16979.0
2021.04.028.0,1120.0,1136.535,16400.0,0.38630137,0.0,17012.0
2021.04.026.0,386.0,321.54578,17800.0,0.39726028,0.0,16720.0
2021.04.027.0,396.0,348.07953,17800.0,0.3890411,36.0,16979.0
2021.04.028.0,380.0,382.75153,17800.0,0.38630137,0.0,17012.0
2021.04.026.0,84.0,62.672836,19400.0,0.39726028,0.0,16720.0
2021.04.027.0,82.0,65.63335,19400.0,0.3890411,1.0,16979.0
2021.04.028.0,89.0,68.94891,19400.0,0.38630137,2.0,17012.0
2021.04.026.0,560.0,565.57385,15600.0,0.6465753,0.0,16544.0
2021.04.027.0,540.0,571.8098,15600.0,0.63835615,4.0,16801.0
2021.04.028.0,535.0,564.00525,15600.0,0.6356164,1.0,16795.0
2021.04.026.0,810.0,745.33936,17000.0,0.6465753,0.0,16544.0
2021.04.027.0,835.0,783.3096,17000.0,0.63835615,1.0,16801.0
2021.04.028.0,875.0,845.5513,17000.0,0.6356164,1.0,16795.0
2021.04.026.0,510.0,452.97778,17800.0,0.6465753,0.0,16544.0
2021.04.027.0,520.0,483.96606,17800.0,0.63835615,0.0,16801.0
2021.04.028.0,520.0,517.6362,17800.0,0.6356164,1.0,16795.0
2021.04.026.0,6.399994,-7.1670227,10200.0,0.14794521,0.0,17205.0
2021.04.027.0,5.799988,-6.4491577,10200.0,0.13972603,24.0,17473.0
2021.04.028.0,6.5,-5.8544617,10200.0,0.1369863,0.0,17512.0
2021.04.026.0,16.0,-0.78704834,19600.0,0.14794521,0.0,17205.0
2021.04.027.0,15.0,0.5987854,19600.0,0.13972603,63.0,17473.0
2021.04.028.0,17.0,2.0563965,19600.0,0.1369863,1.0,17512.0
2021.04.026.0,175.0,139.4467,18600.0,0.39726028,0.0,16720.0
2021.04.027.0,188.0,148.93504,18600.0,0.3890411,1.0,16979.0
2021.04.028.0,189.0,161.03726,18600.0,0.38630137,0.0,17012.0
2021.04.026.0,3.0,-10.289032,19500.0,0.07123287,700.0,17257.0
2021.04.027.0,3.2999878,-13.623413,19500.0,0.06301369,144.0,17530.0
2021.04.028.0,2.5,-11.303131,19500.0,0.060273975,0.0,17571.0
2021.04.027.0,995.0,890.80725,16600.0,0.3890411,0.0,16979.0
2021.04.028.0,995.0,1000.772,16600.0,0.38630137,0.0,17012.0
2021.04.026.0,550.0,464.02972,17400.0,0.39726028,1.0,16720.0
2021.04.027.0,545.0,498.7506,17400.0,0.3890411,1.0,16979.0
2021.04.028.0,545.0,547.535,17400.0,0.38630137,0.0,17012.0
2021.04.026.0,1760.0,1661.793,15800.0,0.14794521,0.0,17205.0
2021.04.027.0,1800.0,1693.917,15800.0,0.13972603,0.0,17473.0
2021.04.028.0,1770.0,1773.2141,15800.0,0.1369863,0.0,17512.0
2021.04.026.0,1400.0,1242.1255,16200.0,0.14794521,0.0,17205.0
2021.04.027.0,1430.0,1328.6016,16200.0,0.13972603,0.0,17473.0
2021.04.028.0,1400.0,1475.1268,16200.0,0.1369863,0.0,17512.0
2021.04.027.0,185.0,185.80177,14600.0,0.3890411,0.0,16979.0
2021.04.028.0,179.0,184.34818,14600.0,0.38630137,1.0,17012.0
2021.04.026.0,1550.0,1409.9832,15800.0,0.39726028,0.0,16720.0
2021.04.027.0,1570.0,1474.3938,15800.0,0.3890411,0.0,16979.0
2021.04.028.0,1550.0,1591.2053,15800.0,0.38630137,0.0,17012.0
2021.04.026.0,1260.0,1082.8533,16200.0,0.39726028,0.0,16720.0
2021.04.027.0,1270.0,1154.6854,16200.0,0.3890411,0.0,16979.0
2021.04.028.0,1250.0,1282.7662,16200.0,0.38630137,0.0,17012.0
2021.04.027.0,24.0,6.2969055,19300.0,0.13972603,38.0,17473.0
2021.04.028.0,24.0,6.794586,19300.0,0.1369863,198.0,17512.0
2021.04.027.0,20.0,4.0302734,19400.0,0.13972603,40.0,17473.0
2021.04.028.0,20.0,4.8720703,19400.0,0.1369863,203.0,17512.0
2021.04.026.0,494.0,506.1064,16200.0,0.39726028,10.0,16720.0
2021.04.027.0,460.0,511.7621,16200.0,0.3890411,5.0,16979.0
2021.04.028.0,470.0,499.0716,16200.0,0.38630137,0.0,17012.0
2021.04.028.0,650.0,694.75885,16000.0,0.6356164,1.0,16795.0
2021.04.028.0,86.0,74.84236,20400.0,0.6356164,0.0,16795.0
2021.04.026.0,163.0,141.10573,19400.0,0.6465753,0.0,16544.0
2021.04.027.0,166.0,147.70535,19400.0,0.63835615,0.0,16801.0
2021.04.028.0,174.0,154.42923,19400.0,0.6356164,0.0,16795.0
2021.04.026.0,91.0,93.49895,13400.0,0.39726028,4.0,16720.0
2021.04.027.0,96.0,92.52367,13400.0,0.3890411,1.0,16979.0
2021.04.028.0,92.0,89.781555,13400.0,0.38630137,0.0,17012.0
2021.04.026.0,1580.0,1454.8456,16000.0,0.14794521,0.0,17205.0
2021.04.027.0,1620.0,1516.4104,16000.0,0.13972603,0.0,17473.0
2021.04.028.0,1580.0,1635.4265,16000.0,0.1369863,0.0,17512.0
2021.04.026.0,1230.0,1046.1852,16400.0,0.14794521,0.0,17205.0
2021.04.027.0,1260.0,1141.5095,16400.0,0.13972603,0.0,17473.0
2021.04.028.0,1230.0,1299.6732,16400.0,0.1369863,0.0,17512.0
2021.04.026.0,1870.0,1745.0306,15400.0,0.39726028,0.0,16720.0
2021.04.027.0,1890.0,1776.745,15400.0,0.3890411,0.0,16979.0
2021.04.028.0,1870.0,1844.0159,15400.0,0.38630137,0.0,17012.0
2021.04.026.0,2140.0,1939.8903,15400.0,0.14794521,0.0,17205.0
2021.04.027.0,2180.0,1947.1672,15400.0,0.13972603,0.0,17473.0
2021.04.028.0,2140.0,1964.1282,15400.0,0.1369863,0.0,17512.0
2021.04.026.0,2210.0,1978.1918,15000.0,0.39726028,0.0,16720.0
2021.04.027.0,2230.0,1987.8326,15000.0,0.3890411,0.0,16979.0
2021.04.028.0,2210.0,1998.0449,15000.0,0.38630137,0.0,17012.0
2021.04.026.0,1710.0,1576.8739,15600.0,0.39726028,0.0,16720.0
2021.04.027.0,1730.0,1622.8821,15600.0,0.3890411,0.0,16979.0
2021.04.028.0,1710.0,1720.6604,15600.0,0.38630137,0.0,17012.0
2021.04.026.0,2710.0,2016.8713,14800.0,0.14794521,0.0,17205.0
2021.04.027.0,2750.0,2017.5435,14800.0,0.13972603,0.0,17473.0
2021.04.028.0,2720.0,2018.2333,14800.0,0.1369863,0.0,17512.0
2021.04.026.0,2520.0,2011.4937,15000.0,0.14794521,0.0,17205.0
2021.04.027.0,2560.0,2012.9906,15000.0,0.13972603,0.0,17473.0
2021.04.028.0,2520.0,2014.6509,15000.0,0.1369863,0.0,17512.0
2021.04.026.0,113.0,115.694565,13800.0,0.39726028,2.0,16720.0
2021.04.027.0,118.0,112.88704,13800.0,0.3890411,6.0,16979.0
2021.04.028.0,112.0,108.19858,13800.0,0.38630137,0.0,17012.0
2021.04.026.0,2380.0,2007.5132,14800.0,0.39726028,0.0,16720.0
2021.04.027.0,2410.0,2010.5927,14800.0,0.3890411,0.0,16979.0
2021.04.028.0,2380.0,2013.3867,14800.0,0.38630137,0.0,17012.0
2021.04.026.0,1950.0,1828.1635,15600.0,0.14794521,0.0,17205.0
2021.04.027.0,1990.0,1836.651,15600.0,0.13972603,0.0,17473.0
2021.04.028.0,1950.0,1880.1073,15600.0,0.1369863,0.0,17512.0
2021.04.026.0,2040.0,1886.704,15200.0,0.39726028,0.0,16720.0
2021.04.027.0,2060.0,1909.9479,15200.0,0.3890411,0.0,16979.0
2021.04.028.0,2040.0,1945.2994,15200.0,0.38630137,0.0,17012.0
2021.04.026.0,1390.0,1247.27,16000.0,0.39726028,0.0,16720.0
2021.04.027.0,1420.0,1314.6376,16000.0,0.3890411,0.0,16979.0
2021.04.028.0,1400.0,1437.1067,16000.0,0.38630137,0.0,17012.0
2021.04.027.0,153.0,120.44762,18800.0,0.3890411,1.0,16979.0
2021.04.028.0,156.0,129.46774,18800.0,0.38630137,2.0,17012.0
2021.04.026.0,2910.0,2018.9117,14600.0,0.14794521,0.0,17205.0
2021.04.027.0,2950.0,2019.2365,14600.0,0.13972603,0.0,17473.0
2021.04.028.0,2910.0,2019.5455,14600.0,0.1369863,0.0,17512.0
2021.04.026.0,1090.0,905.08167,16500.0,0.07123287,0.0,17257.0
2021.04.027.0,1120.0,1001.5863,16500.0,0.06301369,0.0,17530.0
2021.04.028.0,1090.0,1175.7156,16500.0,0.060273975,0.0,17571.0
2021.04.026.0,995.0,823.1156,16600.0,0.07123287,0.0,17257.0
2021.04.027.0,1030.0,913.92456,16600.0,0.06301369,0.0,17530.0
2021.04.028.0,995.0,1078.0208,16600.0,0.060273975,0.0,17571.0
2021.04.026.0,1270.0,1100.8091,16300.0,0.07123287,0.0,17257.0
2021.04.027.0,1310.0,1203.4618,16300.0,0.06301369,0.0,17530.0
2021.04.028.0,1280.0,1375.786,16300.0,0.060273975,0.0,17571.0
2021.04.026.0,1180.0,998.36255,16400.0,0.07123287,0.0,17257.0
2021.04.027.0,1220.0,1097.4799,16400.0,0.06301369,0.0,17530.0
2021.04.028.0,1180.0,1272.6042,16400.0,0.060273975,0.0,17571.0
2021.04.026.0,3.5,-3.924347,19300.0,0.07123287,210.0,17257.0
2021.04.027.0,4.100006,-1.9810181,19300.0,0.06301369,20.0,17530.0
2021.04.028.0,3.399994,-0.7835388,19300.0,0.060273975,0.0,17571.0
2021.04.026.0,4.0,-4.9619446,19400.0,0.07123287,202.0,17257.0
2021.04.027.0,3.5,-3.2390137,19400.0,0.06301369,5.0,17530.0
2021.04.028.0,3.0,-2.537445,19400.0,0.060273975,407.0,17571.0
2021.04.026.0,1370.0,1225.1522,16200.0,0.07123287,0.0,17257.0
2021.04.027.0,1410.0,1313.889,16200.0,0.06301369,0.0,17530.0
2021.04.028.0,1370.0,1471.9126,16200.0,0.060273975,0.0,17571.0
2021.04.026.0,1460.0,1331.285,16100.0,0.07123287,0.0,17257.0
2021.04.027.0,1500.0,1413.2455,16100.0,0.06301369,0.0,17530.0
2021.04.028.0,1470.0,1560.0823,16100.0,0.060273975,0.0,17571.0
2021.04.026.0,205.0,201.96883,13600.0,0.6465753,1.0,16544.0
2021.04.027.0,205.0,199.47946,13600.0,0.63835615,0.0,16801.0
2021.04.028.0,199.0,195.78625,13600.0,0.6356164,0.0,16795.0
2021.04.027.0,66.0,29.662628,18700.0,0.13972603,40.0,17473.0
2021.04.028.0,60.999985,32.33966,18700.0,0.1369863,86.000015,17512.0
2021.04.026.0,63.0,49.359833,19600.0,0.39726028,0.0,16720.0
2021.04.027.0,70.0,51.576935,19600.0,0.3890411,1.0,16979.0
2021.04.028.0,74.0,54.41925,19600.0,0.38630137,1.0,17012.0
2021.04.027.0,489.0,520.3795,15400.0,0.63835615,1.0,16801.0
2021.04.028.0,487.0,511.37833,15400.0,0.6356164,0.0,16795.0
2021.04.026.0,112.0,106.660965,19800.0,0.6465753,0.0,16544.0
2021.04.027.0,121.0,110.14328,19800.0,0.63835615,1.0,16801.0
2021.04.028.0,127.0,113.84033,19800.0,0.6356164,45.0,16795.0
2021.04.026.0,595.0,512.7509,17600.0,0.6465753,0.0,16544.0
2021.04.027.0,610.0,550.9716,17600.0,0.63835615,0.0,16801.0
2021.04.028.0,600.0,588.29596,17600.0,0.6356164,3.0,16795.0
2021.04.026.0,1750.0,1683.4558,15800.0,0.07123287,0.0,17257.0
2021.04.027.0,1790.0,1693.6438,15800.0,0.06301369,0.0,17530.0
2021.04.028.0,1760.0,1764.8914,15800.0,0.060273975,0.0,17571.0
2021.04.026.0,1080.0,951.2914,16600.0,0.6465753,0.0,16544.0
2021.04.027.0,1090.0,1016.6028,16600.0,0.63835615,0.0,16801.0
2021.04.028.0,1090.0,1113.3301,16600.0,0.6356164,0.0,16795.0
2021.04.026.0,1650.0,1589.3794,15900.0,0.07123287,0.0,17257.0
2021.04.027.0,1700.0,1618.9817,15900.0,0.06301369,0.0,17530.0
2021.04.028.0,1660.0,1707.7013,15900.0,0.060273975,0.0,17571.0
2021.04.026.0,1560.0,1467.6726,16000.0,0.07123287,0.0,17257.0
2021.04.027.0,1600.0,1525.4414,16000.0,0.06301369,0.0,17530.0
2021.04.028.0,1560.0,1645.4849,16000.0,0.060273975,0.0,17571.0
2021.04.026.0,1140.0,955.13074,16500.0,0.14794521,0.0,17205.0
2021.04.027.0,1180.0,1048.5834,16500.0,0.13972603,0.0,17473.0
2021.04.028.0,1150.0,1205.8527,16500.0,0.1369863,0.0,17512.0
2021.04.026.0,1610.0,1459.96,15800.0,0.6465753,0.0,16544.0
2021.04.027.0,1630.0,1515.4888,15800.0,0.63835615,0.0,16801.0
2021.04.028.0,1590.0,1611.518,15800.0,0.6356164,0.0,16795.0
2021.04.027.0,399.0,362.8955,18200.0,0.63835615,0.0,16801.0
2021.04.028.0,397.0,390.84125,18200.0,0.6356164,0.0,16795.0
2021.04.026.0,1490.0,1347.9775,16100.0,0.14794521,0.0,17205.0
2021.04.027.0,1530.0,1422.1204,16100.0,0.13972603,0.0,17473.0
2021.04.028.0,1500.0,1555.3005,16100.0,0.1369863,0.0,17512.0
2021.04.026.0,1320.0,1140.3871,16300.0,0.14794521,0.0,17205.0
2021.04.027.0,1350.0,1231.0579,16300.0,0.13972603,0.0,17473.0
2021.04.028.0,1320.0,1385.9448,16300.0,0.1369863,0.0,17512.0
2021.04.026.0,1200.0,1002.7388,16400.0,0.6465753,0.0,16544.0
2021.04.027.0,1210.0,1091.9911,16400.0,0.63835615,0.0,16801.0
2021.04.028.0,1200.0,1218.0767,16400.0,0.6356164,0.0,16795.0
2021.04.026.0,295.0,307.77765,14400.0,0.6465753,0.0,16544.0
2021.04.027.0,301.0,304.5288,14400.0,0.63835615,0.0,16801.0
2021.04.028.0,295.0,298.75793,14400.0,0.6356164,0.0,16795.0
2021.04.026.0,327.0,341.56854,14600.0,0.6465753,0.0,16544.0
2021.04.027.0,330.0,337.64957,14600.0,0.63835615,0.0,16801.0
2021.04.028.0,326.0,330.59744,14600.0,0.6356164,0.0,16795.0
2021.04.026.0,1330.0,1196.2631,16200.0,0.6465753,0.0,16544.0
2021.04.027.0,1370.0,1263.5919,16200.0,0.63835615,0.0,16801.0
2021.04.028.0,1330.0,1368.2506,16200.0,0.6356164,0.0,16795.0
2021.04.026.0,1740.0,1604.0952,15600.0,0.6465753,0.0,16544.0
2021.04.027.0,1770.0,1648.7999,15600.0,0.63835615,0.0,16801.0
2021.04.028.0,1740.0,1727.0529,15600.0,0.6356164,0.0,16795.0
2021.04.026.0,1670.0,1561.6714,15900.0,0.14794521,0.0,17205.0
2021.04.027.0,1710.0,1608.0793,15900.0,0.13972603,0.0,17473.0
2021.04.028.0,1670.0,1706.8123,15900.0,0.1369863,0.0,17512.0
2021.04.027.0,260.0,225.89774,18800.0,0.63835615,0.0,16801.0
2021.04.028.0,266.0,241.52527,18800.0,0.6356164,0.0,16795.0
2021.04.026.0,1880.0,1742.9966,15400.0,0.6465753,0.0,16544.0
2021.04.027.0,1920.0,1776.5011,15400.0,0.63835615,0.0,16801.0
2021.04.028.0,1890.0,1834.3186,15400.0,0.6356164,0.0,16795.0
2021.04.026.0,2920.0,2019.3542,14200.0,0.39726028,0.0,16720.0
2021.04.027.0,2950.0,2019.596,14200.0,0.3890411,0.0,16979.0
2021.04.028.0,2920.0,2019.8041,14200.0,0.38630137,0.0,17012.0
2021.04.026.0,2740.0,2018.3296,14400.0,0.39726028,0.0,16720.0
2021.04.027.0,2770.0,2018.7858,14400.0,0.3890411,0.0,16979.0
2021.04.028.0,2740.0,2019.1875,14400.0,0.38630137,0.0,17012.0
2021.04.026.0,2560.0,2015.688,14600.0,0.39726028,0.0,16720.0
2021.04.027.0,2590.0,2016.7593,14600.0,0.3890411,0.0,16979.0
2021.04.028.0,2560.0,2017.7074,14600.0,0.38630137,0.0,17012.0
2021.05.018.0,55.0,60.304077,17400.0,0.08219178,839.0,15189.0
2021.05.019.0,40.5,47.95645,17400.0,0.07945205,650.0,16082.0
2021.05.020.0,37.5,39.457855,17400.0,0.076712325,597.0,16023.0
2021.05.018.0,87.0,84.39874,11200.0,0.33150685,255.0,14692.0
2021.05.019.0,87.0,80.37538,11200.0,0.32876712,194.0,15573.0
2021.05.020.0,83.0,72.14778,11200.0,0.3260274,85.0,15541.0
2021.05.018.0,120.0,101.05516,11800.0,0.33150685,0.0,14692.0
2021.05.019.0,114.0,98.03223,11800.0,0.32876712,5.0,15573.0
2021.05.020.0,119.0,89.931076,11800.0,0.3260274,0.0,15541.0
2021.05.018.0,145.0,123.880295,12000.0,0.33150685,5.0,14692.0
2021.05.019.0,127.0,121.15486,12000.0,0.32876712,11.0,15573.0
2021.05.020.0,135.0,110.12537,12000.0,0.3260274,6.0,15541.0
2021.05.018.0,155.0,141.51846,12200.0,0.33150685,0.0,14692.0
2021.05.019.0,145.0,139.18222,12200.0,0.32876712,4.0,15573.0
2021.05.020.0,146.0,122.95949,12200.0,0.3260274,1.0,15541.0
2021.05.018.0,440.0,342.59897,14000.0,0.33150685,113.0,14692.0
2021.05.019.0,369.0,371.8815,14000.0,0.32876712,2.0,15573.0
2021.05.020.0,391.0,361.12802,14000.0,0.3260274,0.0,15541.0
2021.05.018.0,9.799988,4.7829285,9600.0,0.08219178,884.0,15189.0
2021.05.019.0,8.0,3.2687378,9600.0,0.07945205,1496.0,16082.0
2021.05.020.0,4.799988,3.5916138,9600.0,0.076712325,252.0,16023.0
2021.05.018.0,11.0,10.990723,10000.0,0.08219178,621.0,15189.0
2021.05.019.0,8.0,8.638397,10000.0,0.07945205,536.0,16082.0
2021.05.020.0,5.0,6.473938,10000.0,0.076712325,75.0,16023.0
2021.05.018.0,18.0,12.158936,11000.0,0.08219178,604.0,15189.0
2021.05.019.0,13.0,8.031433,11000.0,0.07945205,147.0,16082.0
2021.05.020.0,6.299988,4.510376,11000.0,0.076712325,30.0,16023.0
2021.05.018.0,16.0,13.130768,11400.0,0.08219178,276.0,15189.0
2021.05.019.0,14.0,8.3284,11400.0,0.07945205,96.0,16082.0
2021.05.020.0,9.600006,4.2802124,11400.0,0.076712325,26.0,16023.0
2021.05.018.0,18.0,12.140076,11600.0,0.08219178,276.0,15189.0
2021.05.019.0,16.0,7.007599,11600.0,0.07945205,475.0,16082.0
2021.05.020.0,10.5,2.8090515,11600.0,0.076712325,30.0,16023.0
2021.05.018.0,19.5,17.037994,11800.0,0.08219178,506.0,15189.0
2021.05.019.0,18.0,9.71286,11800.0,0.07945205,915.0,16082.0
2021.05.020.0,10.0,3.4209595,11800.0,0.076712325,396.0,16023.0
2021.05.018.0,23.0,12.608856,12000.0,0.08219178,990.0,15189.0
2021.05.019.0,18.0,4.512848,12000.0,0.07945205,1871.0002,16082.0
2021.05.020.0,11.0,-1.1705933,12000.0,0.076712325,504.0,16023.0
2021.05.018.0,30.5,20.672943,12400.0,0.08219178,289.0,15189.0
2021.05.019.0,24.0,14.058411,12400.0,0.07945205,225.0,16082.0
2021.05.020.0,17.5,7.933258,12400.0,0.076712325,281.0,16023.0
2021.05.018.0,34.0,19.634277,12600.0,0.08219178,250.0,15189.0
2021.05.019.0,26.0,14.212494,12600.0,0.07945205,223.0,16082.0
2021.05.020.0,19.0,8.289734,12600.0,0.076712325,102.000015,16023.0
2021.05.018.0,42.5,26.23349,13000.0,0.08219178,1163.0,15189.0
2021.05.019.0,37.0,18.223114,13000.0,0.07945205,1217.0,16082.0
2021.05.020.0,25.0,9.805359,13000.0,0.076712325,541.0,16023.0
2021.05.018.0,65.0,51.19339,13600.0,0.08219178,615.0,15189.0
2021.05.019.0,58.0,43.610443,13600.0,0.07945205,1017.0,16082.0
2021.05.020.0,46.5,32.80664,13600.0,0.076712325,173.0,16023.0
2021.05.018.0,77.0,60.837936,13800.0,0.08219178,966.0,15189.0
2021.05.019.0,70.0,52.675934,13800.0,0.07945205,579.0,16082.0
2021.05.020.0,56.0,41.344177,13800.0,0.076712325,197.0,16023.0
2021.05.018.0,90.0,57.59732,14000.0,0.08219178,3737.0,15189.0
2021.05.019.0,84.0,47.972137,14000.0,0.07945205,2860.0,16082.0
2021.05.020.0,70.0,38.309723,14000.0,0.076712325,1054.0,16023.0
2021.05.018.0,106.0,87.994415,14200.0,0.08219178,459.0,15189.0
2021.05.019.0,96.0,79.52782,14200.0,0.07945205,593.0,16082.0
2021.05.020.0,86.0,62.40381,14200.0,0.076712325,344.0,16023.0
2021.05.018.0,124.0,112.81177,14400.0,0.08219178,420.0,15189.0
2021.05.019.0,115.0,102.780914,14400.0,0.07945205,450.0,16082.0
2021.05.020.0,103.0,82.65378,14400.0,0.076712325,229.0,16023.0
2021.05.018.0,250.0,203.91656,16600.0,0.08219178,1385.0,15189.0
2021.05.019.0,214.0,188.435,16600.0,0.07945205,1308.0,16082.0
2021.05.020.0,190.0,198.07486,16600.0,0.076712325,1229.0,16023.0
2021.05.018.0,182.0,148.67636,16800.0,0.08219178,1157.0,15189.0
2021.05.019.0,144.0,131.2246,16800.0,0.07945205,2103.0002,16082.0
2021.05.020.0,129.0,136.20096,16800.0,0.076712325,1153.0,16023.0
2021.05.018.0,123.0,108.89282,17000.0,0.08219178,1210.0,15189.0
2021.05.019.0,99.0,92.213684,17000.0,0.07945205,3056.0,16082.0
2021.05.020.0,87.0,87.6935,17000.0,0.076712325,3898.0,16023.0
2021.05.018.0,102.0,93.78122,17100.0,0.08219178,402.0,15189.0
2021.05.019.0,79.0,77.428955,17100.0,0.07945205,1092.0,16082.0
2021.05.020.0,69.0,70.25888,17100.0,0.076712325,1869.0,16023.0
2021.05.018.0,70.0,71.6725,17300.0,0.08219178,255.0,15189.0
2021.05.019.0,52.0,56.700867,17300.0,0.07945205,949.0,16082.0
2021.05.020.0,44.5,48.057465,17300.0,0.076712325,502.0,16023.0
2021.05.018.0,26.0,34.5632,17800.0,0.08219178,176.0,15189.0
2021.05.019.0,20.0,25.534393,17800.0,0.07945205,246.0,16082.0
2021.05.020.0,16.0,17.207062,17800.0,0.076712325,163.0,16023.0
2021.05.018.0,18.5,25.547913,18000.0,0.08219178,409.0,15189.0
2021.05.019.0,13.5,17.549957,18000.0,0.07945205,618.0,16082.0
2021.05.020.0,11.5,9.445801,18000.0,0.076712325,663.0,16023.0
2021.05.018.0,8.399994,0.6759033,18800.0,0.08219178,0.0,15189.0
2021.05.019.0,5.799988,-2.2839355,18800.0,0.07945205,2.0,16082.0
2021.05.020.0,4.5,-5.95459,18800.0,0.076712325,3.0,16023.0
2021.05.018.0,5.0,-9.241852,19800.0,0.08219178,0.0,15189.0
2021.05.019.0,4.600006,-10.853027,19800.0,0.07945205,0.0,16082.0
2021.05.020.0,2.7999878,-13.634064,19800.0,0.076712325,0.0,16023.0
2021.05.018.0,96.0,82.90892,11400.0,0.33150685,1.0,14692.0
2021.05.019.0,92.0,81.89101,11400.0,0.32876712,11.0,15573.0
2021.05.020.0,92.0,75.94211,11400.0,0.3260274,13.0,15541.0
2021.05.018.0,300.0,280.25385,17000.0,0.33150685,61.0,14692.0
2021.05.019.0,284.0,272.7113,17000.0,0.32876712,12.0,15573.0
2021.05.020.0,256.0,281.94803,17000.0,0.3260274,12.0,15541.0
2021.05.018.0,95.0,91.704666,18400.0,0.33150685,0.0,14692.0
2021.05.019.0,83.0,82.9771,18400.0,0.32876712,0.0,15573.0
2021.05.020.0,75.0,76.02319,18400.0,0.3260274,0.0,15541.0
2021.05.018.0,340.0,272.42737,12800.0,0.58082193,22.0,14491.0
2021.05.019.0,335.0,289.65942,12800.0,0.5780822,25.0,15358.0
2021.05.020.0,344.0,285.56708,12800.0,0.5753425,39.0,15302.0
2021.05.018.0,404.0,303.96408,13000.0,0.58082193,53.0,14491.0
2021.05.019.0,370.0,326.72913,13000.0,0.5780822,1.0,15358.0
2021.05.020.0,377.0,322.95325,13000.0,0.5753425,2.0,15302.0
2021.05.018.0,423.0,315.2893,13200.0,0.58082193,42.0,14491.0
2021.05.019.0,400.0,331.9825,13200.0,0.5780822,0.0,15358.0
2021.05.020.0,413.0,338.055,13200.0,0.5753425,4.0,15302.0
2021.05.018.0,555.0,464.38303,13800.0,0.58082193,1.0,14491.0
2021.05.019.0,545.0,500.26703,13800.0,0.5780822,0.0,15358.0
2021.05.020.0,540.0,501.8588,13800.0,0.5753425,0.0,15302.0
2021.05.018.0,785.0,629.21533,16000.0,0.58082193,128.0,14491.0
2021.05.019.0,745.0,655.31335,16000.0,0.5780822,1.0,15358.0
2021.05.020.0,720.0,735.3778,16000.0,0.5753425,2.0,15302.0
2021.05.018.0,211.0,211.07962,18000.0,0.58082193,0.0,14491.0
2021.05.019.0,221.0,200.26436,18000.0,0.5780822,3.0,15358.0
2021.05.020.0,196.0,200.62227,18000.0,0.5753425,0.0,15302.0
2021.05.018.0,113.0,113.492355,19000.0,0.58082193,0.0,14491.0
2021.05.019.0,122.0,105.75726,19000.0,0.5780822,35.0,15358.0
2021.05.020.0,110.0,102.975555,19000.0,0.5753425,4.0,15302.0
2021.05.018.0,9.899994,12.384003,9800.0,0.08219178,268.0,15189.0
2021.05.019.0,9.0,11.279053,9800.0,0.07945205,148.0,16082.0
2021.05.020.0,4.899994,9.925629,9800.0,0.076712325,30.0,16023.0
2021.05.018.0,12.5,12.291504,10400.0,0.08219178,221.0,15189.0
2021.05.019.0,7.899994,9.826294,10400.0,0.07945205,60.0,16082.0
2021.05.020.0,6.100006,6.9950867,10400.0,0.076712325,32.0,16023.0
2021.05.018.0,25.0,18.01825,12200.0,0.08219178,314.0,15189.0
2021.05.019.0,21.0,11.131866,12200.0,0.07945205,477.0,16082.0
2021.05.020.0,13.5,5.3832703,12200.0,0.076712325,220.0,16023.0
2021.05.018.0,36.5,22.84784,12800.0,0.08219178,318.0,15189.0
2021.05.019.0,32.0,17.063416,12800.0,0.07945205,255.0,16082.0
2021.05.020.0,21.5,9.999451,12800.0,0.076712325,324.0,16023.0
2021.05.018.0,49.0,40.9429,13200.0,0.08219178,391.0,15189.0
2021.05.019.0,41.0,33.01236,13200.0,0.07945205,422.0,16082.0
2021.05.020.0,30.0,22.982544,13200.0,0.076712325,516.0,16023.0
2021.05.018.0,57.0,42.128845,13400.0,0.08219178,172.0,15189.0
2021.05.019.0,49.0,35.973328,13400.0,0.07945205,497.0,16082.0
2021.05.020.0,35.5,26.638336,13400.0,0.076712325,305.0,16023.0
2021.05.018.0,82.0,93.464096,13900.0,0.08219178,910.0,15189.0
2021.05.019.0,76.0,79.51935,13900.0,0.07945205,570.0,16082.0
2021.05.020.0,59.999985,59.93547,13900.0,0.076712325,198.0,16023.0
2021.05.018.0,132.0,120.84912,14500.0,0.08219178,837.0,15189.0
2021.05.019.0,128.0,105.13188,14500.0,0.07945205,977.0,16082.0
2021.05.020.0,111.0,78.84567,14500.0,0.076712325,1636.0,16023.0
2021.05.018.0,144.0,112.62686,14600.0,0.08219178,783.0,15189.0
2021.05.019.0,137.0,102.225784,14600.0,0.07945205,811.0,16082.0
2021.05.020.0,123.0,81.959564,14600.0,0.076712325,214.0,16023.0
2021.05.018.0,169.0,155.51118,14800.0,0.08219178,609.0,15189.0
2021.05.019.0,165.0,141.22836,14800.0,0.07945205,671.0,16082.0
2021.05.020.0,159.0,112.85637,14800.0,0.076712325,384.0,16023.0
2021.05.018.0,205.0,133.44942,15000.0,0.08219178,1488.0,15189.0
2021.05.019.0,195.0,114.625244,15000.0,0.07945205,2603.0,16082.0
2021.05.020.0,184.0,89.46854,15000.0,0.076712325,2497.0,16023.0
2021.05.018.0,278.0,248.34955,15400.0,0.08219178,0.0,15189.0
2021.05.019.0,280.0,238.43011,15400.0,0.07945205,513.0,16082.0
2021.05.020.0,271.0,204.35048,15400.0,0.076712325,486.0,16023.0
2021.05.018.0,303.0,302.528,15500.0,0.08219178,0.0,15189.0
2021.05.019.0,303.0,280.2495,15500.0,0.07945205,932.0,16082.0
2021.05.020.0,299.0,219.59766,15500.0,0.076712325,956.0,16023.0
2021.05.018.0,331.0,334.61777,15600.0,0.08219178,0.0,15189.0
2021.05.019.0,335.0,320.4734,15600.0,0.07945205,562.0,16082.0
2021.05.020.0,329.0,262.59525,15600.0,0.076712325,375.0,16023.0
2021.05.018.0,360.0,369.8909,15700.0,0.08219178,0.0,15189.0
2021.05.019.0,362.0,335.681,15700.0,0.07945205,505.0,16082.0
2021.05.020.0,359.0,266.73712,15700.0,0.076712325,1069.0,16023.0
2021.05.018.0,392.0,405.06384,15800.0,0.08219178,0.0,15189.0
2021.05.019.0,396.0,361.8661,15800.0,0.07945205,711.0,16082.0
2021.05.020.0,393.0,281.0575,15800.0,0.076712325,1598.0,16023.0
2021.05.018.0,425.0,441.5925,15900.0,0.08219178,0.0,15189.0
2021.05.019.0,435.0,400.06805,15900.0,0.07945205,344.0,16082.0
2021.05.020.0,435.0,328.7837,15900.0,0.076712325,393.0,16023.0
2021.05.018.0,462.0,477.6947,16000.0,0.08219178,0.0,15189.0
2021.05.019.0,471.0,423.76404,16000.0,0.07945205,841.0,16082.0
2021.05.020.0,473.0,325.36993,16000.0,0.076712325,2161.0,16023.0
2021.05.018.0,505.0,544.2565,16100.0,0.08219178,0.0,15189.0
2021.05.019.0,520.0,566.1901,16100.0,0.07945205,0.0,16082.0
2021.05.020.0,520.0,478.4913,16100.0,0.076712325,0.0,16023.0
2021.05.018.0,600.0,656.35583,16300.0,0.08219178,0.0,15189.0
2021.05.019.0,610.0,677.84973,16300.0,0.07945205,0.0,16082.0
2021.05.020.0,625.0,570.1705,16300.0,0.076712325,0.0,16023.0
2021.05.018.0,215.0,176.49722,16700.0,0.08219178,995.0,15189.0
2021.05.019.0,176.0,157.10551,16700.0,0.07945205,945.0,16082.0
2021.05.020.0,154.0,162.1163,16700.0,0.076712325,1279.0,16023.0
2021.05.018.0,85.0,84.45871,17200.0,0.08219178,434.0,15189.0
2021.05.019.0,64.0,69.981995,17200.0,0.07945205,907.0,16082.0
2021.05.020.0,56.0,62.261063,17200.0,0.076712325,855.0,16023.0
2021.05.018.0,47.0,52.16925,17500.0,0.08219178,437.0,15189.0
2021.05.019.0,33.0,39.84546,17500.0,0.07945205,901.0,16082.0
2021.05.020.0,29.5,29.684052,17500.0,0.076712325,1072.0,16023.0
2021.05.018.0,37.0,47.138,17600.0,0.08219178,1552.0,15189.0
2021.05.019.0,28.5,34.964966,17600.0,0.07945205,606.0,16082.0
2021.05.020.0,25.5,26.508179,17600.0,0.076712325,318.0,16023.0
2021.05.018.0,31.5,43.671143,17700.0,0.08219178,166.0,15189.0
2021.05.019.0,23.0,32.259674,17700.0,0.07945205,361.0,16082.0
2021.05.020.0,19.5,22.730865,17700.0,0.076712325,151.0,16023.0
2021.05.018.0,10.0,9.135529,18400.0,0.08219178,35.0,15189.0
2021.05.019.0,9.799988,5.206665,18400.0,0.07945205,33.0,16082.0
2021.05.020.0,7.399994,0.5920105,18400.0,0.076712325,18.0,16023.0
2021.05.018.0,166.0,161.6566,12400.0,0.33150685,1.0,14692.0
2021.05.019.0,157.0,160.18663,12400.0,0.32876712,0.0,15573.0
2021.05.020.0,159.0,146.31302,12400.0,0.3260274,2.0,15541.0
2021.05.018.0,223.0,191.1661,12800.0,0.33150685,51.0,14692.0
2021.05.019.0,194.0,191.28137,12800.0,0.32876712,3.0,15573.0
2021.05.020.0,194.0,179.09514,12800.0,0.3260274,12.0,15541.0
2021.05.018.0,235.0,195.21533,13000.0,0.33150685,9.0,14692.0
2021.05.019.0,215.0,199.26588,13000.0,0.32876712,22.0,15573.0
2021.05.020.0,223.0,184.9798,13000.0,0.3260274,6.0,15541.0
2021.05.018.0,253.0,219.60529,13200.0,0.33150685,0.0,14692.0
2021.05.019.0,240.0,226.702,13200.0,0.32876712,0.0,15573.0
2021.05.020.0,249.0,204.99962,13200.0,0.3260274,0.0,15541.0
2021.05.018.0,410.0,401.55835,14200.0,0.33150685,52.0,14692.0
2021.05.019.0,410.0,425.16794,14200.0,0.32876712,7.0,15573.0
2021.05.020.0,428.0,397.82175,14200.0,0.3260274,4.0,15541.0
2021.05.018.0,480.0,416.85138,14400.0,0.33150685,23.0,14692.0
2021.05.019.0,462.0,451.64508,14400.0,0.32876712,1.0,15573.0
2021.05.020.0,468.0,422.3265,14400.0,0.3260274,0.0,15541.0
2021.05.018.0,700.0,592.04456,15000.0,0.33150685,0.0,14692.0
2021.05.019.0,675.0,582.9669,15000.0,0.32876712,4.0,15573.0
2021.05.020.0,635.0,592.1982,15000.0,0.3260274,0.0,15541.0
2021.05.018.0,330.0,359.07532,16800.0,0.33150685,3.0,14692.0
2021.05.019.0,325.0,346.48,16800.0,0.32876712,2.0,15573.0
2021.05.020.0,321.0,351.82278,16800.0,0.3260274,2.0,15541.0
2021.05.018.0,258.0,248.7857,17200.0,0.33150685,1.0,14692.0
2021.05.019.0,230.0,236.19965,17200.0,0.32876712,0.0,15573.0
2021.05.020.0,231.0,235.74863,17200.0,0.3260274,3.0,15541.0
2021.05.018.0,115.0,125.40224,18000.0,0.33150685,13.0,14692.0
2021.05.019.0,118.0,113.67572,18000.0,0.32876712,396.0,15573.0
2021.05.020.0,100.0,107.55344,18000.0,0.3260274,84.0,15541.0
2021.05.018.0,45.5,53.359924,19200.0,0.33150685,0.0,14692.0
2021.05.019.0,47.5,45.608,19200.0,0.32876712,0.0,15573.0
2021.05.020.0,42.5,38.820923,19200.0,0.3260274,0.0,15541.0
2021.05.018.0,25.0,32.259186,19800.0,0.33150685,5.0,14692.0
2021.05.019.0,32.0,26.106903,19800.0,0.32876712,0.0,15573.0
2021.05.020.0,28.5,20.644043,19800.0,0.3260274,0.0,15541.0
2021.05.018.0,469.0,374.82825,13400.0,0.58082193,0.0,14491.0
2021.05.019.0,444.0,404.48868,13400.0,0.5780822,0.0,15358.0
2021.05.020.0,452.0,394.5979,13400.0,0.5753425,0.0,15302.0
2021.05.018.0,590.0,534.4642,14000.0,0.58082193,23.0,14491.0
2021.05.019.0,600.0,580.9636,14000.0,0.5780822,24.0,15358.0
2021.05.020.0,590.0,560.70325,14000.0,0.5753425,0.0,15302.0
2021.05.018.0,1000.0,1039.4169,15200.0,0.58082193,0.0,14491.0
2021.05.019.0,980.0,1062.9943,15200.0,0.5780822,1.0,15358.0
2021.05.020.0,1040.0,1039.6724,15200.0,0.5753425,0.0,15302.0
2021.05.018.0,62.0,63.893005,20000.0,0.58082193,4.0,14491.0
2021.05.019.0,74.0,58.645355,20000.0,0.5780822,4.0,15358.0
2021.05.020.0,57.0,55.90625,20000.0,0.5753425,7.0,15302.0
2021.05.018.0,14.5,12.510132,11200.0,0.08219178,217.0,15189.0
2021.05.019.0,13.0,8.181671,11200.0,0.07945205,138.0,16082.0
2021.05.020.0,8.600006,4.3157043,11200.0,0.076712325,52.0,16023.0
2021.05.018.0,71.0,71.23309,13700.0,0.08219178,224.0,15189.0
2021.05.019.0,63.0,60.82628,13700.0,0.07945205,363.0,16082.0
2021.05.020.0,51.0,46.592896,13700.0,0.076712325,145.0,16023.0
2021.05.018.0,115.0,101.71251,14300.0,0.08219178,482.0,15189.0
2021.05.019.0,104.0,90.95593,14300.0,0.07945205,739.0,16082.0
2021.05.020.0,91.0,72.08476,14300.0,0.076712325,393.0,16023.0
2021.05.018.0,157.0,144.87129,14700.0,0.08219178,388.0,15189.0
2021.05.019.0,152.0,131.36478,14700.0,0.07945205,1009.0,16082.0
2021.05.020.0,138.0,105.8918,14700.0,0.076712325,363.0,16023.0
2021.05.018.0,189.0,170.67775,14900.0,0.08219178,437.0,15189.0
2021.05.019.0,179.0,155.54434,14900.0,0.07945205,635.0,16082.0
2021.05.020.0,169.0,120.86687,14900.0,0.076712325,1318.0,16023.0
2021.05.018.0,239.0,220.94977,15200.0,0.08219178,0.0,15189.0
2021.05.019.0,230.0,205.55905,15200.0,0.07945205,978.0,16082.0
2021.05.020.0,225.0,165.74576,15200.0,0.076712325,1227.0,16023.0
2021.05.018.0,258.0,244.75546,15300.0,0.08219178,0.0,15189.0
2021.05.019.0,254.0,234.3869,15300.0,0.07945205,480.0,16082.0
2021.05.020.0,251.0,200.10637,15300.0,0.076712325,387.0,16023.0
2021.05.018.0,550.0,595.10803,16200.0,0.08219178,0.0,15189.0
2021.05.019.0,565.0,616.402,16200.0,0.07945205,0.0,16082.0
2021.05.020.0,575.0,519.28186,16200.0,0.076712325,0.0,16023.0
2021.05.018.0,645.0,685.94946,16400.0,0.08219178,0.0,15189.0
2021.05.019.0,665.0,717.9351,16400.0,0.07945205,0.0,16082.0
2021.05.020.0,690.0,609.9879,16400.0,0.076712325,0.0,16023.0
2021.05.018.0,710.0,745.46625,16500.0,0.08219178,0.0,15189.0
2021.05.019.0,725.0,783.0524,16500.0,0.07945205,0.0,16082.0
2021.05.020.0,750.0,670.0754,16500.0,0.076712325,0.0,16023.0
2021.05.018.0,765.0,798.9781,16600.0,0.08219178,0.0,15189.0
2021.05.019.0,785.0,830.77783,16600.0,0.07945205,0.0,16082.0
2021.05.020.0,815.0,715.3835,16600.0,0.076712325,0.0,16023.0
2021.05.018.0,13.5,16.430939,18200.0,0.08219178,33.0,15189.0
2021.05.019.0,11.0,10.71228,18200.0,0.07945205,151.0,16082.0
2021.05.020.0,9.299988,4.6595154,18200.0,0.076712325,87.999985,16023.0
2021.05.018.0,295.0,261.9229,13600.0,0.33150685,0.0,14692.0
2021.05.019.0,298.0,260.78433,13600.0,0.32876712,6.0,15573.0
2021.05.020.0,310.0,246.05464,13600.0,0.3260274,0.0,15541.0
2021.05.018.0,780.0,798.1378,15400.0,0.33150685,0.0,14692.0
2021.05.019.0,855.0,840.33984,15400.0,0.32876712,0.0,15573.0
2021.05.020.0,800.0,772.19226,15400.0,0.3260274,0.0,15541.0
2021.05.018.0,875.0,875.0127,15600.0,0.33150685,0.0,14692.0
2021.05.019.0,915.0,930.80457,15600.0,0.32876712,0.0,15573.0
2021.05.020.0,895.0,858.89,15600.0,0.3260274,0.0,15541.0
2021.05.018.0,90.0,106.06152,18200.0,0.33150685,11.0,14692.0
2021.05.019.0,101.0,94.74577,18200.0,0.32876712,1.0,15573.0
2021.05.020.0,87.0,87.972534,18200.0,0.3260274,0.0,15541.0
2021.05.018.0,20.5,28.78189,20000.0,0.33150685,17.0,14692.0
2021.05.019.0,29.0,22.436401,20000.0,0.32876712,0.0,15573.0
2021.05.020.0,25.0,16.295532,20000.0,0.3260274,5.0,15541.0
2021.05.018.0,416.0,430.27158,16800.0,0.58082193,3.0,14491.0
2021.05.019.0,476.0,428.43695,16800.0,0.5780822,1.0,15358.0
2021.05.020.0,421.0,462.689,16800.0,0.5753425,0.0,15302.0
2021.05.018.0,345.0,300.71573,17400.0,0.58082193,17.0,14491.0
2021.05.019.0,325.0,294.9018,17400.0,0.5780822,0.0,15358.0
2021.05.020.0,290.0,305.95535,17400.0,0.5753425,0.0,15302.0
2021.05.018.0,73.0,79.04407,19600.0,0.58082193,0.0,14491.0
2021.05.019.0,79.0,72.14545,19600.0,0.5780822,0.0,15358.0
2021.05.020.0,74.0,68.40024,19600.0,0.5753425,0.0,15302.0
2021.05.018.0,13.5,12.163635,10600.0,0.08219178,165.0,15189.0
2021.05.019.0,10.0,9.295044,10600.0,0.07945205,96.0,16082.0
2021.05.020.0,7.5,6.3034363,10600.0,0.076712325,9.0,16023.0
2021.05.018.0,13.5,11.990845,10800.0,0.08219178,112.0,15189.0
2021.05.019.0,10.5,8.648224,10800.0,0.07945205,108.0,16082.0
2021.05.020.0,6.100006,5.3763733,10800.0,0.076712325,103.999985,16023.0
2021.05.018.0,96.0,88.916306,14100.0,0.08219178,1000.0,15189.0
2021.05.019.0,91.0,77.62128,14100.0,0.07945205,598.0,16082.0
2021.05.020.0,74.0,60.694366,14100.0,0.076712325,417.0,16023.0
2021.05.018.0,150.0,125.97412,16900.0,0.08219178,725.0,15189.0
2021.05.019.0,122.0,106.72098,16900.0,0.07945205,1152.0,16082.0
2021.05.020.0,106.0,107.622604,16900.0,0.076712325,907.0,16023.0
2021.05.018.0,20.5,30.202606,17900.0,0.08219178,19.0,15189.0
2021.05.019.0,17.0,22.143707,17900.0,0.07945205,56.000015,16082.0
2021.05.020.0,12.5,14.649017,17900.0,0.076712325,103.999985,16023.0
2021.05.018.0,16.0,21.718903,18100.0,0.08219178,43.0,15189.0
2021.05.019.0,12.0,15.000427,18100.0,0.07945205,65.0,16082.0
2021.05.020.0,10.0,8.288025,18100.0,0.076712325,106.0,16023.0
2021.05.018.0,12.5,12.616943,18300.0,0.08219178,28.0,15189.0
2021.05.019.0,10.5,8.09259,18300.0,0.07945205,36.0,16082.0
2021.05.020.0,8.299988,3.0368042,18300.0,0.076712325,22.0,16023.0
2021.05.018.0,9.0,6.03067,18500.0,0.08219178,5.0,15189.0
2021.05.019.0,8.200012,2.6453247,18500.0,0.07945205,22.0,16082.0
2021.05.020.0,7.100006,-1.4282227,18500.0,0.076712325,35.0,16023.0
2021.05.018.0,8.799988,4.58313,18600.0,0.08219178,8.0,15189.0
2021.05.019.0,7.600006,1.5011292,18600.0,0.07945205,18.0,16082.0
2021.05.020.0,5.899994,-2.4565735,18600.0,0.076712325,0.0,16023.0
2021.05.018.0,6.600006,-2.4318237,19000.0,0.08219178,19.0,15189.0
2021.05.019.0,6.399994,-4.5730286,19000.0,0.07945205,33.0,16082.0
2021.05.020.0,5.200012,-7.8098755,19000.0,0.076712325,16.0,16023.0
2021.05.018.0,178.0,162.42993,12600.0,0.33150685,1.0,14692.0
2021.05.019.0,171.0,163.57373,12600.0,0.32876712,13.0,15573.0
2021.05.020.0,176.0,151.12613,12600.0,0.3260274,3.0,15541.0
2021.05.018.0,615.0,551.27966,14800.0,0.33150685,0.0,14692.0
2021.05.019.0,625.0,561.9634,14800.0,0.32876712,3.0,15573.0
2021.05.020.0,560.0,535.60986,14800.0,0.3260274,3.0,15541.0
2021.05.018.0,166.0,173.032,17600.0,0.33150685,1.0,14692.0
2021.05.019.0,162.0,161.76929,17600.0,0.32876712,4.0,15573.0
2021.05.020.0,155.0,158.14497,17600.0,0.3260274,0.0,15541.0
2021.05.018.0,17.0,23.027344,20200.0,0.33150685,0.0,14692.0
2021.05.019.0,25.0,17.319244,20200.0,0.32876712,0.0,15573.0
2021.05.020.0,22.0,12.395508,20200.0,0.3260274,0.0,15541.0
2021.05.018.0,1000.0,947.6018,15000.0,0.58082193,0.0,14491.0
2021.05.019.0,885.0,951.1389,15000.0,0.5780822,30.0,15358.0
2021.05.020.0,970.0,893.9137,15000.0,0.5753425,4.0,15302.0
2021.05.018.0,330.0,346.87314,17200.0,0.58082193,1.0,14491.0
2021.05.019.0,347.0,335.9427,17200.0,0.5780822,6.0,15358.0
2021.05.020.0,328.0,345.60645,17200.0,0.5753425,4.0,15302.0
2021.05.018.0,55.0,55.909637,20200.0,0.58082193,0.0,14491.0
2021.05.019.0,59.999985,50.92633,20200.0,0.5780822,5.0,15358.0
2021.05.020.0,51.0,47.876465,20200.0,0.5753425,0.0,15302.0
2021.05.018.0,215.0,208.16916,15100.0,0.08219178,493.0,15189.0
2021.05.019.0,216.0,193.30774,15100.0,0.07945205,507.0,16082.0
2021.05.020.0,204.0,155.26549,15100.0,0.076712325,667.0,16023.0
2021.05.018.0,5.0,-0.6253052,18900.0,0.08219178,0.0,15189.0
2021.05.019.0,5.5,-2.9561462,18900.0,0.07945205,1.0,16082.0
2021.05.020.0,5.399994,-6.25235,18900.0,0.076712325,3.0,16023.0
2021.05.018.0,725.0,718.98737,15200.0,0.33150685,0.0,14692.0
2021.05.019.0,760.0,766.9518,15200.0,0.32876712,0.0,15573.0
2021.05.020.0,715.0,708.06396,15200.0,0.3260274,0.0,15541.0
2021.05.018.0,975.0,964.8539,15800.0,0.33150685,0.0,14692.0
2021.05.019.0,985.0,1030.5012,15800.0,0.32876712,0.0,15573.0
2021.05.020.0,995.0,953.81323,15800.0,0.3260274,0.0,15541.0
2021.05.018.0,1080.0,1066.791,16000.0,0.33150685,0.0,14692.0
2021.05.019.0,1100.0,1118.8408,16000.0,0.32876712,0.0,15573.0
2021.05.020.0,1110.0,1037.9742,16000.0,0.3260274,0.0,15541.0
2021.05.018.0,55.0,58.20395,19000.0,0.33150685,0.0,14692.0
2021.05.019.0,54.0,50.814117,19000.0,0.32876712,0.0,15573.0
2021.05.020.0,49.0,43.85736,19000.0,0.3260274,2.0,15541.0
2021.05.018.0,860.0,797.8831,14800.0,0.58082193,0.0,14491.0
2021.05.019.0,845.0,846.37756,14800.0,0.5780822,8.0,15358.0
2021.05.020.0,880.0,826.64307,14800.0,0.5753425,12.0,15302.0
2021.05.018.0,162.0,158.59094,18400.0,0.58082193,0.0,14491.0
2021.05.019.0,152.0,150.30484,18400.0,0.5780822,7.0,15358.0
2021.05.020.0,156.0,147.47849,18400.0,0.5753425,2.0,15302.0
2021.05.018.0,830.0,862.7335,16700.0,0.08219178,0.0,15189.0
2021.05.019.0,855.0,898.87866,16700.0,0.07945205,0.0,16082.0
2021.05.020.0,880.0,780.7036,16700.0,0.076712325,0.0,16023.0
2021.05.018.0,110.0,90.07701,11600.0,0.33150685,6.0,14692.0
2021.05.019.0,103.0,87.354355,11600.0,0.32876712,7.0,15573.0
2021.05.020.0,105.0,79.29445,11600.0,0.3260274,0.0,15541.0
2021.05.018.0,13.5,18.592255,20400.0,0.33150685,0.0,14692.0
2021.05.019.0,20.0,13.303314,20400.0,0.32876712,0.0,15573.0
2021.05.020.0,19.5,8.55722,20400.0,0.3260274,0.0,15541.0
2021.05.018.0,1290.0,1284.7216,15800.0,0.58082193,0.0,14491.0
2021.05.019.0,1310.0,1369.9214,15800.0,0.5780822,0.0,15358.0
2021.05.020.0,1320.0,1320.1895,15800.0,0.5753425,0.0,15302.0
2021.05.018.0,5.899994,-5.2030334,19200.0,0.08219178,3.0,15189.0
2021.05.019.0,5.200012,-7.2251587,19200.0,0.07945205,18.0,16082.0
2021.05.020.0,5.0,-10.317383,19200.0,0.076712325,0.0,16023.0
2021.05.018.0,413.0,486.21198,16400.0,0.33150685,3.0,14692.0
2021.05.019.0,505.0,468.70844,16400.0,0.32876712,2.0,15573.0
2021.05.020.0,439.0,478.38367,16400.0,0.3260274,7.0,15541.0
2021.05.018.0,159.0,147.85094,17800.0,0.33150685,2.0,14692.0
2021.05.019.0,135.0,139.06375,17800.0,0.32876712,10.0,15573.0
2021.05.020.0,125.0,134.47385,17800.0,0.3260274,2.0,15541.0
2021.05.018.0,37.5,46.31192,19400.0,0.33150685,0.0,14692.0
2021.05.019.0,42.0,39.00421,19400.0,0.32876712,0.0,15573.0
2021.05.020.0,37.0,32.286133,19400.0,0.3260274,0.0,15541.0
2021.05.018.0,1180.0,1209.7174,15600.0,0.58082193,0.0,14491.0
2021.05.019.0,1190.0,1290.1438,15600.0,0.5780822,0.0,15358.0
2021.05.020.0,1220.0,1232.1681,15600.0,0.5753425,0.0,15302.0
2021.05.018.0,400.0,376.63483,17000.0,0.58082193,109.0,14491.0
2021.05.019.0,398.0,370.2927,17000.0,0.5780822,8.0,15358.0
2021.05.020.0,370.0,384.40158,17000.0,0.5753425,2.0,15302.0
2021.05.018.0,270.0,242.6998,17800.0,0.58082193,4.0,14491.0
2021.05.019.0,253.0,233.8211,17800.0,0.5780822,0.0,15358.0
2021.05.020.0,224.0,238.3375,17800.0,0.5753425,0.0,15302.0
2021.05.018.0,11.5,13.314728,10200.0,0.08219178,175.0,15189.0
2021.05.019.0,10.5,10.923096,10200.0,0.07945205,29.0,16082.0
2021.05.020.0,5.5,8.581879,10200.0,0.076712325,121.0,16023.0
2021.05.018.0,5.299988,-8.464569,19600.0,0.08219178,1.0,15189.0
2021.05.019.0,4.799988,-10.075073,19600.0,0.07945205,0.0,16082.0
2021.05.020.0,3.5,-12.986755,19600.0,0.076712325,0.0,16023.0
2021.05.018.0,79.0,78.912445,18600.0,0.33150685,11.0,14692.0
2021.05.019.0,65.0,71.0011,18600.0,0.32876712,0.0,15573.0
2021.05.020.0,59.0,63.675446,18600.0,0.3260274,7.0,15541.0
2021.05.018.0,349.0,415.15115,16600.0,0.33150685,6.0,14692.0
2021.05.019.0,429.0,390.53137,16600.0,0.32876712,3.0,15573.0
2021.05.020.0,375.0,396.6106,16600.0,0.3260274,9.0,15541.0
2021.05.018.0,220.0,213.02133,17400.0,0.33150685,0.0,14692.0
2021.05.019.0,194.0,199.1974,17400.0,0.32876712,0.0,15573.0
2021.05.020.0,170.0,199.02328,17400.0,0.3260274,0.0,15541.0
2021.05.018.0,675.0,589.454,15800.0,0.08219178,665.0,15189.0
2021.05.019.0,615.0,620.7875,15800.0,0.07945205,0.0,16082.0
2021.05.020.0,570.0,671.6843,15800.0,0.076712325,0.0,16023.0
2021.05.018.0,435.0,387.96124,16200.0,0.08219178,622.0,15189.0
2021.05.019.0,382.0,361.4666,16200.0,0.07945205,506.0,16082.0
2021.05.020.0,352.0,365.98697,16200.0,0.076712325,981.0,16023.0
2021.05.018.0,520.0,473.92838,14600.0,0.33150685,8.0,14692.0
2021.05.019.0,520.0,521.1277,14600.0,0.32876712,22.0,15573.0
2021.05.020.0,510.0,506.0683,14600.0,0.3260274,10.0,15541.0
2021.05.018.0,600.0,657.90186,15800.0,0.33150685,1.0,14692.0
2021.05.019.0,700.0,675.5404,15800.0,0.32876712,2.0,15573.0
2021.05.020.0,675.0,730.7133,15800.0,0.3260274,1.0,15541.0
2021.05.018.0,560.0,527.7892,16200.0,0.33150685,4.0,14692.0
2021.05.019.0,535.0,523.70264,16200.0,0.32876712,2.0,15573.0
2021.05.020.0,510.0,551.1349,16200.0,0.3260274,0.0,15541.0
2021.05.018.0,5.200012,-7.712494,19300.0,0.08219178,0.0,15189.0
2021.05.019.0,3.600006,-9.015961,19300.0,0.07945205,1.0,16082.0
2021.05.020.0,4.200012,-11.181427,19300.0,0.076712325,1.0,16023.0
2021.05.018.0,5.600006,-6.250885,19400.0,0.08219178,0.0,15189.0
2021.05.019.0,5.0,-8.165863,19400.0,0.07945205,0.0,16082.0
2021.05.020.0,4.0,-11.214661,19400.0,0.076712325,0.0,16023.0
2021.05.018.0,1190.0,1157.0427,16200.0,0.33150685,0.0,14692.0
2021.05.019.0,1220.0,1226.7218,16200.0,0.32876712,0.0,15573.0
2021.05.020.0,1230.0,1152.1317,16200.0,0.3260274,0.0,15541.0
2021.05.018.0,1420.0,1350.9414,16000.0,0.58082193,0.0,14491.0
2021.05.019.0,1430.0,1441.45,16000.0,0.5780822,0.0,15358.0
2021.05.020.0,1450.0,1406.9252,16000.0,0.5753425,0.0,15302.0
2021.05.018.0,50.0,50.535828,20400.0,0.58082193,0.0,14491.0
2021.05.019.0,52.0,45.736755,20400.0,0.5780822,7.0,15358.0
2021.05.020.0,46.0,42.423615,20400.0,0.5753425,0.0,15302.0
2021.05.018.0,900.0,933.229,16800.0,0.08219178,0.0,15189.0
2021.05.019.0,925.0,972.9354,16800.0,0.07945205,0.0,16082.0
2021.05.020.0,950.0,854.2854,16800.0,0.076712325,0.0,16023.0
2021.05.018.0,82.0,85.882385,19400.0,0.58082193,1.0,14491.0
2021.05.019.0,88.0,78.9077,19400.0,0.5780822,0.0,15358.0
2021.05.020.0,85.0,75.513855,19400.0,0.5753425,0.0,15302.0
2021.05.018.0,965.0,999.84546,16900.0,0.08219178,0.0,15189.0
2021.05.019.0,990.0,1054.8654,16900.0,0.07945205,0.0,16082.0
2021.05.020.0,1030.0,941.5519,16900.0,0.076712325,0.0,16023.0
2021.05.018.0,1040.0,1073.7635,17000.0,0.08219178,0.0,15189.0
2021.05.019.0,1080.0,1132.9414,17000.0,0.07945205,0.0,16082.0
2021.05.020.0,1110.0,1023.369,17000.0,0.076712325,0.0,16023.0
2021.05.018.0,273.0,250.21326,13400.0,0.33150685,1.0,14692.0
2021.05.019.0,267.0,252.1606,13400.0,0.32876712,0.0,15573.0
2021.05.020.0,278.0,236.3116,13400.0,0.3260274,0.0,15541.0
2021.05.018.0,555.0,476.89496,16000.0,0.08219178,1378.0,15189.0
2021.05.019.0,494.0,488.275,16000.0,0.07945205,0.0,16082.0
2021.05.020.0,453.0,525.4484,16000.0,0.076712325,0.0,16023.0
2021.05.018.0,335.0,289.59055,16400.0,0.08219178,1274.0,15189.0
2021.05.019.0,286.0,263.28638,16400.0,0.07945205,675.0,16082.0
2021.05.020.0,263.0,262.3357,16400.0,0.076712325,1715.0,16023.0
2021.05.018.0,955.0,832.4188,15400.0,0.33150685,0.0,14692.0
2021.05.019.0,970.0,877.312,15400.0,0.32876712,0.0,15573.0
2021.05.020.0,880.0,978.4988,15400.0,0.3260274,0.0,15541.0
2021.05.018.0,965.0,828.61206,15400.0,0.08219178,128.0,15189.0
2021.05.019.0,900.0,830.31604,15400.0,0.07945205,0.0,16082.0
2021.05.020.0,845.0,909.0222,15400.0,0.076712325,0.0,16023.0
2021.05.018.0,1240.0,1047.2433,15000.0,0.33150685,6.0,14692.0
2021.05.019.0,1190.0,1047.2113,15000.0,0.32876712,0.0,15573.0
2021.05.020.0,1110.0,1180.2501,15000.0,0.3260274,0.0,15541.0
2021.05.018.0,755.0,719.02997,15600.0,0.33150685,5.0,14692.0
2021.05.019.0,830.0,734.26056,15600.0,0.32876712,5.0,15573.0
2021.05.020.0,775.0,835.6094,15600.0,0.3260274,0.0,15541.0
2021.05.018.0,1450.0,1479.0944,14800.0,0.08219178,0.0,15189.0
2021.05.019.0,1390.0,1303.5437,14800.0,0.07945205,0.0,16082.0
2021.05.020.0,1330.0,1333.2478,14800.0,0.076712325,0.0,16023.0
2021.05.018.0,1290.0,1219.4241,15000.0,0.08219178,0.0,15189.0
2021.05.019.0,1220.0,1115.295,15000.0,0.07945205,0.0,16082.0
2021.05.020.0,1160.0,1180.7932,15000.0,0.076712325,0.0,16023.0
2021.05.018.0,355.0,301.52277,13800.0,0.33150685,2.0,14692.0
2021.05.019.0,332.0,317.85797,13800.0,0.32876712,6.0,15573.0
2021.05.020.0,358.0,296.41193,13800.0,0.3260274,0.0,15541.0
2021.05.018.0,1390.0,1248.5181,14800.0,0.33150685,3.0,14692.0
2021.05.019.0,1310.0,1186.1311,14800.0,0.32876712,0.0,15573.0
2021.05.020.0,1240.0,1305.2815,14800.0,0.3260274,0.0,15541.0
2021.05.018.0,820.0,712.17285,15600.0,0.08219178,431.0,15189.0
2021.05.019.0,760.0,710.8662,15600.0,0.07945205,0.0,16082.0
2021.05.020.0,705.0,767.61426,15600.0,0.076712325,0.0,16023.0
2021.05.018.0,1100.0,940.9169,15200.0,0.33150685,0.0,14692.0
2021.05.019.0,1080.0,959.38367,15200.0,0.32876712,0.0,15573.0
2021.05.020.0,995.0,1072.7079,15200.0,0.3260274,0.0,15541.0
2021.05.018.0,655.0,601.77216,16000.0,0.33150685,16.0,14692.0
2021.05.019.0,660.0,608.0957,16000.0,0.32876712,7.0,15573.0
2021.05.020.0,590.0,663.55347,16000.0,0.3260274,3.0,15541.0
2021.05.018.0,54.0,62.729614,18800.0,0.33150685,9.0,14692.0
2021.05.019.0,63.0,55.12671,18800.0,0.32876712,2.0,15573.0
2021.05.020.0,56.0,49.62845,18800.0,0.3260274,0.0,15541.0
2021.05.018.0,1630.0,1728.8047,14600.0,0.08219178,0.0,15189.0
2021.05.019.0,1560.0,1525.025,14600.0,0.07945205,0.0,16082.0
2021.05.020.0,1500.0,1495.166,14600.0,0.076712325,0.0,16023.0
2021.05.018.0,1120.0,1147.1515,17100.0,0.08219178,0.0,15189.0
2021.05.019.0,1160.0,1220.1545,17100.0,0.07945205,0.0,16082.0
2021.05.020.0,1190.0,1120.9138,17100.0,0.076712325,0.0,16023.0
2021.05.018.0,1310.0,1268.1434,16400.0,0.33150685,0.0,14692.0
2021.05.019.0,1340.0,1351.8439,16400.0,0.32876712,0.0,15573.0
2021.05.020.0,1360.0,1283.5616,16400.0,0.3260274,0.0,15541.0
2021.05.018.0,11.0,16.179718,20600.0,0.33150685,0.0,14692.0
2021.05.019.0,19.5,10.872833,20600.0,0.32876712,0.0,15573.0
2021.05.020.0,17.0,6.683014,20600.0,0.3260274,0.0,15541.0
2021.05.018.0,520.0,398.51083,13600.0,0.58082193,0.0,14491.0
2021.05.019.0,492.0,424.75195,13600.0,0.5780822,1.0,15358.0
2021.05.020.0,495.0,440.4936,13600.0,0.5753425,0.0,15302.0
2021.05.018.0,1670.0,1516.8158,16400.0,0.58082193,0.0,14491.0
2021.05.019.0,1680.0,1620.2885,16400.0,0.5780822,0.0,15358.0
2021.05.020.0,1700.0,1611.2725,16400.0,0.5753425,0.0,15302.0
2021.05.018.0,44.5,45.12912,20600.0,0.58082193,0.0,14491.0
2021.05.019.0,45.0,40.75467,20600.0,0.5780822,0.0,15358.0
2021.05.020.0,41.5,37.355927,20600.0,0.5753425,0.0,15302.0
2021.05.018.0,1200.0,1214.5856,17200.0,0.08219178,0.0,15189.0
2021.05.019.0,1240.0,1300.4114,17200.0,0.07945205,0.0,16082.0
2021.05.020.0,1280.0,1208.5138,17200.0,0.076712325,0.0,16023.0
2021.05.018.0,8.100006,2.3836365,18700.0,0.08219178,11.0,15189.0
2021.05.019.0,8.200012,-0.749176,18700.0,0.07945205,1.0,16082.0
2021.05.020.0,5.799988,-4.6963196,18700.0,0.076712325,1.0,16023.0
2021.05.018.0,6.100006,-3.3368225,19100.0,0.08219178,7.0,15189.0
2021.05.019.0,5.299988,-5.4703064,19100.0,0.07945205,25.0,16082.0
2021.05.020.0,5.100006,-8.781799,19100.0,0.076712325,0.0,16023.0
2021.05.018.0,5.100006,-10.134003,19700.0,0.08219178,0.0,15189.0
2021.05.019.0,4.700012,-11.802765,19700.0,0.07945205,20.0,16082.0
2021.05.020.0,3.2999878,-14.498383,19700.0,0.076712325,0.0,16023.0
2021.05.018.0,303.0,232.01086,14500.0,0.1780822,38.0,14990.0
2021.05.019.0,276.0,229.52463,14500.0,0.17534247,6.0,15832.0
2021.05.020.0,267.0,206.77399,14500.0,0.17260274,3.0,15777.0
2021.05.018.0,301.0,257.17938,14600.0,0.1780822,13.0,14990.0
2021.05.019.0,299.0,251.20297,14600.0,0.17534247,7.0,15832.0
2021.05.020.0,320.0,218.29698,14600.0,0.17260274,0.0,15777.0
2021.05.018.0,545.0,551.7636,15500.0,0.1780822,0.0,14990.0
2021.05.019.0,550.0,519.19696,15500.0,0.17534247,4.0,15832.0
2021.05.020.0,545.0,446.8256,15500.0,0.17260274,1.0,15777.0
2021.05.018.0,665.0,627.14734,15700.0,0.1780822,0.0,14990.0
2021.05.019.0,635.0,581.4913,15700.0,0.17534247,12.0,15832.0
2021.05.020.0,640.0,540.143,15700.0,0.17260274,0.0,15777.0
2021.05.018.0,56.0,61.5468,18000.0,0.1780822,10.0,14990.0
2021.05.019.0,45.0,52.56247,18000.0,0.17534247,58.999985,15832.0
2021.05.020.0,39.5,45.26593,18000.0,0.17260274,21.0,15777.0
2021.05.018.0,22.5,25.933899,18800.0,0.1780822,0.0,14990.0
2021.05.019.0,17.0,20.738068,18800.0,0.17534247,2.0,15832.0
2021.05.020.0,20.0,15.220337,18800.0,0.17260274,1.0,15777.0
2021.05.018.0,30.0,35.708252,19600.0,0.33150685,0.0,14692.0
2021.05.019.0,37.0,29.611115,19600.0,0.32876712,2.0,15573.0
2021.05.020.0,32.5,24.17276,19600.0,0.3260274,0.0,15541.0
2021.05.018.0,1090.0,1118.4249,15400.0,0.58082193,0.0,14491.0
2021.05.019.0,1090.0,1196.8086,15400.0,0.5780822,0.0,15358.0
2021.05.020.0,1110.0,1140.7783,15400.0,0.5753425,0.0,15302.0
2021.05.018.0,66.0,71.246796,19800.0,0.58082193,14.0,14491.0
2021.05.019.0,72.0,64.7887,19800.0,0.5780822,3.0,15358.0
2021.05.020.0,65.0,60.9507,19800.0,0.5753425,0.0,15302.0
2021.05.018.0,1280.0,1305.3544,17300.0,0.08219178,0.0,15189.0
2021.05.019.0,1330.0,1401.9993,17300.0,0.07945205,0.0,16082.0
2021.05.020.0,1370.0,1319.4252,17300.0,0.076712325,0.0,16023.0
2021.05.018.0,1370.0,1372.4684,17400.0,0.08219178,0.0,15189.0
2021.05.019.0,1420.0,1476.2588,17400.0,0.07945205,0.0,16082.0
2021.05.020.0,1460.0,1406.9443,17400.0,0.076712325,0.0,16023.0
2021.05.018.0,5.5,-7.3624573,19500.0,0.08219178,0.0,15189.0
2021.05.019.0,4.100006,-9.165985,19500.0,0.07945205,3.0,16082.0
2021.05.020.0,3.7000122,-12.133972,19500.0,0.076712325,4.0,16023.0
2021.05.018.0,400.0,335.5077,15000.0,0.1780822,0.0,14990.0
2021.05.019.0,409.0,332.57422,15000.0,0.17534247,10.0,15832.0
2021.05.020.0,410.0,314.55417,15000.0,0.17260274,13.0,15777.0
2021.05.018.0,580.0,588.9044,15600.0,0.1780822,0.0,14990.0
2021.05.019.0,590.0,615.56744,15600.0,0.17534247,0.0,15832.0
2021.05.020.0,580.0,534.09485,15600.0,0.17260274,0.0,15777.0
2021.05.018.0,700.0,674.7298,15800.0,0.1780822,0.0,14990.0
2021.05.019.0,685.0,624.68506,15800.0,0.17534247,1.0,15832.0
2021.05.020.0,680.0,580.0546,15800.0,0.17260274,0.0,15777.0
2021.05.018.0,700.0,705.7157,15900.0,0.1780822,0.0,14990.0
2021.05.019.0,730.0,746.54675,15900.0,0.17534247,0.0,15832.0
2021.05.020.0,725.0,657.2179,15900.0,0.17260274,0.0,15777.0
2021.05.018.0,750.0,748.75055,16000.0,0.1780822,0.0,14990.0
2021.05.019.0,785.0,793.53357,16000.0,0.17534247,0.0,15832.0
2021.05.020.0,770.0,702.7014,16000.0,0.17260274,0.0,15777.0
2021.05.018.0,955.0,960.2317,16400.0,0.1780822,0.0,14990.0
2021.05.019.0,985.0,1010.7239,16400.0,0.17534247,0.0,15832.0
2021.05.020.0,1000.0,909.93335,16400.0,0.17260274,0.0,15777.0
2021.05.018.0,1020.0,1019.931,16500.0,0.1780822,0.0,14990.0
2021.05.019.0,1040.0,1075.6062,16500.0,0.17534247,0.0,15832.0
2021.05.020.0,1050.0,975.12463,16500.0,0.17260274,0.0,15777.0
2021.05.018.0,1150.0,1144.4434,16700.0,0.1780822,0.0,14990.0
2021.05.019.0,1180.0,1213.1312,16700.0,0.17534247,0.0,15832.0
2021.05.020.0,1210.0,1120.6254,16700.0,0.17260274,0.0,15777.0
2021.05.018.0,18.0,20.964722,19000.0,0.1780822,0.0,14990.0
2021.05.019.0,15.0,16.44226,19000.0,0.17534247,0.0,15832.0
2021.05.020.0,15.0,11.335846,19000.0,0.17260274,2.0,15777.0
2021.05.018.0,1540.0,1442.5015,16200.0,0.58082193,0.0,14491.0
2021.05.019.0,1550.0,1539.148,16200.0,0.5780822,0.0,15358.0
2021.05.020.0,1570.0,1513.2117,16200.0,0.5753425,0.0,15302.0
2021.05.018.0,241.0,265.06458,17600.0,0.58082193,5.0,14491.0
2021.05.019.0,287.0,253.51007,17600.0,0.5780822,3.0,15358.0
2021.05.020.0,255.0,258.1307,17600.0,0.5753425,0.0,15302.0
2021.05.018.0,3.399994,-15.885986,20300.0,0.08219178,517.0,15189.0
2021.05.019.0,4.0,-17.157837,20300.0,0.07945205,712.0,16082.0
2021.05.020.0,2.899994,-19.26706,20300.0,0.076712325,414.0,16023.0
2021.05.018.0,110.0,127.93521,17400.0,0.1780822,7.0,14990.0
2021.05.019.0,104.0,110.90045,17400.0,0.17534247,3.0,15832.0
2021.05.020.0,94.0,101.74318,17400.0,0.17260274,0.0,15777.0
2021.05.018.0,81.0,96.16731,17600.0,0.1780822,0.0,14990.0
2021.05.019.0,78.0,85.11383,17600.0,0.17534247,4.0,15832.0
2021.05.020.0,69.0,76.89891,17600.0,0.17260274,14.0,15777.0
2021.05.018.0,68.0,77.29721,17800.0,0.1780822,0.0,14990.0
2021.05.019.0,59.999985,66.42932,17800.0,0.17534247,0.0,15832.0
2021.05.020.0,56.0,58.869293,17800.0,0.17260274,0.0,15777.0
2021.05.018.0,39.5,50.211334,18200.0,0.1780822,2.0,14990.0
2021.05.019.0,39.5,41.5968,18200.0,0.17534247,20.0,15832.0
2021.05.020.0,35.0,34.608948,18200.0,0.17260274,17.0,15777.0
2021.05.018.0,16.0,18.805664,19100.0,0.1780822,0.0,14990.0
2021.05.019.0,16.5,14.378296,19100.0,0.17534247,1.0,15832.0
2021.05.020.0,13.0,9.637451,19100.0,0.17260274,0.0,15777.0
2021.05.018.0,12.0,8.329651,19800.0,0.1780822,0.0,14990.0
2021.05.019.0,12.5,5.3632812,19800.0,0.17534247,0.0,15832.0
2021.05.020.0,8.899994,1.5631104,19800.0,0.17260274,0.0,15777.0
2021.05.018.0,162.0,141.83504,18600.0,0.58082193,0.0,14491.0
2021.05.019.0,147.0,134.8718,18600.0,0.5780822,0.0,15358.0
2021.05.020.0,139.0,133.84048,18600.0,0.5753425,0.0,15302.0
2021.05.018.0,1460.0,1434.813,17500.0,0.08219178,0.0,15189.0
2021.05.019.0,1510.0,1551.1626,17500.0,0.07945205,0.0,16082.0
2021.05.020.0,1550.0,1503.8726,17500.0,0.076712325,0.0,16023.0
2021.05.018.0,370.0,285.2317,14700.0,0.1780822,7.0,14990.0
2021.05.019.0,303.0,294.22937,14700.0,0.17534247,12.0,15832.0
2021.05.020.0,300.0,262.13556,14700.0,0.17260274,223.0,15777.0
2021.05.018.0,390.0,302.04065,14800.0,0.1780822,11.0,14990.0
2021.05.019.0,351.0,309.14365,14800.0,0.17534247,10.0,15832.0
2021.05.020.0,323.0,286.346,14800.0,0.17260274,0.0,15777.0
2021.05.018.0,384.0,345.96826,14900.0,0.1780822,5.0,14990.0
2021.05.019.0,379.0,360.3675,14900.0,0.17534247,0.0,15832.0
2021.05.020.0,349.0,318.73148,14900.0,0.17260274,0.0,15777.0
2021.05.018.0,835.0,856.9358,16200.0,0.1780822,0.0,14990.0
2021.05.019.0,880.0,910.6384,16200.0,0.17534247,0.0,15832.0
2021.05.020.0,885.0,810.87756,16200.0,0.17260274,0.0,15777.0
2021.05.018.0,1210.0,1213.8191,16800.0,0.1780822,0.0,14990.0
2021.05.019.0,1250.0,1292.1235,16800.0,0.17534247,0.0,15832.0
2021.05.020.0,1260.0,1203.5967,16800.0,0.17260274,0.0,15777.0
2021.05.018.0,1520.0,1452.1584,17200.0,0.1780822,0.0,14990.0
2021.05.019.0,1560.0,1563.7727,17200.0,0.17534247,0.0,15832.0
2021.05.020.0,1590.0,1522.444,17200.0,0.17260274,0.0,15777.0
2021.05.018.0,20.0,23.47049,18900.0,0.1780822,1.0,14990.0
2021.05.019.0,17.0,18.557037,18900.0,0.17534247,0.0,15832.0
2021.05.020.0,17.0,13.194305,18900.0,0.17260274,0.0,15777.0
2021.05.018.0,13.5,12.131866,19500.0,0.1780822,0.0,14990.0
2021.05.019.0,14.0,8.4791565,19500.0,0.17534247,0.0,15832.0
2021.05.020.0,9.5,4.223816,19500.0,0.17260274,0.0,15777.0
2021.05.018.0,655.0,517.91675,14200.0,0.58082193,11.0,14491.0
2021.05.019.0,660.0,590.2263,14200.0,0.5780822,0.0,15358.0
2021.05.020.0,660.0,616.37476,14200.0,0.5753425,0.0,15302.0
2021.05.018.0,1920.0,1649.4491,16800.0,0.58082193,0.0,14491.0
2021.05.019.0,1960.0,1753.745,16800.0,0.5780822,0.0,15358.0
2021.05.020.0,1950.0,1772.7173,16800.0,0.5753425,0.0,15302.0
2021.05.018.0,895.0,912.0438,16300.0,0.1780822,0.0,14990.0
2021.05.019.0,935.0,960.6532,16300.0,0.17534247,0.0,15832.0
2021.05.020.0,935.0,859.51514,16300.0,0.17260274,0.0,15777.0
2021.05.018.0,1080.0,1077.1091,16600.0,0.1780822,0.0,14990.0
2021.05.019.0,1120.0,1139.5363,16600.0,0.17534247,0.0,15832.0
2021.05.020.0,1130.0,1044.0114,16600.0,0.17260274,0.0,15777.0
2021.05.018.0,1290.0,1275.45,16900.0,0.1780822,0.0,14990.0
2021.05.019.0,1330.0,1360.4015,16900.0,0.17534247,0.0,15832.0
2021.05.020.0,1350.0,1281.237,16900.0,0.17260274,0.0,15777.0
2021.05.018.0,132.0,139.74524,17300.0,0.1780822,11.0,14990.0
2021.05.019.0,120.0,123.47438,17300.0,0.17534247,3.0,15832.0
2021.05.020.0,103.0,116.02974,17300.0,0.17260274,4.0,15777.0
2021.05.018.0,91.0,111.18063,17500.0,0.1780822,1.0,14990.0
2021.05.019.0,90.0,95.409485,17500.0,0.17534247,7.0,15832.0
2021.05.020.0,80.0,86.726395,17500.0,0.17260274,3.0,15777.0
2021.05.018.0,75.0,87.8161,17700.0,0.1780822,0.0,14990.0
2021.05.019.0,69.0,75.466965,17700.0,0.17534247,5.0,15832.0
2021.05.020.0,55.0,66.541245,17700.0,0.17260274,20.0,15777.0
2021.05.018.0,41.0,69.85829,17900.0,0.1780822,1.0,14990.0
2021.05.019.0,52.0,58.31613,17900.0,0.17534247,5.0,15832.0
2021.05.020.0,48.0,49.845947,17900.0,0.17260274,9.0,15777.0
2021.05.018.0,44.5,55.702484,18100.0,0.1780822,0.0,14990.0
2021.05.019.0,44.5,46.874084,18100.0,0.17534247,1.0,15832.0
2021.05.020.0,37.0,39.518066,18100.0,0.17260274,1.0,15777.0
2021.05.018.0,35.0,40.262756,18400.0,0.1780822,0.0,14990.0
2021.05.019.0,30.0,33.252075,18400.0,0.17534247,0.0,15832.0
2021.05.020.0,28.0,27.021454,18400.0,0.17260274,0.0,15777.0
2021.05.018.0,15.5,16.501434,19200.0,0.1780822,1.0,14990.0
2021.05.019.0,16.5,12.452911,19200.0,0.17534247,0.0,15832.0
2021.05.020.0,11.0,7.844574,19200.0,0.17260274,8.0,15777.0
2021.05.018.0,14.5,15.152161,19300.0,0.1780822,0.0,14990.0
2021.05.019.0,15.5,11.215332,19300.0,0.17534247,0.0,15832.0
2021.05.020.0,10.5,6.8641357,19300.0,0.17260274,0.0,15777.0
2021.05.018.0,535.0,511.12543,16600.0,0.58082193,17.0,14491.0
2021.05.019.0,535.0,499.14996,16600.0,0.5780822,8.0,15358.0
2021.05.020.0,497.0,509.00885,16600.0,0.5753425,0.0,15302.0
2021.05.018.0,294.0,243.686,16500.0,0.08219178,1685.0,15189.0
2021.05.019.0,247.0,213.96259,16500.0,0.07945205,2362.0,16082.0
2021.05.020.0,220.0,214.488,16500.0,0.076712325,1713.0,16023.0
2021.05.018.0,855.0,736.9042,15800.0,0.58082193,0.0,14491.0
2021.05.019.0,875.0,764.4189,15800.0,0.5780822,0.0,15358.0
2021.05.020.0,790.0,831.4562,15800.0,0.5753425,2.0,15302.0
2021.05.018.0,166.0,186.26483,18200.0,0.58082193,0.0,14491.0
2021.05.019.0,193.0,174.16063,18200.0,0.5780822,2.0,15358.0
2021.05.020.0,175.0,172.76581,18200.0,0.5753425,0.0,15302.0
2021.05.018.0,490.0,433.8258,16100.0,0.08219178,681.0,15189.0
2021.05.019.0,435.0,407.3105,16100.0,0.07945205,695.0,16082.0
2021.05.020.0,395.0,417.56485,16100.0,0.076712325,617.0,16023.0
2021.05.018.0,388.0,342.7712,16300.0,0.08219178,812.0,15189.0
2021.05.019.0,335.0,309.65146,16300.0,0.07945205,1073.0,16082.0
2021.05.020.0,306.0,310.98447,16300.0,0.076712325,953.0,16023.0
2021.05.018.0,4.299988,-12.613861,20000.0,0.08219178,8.0,15189.0
2021.05.019.0,5.600006,-13.9721985,20000.0,0.07945205,0.0,16082.0
2021.05.020.0,3.0,-16.825409,20000.0,0.076712325,100.0,16023.0
2021.05.018.0,184.0,193.71246,17000.0,0.1780822,43.0,14990.0
2021.05.019.0,188.0,175.74477,17000.0,0.17534247,17.0,15832.0
2021.05.020.0,163.0,172.694,17000.0,0.17260274,54.0,15777.0
2021.05.018.0,145.0,176.68697,17100.0,0.1780822,3.0,14990.0
2021.05.019.0,166.0,156.61436,17100.0,0.17534247,6.0,15832.0
2021.05.020.0,144.0,150.371,17100.0,0.17260274,2.0,15777.0
2021.05.018.0,31.0,35.864105,18500.0,0.1780822,1.0,14990.0
2021.05.019.0,26.0,29.487854,18500.0,0.17534247,1.0,15832.0
2021.05.020.0,26.0,23.392609,18500.0,0.17260274,0.0,15777.0
2021.05.018.0,14.0,13.375885,19400.0,0.1780822,3.0,14990.0
2021.05.019.0,15.0,9.770447,19400.0,0.17534247,0.0,15832.0
2021.05.020.0,10.0,5.581421,19400.0,0.17260274,0.0,15777.0
2021.05.018.0,630.0,508.84308,16400.0,0.58082193,29.0,14491.0
2021.05.019.0,600.0,556.7723,16400.0,0.5780822,0.0,15358.0
2021.05.020.0,540.0,611.3983,16400.0,0.5753425,0.0,15302.0
2021.05.018.0,91.0,97.5571,19200.0,0.58082193,0.0,14491.0
2021.05.019.0,98.0,90.31526,19200.0,0.5780822,1.0,15358.0
2021.05.020.0,97.0,86.86452,19200.0,0.5753425,0.0,15302.0
2021.05.018.0,30.0,32.070007,21200.0,0.58082193,3.0,14491.0
2021.05.019.0,33.0,27.26474,21200.0,0.5780822,0.0,15358.0
2021.05.020.0,29.0,25.285706,21200.0,0.5753425,1.0,15302.0
2021.05.019.0,238.0,215.38908,16800.0,0.17534247,206.0,15832.0
2021.05.020.0,192.0,217.65437,16800.0,0.17260274,3.0,15777.0
2021.05.019.0,208.0,204.84894,16900.0,0.17534247,2.0,15832.0
2021.05.020.0,180.0,202.8103,16900.0,0.17260274,218.0,15777.0
2021.05.018.0,28.0,32.276367,18600.0,0.1780822,0.0,14990.0
2021.05.019.0,22.5,26.381348,18600.0,0.17534247,0.0,15832.0
2021.05.020.0,24.0,20.585663,18600.0,0.17260274,0.0,15777.0
2021.05.018.0,25.0,29.522705,18700.0,0.1780822,0.0,14990.0
2021.05.019.0,19.5,23.832733,18700.0,0.17534247,0.0,15832.0
2021.05.020.0,22.0,17.933136,18700.0,0.17260274,0.0,15777.0
2021.05.019.0,10.0,3.0417786,20100.0,0.17534247,0.0,15832.0
2021.05.020.0,5.899994,-0.4573059,20100.0,0.17260274,0.0,15777.0
2021.05.018.0,730.0,615.75635,14400.0,0.58082193,3.0,14491.0
2021.05.019.0,725.0,697.78546,14400.0,0.5780822,5.0,15358.0
2021.05.020.0,720.0,720.2993,14400.0,0.5753425,2.0,15302.0
2021.05.018.0,795.0,729.84644,14600.0,0.58082193,0.0,14491.0
2021.05.019.0,790.0,838.07947,14600.0,0.5780822,0.0,15358.0
2021.05.020.0,795.0,808.88806,14600.0,0.5753425,6.0,15302.0
2021.05.018.0,600.0,605.9699,16200.0,0.58082193,0.0,14491.0
2021.05.019.0,670.0,623.51904,16200.0,0.5780822,1.0,15358.0
2021.05.020.0,640.0,653.92236,16200.0,0.5753425,0.0,15302.0
2021.05.020.0,247.0,181.1292,14300.0,0.17260274,3.0,15777.0
2021.05.020.0,257.0,200.099,14400.0,0.17260274,1.0,15777.0
2021.05.019.0,444.0,385.1556,15200.0,0.17534247,6.0,15832.0
2021.05.020.0,452.0,348.0428,15200.0,0.17260274,23.0,15777.0
2021.05.019.0,830.0,854.7643,16100.0,0.17534247,0.0,15832.0
2021.05.020.0,830.0,757.1278,16100.0,0.17260274,0.0,15777.0
2021.05.018.0,440.0,370.2705,15100.0,0.1780822,0.0,14990.0
2021.05.019.0,418.0,362.23926,15100.0,0.17534247,9.0,15832.0
2021.05.020.0,454.0,340.80576,15100.0,0.17260274,7.0,15777.0
2021.05.020.0,240.0,252.84752,16700.0,0.17260274,4.0,15777.0
2021.05.019.0,142.0,137.54103,17200.0,0.17534247,14.0,15832.0
2021.05.020.0,122.0,132.1542,17200.0,0.17260274,3.0,15777.0
2021.05.018.0,940.0,798.60913,15600.0,0.58082193,2.0,14491.0
2021.05.019.0,910.0,840.3981,15600.0,0.5780822,6.0,15358.0
2021.05.020.0,865.0,914.6953,15600.0,0.5753425,0.0,15302.0
2021.05.019.0,555.0,583.4708,15900.0,0.07945205,0.0,16082.0
2021.05.020.0,515.0,620.67883,15900.0,0.076712325,0.0,16023.0
2021.05.018.0,145.0,126.56056,18800.0,0.58082193,0.0,14491.0
2021.05.019.0,127.0,120.321075,18800.0,0.5780822,1.0,15358.0
2021.05.020.0,123.0,117.86455,18800.0,0.5753425,0.0,15302.0
2021.05.018.0,1050.0,888.3163,15400.0,0.58082193,2.0,14491.0
2021.05.019.0,1000.0,968.05383,15400.0,0.5780822,0.0,15358.0
2021.05.020.0,985.0,1091.7598,15400.0,0.5753425,0.0,15302.0
2021.05.019.0,4.5,-13.583832,19900.0,0.07945205,4.0,16082.0
2021.05.020.0,2.2000122,-16.16391,19900.0,0.076712325,0.0,16023.0
2021.05.018.0,7.899994,3.7936707,20300.0,0.1780822,0.0,14990.0
2021.05.019.0,7.899994,1.2366028,20300.0,0.17534247,0.0,15832.0
2021.05.020.0,4.399994,-2.1239014,20300.0,0.17260274,0.0,15777.0
2021.05.019.0,39.0,39.87274,20800.0,0.5780822,1.0,15358.0
2021.05.020.0,37.0,35.88315,20800.0,0.5753425,1.0,15302.0
2021.05.018.0,510.0,498.16064,15400.0,0.1780822,0.0,14990.0
2021.05.019.0,505.0,524.51746,15400.0,0.17534247,0.0,15832.0
2021.05.020.0,515.0,435.28363,15400.0,0.17260274,1.0,15777.0
2021.05.018.0,11.5,6.5701294,20000.0,0.1780822,0.0,14990.0
2021.05.019.0,11.5,3.6920166,20000.0,0.17534247,10.0,15832.0
2021.05.020.0,6.700012,-0.0630188,20000.0,0.17260274,4.0,15777.0
2021.05.019.0,472.0,505.61203,15300.0,0.17534247,0.0,15832.0
2021.05.020.0,510.0,427.6258,15300.0,0.17260274,10.0,15777.0
2021.05.018.0,1360.0,1323.2557,17000.0,0.1780822,0.0,14990.0
2021.05.019.0,1410.0,1423.5878,17000.0,0.17534247,0.0,15832.0
2021.05.020.0,1430.0,1358.6864,17000.0,0.17260274,0.0,15777.0
2021.05.018.0,1440.0,1388.0892,17100.0,0.1780822,0.0,14990.0
2021.05.019.0,1490.0,1492.4392,17100.0,0.17534247,0.0,15832.0
2021.05.020.0,1510.0,1438.4603,17100.0,0.17260274,0.0,15777.0
2021.05.020.0,9.100006,2.3843079,19700.0,0.17260274,0.0,15777.0
2021.05.018.0,1580.0,1465.1971,16800.0,0.33150685,0.0,14692.0
2021.05.019.0,1620.0,1573.7261,16800.0,0.32876712,0.0,15573.0
2021.05.020.0,1640.0,1545.7151,16800.0,0.3260274,0.0,15541.0
2021.05.018.0,1720.0,1552.1268,17000.0,0.33150685,0.0,14692.0
2021.05.019.0,1770.0,1667.1444,17000.0,0.32876712,0.0,15573.0
2021.05.020.0,1770.0,1663.1871,17000.0,0.3260274,0.0,15541.0
2021.05.018.0,1780.0,1889.8992,14200.0,0.33150685,0.0,14692.0
2021.05.019.0,1720.0,1773.0201,14200.0,0.32876712,0.0,15573.0
2021.05.020.0,1700.0,1735.2196,14200.0,0.3260274,0.0,15541.0
2021.05.018.0,1640.0,1741.316,14400.0,0.33150685,0.0,14692.0
2021.05.019.0,1570.0,1555.378,14400.0,0.32876712,0.0,15573.0
2021.05.020.0,1550.0,1559.2408,14400.0,0.3260274,0.0,15541.0
2021.05.018.0,1510.0,1501.3416,14600.0,0.33150685,0.0,14692.0
2021.05.019.0,1430.0,1338.164,14600.0,0.32876712,0.0,15573.0
2021.05.020.0,1390.0,1399.6528,14600.0,0.3260274,0.0,15541.0
2021.06.08.0,69.0,66.909134,17400.0,0.024657533,11350.0,17090.0
2021.06.09.0,27.0,55.76129,17400.0,0.021917805,4765.0,17090.0
2021.06.010.0,49.0,44.182373,17400.0,0.019178078,7926.0,16963.0
2021.06.08.0,33.0,13.712921,11200.0,0.2739726,16.0,16644.0
2021.06.09.0,34.0,14.321838,11200.0,0.27123287,0.0,16609.0
2021.06.010.0,28.0,15.42511,11200.0,0.26849315,12.0,16469.0
2021.06.08.0,44.5,19.373444,11800.0,0.2739726,0.0,16644.0
2021.06.09.0,39.0,20.122131,11800.0,0.27123287,0.0,16609.0
2021.06.010.0,39.0,21.24002,11800.0,0.26849315,17.0,16469.0
2021.06.08.0,49.0,21.726318,12000.0,0.2739726,4.0,16644.0
2021.06.09.0,44.5,22.410492,12000.0,0.27123287,0.0,16609.0
2021.06.010.0,35.0,23.528656,12000.0,0.26849315,5.0,16469.0
2021.06.08.0,54.0,24.33841,12200.0,0.2739726,3.0,16644.0
2021.06.09.0,52.0,25.113129,12200.0,0.27123287,2.0,16609.0
2021.06.010.0,40.5,26.456512,12200.0,0.26849315,72.999985,16469.0
2021.06.08.0,125.0,78.9415,14000.0,0.2739726,56.000015,16644.0
2021.06.09.0,125.0,78.053986,14000.0,0.27123287,0.0,16609.0
2021.06.010.0,99.0,78.90756,14000.0,0.26849315,1.0,16469.0
2021.06.08.0,0.2999878,-9.807312,9600.0,0.024657533,29.0,17090.0
2021.06.09.0,0.2999878,-8.933044,9600.0,0.021917805,57.999985,17090.0
2021.06.010.0,0.1000061,-8.328644,9600.0,0.019178078,196.0,16963.0
2021.06.08.0,0.3999939,-13.316772,10000.0,0.024657533,6.0,17090.0
2021.06.09.0,0.5,-13.019348,10000.0,0.021917805,7.0,17090.0
2021.06.010.0,0.3999939,-12.327728,10000.0,0.019178078,101.000015,16963.0
2021.06.08.0,1.0,-18.829163,11000.0,0.024657533,32.0,17090.0
2021.06.09.0,0.7999878,-18.42691,11000.0,0.021917805,8.0,17090.0
2021.06.010.0,0.1000061,-18.241272,11000.0,0.019178078,30.0,16963.0
2021.06.08.0,1.1000061,-19.84256,11400.0,0.024657533,0.0,17090.0
2021.06.09.0,0.5,-19.61905,11400.0,0.021917805,0.0,17090.0
2021.06.010.0,0.6000061,-19.610382,11400.0,0.019178078,6.0,16963.0
2021.06.08.0,0.6000061,-21.08551,11600.0,0.024657533,0.0,17090.0
2021.06.09.0,0.3999939,-21.36084,11600.0,0.021917805,255.0,17090.0
2021.06.010.0,0.1000061,-21.295807,11600.0,0.019178078,0.0,16963.0
2021.06.08.0,0.5,-22.803131,11800.0,0.024657533,600.0,17090.0
2021.06.09.0,1.2999878,-24.548462,11800.0,0.021917805,937.0,17090.0
2021.06.010.0,0.1000061,-23.768616,11800.0,0.019178078,1.0,16963.0
2021.06.08.0,0.8999939,-23.302216,12000.0,0.024657533,20.0,17090.0
2021.06.09.0,0.3999939,-24.86502,12000.0,0.021917805,1331.0,17090.0
2021.06.010.0,0.2999878,-24.919312,12000.0,0.019178078,17.0,16963.0
2021.06.08.0,1.0,-22.478912,12400.0,0.024657533,0.0,17090.0
2021.06.09.0,0.5,-22.2547,12400.0,0.021917805,1.0,17090.0
2021.06.010.0,0.2000122,-22.262848,12400.0,0.019178078,1.0,16963.0
2021.06.08.0,1.1000061,-23.451843,12600.0,0.024657533,44.0,17090.0
2021.06.09.0,0.7000122,-22.99121,12600.0,0.021917805,5.0,17090.0
2021.06.010.0,0.2000122,-22.789093,12600.0,0.019178078,1.0,16963.0
2021.06.08.0,1.3999939,-25.19403,13000.0,0.024657533,495.0,17090.0
2021.06.09.0,1.0,-24.528809,13000.0,0.021917805,14.0,17090.0
2021.06.010.0,0.2000122,-24.02118,13000.0,0.019178078,29.0,16963.0
2021.06.08.0,1.5,-23.037292,13600.0,0.024657533,113.0,17090.0
2021.06.09.0,1.1000061,-22.316101,13600.0,0.021917805,92.0,17090.0
2021.06.010.0,0.2999878,-22.161713,13600.0,0.019178078,70.0,16963.0
2021.06.08.0,3.2000122,-22.968048,13800.0,0.024657533,37.0,17090.0
2021.06.09.0,1.5,-22.115936,13800.0,0.021917805,80.0,17090.0
2021.06.010.0,0.2999878,-21.535614,13800.0,0.019178078,101.000015,16963.0
2021.06.08.0,2.5,-31.861145,14000.0,0.024657533,236.0,17090.0
2021.06.09.0,1.5,-29.269257,14000.0,0.021917805,87.999985,17090.0
2021.06.010.0,0.3999939,-27.356445,14000.0,0.019178078,318.0,16963.0
2021.06.08.0,3.0,-24.244873,14200.0,0.024657533,136.0,17090.0
2021.06.09.0,2.100006,-22.552734,14200.0,0.021917805,11.0,17090.0
2021.06.010.0,0.6000061,-21.219818,14200.0,0.019178078,43.0,16963.0
2021.06.08.0,2.600006,-21.274994,14400.0,0.024657533,123.0,17090.0
2021.06.09.0,2.7000122,-20.142334,14400.0,0.021917805,57.999985,17090.0
2021.06.010.0,0.7000122,-19.625763,14400.0,0.019178078,76.0,16963.0
2021.06.08.0,555.0,491.24496,16600.0,0.024657533,0.0,17090.0
2021.06.09.0,420.0,426.71072,16600.0,0.021917805,0.0,17090.0
2021.06.010.0,575.0,376.39233,16600.0,0.019178078,0.0,16963.0
2021.06.08.0,394.0,360.89764,16800.0,0.024657533,0.0,17090.0
2021.06.09.0,276.0,322.85846,16800.0,0.021917805,0.0,17090.0
2021.06.010.0,395.0,283.08066,16800.0,0.019178078,0.0,16963.0
2021.06.08.0,255.0,254.84521,17000.0,0.024657533,0.0,17090.0
2021.06.09.0,157.0,233.7888,17000.0,0.021917805,0.0,17090.0
2021.06.010.0,239.0,170.22874,17000.0,0.019178078,6488.0005,16963.0
2021.06.08.0,194.0,155.92415,17100.0,0.024657533,6053.9995,17090.0
2021.06.09.0,109.0,126.87578,17100.0,0.021917805,2636.0,17090.0
2021.06.010.0,172.0,95.9957,17100.0,0.019178078,8162.0,16963.0
2021.06.08.0,103.0,87.63968,17300.0,0.024657533,8525.0,17090.0
2021.06.09.0,45.5,69.658905,17300.0,0.021917805,5182.0,17090.0
2021.06.010.0,77.0,51.912994,17300.0,0.019178078,8728.0,16963.0
2021.06.08.0,12.5,18.636139,17800.0,0.024657533,2957.0,17090.0
2021.06.09.0,3.600006,14.259888,17800.0,0.021917805,1371.0,17090.0
2021.06.010.0,6.299988,1.813324,17800.0,0.019178078,3407.0,16963.0
2021.06.08.0,6.100006,-16.361298,18000.0,0.024657533,1823.0,17090.0
2021.06.09.0,1.8999939,-18.907776,18000.0,0.021917805,950.0,17090.0
2021.06.010.0,2.7999878,-22.144592,18000.0,0.019178078,1876.0,16963.0
2021.06.08.0,1.6000061,-14.237396,18800.0,0.024657533,5.0,17090.0
2021.06.09.0,1.0,-15.813416,18800.0,0.021917805,31.0,17090.0
2021.06.010.0,0.6000061,-17.62033,18800.0,0.019178078,0.0,16963.0
2021.06.08.0,0.1000061,-28.25653,19800.0,0.024657533,0.0,17090.0
2021.06.09.0,0.1000061,-27.68039,19800.0,0.021917805,0.0,17090.0
2021.06.010.0,0.1000061,-28.087128,19800.0,0.019178078,0.0,16963.0
2021.06.08.0,36.5,15.370392,11400.0,0.2739726,1.0,16644.0
2021.06.09.0,35.5,15.99588,11400.0,0.27123287,0.0,16609.0
2021.06.010.0,33.0,17.066467,11400.0,0.26849315,0.0,16469.0
2021.06.08.0,505.0,540.84644,17000.0,0.2739726,23.0,16644.0
2021.06.09.0,417.0,524.4087,17000.0,0.27123287,41.0,16609.0
2021.06.010.0,465.0,499.79718,17000.0,0.26849315,55.0,16469.0
2021.06.08.0,116.0,106.17641,18400.0,0.2739726,0.0,16644.0
2021.06.09.0,97.0,105.14397,18400.0,0.27123287,0.0,16609.0
2021.06.010.0,104.0,101.46199,18400.0,0.26849315,0.0,16469.0
2021.06.08.0,157.0,113.11554,12800.0,0.52328765,1.0,16460.0
2021.06.09.0,156.0,111.83885,12800.0,0.5205479,0.0,16423.0
2021.06.010.0,135.0,111.81523,12800.0,0.5178082,1.0,16274.0
2021.06.08.0,173.0,128.2043,13000.0,0.52328765,1.0,16460.0
2021.06.09.0,180.0,125.60242,13000.0,0.5205479,0.0,16423.0
2021.06.010.0,150.0,125.42467,13000.0,0.5178082,6.0,16274.0
2021.06.08.0,190.0,141.91325,13200.0,0.52328765,0.0,16460.0
2021.06.09.0,195.0,139.73299,13200.0,0.5205479,0.0,16423.0
2021.06.010.0,165.0,139.89764,13200.0,0.5178082,0.0,16274.0
2021.06.08.0,255.0,196.06949,13800.0,0.52328765,1.0,16460.0
2021.06.09.0,255.0,193.59131,13800.0,0.5205479,0.0,16423.0
2021.06.010.0,219.0,193.65556,13800.0,0.5178082,1.0,16274.0
2021.06.08.0,1180.0,1262.9167,16000.0,0.52328765,0.0,16460.0
2021.06.09.0,1090.0,1225.9683,16000.0,0.5205479,0.0,16423.0
2021.06.010.0,1180.0,1185.5245,16000.0,0.5178082,0.0,16274.0
2021.06.08.0,319.0,334.38974,18000.0,0.52328765,2.0,16460.0
2021.06.09.0,280.0,329.68027,18000.0,0.5205479,0.0,16423.0
2021.06.010.0,299.0,319.97488,18000.0,0.5178082,3.0,16274.0
2021.06.08.0,150.0,143.96027,19000.0,0.52328765,0.0,16460.0
2021.06.09.0,130.0,144.37314,19000.0,0.5205479,2.0,16423.0
2021.06.010.0,141.0,141.18732,19000.0,0.5178082,1.0,16274.0
2021.06.08.0,0.2999878,-10.404602,9800.0,0.024657533,0.0,17090.0
2021.06.09.0,0.3999939,-10.024261,9800.0,0.021917805,0.0,17090.0
2021.06.010.0,0.1000061,-9.161957,9800.0,0.019178078,2.0,16963.0
2021.06.08.0,0.6000061,-15.570435,10400.0,0.024657533,0.0,17090.0
2021.06.09.0,0.3999939,-15.421539,10400.0,0.021917805,0.0,17090.0
2021.06.010.0,0.1000061,-15.039185,10400.0,0.019178078,0.0,16963.0
2021.06.08.0,0.7999878,-22.567719,12200.0,0.024657533,123.0,17090.0
2021.06.09.0,0.7000122,-22.931366,12200.0,0.021917805,370.0,17090.0
2021.06.010.0,0.2000122,-22.709137,12200.0,0.019178078,4.0,16963.0
2021.06.08.0,1.8999939,-22.767975,12800.0,0.024657533,20.0,17090.0
2021.06.09.0,1.7999878,-22.330902,12800.0,0.021917805,4.0,17090.0
2021.06.010.0,0.2000122,-21.95224,12800.0,0.019178078,22.0,16963.0
2021.06.08.0,2.7000122,-22.555786,13200.0,0.024657533,2.0,17090.0
2021.06.09.0,0.3999939,-22.006409,13200.0,0.021917805,3.0,17090.0
2021.06.010.0,0.2999878,-21.829803,13200.0,0.019178078,4.0,16963.0
2021.06.08.0,2.2000122,-22.699402,13400.0,0.024657533,30.0,17090.0
2021.06.09.0,1.3999939,-22.15329,13400.0,0.021917805,12.0,17090.0
2021.06.010.0,0.2000122,-21.852509,13400.0,0.019178078,5.0,16963.0
2021.06.08.0,1.7999878,-22.522278,13900.0,0.024657533,22.0,17090.0
2021.06.09.0,1.5,-21.45108,13900.0,0.021917805,23.0,17090.0
2021.06.010.0,0.2999878,-20.917847,13900.0,0.019178078,11.0,16963.0
2021.06.08.0,3.2000122,-29.35315,14500.0,0.024657533,222.0,17090.0
2021.06.09.0,2.2999878,-26.500946,14500.0,0.021917805,36.0,17090.0
2021.06.010.0,0.6000061,-24.454163,14500.0,0.019178078,202.0,16963.0
2021.06.08.0,3.5,-20.802032,14600.0,0.024657533,87.999985,17090.0
2021.06.09.0,2.5,-19.07846,14600.0,0.021917805,35.0,17090.0
2021.06.010.0,0.7999878,-18.275146,14600.0,0.019178078,179.0,16963.0
2021.06.08.0,3.899994,-27.705719,14800.0,0.024657533,219.0,17090.0
2021.06.09.0,2.600006,-24.600311,14800.0,0.021917805,110.0,17090.0
2021.06.010.0,0.8999939,-22.480682,14800.0,0.019178078,396.0,16963.0
2021.06.08.0,4.5,-35.90988,15000.0,0.024657533,1827.0,17090.0
2021.06.09.0,3.2000122,-35.14865,15000.0,0.021917805,550.0,17090.0
2021.06.010.0,1.2000122,-35.460876,15000.0,0.019178078,1075.0,16963.0
2021.06.08.0,7.0,-20.043182,15400.0,0.024657533,367.0,17090.0
2021.06.09.0,4.700012,-18.342346,15400.0,0.021917805,996.0,17090.0
2021.06.010.0,1.7999878,-17.763702,15400.0,0.019178078,589.0,16963.0
2021.06.08.0,8.5,-25.172302,15500.0,0.024657533,1729.0,17090.0
2021.06.09.0,5.600006,-23.55841,15500.0,0.021917805,601.0,17090.0
2021.06.010.0,1.8999939,-23.436127,15500.0,0.019178078,944.0,16963.0
2021.06.08.0,9.0,-27.480194,15600.0,0.024657533,1398.0,17090.0
2021.06.09.0,6.600006,-26.216522,15600.0,0.021917805,418.0,17090.0
2021.06.010.0,2.2000122,-25.677917,15600.0,0.019178078,630.0,16963.0
2021.06.08.0,10.5,-22.599518,15700.0,0.024657533,2025.0,17090.0
2021.06.09.0,8.299988,-21.778748,15700.0,0.021917805,1572.0,17090.0
2021.06.010.0,2.5,-22.634766,15700.0,0.019178078,1226.0,16963.0
2021.06.08.0,13.0,-26.337494,15800.0,0.024657533,5140.0,17090.0
2021.06.09.0,9.799988,-25.27591,15800.0,0.021917805,909.0,17090.0
2021.06.010.0,3.0,-26.349518,15800.0,0.019178078,3081.0,16963.0
2021.06.08.0,15.0,-16.637024,15900.0,0.024657533,1121.0,17090.0
2021.06.09.0,12.0,-12.776825,15900.0,0.021917805,629.0,17090.0
2021.06.010.0,3.2999878,-11.876038,15900.0,0.019178078,1990.0,16963.0
2021.06.08.0,18.5,-27.956635,16000.0,0.024657533,4831.0,17090.0
2021.06.09.0,15.0,-29.000824,16000.0,0.021917805,2375.0,17090.0
2021.06.010.0,3.7000122,-30.155945,16000.0,0.019178078,5841.0,16963.0
2021.06.08.0,22.0,-18.031525,16100.0,0.024657533,1736.0,17090.0
2021.06.09.0,19.5,-16.047241,16100.0,0.021917805,1077.0,17090.0
2021.06.010.0,4.700012,-15.615173,16100.0,0.019178078,2422.0,16963.0
2021.06.08.0,35.0,-12.567932,16300.0,0.024657533,2239.0,17090.0
2021.06.09.0,33.5,-16.183044,16300.0,0.021917805,885.0,17090.0
2021.06.010.0,6.799988,-16.92566,16300.0,0.019178078,2975.0,16963.0
2021.06.08.0,477.0,419.47656,16700.0,0.024657533,0.0,17090.0
2021.06.09.0,353.0,362.6388,16700.0,0.021917805,0.0,17090.0
2021.06.010.0,485.0,315.31998,16700.0,0.019178078,0.0,16963.0
2021.06.08.0,143.0,125.31987,17200.0,0.024657533,7834.0,17090.0
2021.06.09.0,72.0,99.44617,17200.0,0.021917805,4024.0,17090.0
2021.06.010.0,119.0,76.70009,17200.0,0.019178078,7501.0,16963.0
2021.06.08.0,46.0,54.417755,17500.0,0.024657533,10133.0,17090.0
2021.06.09.0,15.5,47.022552,17500.0,0.021917805,5050.0,17090.0
2021.06.010.0,29.0,38.742737,17500.0,0.019178078,10308.0,16963.0
2021.06.08.0,29.5,57.325745,17600.0,0.024657533,5030.0,17090.0
2021.06.09.0,9.0,47.908356,17600.0,0.021917805,3451.0,17090.0
2021.06.010.0,17.5,32.25244,17600.0,0.019178078,5854.0005,16963.0
2021.06.08.0,19.5,39.470123,17700.0,0.024657533,2901.0,17090.0
2021.06.09.0,5.299988,34.250977,17700.0,0.021917805,2095.0,17090.0
2021.06.010.0,10.5,17.263367,17700.0,0.019178078,5005.0,16963.0
2021.06.08.0,2.5,-10.065033,18400.0,0.024657533,12.0,17090.0
2021.06.09.0,1.0,-11.227692,18400.0,0.021917805,6.0,17090.0
2021.06.010.0,1.1000061,-12.192871,18400.0,0.019178078,107.0,16963.0
2021.06.08.0,56.0,27.362183,12400.0,0.2739726,2.0,16644.0
2021.06.09.0,56.0,27.663086,12400.0,0.27123287,16.0,16609.0
2021.06.010.0,43.0,28.8656,12400.0,0.26849315,0.0,16469.0
2021.06.08.0,69.0,34.225616,12800.0,0.2739726,0.0,16644.0
2021.06.09.0,65.0,34.70346,12800.0,0.27123287,0.0,16609.0
2021.06.010.0,49.0,35.958252,12800.0,0.26849315,5.0,16469.0
2021.06.08.0,76.0,38.72635,13000.0,0.2739726,10.0,16644.0
2021.06.09.0,72.0,39.2507,13000.0,0.27123287,0.0,16609.0
2021.06.010.0,55.0,40.646973,13000.0,0.26849315,0.0,16469.0
2021.06.08.0,85.0,44.73111,13200.0,0.2739726,1.0,16644.0
2021.06.09.0,80.0,44.90915,13200.0,0.27123287,0.0,16609.0
2021.06.010.0,60.999985,46.209656,13200.0,0.26849315,0.0,16469.0
2021.06.08.0,135.0,89.22629,14200.0,0.2739726,4.0,16644.0
2021.06.09.0,146.0,88.19391,14200.0,0.27123287,2.0,16609.0
2021.06.010.0,120.0,89.83351,14200.0,0.26849315,1.0,16469.0
2021.06.08.0,160.0,104.07823,14400.0,0.2739726,0.0,16644.0
2021.06.09.0,160.0,102.82736,14400.0,0.27123287,0.0,16609.0
2021.06.010.0,139.0,104.11899,14400.0,0.26849315,1.0,16469.0
2021.06.08.0,235.0,156.21254,15000.0,0.2739726,16.0,16644.0
2021.06.09.0,258.0,156.55846,15000.0,0.27123287,61.0,16609.0
2021.06.010.0,188.0,160.94366,15000.0,0.26849315,52.0,16469.0
2021.06.08.0,570.0,645.12537,16800.0,0.2739726,10.0,16644.0
2021.06.09.0,510.0,628.0876,16800.0,0.27123287,30.0,16609.0
2021.06.010.0,575.0,594.1695,16800.0,0.26849315,5.0,16469.0
2021.06.08.0,421.0,448.54718,17200.0,0.2739726,3.0,16644.0
2021.06.09.0,341.0,429.409,17200.0,0.27123287,0.0,16609.0
2021.06.010.0,387.0,406.25366,17200.0,0.26849315,38.0,16469.0
2021.06.08.0,187.0,179.74887,18000.0,0.2739726,12.0,16644.0
2021.06.09.0,155.0,175.42616,18000.0,0.27123287,23.0,16609.0
2021.06.010.0,170.0,168.11613,18000.0,0.26849315,2.0,16469.0
2021.06.08.0,49.0,34.56967,19200.0,0.2739726,21.0,16644.0
2021.06.09.0,45.0,34.647247,19200.0,0.27123287,0.0,16609.0
2021.06.010.0,41.5,34.295105,19200.0,0.26849315,1.0,16469.0
2021.06.08.0,31.5,12.392883,19800.0,0.2739726,3.0,16644.0
2021.06.09.0,29.0,12.894257,19800.0,0.27123287,0.0,16609.0
2021.06.010.0,24.5,13.054749,19800.0,0.26849315,0.0,16469.0
2021.06.08.0,208.0,157.51703,13400.0,0.52328765,0.0,16460.0
2021.06.09.0,212.0,155.73468,13400.0,0.5205479,6.0,16423.0
2021.06.010.0,181.0,155.6492,13400.0,0.5178082,0.0,16274.0
2021.06.08.0,282.0,217.38104,14000.0,0.52328765,7.0,16460.0
2021.06.09.0,297.0,214.82898,14000.0,0.5205479,0.0,16423.0
2021.06.010.0,242.0,216.19545,14000.0,0.5178082,1.0,16274.0
2021.06.08.0,510.0,413.61792,15200.0,0.52328765,0.0,16460.0
2021.06.09.0,535.0,412.23895,15200.0,0.5205479,0.0,16423.0
2021.06.010.0,450.0,417.75732,15200.0,0.5178082,1.0,16274.0
2021.06.08.0,70.0,62.275894,20000.0,0.52328765,0.0,16460.0
2021.06.09.0,59.999985,62.565765,20000.0,0.5205479,4.0,16423.0
2021.06.010.0,63.0,61.597702,20000.0,0.5178082,8.0,16274.0
2021.06.08.0,1.1000061,-19.57602,11200.0,0.024657533,0.0,17090.0
2021.06.09.0,0.3999939,-18.963348,11200.0,0.021917805,0.0,17090.0
2021.06.010.0,2.399994,-18.993805,11200.0,0.019178078,0.0,16963.0
2021.06.08.0,1.7000122,-22.621582,13700.0,0.024657533,22.0,17090.0
2021.06.09.0,1.6000061,-21.743408,13700.0,0.021917805,120.0,17090.0
2021.06.010.0,0.2000122,-21.328003,13700.0,0.019178078,8.0,16963.0
2021.06.08.0,2.600006,-23.840088,14300.0,0.024657533,72.000015,17090.0
2021.06.09.0,1.8999939,-22.212189,14300.0,0.021917805,31.0,17090.0
2021.06.010.0,0.6000061,-20.971039,14300.0,0.019178078,46.0,16963.0
2021.06.08.0,3.899994,-21.446167,14700.0,0.024657533,150.0,17090.0
2021.06.09.0,2.600006,-19.125183,14700.0,0.021917805,78.0,17090.0
2021.06.010.0,0.7000122,-18.34616,14700.0,0.019178078,161.0,16963.0
2021.06.08.0,4.0,-21.665314,14900.0,0.024657533,291.0,17090.0
2021.06.09.0,2.600006,-19.69989,14900.0,0.021917805,389.0,17090.0
2021.06.010.0,1.1000061,-19.031982,14900.0,0.019178078,134.0,16963.0
2021.06.08.0,5.600006,-32.398315,15200.0,0.024657533,1016.0,17090.0
2021.06.09.0,4.200012,-31.45636,15200.0,0.021917805,1184.0,17090.0
2021.06.010.0,1.5,-31.001465,15200.0,0.019178078,256.0,16963.0
2021.06.08.0,6.200012,-25.494873,15300.0,0.024657533,450.0,17090.0
2021.06.09.0,4.899994,-24.297943,15300.0,0.021917805,1477.0,17090.0
2021.06.010.0,1.6000061,-23.062958,15300.0,0.019178078,466.0,16963.0
2021.06.08.0,27.0,-18.700623,16200.0,0.024657533,2589.0,17090.0
2021.06.09.0,25.0,-21.680511,16200.0,0.021917805,2819.0,17090.0
2021.06.010.0,5.600006,-22.686462,16200.0,0.019178078,5526.0,16963.0
2021.06.08.0,43.0,-8.614502,16400.0,0.024657533,3640.0,17090.0
2021.06.09.0,41.0,-13.178772,16400.0,0.021917805,2606.0,17090.0
2021.06.010.0,9.299988,-11.149658,16400.0,0.019178078,5222.0,16963.0
2021.06.08.0,53.0,-0.3119812,16500.0,0.024657533,7371.0,17090.0
2021.06.09.0,54.0,0.18341064,16500.0,0.021917805,2263.0,17090.0
2021.06.010.0,12.5,-0.72335815,16500.0,0.019178078,8276.0,16963.0
2021.06.08.0,67.0,12.104279,16600.0,0.024657533,6887.0,17090.0
2021.06.09.0,70.0,11.468506,16600.0,0.021917805,2308.0,17090.0
2021.06.010.0,17.5,8.853363,16600.0,0.019178078,5326.0,16963.0
2021.06.08.0,3.2999878,-12.0914,18200.0,0.024657533,125.0,17090.0
2021.06.09.0,1.5,-14.190887,18200.0,0.021917805,323.0,17090.0
2021.06.010.0,1.6000061,-16.97705,18200.0,0.019178078,816.0,16963.0
2021.06.08.0,104.0,58.72928,13600.0,0.2739726,1.0,16644.0
2021.06.09.0,98.0,59.076263,13600.0,0.27123287,0.0,16609.0
2021.06.010.0,82.0,60.347275,13600.0,0.26849315,1.0,16469.0
2021.06.08.0,300.0,213.8851,15400.0,0.2739726,15.0,16644.0
2021.06.09.0,297.0,213.78003,15400.0,0.27123287,4.0,16609.0
2021.06.010.0,245.0,216.60461,15400.0,0.26849315,0.0,16469.0
2021.06.08.0,344.0,250.40672,15600.0,0.2739726,0.0,16644.0
2021.06.09.0,354.0,250.88893,15600.0,0.27123287,0.0,16609.0
2021.06.010.0,282.0,255.53989,15600.0,0.26849315,0.0,16469.0
2021.06.08.0,139.0,137.5494,18200.0,0.2739726,1.0,16644.0
2021.06.09.0,125.0,135.07664,18200.0,0.27123287,3.0,16609.0
2021.06.010.0,131.0,130.01208,18200.0,0.26849315,0.0,16469.0
2021.06.08.0,26.5,8.096466,20000.0,0.2739726,4.0,16644.0
2021.06.09.0,23.0,8.585144,20000.0,0.27123287,0.0,16609.0
2021.06.010.0,21.5,8.456207,20000.0,0.26849315,2.0,16469.0
2021.06.08.0,735.0,807.9811,16800.0,0.52328765,0.0,16460.0
2021.06.09.0,665.0,794.2079,16800.0,0.5205479,5.0,16423.0
2021.06.010.0,740.0,754.51624,16800.0,0.5178082,2.0,16274.0
2021.06.08.0,494.0,550.4648,17400.0,0.52328765,1.0,16460.0
2021.06.09.0,420.0,544.35144,17400.0,0.5205479,0.0,16423.0
2021.06.010.0,484.0,516.84644,17400.0,0.5178082,0.0,16274.0
2021.06.08.0,95.0,88.36783,19600.0,0.52328765,0.0,16460.0
2021.06.09.0,83.0,88.39905,19600.0,0.5205479,0.0,16423.0
2021.06.010.0,82.0,86.7164,19600.0,0.5178082,1.0,16274.0
2021.06.08.0,0.7999878,-16.665527,10600.0,0.024657533,0.0,17090.0
2021.06.09.0,0.2000122,-16.63559,10600.0,0.021917805,0.0,17090.0
2021.06.010.0,0.1000061,-16.336884,10600.0,0.019178078,21.0,16963.0
2021.06.08.0,0.8999939,-17.463562,10800.0,0.024657533,7.0,17090.0
2021.06.09.0,0.8999939,-17.274872,10800.0,0.021917805,0.0,17090.0
2021.06.010.0,0.1000061,-17.097473,10800.0,0.019178078,10.0,16963.0
2021.06.08.0,2.2000122,-25.054657,14100.0,0.024657533,136.0,17090.0
2021.06.09.0,1.7000122,-23.494446,14100.0,0.021917805,66.0,17090.0
2021.06.010.0,0.2999878,-22.328522,14100.0,0.019178078,9.0,16963.0
2021.06.08.0,325.0,315.90292,16900.0,0.024657533,0.0,17090.0
2021.06.09.0,211.0,276.17914,16900.0,0.021917805,0.0,17090.0
2021.06.010.0,311.0,243.0397,16900.0,0.019178078,0.0,16963.0
2021.06.08.0,8.5,5.7297363,17900.0,0.024657533,841.0,17090.0
2021.06.09.0,2.2999878,2.408905,17900.0,0.021917805,423.0,17090.0
2021.06.010.0,4.0,-4.237091,17900.0,0.019178078,1105.0,16963.0
2021.06.08.0,4.200012,-11.887665,18100.0,0.024657533,292.0,17090.0
2021.06.09.0,1.6000061,-13.903046,18100.0,0.021917805,249.0,17090.0
2021.06.010.0,1.8999939,-16.594482,18100.0,0.019178078,806.0,16963.0
2021.06.08.0,2.7999878,-11.161194,18300.0,0.024657533,5.0,17090.0
2021.06.09.0,1.2999878,-12.04834,18300.0,0.021917805,14.0,17090.0
2021.06.010.0,1.2999878,-13.172485,18300.0,0.019178078,208.0,16963.0
2021.06.08.0,3.399994,-12.157776,18500.0,0.024657533,53.0,17090.0
2021.06.09.0,1.0,-14.68161,18500.0,0.021917805,13.0,17090.0
2021.06.010.0,1.0,-16.815277,18500.0,0.019178078,240.0,16963.0
2021.06.08.0,2.100006,-12.274048,18600.0,0.024657533,0.0,17090.0
2021.06.09.0,1.5,-13.544739,18600.0,0.021917805,0.0,17090.0
2021.06.010.0,0.7999878,-15.840027,18600.0,0.019178078,20.0,16963.0
2021.06.08.0,1.5,-17.992035,19000.0,0.024657533,48.0,17090.0
2021.06.09.0,1.2000122,-19.690277,19000.0,0.021917805,0.0,17090.0
2021.06.010.0,0.3999939,-22.263947,19000.0,0.019178078,1.0,16963.0
2021.06.08.0,62.0,30.547516,12600.0,0.2739726,1.0,16644.0
2021.06.09.0,59.999985,31.010101,12600.0,0.27123287,0.0,16609.0
2021.06.010.0,48.0,32.218506,12600.0,0.26849315,4.0,16469.0
2021.06.08.0,203.0,135.25555,14800.0,0.2739726,0.0,16644.0
2021.06.09.0,203.0,135.17683,14800.0,0.27123287,1.0,16609.0
2021.06.010.0,185.0,137.7485,14800.0,0.26849315,1.0,16469.0
2021.06.08.0,280.0,289.13885,17600.0,0.2739726,1.0,16644.0
2021.06.09.0,256.0,281.4353,17600.0,0.27123287,20.0,16609.0
2021.06.010.0,260.0,271.23334,17600.0,0.26849315,1.0,16469.0
2021.06.08.0,22.0,3.5690613,20200.0,0.2739726,1.0,16644.0
2021.06.09.0,20.5,4.021637,20200.0,0.27123287,0.0,16609.0
2021.06.010.0,19.0,4.2046204,20200.0,0.26849315,0.0,16469.0
2021.06.08.0,461.0,363.62137,15000.0,0.52328765,6.0,16460.0
2021.06.09.0,469.0,365.0747,15000.0,0.5205479,0.0,16423.0
2021.06.010.0,406.0,370.49457,15000.0,0.5178082,21.0,16274.0
2021.06.08.0,575.0,611.4674,17200.0,0.52328765,3.0,16460.0
2021.06.09.0,495.0,598.9475,17200.0,0.5205479,2.0,16423.0
2021.06.010.0,520.0,578.0366,17200.0,0.5178082,0.0,16274.0
2021.06.08.0,60.999985,54.32544,20200.0,0.52328765,0.0,16460.0
2021.06.09.0,52.0,54.151123,20200.0,0.5205479,0.0,16423.0
2021.06.010.0,55.0,52.899353,20200.0,0.5178082,0.0,16274.0
2021.06.08.0,5.0,-24.181213,15100.0,0.024657533,407.0,17090.0
2021.06.09.0,3.7999878,-22.245667,15100.0,0.021917805,652.0,17090.0
2021.06.010.0,1.2999878,-21.08545,15100.0,0.019178078,259.0,16963.0
2021.06.08.0,1.5,-16.573486,18900.0,0.024657533,0.0,17090.0
2021.06.09.0,0.8999939,-17.897034,18900.0,0.021917805,0.0,17090.0
2021.06.010.0,0.5,-19.89975,18900.0,0.019178078,90.0,16963.0
2021.06.08.0,275.0,186.00905,15200.0,0.2739726,0.0,16644.0
2021.06.09.0,261.0,185.54192,15200.0,0.27123287,2.0,16609.0
2021.06.010.0,213.0,189.36557,15200.0,0.26849315,0.0,16469.0
2021.06.08.0,394.0,283.203,15800.0,0.2739726,1.0,16644.0
2021.06.09.0,418.0,284.69046,15800.0,0.27123287,0.0,16609.0
2021.06.010.0,377.0,293.40762,15800.0,0.26849315,0.0,16469.0
2021.06.08.0,450.0,335.88617,16000.0,0.2739726,31.0,16644.0
2021.06.09.0,490.0,333.3403,16000.0,0.27123287,50.0,16609.0
2021.06.010.0,387.0,339.23312,16000.0,0.26849315,21.0,16469.0
2021.06.08.0,66.0,47.307404,19000.0,0.2739726,1.0,16644.0
2021.06.09.0,54.0,47.881622,19000.0,0.27123287,1.0,16609.0
2021.06.010.0,47.5,46.89212,19000.0,0.26849315,2.0,16469.0
2021.06.08.0,418.0,344.6169,14800.0,0.52328765,0.0,16460.0
2021.06.09.0,428.0,340.3996,14800.0,0.5205479,0.0,16423.0
2021.06.010.0,370.0,337.94046,14800.0,0.5178082,0.0,16274.0
2021.06.08.0,239.0,241.99063,18400.0,0.52328765,0.0,16460.0
2021.06.09.0,202.0,241.7074,18400.0,0.5205479,0.0,16423.0
2021.06.010.0,213.0,234.34886,18400.0,0.5178082,0.0,16274.0
2021.06.08.0,84.0,26.320862,16700.0,0.024657533,3697.0,17090.0
2021.06.09.0,91.0,23.762604,16700.0,0.021917805,2286.0,17090.0
2021.06.010.0,25.5,21.821838,16700.0,0.019178078,7465.0,16963.0
2021.06.08.0,40.5,17.383484,11600.0,0.2739726,0.0,16644.0
2021.06.09.0,37.5,18.007599,11600.0,0.27123287,0.0,16609.0
2021.06.010.0,32.0,19.012238,11600.0,0.26849315,0.0,16469.0
2021.06.08.0,18.5,0.44296265,20400.0,0.2739726,0.0,16644.0
2021.06.09.0,18.0,0.8351135,20400.0,0.27123287,0.0,16609.0
2021.06.010.0,17.0,0.9290161,20400.0,0.26849315,0.0,16469.0
2021.06.08.0,680.0,575.5631,15800.0,0.52328765,6.0,16460.0
2021.06.09.0,720.0,581.6233,15800.0,0.5205479,0.0,16423.0
2021.06.010.0,620.0,589.51654,15800.0,0.5178082,0.0,16274.0
2021.06.08.0,1.6000061,-23.309143,19200.0,0.024657533,10.0,17090.0
2021.06.09.0,0.2999878,-25.254456,19200.0,0.021917805,1.0,17090.0
2021.06.010.0,0.5,-25.969666,19200.0,0.019178078,2.0,16963.0
2021.06.08.0,800.0,873.8793,16400.0,0.2739726,0.0,16644.0
2021.06.09.0,730.0,836.8296,16400.0,0.27123287,0.0,16609.0
2021.06.010.0,805.0,798.635,16400.0,0.26849315,0.0,16469.0
2021.06.08.0,228.0,228.6236,17800.0,0.2739726,7.0,16644.0
2021.06.09.0,189.0,222.72307,17800.0,0.27123287,50.0,16609.0
2021.06.010.0,190.0,213.17403,17800.0,0.26849315,0.0,16469.0
2021.06.08.0,45.5,26.182617,19400.0,0.2739726,0.0,16644.0
2021.06.09.0,37.5,26.790466,19400.0,0.27123287,0.0,16609.0
2021.06.010.0,32.5,26.488495,19400.0,0.26849315,1.0,16469.0
2021.06.08.0,615.0,520.5768,15600.0,0.52328765,0.0,16460.0
2021.06.09.0,655.0,520.9182,15600.0,0.5205479,4.0,16423.0
2021.06.010.0,555.0,527.04596,15600.0,0.5178082,0.0,16274.0
2021.06.08.0,650.0,700.1002,17000.0,0.52328765,1.0,16460.0
2021.06.09.0,575.0,687.54974,17000.0,0.5205479,0.0,16423.0
2021.06.010.0,655.0,658.5509,17000.0,0.5178082,0.0,16274.0
2021.06.08.0,370.0,403.98593,17800.0,0.52328765,0.0,16460.0
2021.06.09.0,327.0,399.79706,17800.0,0.5205479,11.0,16423.0
2021.06.010.0,310.0,383.79453,17800.0,0.5178082,4.0,16274.0
2021.06.08.0,0.5,-14.609802,10200.0,0.024657533,3.0,17090.0
2021.06.09.0,0.3999939,-14.485016,10200.0,0.021917805,0.0,17090.0
2021.06.010.0,0.7000122,-14.033661,10200.0,0.019178078,0.0,16963.0
2021.06.08.0,0.1000061,-25.926575,19600.0,0.024657533,0.0,17090.0
2021.06.09.0,0.1000061,-25.209717,19600.0,0.021917805,0.0,17090.0
2021.06.010.0,0.1000061,-25.425995,19600.0,0.019178078,0.0,16963.0
2021.06.08.0,97.0,80.29167,18600.0,0.2739726,1.0,16644.0
2021.06.09.0,80.0,80.3472,18600.0,0.27123287,0.0,16609.0
2021.06.010.0,83.0,78.25801,18600.0,0.26849315,1.0,16469.0
2021.06.08.0,690.0,763.77515,16600.0,0.2739726,0.0,16644.0
2021.06.09.0,620.0,729.5438,16600.0,0.27123287,0.0,16609.0
2021.06.010.0,675.0,676.7815,16600.0,0.26849315,9.0,16469.0
2021.06.08.0,346.0,366.72577,17400.0,0.2739726,17.0,16644.0
2021.06.09.0,275.0,357.89246,17400.0,0.27123287,0.0,16609.0
2021.06.010.0,329.0,339.37503,17400.0,0.26849315,46.0,16469.0
2021.06.08.0,1300.0,1299.253,15800.0,0.024657533,0.0,17090.0
2021.06.09.0,1170.0,1198.7434,15800.0,0.021917805,0.0,17090.0
2021.06.010.0,1360.0,1150.5929,15800.0,0.019178078,0.0,16963.0
2021.06.08.0,915.0,881.5221,16200.0,0.024657533,0.0,17090.0
2021.06.09.0,785.0,793.9478,16200.0,0.021917805,0.0,17090.0
2021.06.010.0,960.0,750.87366,16200.0,0.019178078,0.0,16963.0
2021.06.08.0,189.0,118.69333,14600.0,0.2739726,0.0,16644.0
2021.06.09.0,196.0,121.321075,14600.0,0.27123287,1.0,16609.0
2021.06.010.0,160.0,123.799835,14600.0,0.26849315,20.0,16469.0
2021.06.08.0,1220.0,1320.7001,15800.0,0.2739726,0.0,16644.0
2021.06.09.0,1120.0,1282.2554,15800.0,0.27123287,0.0,16609.0
2021.06.010.0,1220.0,1252.81,15800.0,0.26849315,0.0,16469.0
2021.06.08.0,930.0,1015.7925,16200.0,0.2739726,0.0,16644.0
2021.06.09.0,865.0,975.45776,16200.0,0.27123287,0.0,16609.0
2021.06.010.0,940.0,937.68176,16200.0,0.26849315,0.0,16469.0
2021.06.08.0,0.1000061,-22.911041,19300.0,0.024657533,2.0,17090.0
2021.06.09.0,0.1000061,-21.774048,19300.0,0.021917805,0.0,17090.0
2021.06.010.0,0.2999878,-21.497345,19300.0,0.019178078,0.0,16963.0
2021.06.08.0,0.1000061,-23.844177,19400.0,0.024657533,0.0,17090.0
2021.06.09.0,2.100006,-22.730865,19400.0,0.021917805,0.0,17090.0
2021.06.010.0,0.1000061,-26.838806,19400.0,0.019178078,1.0,16963.0
2021.06.08.0,500.0,376.75046,16200.0,0.2739726,32.0,16644.0
2021.06.09.0,560.0,379.6994,16200.0,0.27123287,32.0,16609.0
2021.06.010.0,455.0,391.19687,16200.0,0.26849315,1.0,16469.0
2021.06.08.0,755.0,619.4557,16000.0,0.52328765,0.0,16460.0
2021.06.09.0,785.0,627.569,16000.0,0.5205479,0.0,16423.0
2021.06.010.0,690.0,640.77484,16000.0,0.5178082,0.0,16274.0
2021.06.08.0,54.0,44.714996,20400.0,0.52328765,0.0,16460.0
2021.06.09.0,45.0,44.99765,20400.0,0.5205479,0.0,16423.0
2021.06.010.0,49.0,44.226013,20400.0,0.5178082,0.0,16274.0
2021.06.08.0,105.0,39.94934,16800.0,0.024657533,6632.0,17090.0
2021.06.09.0,119.0,38.441772,16800.0,0.021917805,2342.0,17090.0
2021.06.010.0,36.0,33.50891,16800.0,0.019178078,5697.0,16963.0
2021.06.08.0,111.0,103.59364,19400.0,0.52328765,1.0,16460.0
2021.06.09.0,97.0,103.17981,19400.0,0.5205479,0.0,16423.0
2021.06.010.0,96.0,101.40373,19400.0,0.5178082,0.0,16274.0
2021.06.08.0,131.0,61.76335,16900.0,0.024657533,3551.0,17090.0
2021.06.09.0,154.0,59.518585,16900.0,0.021917805,2251.0,17090.0
2021.06.010.0,55.0,57.092804,16900.0,0.019178078,5119.0,16963.0
2021.06.08.0,165.0,78.61015,17000.0,0.024657533,4653.0,17090.0
2021.06.09.0,199.0,73.66914,17000.0,0.021917805,3237.9998,17090.0
2021.06.010.0,79.0,88.40878,17000.0,0.019178078,0.0,16963.0
2021.06.08.0,94.0,51.47693,13400.0,0.2739726,2.0,16644.0
2021.06.09.0,88.0,51.799835,13400.0,0.27123287,0.0,16609.0
2021.06.010.0,74.0,53.06894,13400.0,0.26849315,0.0,16469.0
2021.06.08.0,1110.0,1081.1185,16000.0,0.024657533,0.0,17090.0
2021.06.09.0,975.0,983.682,16000.0,0.021917805,0.0,17090.0
2021.06.010.0,1160.0,967.9324,16000.0,0.019178078,0.0,16963.0
2021.06.08.0,735.0,657.44305,16400.0,0.024657533,0.0,17090.0
2021.06.09.0,605.0,579.08875,16400.0,0.021917805,0.0,17090.0
2021.06.010.0,765.0,528.7435,16400.0,0.019178078,0.0,16963.0
2021.06.08.0,1530.0,1671.1073,15400.0,0.2739726,0.0,16644.0
2021.06.09.0,1400.0,1644.0471,15400.0,0.27123287,0.0,16609.0
2021.06.010.0,1530.0,1616.462,15400.0,0.26849315,0.0,16469.0
2021.06.08.0,1700.0,1786.0455,15400.0,0.024657533,0.0,17090.0
2021.06.09.0,1560.0,1750.7711,15400.0,0.021917805,0.0,17090.0
2021.06.010.0,1760.0,1676.9476,15400.0,0.019178078,0.0,16963.0
2021.06.08.0,1860.0,1966.1963,15000.0,0.2739726,0.0,16644.0
2021.06.09.0,1730.0,1969.2161,15000.0,0.27123287,0.0,16609.0
2021.06.010.0,1870.0,1967.0135,15000.0,0.26849315,0.0,16469.0
2021.06.08.0,1370.0,1500.326,15600.0,0.2739726,0.0,16644.0
2021.06.09.0,1260.0,1458.9615,15600.0,0.27123287,0.0,16609.0
2021.06.010.0,1370.0,1423.1848,15600.0,0.26849315,0.0,16469.0
2021.06.08.0,2290.0,2012.2692,14800.0,0.024657533,0.0,17090.0
2021.06.09.0,2160.0,2008.382,14800.0,0.021917805,0.0,17090.0
2021.06.010.0,2360.0,1994.828,14800.0,0.019178078,0.0,16963.0
2021.06.08.0,2090.0,1995.9003,15000.0,0.024657533,0.0,17090.0
2021.06.09.0,1960.0,1989.6625,15000.0,0.021917805,0.0,17090.0
2021.06.010.0,2160.0,1958.8079,15000.0,0.019178078,0.0,16963.0
2021.06.08.0,116.0,69.71971,13800.0,0.2739726,1.0,16644.0
2021.06.09.0,111.0,69.36705,13800.0,0.27123287,12.0,16609.0
2021.06.010.0,80.0,70.099075,13800.0,0.26849315,0.0,16469.0
2021.06.08.0,2030.0,2004.5231,14800.0,0.2739726,0.0,16644.0
2021.06.09.0,1900.0,2005.6921,14800.0,0.27123287,0.0,16609.0
2021.06.010.0,2070.0,2004.8184,14800.0,0.26849315,0.0,16469.0
2021.06.08.0,1500.0,1536.7262,15600.0,0.024657533,0.0,17090.0
2021.06.09.0,1370.0,1446.2357,15600.0,0.021917805,0.0,17090.0
2021.06.010.0,1560.0,1394.082,15600.0,0.019178078,0.0,16963.0
2021.06.08.0,1700.0,1847.4873,15200.0,0.2739726,0.0,16644.0
2021.06.09.0,1560.0,1844.7528,15200.0,0.27123287,0.0,16609.0
2021.06.010.0,1700.0,1835.2438,15200.0,0.26849315,0.0,16469.0
2021.06.08.0,1080.0,1153.8353,16000.0,0.2739726,0.0,16644.0
2021.06.09.0,995.0,1125.0077,16000.0,0.27123287,0.0,16609.0
2021.06.010.0,1070.0,1098.1196,16000.0,0.26849315,0.0,16469.0
2021.06.08.0,81.0,62.100357,18800.0,0.2739726,0.0,16644.0
2021.06.09.0,59.999985,62.49257,18800.0,0.27123287,2.0,16609.0
2021.06.010.0,66.0,60.594498,18800.0,0.26849315,22.0,16469.0
2021.06.08.0,2490.0,2016.6412,14600.0,0.024657533,0.0,17090.0
2021.06.09.0,2360.0,2014.7219,14600.0,0.021917805,0.0,17090.0
2021.06.010.0,2560.0,2007.6462,14600.0,0.019178078,0.0,16963.0
2021.06.08.0,205.0,128.35008,17100.0,0.024657533,0.0,17090.0
2021.06.09.0,246.0,134.27007,17100.0,0.021917805,0.0,17090.0
2021.06.010.0,114.0,140.51733,17100.0,0.019178078,0.0,16963.0
2021.06.08.0,570.0,450.40015,16400.0,0.2739726,0.0,16644.0
2021.06.09.0,625.0,445.24112,16400.0,0.27123287,32.0,16609.0
2021.06.010.0,515.0,451.86398,16400.0,0.26849315,26.0,16469.0
2021.06.08.0,15.5,-2.3458862,20600.0,0.2739726,0.0,16644.0
2021.06.09.0,16.0,-1.9766846,20600.0,0.27123287,0.0,16609.0
2021.06.010.0,10.0,-1.8958435,20600.0,0.26849315,0.0,16469.0
2021.06.08.0,230.0,174.6639,13600.0,0.52328765,1.0,16460.0
2021.06.09.0,230.0,171.01523,13600.0,0.5205479,0.0,16423.0
2021.06.010.0,199.0,170.33336,13600.0,0.5178082,1.0,16274.0
2021.06.08.0,920.0,771.5559,16400.0,0.52328765,0.0,16460.0
2021.06.09.0,955.0,779.621,16400.0,0.5205479,0.0,16423.0
2021.06.010.0,870.0,787.70294,16400.0,0.5178082,0.0,16274.0
2021.06.08.0,47.5,37.31653,20600.0,0.52328765,0.0,16460.0
2021.06.09.0,39.0,37.687836,20600.0,0.5205479,0.0,16423.0
2021.06.010.0,43.0,37.0813,20600.0,0.5178082,2.0,16274.0
2021.06.08.0,254.0,182.6314,17200.0,0.024657533,0.0,17090.0
2021.06.09.0,312.0,175.93414,17200.0,0.021917805,0.0,17090.0
2021.06.010.0,159.0,176.26826,17200.0,0.019178078,0.0,16963.0
2021.06.08.0,1.7999878,-15.6258545,18700.0,0.024657533,0.0,17090.0
2021.06.09.0,1.0,-16.7323,18700.0,0.021917805,1.0,17090.0
2021.06.010.0,0.6000061,-17.881195,18700.0,0.019178078,15.0,16963.0
2021.06.08.0,1.3999939,-20.585632,19100.0,0.024657533,0.0,17090.0
2021.06.09.0,0.7999878,-21.91687,19100.0,0.021917805,0.0,17090.0
2021.06.010.0,0.2000122,-23.700867,19100.0,0.019178078,0.0,16963.0
2021.06.08.0,0.1000061,-27.349976,19700.0,0.024657533,0.0,17090.0
2021.06.09.0,0.1000061,-26.657684,19700.0,0.021917805,0.0,17090.0
2021.06.010.0,0.1000061,-26.93103,19700.0,0.019178078,0.0,16963.0
2021.06.08.0,48.0,13.681366,14500.0,0.12054795,37.0,16983.0
2021.06.09.0,44.0,13.927185,14500.0,0.11780822,16.0,16980.0
2021.06.010.0,23.0,14.65918,14500.0,0.1150685,56.000015,16852.0
2021.06.08.0,55.0,17.10849,14600.0,0.12054795,24.0,16983.0
2021.06.09.0,47.0,17.252625,14600.0,0.11780822,3.0,16980.0
2021.06.010.0,23.5,18.01236,14600.0,0.1150685,18.0,16852.0
2021.06.08.0,115.0,52.14258,15500.0,0.12054795,43.0,16983.0
2021.06.09.0,109.0,53.898407,15500.0,0.11780822,67.0,16980.0
2021.06.010.0,62.0,57.082306,15500.0,0.1150685,200.0,16852.0
2021.06.08.0,145.0,65.27026,15700.0,0.12054795,25.0,16983.0
2021.06.09.0,134.0,67.02092,15700.0,0.11780822,32.0,16980.0
2021.06.010.0,78.0,70.47531,15700.0,0.1150685,108.0,16852.0
2021.06.08.0,101.0,77.93672,18000.0,0.12054795,375.0,16983.0
2021.06.09.0,69.0,74.457825,18000.0,0.11780822,440.0,16980.0
2021.06.010.0,82.0,68.45534,18000.0,0.1150685,553.0,16852.0
2021.06.08.0,26.5,8.164795,18800.0,0.12054795,41.0,16983.0
2021.06.09.0,18.5,7.5476685,18800.0,0.11780822,8.0,16980.0
2021.06.010.0,18.5,6.503723,18800.0,0.1150685,27.0,16852.0
2021.06.08.0,38.0,18.809814,19600.0,0.2739726,0.0,16644.0
2021.06.09.0,36.0,19.338257,19600.0,0.27123287,0.0,16609.0
2021.06.010.0,28.0,19.388733,19600.0,0.26849315,1.0,16469.0
2021.06.08.0,560.0,463.95224,15400.0,0.52328765,13.0,16460.0
2021.06.09.0,600.0,461.62036,15400.0,0.5205479,0.0,16423.0
2021.06.010.0,499.0,467.00284,15400.0,0.5178082,1.0,16274.0
2021.06.08.0,82.0,74.86223,19800.0,0.52328765,22.0,16460.0
2021.06.09.0,71.0,74.78285,19800.0,0.5205479,0.0,16423.0
2021.06.010.0,72.0,73.37955,19800.0,0.5178082,0.0,16274.0
2021.06.08.0,311.0,243.45755,17300.0,0.024657533,0.0,17090.0
2021.06.09.0,386.0,226.33072,17300.0,0.021917805,0.0,17090.0
2021.06.010.0,217.0,224.37009,17300.0,0.019178078,0.0,16963.0
2021.06.08.0,379.0,293.27045,17400.0,0.024657533,0.0,17090.0
2021.06.09.0,469.0,277.84933,17400.0,0.021917805,0.0,17090.0
2021.06.010.0,289.0,277.0157,17400.0,0.019178078,0.0,16963.0
2021.06.08.0,0.1000061,-25.445953,19500.0,0.024657533,1.0,17090.0
2021.06.09.0,0.1000061,-24.586731,19500.0,0.021917805,0.0,17090.0
2021.06.010.0,0.1000061,-24.618835,19500.0,0.019178078,0.0,16963.0
2021.06.08.0,77.0,28.458984,15000.0,0.12054795,239.0,16983.0
2021.06.09.0,68.0,28.596191,15000.0,0.11780822,72.000015,16980.0
2021.06.010.0,36.5,29.494537,15000.0,0.1150685,203.0,16852.0
2021.06.08.0,125.0,61.974808,15600.0,0.12054795,17.0,16983.0
2021.06.09.0,121.0,62.59366,15600.0,0.11780822,5.0,16980.0
2021.06.010.0,70.0,64.4651,15600.0,0.1150685,29.0,16852.0
2021.06.08.0,154.0,73.534546,15800.0,0.12054795,53.0,16983.0
2021.06.09.0,147.0,75.80542,15800.0,0.11780822,27.0,16980.0
2021.06.010.0,88.0,79.21622,15800.0,0.1150685,286.0,16852.0
2021.06.08.0,164.0,86.703186,15900.0,0.12054795,60.0,16983.0
2021.06.09.0,164.0,88.16043,15900.0,0.11780822,25.0,16980.0
2021.06.010.0,101.0,91.68585,15900.0,0.1150685,58.999985,16852.0
2021.06.08.0,179.0,93.67529,16000.0,0.12054795,173.0,16983.0
2021.06.09.0,182.0,95.62491,16000.0,0.11780822,55.0,16980.0
2021.06.010.0,114.0,96.933304,16000.0,0.1150685,706.0,16852.0
2021.06.08.0,270.0,165.97694,16400.0,0.12054795,344.0,16983.0
2021.06.09.0,274.0,160.04272,16400.0,0.11780822,27.0,16980.0
2021.06.010.0,185.0,143.86212,16400.0,0.1150685,1024.0,16852.0
2021.06.08.0,292.0,189.5039,16500.0,0.12054795,281.0,16983.0
2021.06.09.0,306.0,179.9024,16500.0,0.11780822,182.0,16980.0
2021.06.010.0,209.0,166.1007,16500.0,0.1150685,370.0,16852.0
2021.06.08.0,362.0,235.62376,16700.0,0.12054795,241.0,16983.0
2021.06.09.0,378.0,237.5686,16700.0,0.11780822,362.0,16980.0
2021.06.010.0,266.0,236.139,16700.0,0.1150685,115.0,16852.0
2021.06.08.0,20.0,2.5329895,19000.0,0.12054795,3.0,16983.0
2021.06.09.0,13.5,1.8117676,19000.0,0.11780822,36.0,16980.0
2021.06.010.0,13.5,0.72665405,19000.0,0.1150685,99.0,16852.0
2021.06.08.0,835.0,686.18274,16200.0,0.52328765,0.0,16460.0
2021.06.09.0,860.0,695.6706,16200.0,0.5205479,0.0,16423.0
2021.06.010.0,775.0,703.8617,16200.0,0.5178082,1.0,16274.0
2021.06.08.0,420.0,470.93307,17600.0,0.52328765,0.0,16460.0
2021.06.09.0,353.0,460.55295,17600.0,0.5205479,5.0,16423.0
2021.06.010.0,409.0,438.5785,17600.0,0.5178082,1.0,16274.0
2021.06.08.0,0.5,-34.2735,20300.0,0.024657533,939.0,17090.0
2021.06.09.0,0.2000122,-35.63391,20300.0,0.021917805,100.0,17090.0
2021.06.010.0,0.1000061,-38.543793,20300.0,0.019178078,733.0,16963.0
2021.06.08.0,261.0,256.36707,17400.0,0.12054795,88.999985,16983.0
2021.06.09.0,195.0,248.78897,17400.0,0.11780822,99.0,16980.0
2021.06.010.0,242.0,234.2266,17400.0,0.1150685,184.0,16852.0
2021.06.08.0,198.0,175.87866,17600.0,0.12054795,215.0,16983.0
2021.06.09.0,136.0,171.33243,17600.0,0.11780822,22.0,16980.0
2021.06.010.0,171.0,159.75264,17600.0,0.1150685,438.0,16852.0
2021.06.08.0,135.0,114.76659,17800.0,0.12054795,382.0,16983.0
2021.06.09.0,101.0,114.517624,17800.0,0.11780822,119.0,16980.0
2021.06.010.0,119.0,110.43086,17800.0,0.1150685,265.0,16852.0
2021.06.08.0,67.0,51.45163,18200.0,0.12054795,71.000015,16983.0
2021.06.09.0,51.0,49.9458,18200.0,0.11780822,79.0,16980.0
2021.06.010.0,55.0,46.246246,18200.0,0.1150685,136.0,16852.0
2021.06.08.0,17.5,0.13101196,19100.0,0.12054795,5.0,16983.0
2021.06.09.0,12.5,-0.42910767,19100.0,0.11780822,26.0,16980.0
2021.06.010.0,12.0,-1.4523926,19100.0,0.1150685,105.0,16852.0
2021.06.08.0,7.200012,-9.018372,19800.0,0.12054795,0.0,16983.0
2021.06.09.0,4.0,-9.393219,19800.0,0.11780822,0.0,16980.0
2021.06.010.0,4.600006,-9.738953,19800.0,0.1150685,1.0,16852.0
2021.06.08.0,205.0,203.68411,18600.0,0.52328765,0.0,16460.0
2021.06.09.0,175.0,203.84796,18600.0,0.5205479,0.0,16423.0
2021.06.010.0,182.0,197.89641,18600.0,0.5178082,0.0,16274.0
2021.06.08.0,460.0,343.08447,17500.0,0.024657533,0.0,17090.0
2021.06.09.0,560.0,330.35458,17500.0,0.021917805,0.0,17090.0
2021.06.010.0,372.0,329.193,17500.0,0.019178078,0.0,16963.0
2021.06.08.0,57.0,19.835938,14700.0,0.12054795,17.0,16983.0
2021.06.09.0,56.0,19.794525,14700.0,0.11780822,20.0,16980.0
2021.06.010.0,25.5,20.669525,14700.0,0.1150685,3.0,16852.0
2021.06.08.0,59.999985,32.00305,14800.0,0.12054795,46.0,16983.0
2021.06.09.0,54.0,22.994781,14800.0,0.11780822,7.0,16980.0
2021.06.010.0,31.0,23.583588,14800.0,0.1150685,86.000015,16852.0
2021.06.08.0,71.0,41.66269,14900.0,0.12054795,34.0,16983.0
2021.06.09.0,59.999985,36.40863,14900.0,0.11780822,10.0,16980.0
2021.06.010.0,40.0,28.589325,14900.0,0.1150685,71.000015,16852.0
2021.06.08.0,220.0,148.96533,16200.0,0.12054795,337.0,16983.0
2021.06.09.0,220.0,146.05258,16200.0,0.11780822,140.0,16980.0
2021.06.010.0,147.0,141.78925,16200.0,0.1150685,169.0,16852.0
2021.06.08.0,399.0,236.94597,16800.0,0.12054795,52.0,16983.0
2021.06.09.0,420.0,259.19067,16800.0,0.11780822,263.0,16980.0
2021.06.010.0,299.0,265.42438,16800.0,0.1150685,494.0,16852.0
2021.06.08.0,560.0,422.05524,17200.0,0.12054795,0.0,16983.0
2021.06.09.0,620.0,425.0903,17200.0,0.11780822,0.0,16980.0
2021.06.010.0,476.0,432.9818,17200.0,0.1150685,0.0,16852.0
2021.06.08.0,24.5,5.064911,18900.0,0.12054795,1.0,16983.0
2021.06.09.0,15.5,4.423523,18900.0,0.11780822,0.0,16980.0
2021.06.010.0,15.5,3.6323547,18900.0,0.1150685,0.0,16852.0
2021.06.08.0,9.5,-6.3483276,19500.0,0.12054795,12.0,16983.0
2021.06.09.0,8.299988,-6.2002563,19500.0,0.11780822,3.0,16980.0
2021.06.010.0,6.200012,-7.0784607,19500.0,0.1150685,0.0,16852.0
2021.06.08.0,311.0,237.37769,14200.0,0.52328765,0.0,16460.0
2021.06.09.0,324.0,235.31999,14200.0,0.5205479,0.0,16423.0
2021.06.010.0,280.0,237.25098,14200.0,0.5178082,1.0,16274.0
2021.06.08.0,1120.0,917.7218,16800.0,0.52328765,0.0,16460.0
2021.06.09.0,1160.0,932.37195,16800.0,0.5205479,0.0,16423.0
2021.06.010.0,1050.0,946.7157,16800.0,0.5178082,0.0,16274.0
2021.06.08.0,245.0,158.44124,16300.0,0.12054795,57.999985,16983.0
2021.06.09.0,249.0,151.35907,16300.0,0.11780822,27.0,16980.0
2021.06.010.0,166.0,138.28137,16300.0,0.1150685,222.0,16852.0
2021.06.08.0,325.0,216.69318,16600.0,0.12054795,51.0,16983.0
2021.06.09.0,340.0,220.53741,16600.0,0.11780822,159.0,16980.0
2021.06.010.0,235.0,219.4935,16600.0,0.1150685,128.0,16852.0
2021.06.08.0,438.0,261.77353,16900.0,0.12054795,39.0,16983.0
2021.06.09.0,465.0,289.36227,16900.0,0.11780822,349.0,16980.0
2021.06.010.0,334.0,311.8704,16900.0,0.1150685,0.0,16852.0
2021.06.08.0,296.0,305.82385,17300.0,0.12054795,109.0,16983.0
2021.06.09.0,232.0,295.54843,17300.0,0.11780822,120.0,16980.0
2021.06.010.0,277.0,278.39267,17300.0,0.1150685,161.0,16852.0
2021.06.08.0,231.0,209.44672,17500.0,0.12054795,477.0,16983.0
2021.06.09.0,171.0,203.08801,17500.0,0.11780822,536.0,16980.0
2021.06.010.0,202.0,192.20145,17500.0,0.1150685,508.0,16852.0
2021.06.08.0,164.0,148.13705,17700.0,0.12054795,126.0,16983.0
2021.06.09.0,116.0,144.84967,17700.0,0.11780822,121.0,16980.0
2021.06.010.0,143.0,135.1701,17700.0,0.1150685,276.0,16852.0
2021.06.08.0,119.0,97.05478,17900.0,0.12054795,114.0,16983.0
2021.06.09.0,82.0,94.44652,17900.0,0.11780822,82.0,16980.0
2021.06.010.0,99.0,88.20859,17900.0,0.1150685,184.0,16852.0
2021.06.08.0,82.0,63.066452,18100.0,0.12054795,152.0,16983.0
2021.06.09.0,58.0,61.38376,18100.0,0.11780822,40.0,16980.0
2021.06.010.0,69.0,57.24991,18100.0,0.1150685,205.0,16852.0
2021.06.08.0,47.0,31.643433,18400.0,0.12054795,36.0,16983.0
2021.06.09.0,34.5,30.589783,18400.0,0.11780822,26.0,16980.0
2021.06.010.0,38.5,28.384827,18400.0,0.1150685,21.0,16852.0
2021.06.08.0,15.0,-1.66922,19200.0,0.12054795,2.0,16983.0
2021.06.09.0,11.0,-2.3428955,19200.0,0.11780822,23.0,16980.0
2021.06.010.0,11.0,-2.9804077,19200.0,0.1150685,3.0,16852.0
2021.06.08.0,12.0,-4.163574,19300.0,0.12054795,0.0,16983.0
2021.06.09.0,9.899994,-3.8891602,19300.0,0.11780822,1.0,16980.0
2021.06.010.0,9.899994,-4.597748,19300.0,0.1150685,0.0,16852.0
2021.06.08.0,835.0,903.66516,16600.0,0.52328765,0.0,16460.0
2021.06.09.0,755.0,874.69055,16600.0,0.5205479,0.0,16423.0
2021.06.010.0,830.0,831.94836,16600.0,0.5178082,0.0,16274.0
2021.06.08.0,640.0,566.73395,16500.0,0.024657533,0.0,17090.0
2021.06.09.0,515.0,502.09625,16500.0,0.021917805,0.0,17090.0
2021.06.010.0,670.0,452.57867,16500.0,0.019178078,0.0,16963.0
2021.06.08.0,1300.0,1405.1018,15800.0,0.52328765,0.0,16460.0
2021.06.09.0,1220.0,1364.8254,15800.0,0.5205479,0.0,16423.0
2021.06.010.0,1310.0,1319.7368,15800.0,0.5178082,0.0,16274.0
2021.06.08.0,276.0,289.26974,18200.0,0.52328765,0.0,16460.0
2021.06.09.0,249.0,287.82584,18200.0,0.5205479,0.0,16423.0
2021.06.010.0,233.0,278.16306,18200.0,0.5178082,9.0,16274.0
2021.06.08.0,1010.0,966.9048,16100.0,0.024657533,0.0,17090.0
2021.06.09.0,885.0,885.5259,16100.0,0.021917805,0.0,17090.0
2021.06.010.0,1060.0,859.1106,16100.0,0.019178078,0.0,16963.0
2021.06.08.0,825.0,771.4903,16300.0,0.024657533,0.0,17090.0
2021.06.09.0,690.0,686.147,16300.0,0.021917805,0.0,17090.0
2021.06.010.0,860.0,648.87244,16300.0,0.019178078,0.0,16963.0
2021.06.08.0,0.1000061,-29.214111,20000.0,0.024657533,0.0,17090.0
2021.06.09.0,0.6000061,-28.996033,20000.0,0.021917805,0.0,17090.0
2021.06.010.0,0.1000061,-32.40387,20000.0,0.019178078,350.0,16963.0
2021.06.08.0,451.0,450.73907,17000.0,0.12054795,218.0,16983.0
2021.06.09.0,355.0,441.51843,17000.0,0.11780822,155.0,16980.0
2021.06.010.0,427.0,420.81836,17000.0,0.1150685,170.0,16852.0
2021.06.08.0,388.0,390.2193,17100.0,0.12054795,145.0,16983.0
2021.06.09.0,309.0,380.48105,17100.0,0.11780822,392.0,16980.0
2021.06.010.0,372.0,361.72717,17100.0,0.1150685,190.0,16852.0
2021.06.08.0,43.0,23.733307,18500.0,0.12054795,49.0,16983.0
2021.06.09.0,28.5,22.698761,18500.0,0.11780822,21.0,16980.0
2021.06.010.0,31.0,20.659424,18500.0,0.1150685,150.0,16852.0
2021.06.08.0,11.5,-5.9693604,19400.0,0.12054795,1.0,16983.0
2021.06.09.0,9.100006,-5.9750366,19400.0,0.11780822,7.0,16980.0
2021.06.010.0,7.0,-6.6670837,19400.0,0.1150685,28.0,16852.0
2021.06.08.0,945.0,1001.4774,16400.0,0.52328765,0.0,16460.0
2021.06.09.0,885.0,971.39417,16400.0,0.5205479,0.0,16423.0
2021.06.010.0,960.0,908.213,16400.0,0.5178082,1.0,16274.0
2021.06.08.0,129.0,122.37485,19200.0,0.52328765,0.0,16460.0
2021.06.09.0,112.0,122.67706,19200.0,0.5205479,0.0,16423.0
2021.06.010.0,112.0,120.09108,19200.0,0.5178082,0.0,16274.0
2021.06.08.0,30.0,20.657928,21200.0,0.52328765,1.0,16460.0
2021.06.09.0,30.0,20.998413,21200.0,0.5205479,0.0,16423.0
2021.06.010.0,26.5,21.271667,21200.0,0.5178082,2.0,16274.0
2021.06.08.0,570.0,578.65515,16800.0,0.12054795,0.0,16983.0
2021.06.09.0,471.0,554.77075,16800.0,0.11780822,0.0,16980.0
2021.06.010.0,545.0,529.5458,16800.0,0.1150685,0.0,16852.0
2021.06.08.0,510.0,512.8119,16900.0,0.12054795,0.0,16983.0
2021.06.09.0,400.0,495.13696,16900.0,0.11780822,0.0,16980.0
2021.06.010.0,481.0,452.9873,16900.0,0.1150685,72.999985,16852.0
2021.06.08.0,35.5,17.191223,18600.0,0.12054795,92.0,16983.0
2021.06.09.0,25.0,16.555695,18600.0,0.11780822,6.0,16980.0
2021.06.010.0,26.5,15.046387,18600.0,0.1150685,84.0,16852.0
2021.06.08.0,30.5,12.985443,18700.0,0.12054795,20.0,16983.0
2021.06.09.0,21.5,12.18689,18700.0,0.11780822,6.0,16980.0
2021.06.010.0,18.5,11.022064,18700.0,0.1150685,19.0,16852.0
2021.06.08.0,4.899994,-11.401642,20100.0,0.12054795,0.0,16983.0
2021.06.09.0,6.100006,-11.817993,20100.0,0.11780822,0.0,16980.0
2021.06.010.0,4.0,-12.776764,20100.0,0.1150685,10.0,16852.0
2021.06.08.0,344.0,272.2879,14400.0,0.52328765,0.0,16460.0
2021.06.09.0,355.0,268.82596,14400.0,0.5205479,0.0,16423.0
2021.06.010.0,299.0,269.90973,14400.0,0.5178082,0.0,16274.0
2021.06.08.0,379.0,303.5777,14600.0,0.52328765,0.0,16460.0
2021.06.09.0,390.0,309.6039,14600.0,0.5205479,1.0,16423.0
2021.06.010.0,337.0,311.4388,14600.0,0.5178082,0.0,16274.0
2021.06.08.0,1060.0,1157.131,16200.0,0.52328765,0.0,16460.0
2021.06.09.0,960.0,1120.2761,16200.0,0.5205479,0.0,16423.0
2021.06.010.0,1060.0,1067.7795,16200.0,0.5178082,0.0,16274.0
2021.06.08.0,41.0,10.123779,14300.0,0.12054795,15.0,16983.0
2021.06.09.0,40.5,10.291046,14300.0,0.11780822,1.0,16980.0
2021.06.010.0,19.5,11.036285,14300.0,0.1150685,13.0,16852.0
2021.06.08.0,44.0,11.620178,14400.0,0.12054795,11.0,16983.0
2021.06.09.0,40.0,11.703918,14400.0,0.11780822,19.0,16980.0
2021.06.010.0,23.0,12.336975,14400.0,0.1150685,12.0,16852.0
2021.06.08.0,92.0,40.038666,15200.0,0.12054795,26.0,16983.0
2021.06.09.0,82.0,40.45688,15200.0,0.11780822,7.0,16980.0
2021.06.010.0,45.0,41.28647,15200.0,0.1150685,359.0,16852.0
2021.06.08.0,201.0,98.903625,16100.0,0.12054795,62.0,16983.0
2021.06.09.0,200.0,101.77023,16100.0,0.11780822,19.0,16980.0
2021.06.010.0,129.0,107.50458,16100.0,0.1150685,117.000015,16852.0
2021.06.08.0,86.0,34.83676,15100.0,0.12054795,21.0,16983.0
2021.06.09.0,78.0,35.369324,15100.0,0.11780822,2.0,16980.0
2021.06.010.0,40.0,36.90738,15100.0,0.1150685,22.0,16852.0
2021.06.08.0,640.0,641.3412,16700.0,0.12054795,0.0,16983.0
2021.06.09.0,530.0,616.0272,16700.0,0.11780822,0.0,16980.0
2021.06.010.0,615.0,592.9646,16700.0,0.1150685,0.0,16852.0
2021.06.08.0,335.0,353.37146,17200.0,0.12054795,202.0,16983.0
2021.06.09.0,264.0,340.7029,17200.0,0.11780822,88.999985,16980.0
2021.06.010.0,322.0,321.59576,17200.0,0.1150685,156.0,16852.0
2021.06.08.0,59.0,40.638702,18300.0,0.12054795,129.0,16983.0
2021.06.09.0,42.0,39.355408,18300.0,0.11780822,21.0,16980.0
2021.06.010.0,46.0,36.529236,18300.0,0.1150685,85.0,16852.0
2021.06.08.0,1430.0,1546.1676,15600.0,0.52328765,0.0,16460.0
2021.06.09.0,1360.0,1505.8037,15600.0,0.5205479,0.0,16423.0
2021.06.010.0,1440.0,1461.9749,15600.0,0.5178082,0.0,16274.0
2021.06.08.0,1200.0,1166.7837,15900.0,0.024657533,0.0,17090.0
2021.06.09.0,1070.0,1089.7532,15900.0,0.021917805,0.0,17090.0
2021.06.010.0,1260.0,1100.2047,15900.0,0.019178078,0.0,16963.0
2021.06.08.0,176.0,171.33928,18800.0,0.52328765,0.0,16460.0
2021.06.09.0,151.0,171.43205,18800.0,0.5205479,0.0,16423.0
2021.06.010.0,155.0,167.23047,18800.0,0.5178082,0.0,16274.0
2021.06.08.0,1580.0,1690.2869,15400.0,0.52328765,0.0,16460.0
2021.06.09.0,1500.0,1664.2141,15400.0,0.5205479,0.0,16423.0
2021.06.010.0,1580.0,1630.3884,15400.0,0.5178082,0.0,16274.0
2021.06.08.0,1.5,-23.15622,13500.0,0.024657533,101.000015,17090.0
2021.06.09.0,1.0,-22.447388,13500.0,0.021917805,0.0,17090.0
2021.06.010.0,0.2000122,-22.207611,13500.0,0.019178078,119.0,16963.0
2021.06.08.0,1400.0,1386.1753,15700.0,0.024657533,0.0,17090.0
2021.06.09.0,1270.0,1303.6495,15700.0,0.021917805,0.0,17090.0
2021.06.010.0,1460.0,1282.6357,15700.0,0.019178078,0.0,16963.0
2021.06.08.0,0.1000061,-28.41983,19900.0,0.024657533,0.0,17090.0
2021.06.09.0,0.2999878,-27.991272,19900.0,0.021917805,0.0,17090.0
2021.06.010.0,0.1000061,-29.836731,19900.0,0.019178078,140.0,16963.0
2021.06.08.0,26.0,-1.3711243,13500.0,0.12054795,8.0,16983.0
2021.06.09.0,23.5,-1.0426941,13500.0,0.11780822,154.0,16980.0
2021.06.010.0,13.0,-0.45495605,13500.0,0.1150685,24.0,16852.0
2021.06.08.0,28.0,0.12200928,13600.0,0.12054795,6.0,16983.0
2021.06.09.0,26.0,0.6654358,13600.0,0.11780822,5.0,16980.0
2021.06.010.0,18.0,1.4567566,13600.0,0.1150685,10.0,16852.0
2021.06.08.0,28.0,3.0083923,13700.0,0.12054795,0.0,16983.0
2021.06.09.0,26.0,1.1876526,13700.0,0.11780822,0.0,16980.0
2021.06.010.0,16.0,1.8267212,13700.0,0.1150685,0.0,16852.0
2021.06.08.0,34.5,4.1428833,14000.0,0.12054795,19.0,16983.0
2021.06.09.0,30.0,4.4066467,14000.0,0.11780822,12.0,16980.0
2021.06.010.0,15.0,5.050659,14000.0,0.1150685,40.0,16852.0
2021.06.08.0,1600.0,1711.2018,15500.0,0.12054795,0.0,16983.0
2021.06.09.0,1460.0,1677.6696,15500.0,0.11780822,0.0,16980.0
2021.06.010.0,1610.0,1651.7648,15500.0,0.1150685,0.0,16852.0
2021.06.08.0,1340.0,1399.333,15800.0,0.12054795,0.0,16983.0
2021.06.09.0,1200.0,1355.7356,15800.0,0.11780822,0.0,16980.0
2021.06.010.0,1330.0,1351.939,15800.0,0.1150685,0.0,16852.0
2021.06.08.0,1250.0,1296.8054,15900.0,0.12054795,0.0,16983.0
2021.06.09.0,1110.0,1252.8062,15900.0,0.11780822,0.0,16980.0
2021.06.010.0,1250.0,1247.5887,15900.0,0.1150685,0.0,16852.0
2021.06.08.0,1160.0,1203.4802,16000.0,0.12054795,0.0,16983.0
2021.06.09.0,1030.0,1168.3398,16000.0,0.11780822,0.0,16980.0
2021.06.010.0,1160.0,1162.8104,16000.0,0.1150685,0.0,16852.0
2021.06.08.0,1080.0,1119.8114,16100.0,0.12054795,0.0,16983.0
2021.06.09.0,950.0,1086.8973,16100.0,0.11780822,0.0,16980.0
2021.06.010.0,1080.0,1076.8508,16100.0,0.1150685,0.0,16852.0
2021.06.08.0,995.0,1029.9196,16200.0,0.12054795,0.0,16983.0
2021.06.09.0,870.0,999.244,16200.0,0.11780822,0.0,16980.0
2021.06.010.0,995.0,986.4363,16200.0,0.1150685,0.0,16852.0
2021.06.08.0,775.0,787.8093,16500.0,0.12054795,0.0,16983.0
2021.06.09.0,650.0,764.1688,16500.0,0.11780822,0.0,16980.0
2021.06.010.0,760.0,748.4403,16500.0,0.1150685,0.0,16852.0
2021.06.08.0,3.0,-12.31488,20300.0,0.12054795,109.0,16983.0
2021.06.09.0,5.399994,-12.41745,20300.0,0.11780822,0.0,16980.0
2021.06.010.0,5.299988,-13.746765,20300.0,0.1150685,22.0,16852.0
2021.06.08.0,143.0,101.676865,12600.0,0.52328765,1.0,16460.0
2021.06.09.0,144.0,100.69374,12600.0,0.5205479,4.0,16423.0
2021.06.010.0,128.0,101.005325,12600.0,0.5178082,0.0,16274.0
2021.06.08.0,1880.0,1949.1107,15000.0,0.52328765,0.0,16460.0
2021.06.09.0,1770.0,1953.2393,15000.0,0.5205479,0.0,16423.0
2021.06.010.0,1890.0,1950.4263,15000.0,0.5178082,0.0,16274.0
2021.06.08.0,2.600006,-22.329102,13300.0,0.024657533,0.0,17090.0
2021.06.09.0,1.5,-21.855865,13300.0,0.021917805,7.0,17090.0
2021.06.010.0,0.2000122,-21.608704,13300.0,0.019178078,1.0,16963.0
2021.06.08.0,1600.0,1666.936,15500.0,0.024657533,0.0,17090.0
2021.06.09.0,1460.0,1603.2957,15500.0,0.021917805,0.0,17090.0
2021.06.010.0,1660.0,1534.2925,15500.0,0.019178078,0.0,16963.0
2021.06.08.0,24.5,-3.5160217,13300.0,0.12054795,2.0,16983.0
2021.06.09.0,21.0,-3.1997986,13300.0,0.11780822,0.0,16980.0
2021.06.010.0,11.5,-2.4465637,13300.0,0.1150685,1.0,16852.0
2021.06.08.0,25.0,-1.034729,13400.0,0.12054795,7.0,16983.0
2021.06.09.0,22.0,-1.0175171,13400.0,0.11780822,0.0,16980.0
2021.06.010.0,10.5,-0.82901,13400.0,0.1150685,1.0,16852.0
2021.06.08.0,29.0,3.3379517,13900.0,0.12054795,4.0,16983.0
2021.06.09.0,30.5,3.4781494,13900.0,0.11780822,1.0,16980.0
2021.06.010.0,15.0,4.084381,13900.0,0.1150685,8.0,16852.0
2021.06.08.0,41.0,7.758148,14200.0,0.12054795,8.0,16983.0
2021.06.09.0,37.5,7.864319,14200.0,0.11780822,3.0,16980.0
2021.06.010.0,16.5,8.615326,14200.0,0.1150685,15.0,16852.0
2021.06.08.0,42.0,31.118164,20800.0,0.52328765,0.0,16460.0
2021.06.09.0,35.5,31.50711,20800.0,0.5205479,1.0,16423.0
2021.06.010.0,38.0,31.22879,20800.0,0.5178082,0.0,16274.0
2021.06.08.0,102.0,49.625336,15400.0,0.12054795,30.0,16983.0
2021.06.09.0,98.0,49.93744,15400.0,0.11780822,54.0,16980.0
2021.06.010.0,56.0,51.358215,15400.0,0.1150685,105.0,16852.0
2021.06.08.0,1510.0,1596.3663,15600.0,0.12054795,0.0,16983.0
2021.06.09.0,1370.0,1559.8354,15600.0,0.11780822,0.0,16980.0
2021.06.010.0,1520.0,1547.5056,15600.0,0.1150685,0.0,16852.0
2021.06.08.0,850.0,859.4022,16400.0,0.12054795,0.0,16983.0
2021.06.09.0,720.0,837.2092,16400.0,0.11780822,0.0,16980.0
2021.06.010.0,830.0,824.7488,16400.0,0.1150685,0.0,16852.0
2021.06.08.0,705.0,716.42957,16600.0,0.12054795,0.0,16983.0
2021.06.09.0,590.0,685.53845,16600.0,0.11780822,0.0,16980.0
2021.06.010.0,685.0,661.2064,16600.0,0.1150685,0.0,16852.0
2021.06.08.0,131.0,91.82677,12400.0,0.52328765,0.0,16460.0
2021.06.09.0,132.0,90.733,12400.0,0.5205479,1.0,16423.0
2021.06.010.0,118.0,90.905975,12400.0,0.5178082,0.0,16274.0
2021.06.08.0,925.0,943.22107,16300.0,0.12054795,0.0,16983.0
2021.06.09.0,800.0,918.15454,16300.0,0.11780822,0.0,16980.0
2021.06.010.0,915.0,905.1316,16300.0,0.1150685,0.0,16852.0
2021.06.08.0,6.0,-11.261169,20000.0,0.12054795,0.0,16983.0
2021.06.09.0,6.5,-11.491333,20000.0,0.11780822,20.0,16980.0
2021.06.010.0,4.200012,-12.362457,20000.0,0.1150685,50.0,16852.0
2021.06.08.0,2.5,-22.360382,13100.0,0.024657533,9.0,17090.0
2021.06.09.0,1.1000061,-21.835297,13100.0,0.021917805,7.0,17090.0
2021.06.010.0,0.2000122,-21.615814,13100.0,0.019178078,0.0,16963.0
2021.06.08.0,0.1000061,-29.23938,20100.0,0.024657533,0.0,17090.0
2021.06.09.0,0.1000061,-29.232208,20100.0,0.021917805,0.0,17090.0
2021.06.010.0,0.1000061,-30.251404,20100.0,0.019178078,0.0,16963.0
2021.06.08.0,0.1000061,-29.650757,20200.0,0.024657533,110.0,17090.0
2021.06.09.0,0.1000061,-30.105347,20200.0,0.021917805,0.0,17090.0
2021.06.010.0,0.1000061,-31.233429,20200.0,0.019178078,0.0,16963.0
2021.06.08.0,21.0,-6.0017395,13000.0,0.12054795,72.000015,16983.0
2021.06.09.0,16.5,-5.7033386,13000.0,0.11780822,164.0,16980.0
2021.06.010.0,9.5,-5.238434,13000.0,0.1150685,161.0,16852.0
2021.06.08.0,19.0,-3.919403,13100.0,0.12054795,5.0,16983.0
2021.06.09.0,18.0,-3.9649353,13100.0,0.11780822,1.0,16980.0
2021.06.010.0,11.0,-3.8269653,13100.0,0.1150685,0.0,16852.0
2021.06.08.0,28.5,2.1228027,13800.0,0.12054795,6.0,16983.0
2021.06.09.0,26.5,2.437683,13800.0,0.11780822,0.0,16980.0
2021.06.010.0,14.0,3.0849,13800.0,0.1150685,2.0,16852.0
2021.06.08.0,38.5,6.873169,14100.0,0.12054795,7.0,16983.0
2021.06.09.0,33.0,7.0238953,14100.0,0.11780822,8.0,16980.0
2021.06.010.0,16.0,7.658264,14100.0,0.1150685,14.0,16852.0
2021.06.08.0,96.0,43.963623,15300.0,0.12054795,42.0,16983.0
2021.06.09.0,90.0,44.404663,15300.0,0.11780822,26.0,16980.0
2021.06.010.0,50.0,46.134613,15300.0,0.1150685,31.0,16852.0
2021.06.08.0,9.5,-6.829071,21000.0,0.2739726,4.0,16644.0
2021.06.09.0,13.0,-6.5901184,21000.0,0.27123287,0.0,16609.0
2021.06.010.0,12.5,-6.4735107,21000.0,0.26849315,0.0,16469.0
2021.06.08.0,35.5,24.853455,21000.0,0.52328765,0.0,16460.0
2021.06.09.0,32.5,25.387299,21000.0,0.5205479,0.0,16423.0
2021.06.010.0,32.0,25.516724,21000.0,0.5178082,0.0,16274.0
2021.06.08.0,24.0,-2.4311218,13200.0,0.12054795,0.0,16983.0
2021.06.09.0,19.5,-2.6927795,13200.0,0.11780822,101.000015,16980.0
2021.06.010.0,10.0,-2.3533936,13200.0,0.1150685,53.0,16852.0
2021.06.08.0,473.0,323.05835,17000.0,0.12054795,0.0,16983.0
2021.06.09.0,505.0,325.84875,17000.0,0.11780822,0.0,16980.0
2021.06.010.0,379.0,332.33115,17000.0,0.1150685,0.0,16852.0
2021.06.08.0,117.0,82.02588,12200.0,0.52328765,100.0,16460.0
2021.06.09.0,122.0,81.140945,12200.0,0.5205479,0.0,16423.0
2021.06.010.0,103.0,81.319016,12200.0,0.5178082,7.0,16274.0
2021.06.09.0,58.0,24.268066,13600.0,0.19452055,3.0,16782.0
2021.06.010.0,39.5,24.907013,13600.0,0.19178082,5.0,16665.0
2021.06.09.0,85.0,42.208313,14200.0,0.19452055,2.0,16782.0
2021.06.010.0,59.999985,42.900635,14200.0,0.19178082,0.0,16665.0
2021.06.09.0,170.0,192.47147,17700.0,0.19452055,0.0,16782.0
2021.06.010.0,193.0,184.38437,17700.0,0.19178082,1.0,16665.0
2021.06.09.0,110.0,123.8622,18000.0,0.19452055,3.0,16782.0
2021.06.010.0,128.0,118.11926,18000.0,0.19178082,19.0,16665.0
2021.06.08.0,7.399994,-8.602844,21200.0,0.2739726,0.0,16644.0
2021.06.09.0,12.0,-8.37204,21200.0,0.27123287,0.0,16609.0
2021.06.010.0,11.5,-8.290344,21200.0,0.26849315,8.0,16469.0
2021.06.08.0,515.0,377.09488,17100.0,0.12054795,0.0,16983.0
2021.06.09.0,560.0,375.5305,17100.0,0.11780822,0.0,16980.0
2021.06.010.0,424.0,380.74084,17100.0,0.1150685,0.0,16852.0
2021.06.08.0,8.0,-7.769989,19600.0,0.12054795,0.0,16983.0
2021.06.09.0,8.0,-7.2762756,19600.0,0.11780822,0.0,16980.0
2021.06.010.0,5.0,-8.198547,19600.0,0.1150685,0.0,16852.0
2021.06.09.0,76.0,38.14563,14000.0,0.19452055,1.0,16782.0
2021.06.010.0,59.999985,36.76837,14000.0,0.19178082,1.0,16665.0
2021.06.09.0,110.0,55.117065,14500.0,0.19452055,2.0,16782.0
2021.06.010.0,85.0,55.837555,14500.0,0.19178082,1.0,16665.0
2021.06.09.0,197.0,114.42908,15300.0,0.19452055,0.0,16782.0
2021.06.010.0,140.0,113.72626,15300.0,0.19178082,0.0,16665.0
2021.06.09.0,40.0,32.809326,18800.0,0.19452055,0.0,16782.0
2021.06.010.0,45.5,31.953491,18800.0,0.19178082,0.0,16665.0
2021.06.08.0,7.299988,-8.059448,19700.0,0.12054795,0.0,16983.0
2021.06.09.0,7.700012,-8.217163,19700.0,0.11780822,0.0,16980.0
2021.06.010.0,4.799988,-9.146088,19700.0,0.1150685,0.0,16852.0
2021.06.09.0,472.0,536.3681,16900.0,0.19452055,0.0,16782.0
2021.06.010.0,505.0,507.79816,16900.0,0.19178082,1.0,16665.0
2021.06.09.0,95.0,52.21222,14400.0,0.19452055,0.0,16782.0
2021.06.010.0,78.0,51.874725,14400.0,0.19178082,2.0,16665.0
2021.06.09.0,326.0,213.06348,16000.0,0.19452055,1.0,16782.0
2021.06.010.0,260.0,212.67587,16000.0,0.19178082,2.0,16665.0
2021.06.09.0,500.0,585.9569,16800.0,0.19452055,3.0,16782.0
2021.06.010.0,545.0,556.63556,16800.0,0.19178082,5.0,16665.0
2021.06.010.0,371.0,408.7301,17100.0,0.19178082,30.0,16665.0
2021.06.09.0,312.0,386.5167,17200.0,0.19452055,0.0,16782.0
2021.06.010.0,333.0,365.30383,17200.0,0.19178082,0.0,16665.0
2021.06.09.0,278.0,346.82822,17300.0,0.19452055,0.0,16782.0
2021.06.010.0,314.0,326.18875,17300.0,0.19178082,57.000015,16665.0
2021.06.09.0,166.0,165.91306,17800.0,0.19452055,1.0,16782.0
2021.06.010.0,164.0,161.23138,17800.0,0.19178082,1.0,16665.0
2021.06.09.0,232.0,135.82028,15500.0,0.19452055,1.0,16782.0
2021.06.010.0,168.0,136.45335,15500.0,0.19178082,1.0,16665.0
2021.06.09.0,381.0,483.6906,17000.0,0.19452055,4.0,16782.0
2021.06.010.0,407.0,457.7818,17000.0,0.19178082,32.0,16665.0
2021.06.09.0,125.0,62.314117,14600.0,0.19452055,0.0,16782.0
2021.06.010.0,78.0,62.641037,14600.0,0.19178082,7.0,16665.0
2021.06.09.0,140.0,74.76611,14800.0,0.19452055,0.0,16782.0
2021.06.010.0,114.0,73.707565,14800.0,0.19178082,2.0,16665.0
2021.06.09.0,71.0,32.232635,13900.0,0.19452055,0.0,16782.0
2021.06.010.0,57.0,32.732056,13900.0,0.19178082,0.0,16665.0
2021.06.09.0,325.0,199.67456,15900.0,0.19452055,0.0,16782.0
2021.06.010.0,233.0,200.53558,15900.0,0.19178082,0.0,16665.0
2021.06.09.0,126.0,144.85834,17900.0,0.19452055,0.0,16782.0
2021.06.010.0,132.0,137.97188,17900.0,0.19178082,0.0,16665.0
2021.06.09.0,97.0,109.33943,18100.0,0.19452055,0.0,16782.0
2021.06.010.0,112.0,103.71022,18100.0,0.19178082,0.0,16665.0
2021.06.08.0,65.0,30.504333,13800.0,0.19726028,0.0,16780.0
2021.06.09.0,66.0,30.278381,13800.0,0.19452055,0.0,16782.0
2021.06.09.0,80.0,40.489197,14100.0,0.19452055,0.0,16782.0
2021.06.010.0,56.0,40.29721,14100.0,0.19178082,0.0,16665.0
2021.06.08.0,243.0,235.67477,17600.0,0.19726028,0.0,16780.0
2021.06.010.0,219.0,229.61316,17600.0,0.19452055,0.0,16782.0
2021.06.09.0,51.0,48.521698,18600.0,0.19452055,0.0,16782.0
2021.06.010.0,57.0,46.732727,18600.0,0.19178082,0.0,16665.0
2021.06.010.0,51.0,38.200043,18700.0,0.19178082,0.0,16665.0
2021.06.08.0,62.0,27.65689,13700.0,0.19726028,0.0,16780.0
2021.06.09.0,62.0,27.57306,13700.0,0.19452055,0.0,16782.0
2021.06.08.0,78.0,57.69217,18500.0,0.19726028,0.0,16780.0
2021.06.010.0,64.0,57.351654,18500.0,0.19452055,0.0,16782.0
2021.06.08.0,760.0,591.96075,16800.0,0.2739726,0.0,16644.0
2021.06.09.0,805.0,599.4862,16800.0,0.27123287,0.0,16609.0
2021.06.010.0,685.0,609.2593,16800.0,0.26849315,0.0,16469.0
2021.06.08.0,101.0,80.03577,18300.0,0.19726028,0.0,16780.0
2021.06.09.0,75.0,79.21408,18300.0,0.19452055,0.0,16782.0
2021.06.010.0,80.0,76.083496,18300.0,0.19178082,0.0,16665.0
2021.06.08.0,12.0,-4.810364,20800.0,0.2739726,0.0,16644.0
2021.06.09.0,14.5,-4.5019836,20800.0,0.27123287,0.0,16609.0
2021.06.010.0,14.0,-4.3716736,20800.0,0.26849315,0.0,16469.0
2021.06.010.0,33.0,17.945343,19100.0,0.19178082,0.0,16665.0
2021.06.08.0,875.0,679.27954,17000.0,0.2739726,0.0,16644.0
2021.06.09.0,910.0,689.6594,17000.0,0.27123287,0.0,16609.0
2021.06.010.0,775.0,700.38904,17000.0,0.26849315,0.0,16469.0
2021.06.08.0,880.0,927.7727,16300.0,0.19726028,0.0,16780.0
2021.06.09.0,795.0,890.0321,16300.0,0.19452055,0.0,16782.0
2021.06.010.0,900.0,865.2317,16300.0,0.19178082,0.0,16665.0
2021.06.08.0,635.0,681.2618,16700.0,0.19726028,0.0,16780.0
2021.06.010.0,620.0,651.1908,16700.0,0.19452055,0.0,16782.0
2021.06.08.0,945.0,1001.8169,16200.0,0.19726028,0.0,16780.0
2021.06.09.0,855.0,960.21936,16200.0,0.19452055,0.0,16782.0
2021.06.010.0,970.0,937.006,16200.0,0.19178082,0.0,16665.0
2021.06.08.0,820.0,858.49976,16400.0,0.19726028,0.0,16780.0
2021.06.09.0,735.0,822.98395,16400.0,0.19452055,0.0,16782.0
2021.06.010.0,825.0,797.3373,16400.0,0.19178082,0.0,16665.0
2021.06.08.0,760.0,790.52905,16500.0,0.19726028,0.0,16780.0
2021.06.09.0,675.0,757.225,16500.0,0.19452055,0.0,16782.0
2021.06.010.0,765.0,733.3539,16500.0,0.19178082,0.0,16665.0
2021.06.08.0,695.0,729.5428,16600.0,0.19726028,0.0,16780.0
2021.06.09.0,615.0,696.88025,16600.0,0.19452055,0.0,16782.0
2021.06.010.0,700.0,669.74274,16600.0,0.19178082,0.0,16665.0
2021.06.09.0,7.0,-10.450317,19900.0,0.11780822,0.0,16980.0
2021.06.010.0,4.399994,-11.274811,19900.0,0.1150685,0.0,16852.0
2021.06.08.0,2560.0,2019.2231,14200.0,0.2739726,0.0,16644.0
2021.06.09.0,2450.0,2019.3202,14200.0,0.27123287,0.0,16609.0
2021.06.010.0,2600.0,2019.2863,14200.0,0.26849315,0.0,16469.0
2021.06.08.0,2390.0,2017.9822,14400.0,0.2739726,0.0,16644.0
2021.06.09.0,2260.0,2018.1868,14400.0,0.27123287,0.0,16609.0
2021.06.010.0,2420.0,2018.0839,14400.0,0.26849315,0.0,16469.0
2021.06.08.0,2220.0,2014.664,14600.0,0.2739726,0.0,16644.0
2021.06.09.0,2100.0,2015.1066,14600.0,0.27123287,0.0,16609.0
2021.06.010.0,2240.0,2014.8723,14600.0,0.26849315,0.0,16469.0
2021.06.08.0,2030.0,1997.1744,14800.0,0.52328765,0.0,16460.0
2021.06.09.0,1920.0,1999.6283,14800.0,0.5205479,0.0,16423.0
2021.06.010.0,2050.0,1999.432,14800.0,0.5178082,0.0,16274.0
2021.06.08.0,2060.0,2002.7418,15000.0,0.12054795,0.0,16983.0
2021.06.09.0,1920.0,2002.8083,15000.0,0.11780822,0.0,16980.0
2021.06.010.0,2080.0,2000.2145,15000.0,0.1150685,0.0,16852.0
2021.06.08.0,1900.0,1940.2877,15200.0,0.024657533,0.0,17090.0
2021.06.09.0,1760.0,1933.2559,15200.0,0.021917805,0.0,17090.0
2021.06.010.0,1960.0,1889.4219,15200.0,0.019178078,0.0,16963.0
2021.06.08.0,1870.0,1957.9388,15200.0,0.12054795,0.0,16983.0
2021.06.09.0,1730.0,1956.0704,15200.0,0.11780822,0.0,16980.0
2021.06.010.0,1890.0,1945.6332,15200.0,0.1150685,0.0,16852.0
2021.06.08.0,1730.0,1835.3281,15200.0,0.52328765,0.0,16460.0
2021.06.09.0,1630.0,1827.4116,15200.0,0.5205479,0.0,16423.0
2021.06.010.0,1730.0,1810.1753,15200.0,0.5178082,0.0,16274.0
2021.06.08.0,1800.0,1873.8634,15300.0,0.024657533,0.0,17090.0
2021.06.09.0,1660.0,1856.3595,15300.0,0.021917805,0.0,17090.0
2021.06.010.0,1860.0,1796.7255,15300.0,0.019178078,0.0,16963.0
2021.06.08.0,1430.0,1493.4414,15700.0,0.12054795,0.0,16983.0
2021.06.09.0,1280.0,1452.1357,15700.0,0.11780822,0.0,16980.0
2021.06.010.0,1420.0,1444.0773,15700.0,0.1150685,0.0,16852.0
2021.06.08.0,1270.0,1349.246,15800.0,0.19726028,0.0,16780.0
2021.06.09.0,1160.0,1288.6532,15800.0,0.19452055,0.0,16782.0
2021.06.010.0,1270.0,1264.9174,15800.0,0.19178082,0.0,16665.0
2021.06.08.0,1100.0,1170.2057,16000.0,0.19726028,0.0,16780.0
2021.06.09.0,1020.0,1116.4569,16000.0,0.19452055,0.0,16782.0
2021.06.010.0,1110.0,1093.2704,16000.0,0.19178082,0.0,16665.0
2021.06.08.0,1010.0,1081.2969,16100.0,0.19726028,0.0,16780.0
2021.06.09.0,945.0,1032.814,16100.0,0.19452055,0.0,16782.0
2021.06.010.0,1040.0,1010.1655,16100.0,0.19178082,0.0,16665.0
2021.06.030.0,15.5,4.383545,11200.0,0.21369863,18.0,17206.0
2021.07.01.0,17.5,3.805603,11200.0,0.2109589,21.0,17379.0
2021.07.02.0,18.5,3.5611877,11200.0,0.20821919,23.0,17305.0
2021.06.030.0,17.0,7.456604,11800.0,0.21369863,10.0,17206.0
2021.07.01.0,22.0,5.79657,11800.0,0.2109589,0.0,17379.0
2021.07.02.0,22.0,4.1457214,11800.0,0.20821919,0.0,17305.0
2021.06.030.0,20.5,8.804901,12000.0,0.21369863,9.0,17206.0
2021.07.01.0,23.5,8.737732,12000.0,0.2109589,0.0,17379.0
2021.07.02.0,20.0,8.795715,12000.0,0.20821919,0.0,17305.0
2021.06.030.0,22.0,12.566406,12200.0,0.21369863,0.0,17206.0
2021.07.01.0,27.5,11.370911,12200.0,0.2109589,0.0,17379.0
2021.07.02.0,25.0,13.116547,12200.0,0.20821919,1.0,17305.0
2021.06.030.0,48.5,40.36136,14000.0,0.21369863,2.0,17206.0
2021.07.01.0,49.0,37.434143,14000.0,0.2109589,0.0,17379.0
2021.07.02.0,50.0,42.036224,14000.0,0.20821919,11.0,17305.0
2021.06.030.0,16.0,4.624695,11400.0,0.21369863,3.0,17206.0
2021.07.01.0,19.0,4.540161,11400.0,0.2109589,0.0,17379.0
2021.07.02.0,17.0,4.8007507,11400.0,0.20821919,0.0,17305.0
2021.06.030.0,770.0,731.734,17000.0,0.21369863,0.0,17206.0
2021.07.01.0,735.0,778.80707,17000.0,0.2109589,0.0,17379.0
2021.07.02.0,735.0,794.2794,17000.0,0.20821919,0.0,17305.0
2021.06.030.0,153.0,98.446686,18400.0,0.21369863,47.0,17206.0
2021.07.01.0,139.0,103.74812,18400.0,0.2109589,1.0,17379.0
2021.07.02.0,140.0,109.131775,18400.0,0.20821919,10.0,17305.0
2021.06.030.0,91.0,83.15944,12800.0,0.4630137,2.0,17037.0
2021.07.01.0,91.0,80.632706,12800.0,0.46027398,1.0,17220.0
2021.07.02.0,88.0,78.194336,12800.0,0.45753425,0.0,17107.0
2021.06.030.0,95.0,92.929855,13000.0,0.4630137,0.0,17037.0
2021.07.01.0,98.0,89.80559,13000.0,0.46027398,1.0,17220.0
2021.07.02.0,98.0,86.7957,13000.0,0.45753425,0.0,17107.0
2021.06.030.0,104.0,103.999405,13200.0,0.4630137,0.0,17037.0
2021.07.01.0,105.0,100.18062,13200.0,0.46027398,4.0,17220.0
2021.07.02.0,107.0,96.49922,13200.0,0.45753425,0.0,17107.0
2021.06.030.0,142.0,144.33539,13800.0,0.4630137,10.0,17037.0
2021.07.01.0,136.0,138.96246,13800.0,0.46027398,0.0,17220.0
2021.07.02.0,141.0,133.28253,13800.0,0.45753425,0.0,17107.0
2021.06.030.0,1610.0,1605.7876,16000.0,0.4630137,0.0,17037.0
2021.07.01.0,1580.0,1641.0934,16000.0,0.46027398,0.0,17220.0
2021.07.02.0,1600.0,1653.2769,16000.0,0.45753425,0.0,17107.0
2021.06.030.0,478.0,420.01584,18000.0,0.4630137,2.0,17037.0
2021.07.01.0,449.0,445.91345,18000.0,0.46027398,0.0,17220.0
2021.07.02.0,440.0,454.98227,18000.0,0.45753425,33.0,17107.0
2021.06.030.0,202.0,155.34586,19000.0,0.4630137,0.0,17037.0
2021.07.01.0,200.0,163.20132,19000.0,0.46027398,5.0,17220.0
2021.07.02.0,200.0,164.52458,19000.0,0.45753425,52.0,17107.0
2021.06.030.0,23.0,11.699158,12400.0,0.21369863,0.0,17206.0
2021.07.01.0,27.5,11.492523,12400.0,0.2109589,1.0,17379.0
2021.07.02.0,27.0,11.488678,12400.0,0.20821919,0.0,17305.0
2021.06.030.0,26.5,17.700348,12800.0,0.21369863,0.0,17206.0
2021.07.01.0,31.5,16.14566,12800.0,0.2109589,0.0,17379.0
2021.07.02.0,32.0,14.417236,12800.0,0.20821919,0.0,17305.0
2021.06.030.0,30.0,20.09311,13000.0,0.21369863,6.0,17206.0
2021.07.01.0,34.0,18.45105,13000.0,0.2109589,0.0,17379.0
2021.07.02.0,34.5,16.57071,13000.0,0.20821919,0.0,17305.0
2021.06.030.0,30.5,22.855621,13200.0,0.21369863,2.0,17206.0
2021.07.01.0,36.5,21.131165,13200.0,0.2109589,0.0,17379.0
2021.07.02.0,34.5,18.993134,13200.0,0.20821919,0.0,17305.0
2021.06.030.0,54.0,46.085815,14200.0,0.21369863,0.0,17206.0
2021.07.01.0,54.0,42.876495,14200.0,0.2109589,5.0,17379.0
2021.07.02.0,55.0,38.662872,14200.0,0.20821919,0.0,17305.0
2021.06.030.0,59.0,53.152924,14400.0,0.21369863,1.0,17206.0
2021.07.01.0,59.999985,49.12552,14400.0,0.2109589,6.0,17379.0
2021.07.02.0,63.0,59.218628,14400.0,0.20821919,1.0,17305.0
2021.06.030.0,86.0,86.19591,15000.0,0.21369863,9.0,17206.0
2021.07.01.0,95.0,79.98276,15000.0,0.2109589,1.0,17379.0
2021.07.02.0,92.0,76.97307,15000.0,0.20821919,0.0,17305.0
2021.06.030.0,905.0,882.3884,16800.0,0.21369863,0.0,17206.0
2021.07.01.0,870.0,918.45483,16800.0,0.2109589,0.0,17379.0
2021.07.02.0,885.0,932.3943,16800.0,0.20821919,0.0,17305.0
2021.06.030.0,645.0,588.9654,17200.0,0.21369863,0.0,17206.0
2021.07.01.0,610.0,618.19037,17200.0,0.2109589,0.0,17379.0
2021.07.02.0,620.0,629.4654,17200.0,0.20821919,0.0,17305.0
2021.06.030.0,270.0,193.4127,18000.0,0.21369863,10.0,17206.0
2021.07.01.0,242.0,204.81598,18000.0,0.2109589,40.0,17379.0
2021.07.02.0,235.0,207.00763,18000.0,0.20821919,6.0,17305.0
2021.06.030.0,58.0,27.857117,19200.0,0.21369863,0.0,17206.0
2021.07.01.0,51.0,28.206696,19200.0,0.2109589,0.0,17379.0
2021.07.02.0,50.0,27.682465,19200.0,0.20821919,0.0,17305.0
2021.06.030.0,27.0,7.769928,19800.0,0.21369863,0.0,17206.0
2021.07.01.0,24.5,7.807251,19800.0,0.2109589,0.0,17379.0
2021.07.02.0,27.0,7.1092834,19800.0,0.20821919,0.0,17305.0
2021.06.030.0,117.0,116.12239,13400.0,0.4630137,0.0,17037.0
2021.07.01.0,117.0,111.85895,13400.0,0.46027398,0.0,17220.0
2021.07.02.0,118.0,107.64131,13400.0,0.45753425,0.0,17107.0
2021.06.030.0,153.0,159.71503,14000.0,0.4630137,1.0,17037.0
2021.07.01.0,153.0,154.23613,14000.0,0.46027398,14.0,17220.0
2021.07.02.0,160.0,148.41518,14000.0,0.45753425,1.0,17107.0
2021.06.030.0,286.0,324.3134,15200.0,0.4630137,0.0,17037.0
2021.07.01.0,275.0,310.2195,15200.0,0.46027398,0.0,17220.0
2021.07.02.0,294.0,293.39026,15200.0,0.45753425,1.0,17107.0
2021.06.030.0,80.0,58.556732,20000.0,0.4630137,70.0,17037.0
2021.07.01.0,85.0,60.523544,20000.0,0.46027398,4.0,17220.0
2021.07.02.0,84.0,61.643112,20000.0,0.45753425,0.0,17107.0
2021.06.030.0,35.0,26.146545,13600.0,0.21369863,2.0,17206.0
2021.07.01.0,42.0,25.122314,13600.0,0.2109589,1.0,17379.0
2021.07.02.0,42.0,29.887665,13600.0,0.20821919,2.0,17305.0
2021.06.030.0,114.0,112.92323,15400.0,0.21369863,16.0,17206.0
2021.07.01.0,120.0,102.61604,15400.0,0.2109589,0.0,17379.0
2021.07.02.0,118.0,113.42769,15400.0,0.20821919,2.0,17305.0
2021.06.030.0,137.0,140.30318,15600.0,0.21369863,1.0,17206.0
2021.07.01.0,127.0,130.5455,15600.0,0.2109589,1.0,17379.0
2021.07.02.0,138.0,134.85034,15600.0,0.20821919,1.0,17305.0
2021.06.030.0,202.0,137.81477,18200.0,0.21369863,3.0,17206.0
2021.07.01.0,185.0,145.31714,18200.0,0.2109589,4.0,17379.0
2021.07.02.0,198.0,146.97884,18200.0,0.20821919,0.0,17305.0
2021.06.030.0,21.0,2.2139893,20000.0,0.21369863,0.0,17206.0
2021.07.01.0,20.5,2.4837341,20000.0,0.2109589,21.0,17379.0
2021.07.02.0,22.0,2.6489563,20000.0,0.20821919,3.0,17305.0
2021.06.030.0,1050.0,1049.3275,16800.0,0.4630137,0.0,17037.0
2021.07.01.0,1020.0,1087.3748,16800.0,0.46027398,0.0,17220.0
2021.07.02.0,1060.0,1094.7076,16800.0,0.45753425,0.0,17107.0
2021.06.030.0,725.0,674.1312,17400.0,0.4630137,0.0,17037.0
2021.07.01.0,695.0,710.1311,17400.0,0.46027398,1.0,17220.0
2021.07.02.0,715.0,725.56055,17400.0,0.45753425,0.0,17107.0
2021.06.030.0,110.0,86.59065,19600.0,0.4630137,6.0,17037.0
2021.07.01.0,122.0,89.37433,19600.0,0.46027398,0.0,17220.0
2021.07.02.0,120.0,90.84236,19600.0,0.45753425,0.0,17107.0
2021.06.030.0,24.5,15.437378,12600.0,0.21369863,0.0,17206.0
2021.07.01.0,29.5,14.06073,12600.0,0.2109589,0.0,17379.0
2021.07.02.0,29.5,12.549194,12600.0,0.20821919,0.0,17305.0
2021.06.030.0,75.0,69.44658,14800.0,0.21369863,0.0,17206.0
2021.07.01.0,80.0,65.004654,14800.0,0.2109589,6.0,17379.0
2021.07.02.0,83.0,76.65788,14800.0,0.20821919,2.0,17305.0
2021.06.030.0,432.0,357.1609,17600.0,0.21369863,6.0,17206.0
2021.07.01.0,405.0,377.82965,17600.0,0.2109589,24.0,17379.0
2021.07.02.0,412.0,378.7724,17600.0,0.20821919,0.0,17305.0
2021.06.030.0,18.0,0.95181274,20200.0,0.21369863,2.0,17206.0
2021.07.01.0,16.5,0.33828735,20200.0,0.2109589,0.0,17379.0
2021.07.02.0,18.0,-2.218048,20200.0,0.20821919,0.0,17305.0
2021.06.030.0,263.0,283.87363,15000.0,0.4630137,2.0,17037.0
2021.07.01.0,256.0,272.32953,15000.0,0.46027398,1.0,17220.0
2021.07.02.0,267.0,259.69217,15000.0,0.45753425,2.0,17107.0
2021.06.030.0,825.0,774.9756,17200.0,0.4630137,0.0,17037.0
2021.07.01.0,785.0,820.8423,17200.0,0.46027398,0.0,17220.0
2021.07.02.0,820.0,835.7843,17200.0,0.45753425,5.0,17107.0
2021.06.030.0,63.0,48.53003,20200.0,0.4630137,3.0,17037.0
2021.07.01.0,78.0,49.985504,20200.0,0.46027398,3.0,17220.0
2021.07.02.0,71.0,51.388367,20200.0,0.45753425,0.0,17107.0
2021.06.030.0,101.0,100.44455,15200.0,0.21369863,28.0,17206.0
2021.07.01.0,100.0,93.766846,15200.0,0.2109589,2.0,17379.0
2021.07.02.0,104.0,98.43146,15200.0,0.20821919,4.0,17305.0
2021.06.030.0,150.0,160.64548,15800.0,0.21369863,0.0,17206.0
2021.07.01.0,157.0,151.00798,15800.0,0.2109589,1.0,17379.0
2021.07.02.0,160.0,141.87666,15800.0,0.20821919,0.0,17305.0
2021.06.030.0,175.0,194.0505,16000.0,0.21369863,11.0,17206.0
2021.07.01.0,193.0,180.69536,16000.0,0.2109589,23.0,17379.0
2021.07.02.0,180.0,183.49829,16000.0,0.20821919,2.0,17305.0
2021.06.030.0,74.0,33.293243,19000.0,0.21369863,15.0,17206.0
2021.07.01.0,62.0,36.447693,19000.0,0.2109589,11.0,17379.0
2021.07.02.0,62.0,40.445374,19000.0,0.20821919,19.0,17305.0
2021.06.030.0,236.0,252.27173,14800.0,0.4630137,0.0,17037.0
2021.07.01.0,231.0,242.66336,14800.0,0.46027398,0.0,17220.0
2021.07.02.0,246.0,233.02673,14800.0,0.45753425,0.0,17107.0
2021.06.030.0,316.0,286.305,18400.0,0.4630137,0.0,17037.0
2021.07.01.0,322.0,300.52002,18400.0,0.46027398,1.0,17220.0
2021.07.02.0,320.0,305.2458,18400.0,0.45753425,0.0,17107.0
2021.06.030.0,16.5,5.9374695,11600.0,0.21369863,0.0,17206.0
2021.07.01.0,20.5,5.098236,11600.0,0.2109589,0.0,17379.0
2021.07.02.0,20.5,4.968048,11600.0,0.20821919,0.0,17305.0
2021.06.030.0,16.0,-1.8181458,20400.0,0.21369863,0.0,17206.0
2021.07.01.0,13.5,-1.5886841,20400.0,0.2109589,0.0,17379.0
2021.07.02.0,14.5,-1.9364014,20400.0,0.20821919,0.0,17305.0
2021.06.030.0,386.0,442.40515,15800.0,0.4630137,0.0,17037.0
2021.07.01.0,390.0,433.88403,15800.0,0.46027398,14.0,17220.0
2021.07.02.0,413.0,414.31802,15800.0,0.45753425,1.0,17107.0
2021.06.030.0,1210.0,1229.7477,16400.0,0.21369863,0.0,17206.0
2021.07.01.0,1170.0,1255.253,16400.0,0.2109589,0.0,17379.0
2021.07.02.0,1180.0,1262.6233,16400.0,0.20821919,0.0,17305.0
2021.06.030.0,349.0,265.26404,17800.0,0.21369863,0.0,17206.0
2021.07.01.0,320.0,280.4445,17800.0,0.2109589,23.0,17379.0
2021.07.02.0,327.0,280.53064,17800.0,0.20821919,14.0,17305.0
2021.06.030.0,37.0,17.202515,19400.0,0.21369863,0.0,17206.0
2021.07.01.0,36.5,17.810028,19400.0,0.2109589,4.0,17379.0
2021.07.02.0,40.5,19.536621,19400.0,0.20821919,2.0,17305.0
2021.06.030.0,350.0,413.42358,15600.0,0.4630137,0.0,17037.0
2021.07.01.0,346.0,393.36606,15600.0,0.46027398,1.0,17220.0
2021.07.02.0,368.0,368.9721,15600.0,0.45753425,1.0,17107.0
2021.06.030.0,935.0,910.4092,17000.0,0.4630137,0.0,17037.0
2021.07.01.0,900.0,972.4757,17000.0,0.46027398,0.0,17220.0
2021.07.02.0,935.0,991.62585,17000.0,0.45753425,0.0,17107.0
2021.06.030.0,555.0,502.3672,17800.0,0.4630137,3.0,17037.0
2021.07.01.0,530.0,534.91833,17800.0,0.46027398,1.0,17220.0
2021.07.02.0,525.0,547.709,17800.0,0.45753425,0.0,17107.0
2021.06.030.0,115.0,70.464066,18600.0,0.21369863,6.0,17206.0
2021.07.01.0,106.0,73.872955,18600.0,0.2109589,20.0,17379.0
2021.07.02.0,106.0,78.97133,18600.0,0.20821919,15.0,17305.0
2021.06.030.0,1050.0,1046.1553,16600.0,0.21369863,0.0,17206.0
2021.07.01.0,1020.0,1085.0284,16600.0,0.2109589,0.0,17379.0
2021.07.02.0,1030.0,1100.3843,16600.0,0.20821919,0.0,17305.0
2021.06.030.0,545.0,470.18927,17400.0,0.21369863,13.0,17206.0
2021.07.01.0,540.0,495.2978,17400.0,0.2109589,1.0,17379.0
2021.07.02.0,510.0,488.0795,17400.0,0.20821919,2.0,17305.0
2021.06.030.0,68.0,63.37831,14600.0,0.21369863,0.0,17206.0
2021.07.01.0,74.0,58.561768,14600.0,0.2109589,3.0,17379.0
2021.07.02.0,72.0,67.582886,14600.0,0.20821919,1.0,17305.0
2021.06.030.0,1730.0,1751.6139,15800.0,0.21369863,0.0,17206.0
2021.07.01.0,1670.0,1770.2876,15800.0,0.2109589,0.0,17379.0
2021.07.02.0,1700.0,1772.0583,15800.0,0.20821919,0.0,17305.0
2021.06.030.0,1380.0,1418.9447,16200.0,0.21369863,0.0,17206.0
2021.07.01.0,1330.0,1439.5854,16200.0,0.2109589,0.0,17379.0
2021.07.02.0,1350.0,1444.327,16200.0,0.20821919,0.0,17305.0
2021.06.030.0,205.0,233.08038,16200.0,0.21369863,6.0,17206.0
2021.07.01.0,212.0,213.1997,16200.0,0.2109589,43.0,17379.0
2021.07.02.0,212.0,194.88177,16200.0,0.20821919,0.0,17305.0
2021.06.030.0,428.0,481.90503,16000.0,0.4630137,0.0,17037.0
2021.07.01.0,425.0,478.47528,16000.0,0.46027398,12.0,17220.0
2021.07.02.0,462.0,459.8095,16000.0,0.45753425,6.0,17107.0
2021.06.030.0,59.999985,40.447388,20400.0,0.4630137,0.0,17037.0
2021.07.01.0,69.0,41.991333,20400.0,0.46027398,0.0,17220.0
2021.07.02.0,59.999985,43.228333,20400.0,0.45753425,0.0,17107.0
2021.06.030.0,129.0,105.058105,19400.0,0.4630137,3.0,17037.0
2021.07.01.0,144.0,108.30667,19400.0,0.46027398,2.0,17220.0
2021.07.02.0,143.0,109.96347,19400.0,0.45753425,0.0,17107.0
2021.06.030.0,32.5,22.387878,13400.0,0.21369863,0.0,17206.0
2021.07.01.0,39.0,20.56247,13400.0,0.2109589,0.0,17379.0
2021.07.02.0,38.0,19.742828,13400.0,0.20821919,0.0,17305.0
2021.06.030.0,2090.0,1938.8982,15400.0,0.21369863,0.0,17206.0
2021.07.01.0,2040.0,1957.4133,15400.0,0.2109589,0.0,17379.0
2021.07.02.0,2050.0,1969.0927,15400.0,0.20821919,0.0,17305.0
2021.06.030.0,2460.0,2010.8088,15000.0,0.21369863,0.0,17206.0
2021.07.01.0,2410.0,2013.3112,15000.0,0.2109589,0.0,17379.0
2021.07.02.0,2430.0,2014.9856,15000.0,0.20821919,0.0,17305.0
2021.06.030.0,1910.0,1861.95,15600.0,0.21369863,0.0,17206.0
2021.07.01.0,1840.0,1882.554,15600.0,0.2109589,0.0,17379.0
2021.07.02.0,1860.0,1889.8081,15600.0,0.20821919,0.0,17305.0
2021.06.030.0,44.0,30.573639,13800.0,0.21369863,11.0,17206.0
2021.07.01.0,45.0,29.156647,13800.0,0.2109589,2.0,17379.0
2021.07.02.0,46.0,35.116028,13800.0,0.20821919,4.0,17305.0
2021.06.030.0,2650.0,2017.0197,14800.0,0.21369863,0.0,17206.0
2021.07.01.0,2600.0,2017.8525,14800.0,0.2109589,0.0,17379.0
2021.07.02.0,2620.0,2018.409,14800.0,0.20821919,0.0,17305.0
2021.06.030.0,2280.0,1990.9053,15200.0,0.21369863,0.0,17206.0
2021.07.01.0,2220.0,1999.1206,15200.0,0.2109589,0.0,17379.0
2021.07.02.0,2240.0,2004.2119,15200.0,0.20821919,0.0,17305.0
2021.06.030.0,1550.0,1609.1975,16000.0,0.21369863,0.0,17206.0
2021.07.01.0,1510.0,1633.349,16000.0,0.2109589,0.0,17379.0
2021.07.02.0,1520.0,1634.3081,16000.0,0.20821919,0.0,17305.0
2021.06.030.0,89.0,50.36731,18800.0,0.21369863,2.0,17206.0
2021.07.01.0,80.0,53.412354,18800.0,0.2109589,4.0,17379.0
2021.07.02.0,81.0,56.890533,18800.0,0.20821919,12.0,17305.0
2021.06.030.0,236.0,262.98248,16400.0,0.21369863,0.0,17206.0
2021.07.01.0,249.0,245.17834,16400.0,0.2109589,0.0,17379.0
2021.07.02.0,249.0,228.48834,16400.0,0.20821919,0.0,17305.0
2021.06.030.0,14.0,-3.9308472,20600.0,0.21369863,0.0,17206.0
2021.07.01.0,11.0,-3.6403198,20600.0,0.2109589,0.0,17379.0
2021.07.02.0,12.0,-3.8690186,20600.0,0.20821919,0.0,17305.0
2021.06.030.0,132.0,129.6163,13600.0,0.4630137,2.0,17037.0
2021.07.01.0,121.0,124.90422,13600.0,0.46027398,2.0,17220.0
2021.07.02.0,129.0,119.77425,13600.0,0.45753425,3.0,17107.0
2021.06.030.0,535.0,648.6951,16400.0,0.4630137,0.0,17037.0
2021.07.01.0,560.0,615.32904,16400.0,0.46027398,22.0,17220.0
2021.07.02.0,575.0,578.35846,16400.0,0.45753425,0.0,17107.0
2021.06.030.0,52.0,33.733704,20600.0,0.4630137,0.0,17037.0
2021.07.01.0,59.999985,34.934814,20600.0,0.46027398,0.0,17220.0
2021.07.02.0,50.0,35.86841,20600.0,0.45753425,5.0,17107.0
2021.06.030.0,11.5,-6.8167114,14500.0,0.060273975,38.0,17529.0
2021.07.01.0,11.0,-6.254608,14500.0,0.057534248,68.0,17715.0
2021.07.02.0,10.0,-5.2557983,14500.0,0.05479452,155.0,17646.0
2021.06.030.0,11.0,-6.676056,14600.0,0.060273975,39.0,17529.0
2021.07.01.0,13.5,-5.7781982,14600.0,0.057534248,8.0,17715.0
2021.07.02.0,10.0,-4.9600525,14600.0,0.05479452,4.0,17646.0
2021.06.030.0,17.0,3.3970337,15500.0,0.060273975,503.0,17529.0
2021.07.01.0,18.5,3.4661255,15500.0,0.057534248,269.0,17715.0
2021.07.02.0,17.0,4.0092163,15500.0,0.05479452,404.0,17646.0
2021.06.030.0,18.5,7.482971,15700.0,0.060273975,90.0,17529.0
2021.07.01.0,22.5,7.6060486,15700.0,0.057534248,233.0,17715.0
2021.07.02.0,21.0,8.108032,15700.0,0.05479452,94.0,17646.0
2021.06.030.0,139.0,59.05136,18000.0,0.060273975,4613.0,17529.0
2021.07.01.0,114.0,64.71684,18000.0,0.057534248,6970.9995,17715.0
2021.07.02.0,105.0,69.717224,18000.0,0.05479452,6447.0,17646.0
2021.06.030.0,15.0,-0.6088562,18800.0,0.060273975,225.0,17529.0
2021.07.01.0,11.5,-2.4382935,18800.0,0.057534248,609.0,17715.0
2021.07.02.0,8.700012,-4.735565,18800.0,0.05479452,444.0,17646.0
2021.06.030.0,33.0,13.01181,19600.0,0.21369863,2.0,17206.0
2021.07.01.0,30.0,13.005829,19600.0,0.2109589,0.0,17379.0
2021.07.02.0,33.0,12.264526,19600.0,0.20821919,0.0,17305.0
2021.06.030.0,311.0,362.53183,15400.0,0.4630137,1.0,17037.0
2021.07.01.0,319.0,348.65735,15400.0,0.46027398,11.0,17220.0
2021.07.02.0,328.0,332.77167,15400.0,0.45753425,0.0,17107.0
2021.06.030.0,94.0,71.120255,19800.0,0.4630137,0.0,17037.0
2021.07.01.0,103.0,73.597626,19800.0,0.46027398,0.0,17220.0
2021.07.02.0,101.0,74.97281,19800.0,0.45753425,2.0,17107.0
2021.06.030.0,13.5,-11.312286,15000.0,0.060273975,139.0,17529.0
2021.07.01.0,14.5,-9.96936,15000.0,0.057534248,502.0,17715.0
2021.07.02.0,12.5,-8.900818,15000.0,0.05479452,99.0,17646.0
2021.06.030.0,18.0,9.347809,15600.0,0.060273975,126.0,17529.0
2021.07.01.0,20.0,8.537262,15600.0,0.057534248,242.0,17715.0
2021.07.02.0,18.0,8.375763,15600.0,0.05479452,266.0,17646.0
2021.06.030.0,21.0,12.4021,15800.0,0.060273975,117.999985,17529.0
2021.07.01.0,23.0,11.925934,15800.0,0.057534248,279.0,17715.0
2021.07.02.0,21.5,12.037018,15800.0,0.05479452,153.0,17646.0
2021.06.030.0,23.0,10.946838,15900.0,0.060273975,238.0,17529.0
2021.07.01.0,26.0,10.977936,15900.0,0.057534248,1137.0,17715.0
2021.07.02.0,22.5,11.335785,15900.0,0.05479452,196.0,17646.0
2021.06.030.0,24.5,0.32025146,16000.0,0.060273975,792.0,17529.0
2021.07.01.0,28.0,-0.075805664,16000.0,0.057534248,1133.0,17715.0
2021.07.02.0,25.0,0.29888916,16000.0,0.05479452,466.0,17646.0
2021.06.030.0,36.0,29.03653,16400.0,0.060273975,2054.0,17529.0
2021.07.01.0,42.0,24.373718,16400.0,0.057534248,1317.0,17715.0
2021.07.02.0,38.0,21.1073,16400.0,0.05479452,495.0,17646.0
2021.06.030.0,40.5,26.839905,16500.0,0.060273975,1603.0,17529.0
2021.07.01.0,47.0,21.778076,16500.0,0.057534248,1349.0,17715.0
2021.07.02.0,42.5,19.324768,16500.0,0.05479452,812.0,17646.0
2021.06.030.0,52.0,45.95816,16700.0,0.060273975,1420.0,17529.0
2021.07.01.0,59.0,34.887238,16700.0,0.057534248,1548.0,17715.0
2021.07.02.0,57.0,27.447327,16700.0,0.05479452,1137.0,17646.0
2021.06.030.0,9.0,-0.58599854,19000.0,0.060273975,14.0,17529.0
2021.07.01.0,8.200012,-1.6039429,19000.0,0.057534248,532.0,17715.0
2021.07.02.0,5.200012,-3.6185913,19000.0,0.05479452,127.0,17646.0
2021.06.030.0,481.0,550.3331,16200.0,0.4630137,0.0,17037.0
2021.07.01.0,471.0,546.5117,16200.0,0.46027398,1.0,17220.0
2021.07.02.0,515.0,522.2953,16200.0,0.45753425,1.0,17107.0
2021.06.030.0,605.0,585.7418,17600.0,0.4630137,1.0,17037.0
2021.07.01.0,615.0,617.2713,17600.0,0.46027398,1.0,17220.0
2021.07.02.0,615.0,631.2706,17600.0,0.45753425,1.0,17107.0
2021.06.030.0,462.0,399.29108,17400.0,0.060273975,0.0,17529.0
2021.07.01.0,418.0,481.8109,17400.0,0.057534248,0.0,17715.0
2021.07.02.0,415.0,517.7689,17400.0,0.05479452,0.0,17646.0
2021.06.030.0,329.0,175.62497,17600.0,0.060273975,2773.0,17529.0
2021.07.01.0,293.0,216.86884,17600.0,0.057534248,0.0,17715.0
2021.07.02.0,284.0,268.38617,17600.0,0.05479452,0.0,17646.0
2021.06.030.0,220.0,119.53371,17800.0,0.060273975,3339.9998,17529.0
2021.07.01.0,191.0,128.4747,17800.0,0.057534248,4284.0,17715.0
2021.07.02.0,180.0,133.53253,17800.0,0.05479452,3473.0,17646.0
2021.06.030.0,83.0,30.182434,18200.0,0.060273975,2176.0,17529.0
2021.07.01.0,67.0,33.148285,18200.0,0.057534248,3264.0,17715.0
2021.07.02.0,57.0,35.738342,18200.0,0.05479452,3012.0,17646.0
2021.06.030.0,6.799988,-0.27191162,19100.0,0.060273975,17.0,17529.0
2021.07.01.0,5.299988,-0.5128784,19100.0,0.057534248,14.0,17715.0
2021.07.02.0,4.0,-1.2219543,19100.0,0.05479452,29.0,17646.0
2021.06.030.0,3.100006,-5.8435364,19800.0,0.060273975,0.0,17529.0
2021.07.01.0,2.100006,-4.403351,19800.0,0.057534248,0.0,17715.0
2021.07.02.0,2.899994,-3.8487244,19800.0,0.05479452,0.0,17646.0
2021.06.030.0,273.0,237.37906,18600.0,0.4630137,2.0,17037.0
2021.07.01.0,268.0,246.88428,18600.0,0.46027398,3.0,17220.0
2021.07.02.0,275.0,248.69667,18600.0,0.45753425,0.0,17107.0
2021.06.030.0,11.5,-4.0181885,14700.0,0.060273975,18.0,17529.0
2021.07.01.0,14.5,-3.3952332,14700.0,0.057534248,63.0,17715.0
2021.07.02.0,11.0,-2.6767883,14700.0,0.05479452,6.0,17646.0
2021.06.030.0,12.5,-4.7519836,14800.0,0.060273975,30.0,17529.0
2021.07.01.0,12.5,-4.317749,14800.0,0.057534248,43.0,17715.0
2021.07.02.0,13.0,-3.298645,14800.0,0.05479452,11.0,17646.0
2021.06.030.0,13.0,-2.2201233,14900.0,0.060273975,82.0,17529.0
2021.07.01.0,13.5,-1.5674438,14900.0,0.057534248,40.0,17715.0
2021.07.02.0,13.0,-0.52627563,14900.0,0.05479452,19.0,17646.0
2021.06.030.0,29.5,16.117035,16200.0,0.060273975,371.0,17529.0
2021.07.01.0,34.0,13.049835,16200.0,0.057534248,1164.0,17715.0
2021.07.02.0,30.0,11.717255,16200.0,0.05479452,379.0,17646.0
2021.06.030.0,59.999985,57.786163,16800.0,0.060273975,1841.0,17529.0
2021.07.01.0,68.0,43.22937,16800.0,0.057534248,1606.0,17715.0
2021.07.02.0,64.0,32.504456,16800.0,0.05479452,1387.0,17646.0
2021.06.030.0,111.0,145.39828,17200.0,0.060273975,1735.0,17529.0
2021.07.01.0,125.0,121.22754,17200.0,0.057534248,2418.0,17715.0
2021.07.02.0,118.0,93.160614,17200.0,0.05479452,2670.0,17646.0
2021.06.030.0,11.5,0.63656616,18900.0,0.060273975,100.0,17529.0
2021.07.01.0,8.5,-2.5660706,18900.0,0.057534248,1268.0,17715.0
2021.07.02.0,6.700012,-6.329254,18900.0,0.05479452,1039.0,17646.0
2021.06.030.0,4.5,-3.1167603,19500.0,0.060273975,0.0,17529.0
2021.07.01.0,3.0,-2.6037292,19500.0,0.057534248,0.0,17715.0
2021.07.02.0,1.8999939,-2.607788,19500.0,0.05479452,5.0,17646.0
2021.06.030.0,171.0,180.02518,14200.0,0.4630137,1.0,17037.0
2021.07.01.0,170.0,174.20503,14200.0,0.46027398,0.0,17220.0
2021.07.02.0,178.0,167.5491,14200.0,0.45753425,0.0,17107.0
2021.06.030.0,665.0,754.1183,16800.0,0.4630137,0.0,17037.0
2021.07.01.0,695.0,709.7384,16800.0,0.46027398,8.0,17220.0
2021.07.02.0,715.0,681.8695,16800.0,0.45753425,0.0,17107.0
2021.06.030.0,32.5,22.354584,16300.0,0.060273975,874.0,17529.0
2021.07.01.0,38.0,19.401306,16300.0,0.057534248,1085.0,17715.0
2021.07.02.0,34.5,18.89035,16300.0,0.05479452,308.0,17646.0
2021.06.030.0,46.5,44.21704,16600.0,0.060273975,647.0,17529.0
2021.07.01.0,52.0,38.110107,16600.0,0.057534248,1024.0,17715.0
2021.07.02.0,48.0,33.650055,16600.0,0.05479452,625.0,17646.0
2021.06.030.0,67.0,75.60547,16900.0,0.060273975,1294.0,17529.0
2021.07.01.0,77.0,61.061676,16900.0,0.057534248,1355.0,17715.0
2021.07.02.0,74.0,50.44281,16900.0,0.05479452,1597.0,17646.0
2021.06.030.0,540.0,510.7847,17300.0,0.060273975,0.0,17529.0
2021.07.01.0,492.0,574.2152,17300.0,0.057534248,0.0,17715.0
2021.07.02.0,490.0,579.70044,17300.0,0.05479452,0.0,17646.0
2021.06.030.0,395.0,260.80795,17500.0,0.060273975,0.0,17529.0
2021.07.01.0,354.0,341.13455,17500.0,0.057534248,0.0,17715.0
2021.07.02.0,346.0,404.20126,17500.0,0.05479452,0.0,17646.0
2021.06.030.0,276.0,160.95352,17700.0,0.060273975,3348.9998,17529.0
2021.07.01.0,238.0,198.35088,17700.0,0.057534248,0.0,17715.0
2021.07.02.0,229.0,210.50256,17700.0,0.05479452,2904.0,17646.0
2021.06.030.0,177.0,108.32887,17900.0,0.060273975,2393.0,17529.0
2021.07.01.0,149.0,120.337296,17900.0,0.057534248,2880.0,17715.0
2021.07.02.0,138.0,129.02902,17900.0,0.05479452,2658.0,17646.0
2021.06.030.0,109.0,49.91507,18100.0,0.060273975,2753.0,17529.0
2021.07.01.0,87.0,55.4664,18100.0,0.057534248,3373.0,17715.0
2021.07.02.0,78.0,59.16986,18100.0,0.05479452,3824.0002,17646.0
2021.06.030.0,47.0,12.81485,18400.0,0.060273975,536.0,17529.0
2021.07.01.0,36.0,10.620209,18400.0,0.057534248,2090.0,17715.0
2021.07.02.0,29.5,11.038574,18400.0,0.05479452,927.0,17646.0
2021.06.030.0,5.0,-1.4482422,19200.0,0.060273975,4.0,17529.0
2021.07.01.0,6.899994,-0.9154053,19200.0,0.057534248,57.999985,17715.0
2021.07.02.0,3.7999878,-2.2520142,19200.0,0.05479452,8.0,17646.0
2021.06.030.0,5.399994,-1.1923523,19300.0,0.060273975,1.0,17529.0
2021.07.01.0,4.200012,-0.99194336,19300.0,0.057534248,8.0,17715.0
2021.07.02.0,3.600006,-1.4386292,19300.0,0.05479452,0.0,17646.0
2021.06.030.0,1180.0,1183.8562,16600.0,0.4630137,0.0,17037.0
2021.07.01.0,1150.0,1219.7179,16600.0,0.46027398,0.0,17220.0
2021.07.02.0,1180.0,1226.6473,16600.0,0.45753425,0.0,17107.0
2021.06.030.0,1770.0,1733.6897,15800.0,0.4630137,0.0,17037.0
2021.07.01.0,1730.0,1764.4618,15800.0,0.46027398,0.0,17220.0
2021.07.02.0,1750.0,1776.286,15800.0,0.45753425,0.0,17107.0
2021.06.030.0,409.0,353.14526,18200.0,0.4630137,0.0,17037.0
2021.07.01.0,382.0,375.35342,18200.0,0.46027398,0.0,17220.0
2021.07.02.0,372.0,380.88336,18200.0,0.45753425,1.0,17107.0
2021.06.030.0,790.0,768.20276,17000.0,0.060273975,0.0,17529.0
2021.07.01.0,735.0,786.4159,17000.0,0.057534248,0.0,17715.0
2021.07.02.0,730.0,754.07764,17000.0,0.05479452,0.0,17646.0
2021.06.030.0,710.0,708.27124,17100.0,0.060273975,0.0,17529.0
2021.07.01.0,650.0,732.0962,17100.0,0.057534248,0.0,17715.0
2021.07.02.0,650.0,704.8955,17100.0,0.05479452,0.0,17646.0
2021.06.030.0,35.0,0.8126221,18500.0,0.060273975,1130.0,17529.0
2021.07.01.0,26.0,-0.16473389,18500.0,0.057534248,1158.0,17715.0
2021.07.02.0,20.5,0.043823242,18500.0,0.05479452,980.0,17646.0
2021.06.030.0,6.399994,-2.1079712,19400.0,0.060273975,0.0,17529.0
2021.07.01.0,3.600006,-2.2106323,19400.0,0.057534248,1.0,17715.0
2021.07.02.0,2.7000122,-2.6398926,19400.0,0.05479452,0.0,17646.0
2021.06.030.0,1320.0,1323.7632,16400.0,0.4630137,0.0,17037.0
2021.07.01.0,1290.0,1361.9336,16400.0,0.46027398,0.0,17220.0
2021.07.02.0,1320.0,1371.833,16400.0,0.45753425,0.0,17107.0
2021.06.030.0,160.0,128.96532,19200.0,0.4630137,0.0,17037.0
2021.07.01.0,170.0,133.52083,19200.0,0.46027398,1.0,17220.0
2021.07.02.0,169.0,135.13712,19200.0,0.45753425,0.0,17107.0
2021.06.030.0,27.5,17.987396,21200.0,0.4630137,5.0,17037.0
2021.07.01.0,34.0,18.624756,21200.0,0.46027398,23.0,17220.0
2021.07.02.0,34.0,18.92099,21200.0,0.45753425,0.0,17107.0
2021.06.030.0,970.0,948.3611,16800.0,0.060273975,0.0,17529.0
2021.07.01.0,920.0,955.8873,16800.0,0.057534248,0.0,17715.0
2021.07.02.0,915.0,904.0393,16800.0,0.05479452,0.0,17646.0
2021.06.030.0,885.0,841.208,16900.0,0.060273975,0.0,17529.0
2021.07.01.0,825.0,859.2722,16900.0,0.057534248,0.0,17715.0
2021.07.02.0,825.0,824.8873,16900.0,0.05479452,0.0,17646.0
2021.06.030.0,26.5,-1.9953003,18600.0,0.060273975,307.0,17529.0
2021.07.01.0,20.0,-3.2481384,18600.0,0.057534248,551.0,17715.0
2021.07.02.0,16.5,-4.741028,18600.0,0.05479452,828.0,17646.0
2021.06.030.0,20.0,-0.62786865,18700.0,0.060273975,878.0,17529.0
2021.07.01.0,14.5,-3.00177,18700.0,0.057534248,428.0,17715.0
2021.07.02.0,11.5,-5.8580627,18700.0,0.05479452,969.0,17646.0
2021.06.030.0,3.2999878,-6.0,20100.0,0.060273975,1.0,17529.0
2021.07.01.0,1.5,-5.20401,20100.0,0.057534248,1.0,17715.0
2021.07.02.0,1.8999939,-5.150818,20100.0,0.05479452,0.0,17646.0
2021.06.030.0,190.0,201.5315,14400.0,0.4630137,0.0,17037.0
2021.07.01.0,188.0,194.21576,14400.0,0.46027398,0.0,17220.0
2021.07.02.0,198.0,186.62144,14400.0,0.45753425,0.0,17107.0
2021.06.030.0,212.0,225.27512,14600.0,0.4630137,0.0,17037.0
2021.07.01.0,208.0,217.12466,14600.0,0.46027398,0.0,17220.0
2021.07.02.0,220.0,208.86868,14600.0,0.45753425,0.0,17107.0
2021.06.030.0,1460.0,1467.8567,16200.0,0.4630137,0.0,17037.0
2021.07.01.0,1430.0,1502.1248,16200.0,0.46027398,0.0,17220.0
2021.07.02.0,1460.0,1511.2031,16200.0,0.45753425,0.0,17107.0
2021.06.030.0,9.200012,-7.683838,14300.0,0.060273975,16.0,17529.0
2021.07.01.0,11.0,-7.2230835,14300.0,0.057534248,12.0,17715.0
2021.07.02.0,9.200012,-6.382843,14300.0,0.05479452,5.0,17646.0
2021.06.030.0,11.0,-7.2275696,14400.0,0.060273975,11.0,17529.0
2021.07.01.0,12.5,-6.7608337,14400.0,0.057534248,11.0,17715.0
2021.07.02.0,9.600006,-5.85376,14400.0,0.05479452,27.0,17646.0
2021.06.030.0,14.0,-3.228302,15200.0,0.060273975,198.0,17529.0
2021.07.01.0,16.0,-2.2892456,15200.0,0.057534248,130.0,17715.0
2021.07.02.0,14.0,-1.2941284,15200.0,0.05479452,154.0,17646.0
2021.06.030.0,26.5,21.576508,16100.0,0.060273975,221.0,17529.0
2021.07.01.0,30.0,19.369232,16100.0,0.057534248,845.0,17715.0
2021.07.02.0,28.5,18.290741,16100.0,0.05479452,179.0,17646.0
2021.06.030.0,13.5,0.018859863,15100.0,0.060273975,113.0,17529.0
2021.07.01.0,16.0,0.1633606,15100.0,0.057534248,121.0,17715.0
2021.07.02.0,13.0,0.8595276,15100.0,0.05479452,44.0,17646.0
2021.06.030.0,1060.0,1072.4464,16700.0,0.060273975,0.0,17529.0
2021.07.01.0,1000.0,1069.0942,16700.0,0.057534248,0.0,17715.0
2021.07.02.0,1010.0,1013.1874,16700.0,0.05479452,0.0,17646.0
2021.06.030.0,620.0,614.66235,17200.0,0.060273975,0.0,17529.0
2021.07.01.0,570.0,642.27515,17200.0,0.057534248,0.0,17715.0
2021.07.02.0,565.0,622.97485,17200.0,0.05479452,0.0,17646.0
2021.06.030.0,63.0,16.611725,18300.0,0.060273975,1865.0,17529.0
2021.07.01.0,48.0,16.22931,18300.0,0.057534248,2842.0,17715.0
2021.07.02.0,41.5,19.97879,18300.0,0.05479452,1853.0,17646.0
2021.06.030.0,1930.0,1835.7611,15600.0,0.4630137,0.0,17037.0
2021.07.01.0,1890.0,1861.9056,15600.0,0.46027398,0.0,17220.0
2021.07.02.0,1910.0,1876.1649,15600.0,0.45753425,0.0,17107.0
2021.06.030.0,243.0,193.74176,18800.0,0.4630137,0.0,17037.0
2021.07.01.0,236.0,203.18634,18800.0,0.46027398,15.0,17220.0
2021.07.02.0,235.0,204.54729,18800.0,0.45753425,1.0,17107.0
2021.06.030.0,2090.0,1918.1794,15400.0,0.4630137,0.0,17037.0
2021.07.01.0,2040.0,1940.5332,15400.0,0.46027398,0.0,17220.0
2021.07.02.0,2070.0,1956.4131,15400.0,0.45753425,0.0,17107.0
2021.06.030.0,6.399994,-11.796082,13500.0,0.060273975,0.0,17529.0
2021.07.01.0,7.5,-11.33667,13500.0,0.057534248,7.0,17715.0
2021.07.02.0,6.200012,-10.597595,13500.0,0.05479452,7.0,17646.0
2021.06.030.0,6.5,-11.058014,13600.0,0.060273975,4.0,17529.0
2021.07.01.0,7.299988,-10.771027,13600.0,0.057534248,0.0,17715.0
2021.07.02.0,6.5,-10.286255,13600.0,0.05479452,6.0,17646.0
2021.06.030.0,6.600006,-10.718964,13700.0,0.060273975,8.0,17529.0
2021.07.01.0,7.399994,-10.507843,13700.0,0.057534248,1.0,17715.0
2021.07.02.0,8.399994,-10.029541,13700.0,0.05479452,6.0,17646.0
2021.06.030.0,8.5,-11.359314,14000.0,0.060273975,86.000015,17529.0
2021.07.01.0,9.799988,-10.796082,14000.0,0.057534248,144.0,17715.0
2021.07.02.0,8.0,-9.903961,14000.0,0.05479452,35.0,17646.0
2021.06.030.0,2230.0,1958.343,15500.0,0.060273975,0.0,17529.0
2021.07.01.0,2160.0,1969.2832,15500.0,0.057534248,0.0,17715.0
2021.07.02.0,2170.0,1974.0273,15500.0,0.05479452,0.0,17646.0
2021.06.030.0,1930.0,1850.1647,15800.0,0.060273975,0.0,17529.0
2021.07.01.0,1870.0,1861.5828,15800.0,0.057534248,0.0,17715.0
2021.07.02.0,1870.0,1854.2886,15800.0,0.05479452,0.0,17646.0
2021.06.030.0,1830.0,1814.2799,15900.0,0.060273975,0.0,17529.0
2021.07.01.0,1770.0,1818.906,15900.0,0.057534248,0.0,17715.0
2021.07.02.0,1770.0,1797.2616,15900.0,0.05479452,0.0,17646.0
2021.06.030.0,1740.0,1746.8801,16000.0,0.060273975,0.0,17529.0
2021.07.01.0,1670.0,1751.3868,16000.0,0.057534248,0.0,17715.0
2021.07.02.0,1670.0,1730.1902,16000.0,0.05479452,0.0,17646.0
2021.06.030.0,1640.0,1675.1298,16100.0,0.060273975,0.0,17529.0
2021.07.01.0,1580.0,1668.1052,16100.0,0.057534248,0.0,17715.0
2021.07.02.0,1580.0,1633.0089,16100.0,0.05479452,0.0,17646.0
2021.06.030.0,1540.0,1588.546,16200.0,0.060273975,0.0,17529.0
2021.07.01.0,1480.0,1572.9572,16200.0,0.057534248,0.0,17715.0
2021.07.02.0,1480.0,1528.8619,16200.0,0.05479452,0.0,17646.0
2021.06.030.0,1250.0,1280.7517,16500.0,0.060273975,0.0,17529.0
2021.07.01.0,1190.0,1262.8837,16500.0,0.057534248,0.0,17715.0
2021.07.02.0,1190.0,1208.5396,16500.0,0.05479452,0.0,17646.0
2021.06.030.0,1.1000061,-12.205292,20300.0,0.060273975,16.0,17529.0
2021.07.01.0,1.0,-9.374939,20300.0,0.057534248,693.0,17715.0
2021.07.02.0,0.8999939,-7.8668823,20300.0,0.05479452,30.0,17646.0
2021.06.030.0,84.0,74.5094,12600.0,0.4630137,0.0,17037.0
2021.07.01.0,85.0,72.32884,12600.0,0.46027398,0.0,17220.0
2021.07.02.0,82.0,70.57323,12600.0,0.45753425,0.0,17107.0
2021.06.030.0,2440.0,2008.9587,15000.0,0.4630137,0.0,17037.0
2021.07.01.0,2380.0,2011.9867,15000.0,0.46027398,0.0,17220.0
2021.07.02.0,2410.0,2014.0825,15000.0,0.45753425,0.0,17107.0
2021.06.030.0,7.299988,-12.256073,13300.0,0.060273975,9.0,17529.0
2021.07.01.0,7.0,-12.006561,13300.0,0.057534248,23.0,17715.0
2021.07.02.0,6.0,-11.4722595,13300.0,0.05479452,5.0,17646.0
2021.06.030.0,7.0,-12.463806,13400.0,0.060273975,0.0,17529.0
2021.07.01.0,7.399994,-12.056122,13400.0,0.057534248,23.0,17715.0
2021.07.02.0,6.100006,-11.466309,13400.0,0.05479452,11.0,17646.0
2021.06.030.0,7.799988,-9.795044,13900.0,0.060273975,37.0,17529.0
2021.07.01.0,8.799988,-9.676697,13900.0,0.057534248,0.0,17715.0
2021.07.02.0,8.899994,-9.131958,13900.0,0.05479452,0.0,17646.0
2021.06.030.0,9.700012,-8.723907,14200.0,0.060273975,8.0,17529.0
2021.07.01.0,11.0,-8.394836,14200.0,0.057534248,16.0,17715.0
2021.07.02.0,8.5,-7.5308228,14200.0,0.05479452,12.0,17646.0
2021.06.030.0,45.0,27.955536,20800.0,0.4630137,0.0,17037.0
2021.07.01.0,50.0,29.086243,20800.0,0.46027398,3.0,17220.0
2021.07.02.0,49.5,29.744415,20800.0,0.45753425,0.0,17107.0
2021.06.030.0,15.5,4.945038,15400.0,0.060273975,174.0,17529.0
2021.07.01.0,18.5,4.478119,15400.0,0.057534248,86.000015,17715.0
2021.07.02.0,15.5,4.6956177,15400.0,0.05479452,124.0,17646.0
2021.06.030.0,2130.0,1918.5215,15600.0,0.060273975,0.0,17529.0
2021.07.01.0,2070.0,1934.0325,15600.0,0.057534248,0.0,17715.0
2021.07.02.0,2070.0,1941.7174,15600.0,0.05479452,0.0,17646.0
2021.06.030.0,1350.0,1393.2909,16400.0,0.060273975,0.0,17529.0
2021.07.01.0,1290.0,1362.6644,16400.0,0.057534248,0.0,17715.0
2021.07.02.0,1290.0,1305.4407,16400.0,0.05479452,0.0,17646.0
2021.06.030.0,1160.0,1174.6777,16600.0,0.060273975,0.0,17529.0
2021.07.01.0,1100.0,1162.3833,16600.0,0.057534248,0.0,17715.0
2021.07.02.0,1100.0,1107.2302,16600.0,0.05479452,0.0,17646.0
2021.06.030.0,77.0,67.353455,12400.0,0.4630137,0.0,17037.0
2021.07.01.0,79.0,65.5224,12400.0,0.46027398,0.0,17220.0
2021.07.02.0,70.0,63.971924,12400.0,0.45753425,0.0,17107.0
2021.06.030.0,1440.0,1489.917,16300.0,0.060273975,0.0,17529.0
2021.07.01.0,1380.0,1475.4176,16300.0,0.057534248,0.0,17715.0
2021.07.02.0,1380.0,1434.7424,16300.0,0.05479452,0.0,17646.0
2021.06.030.0,2.2000122,-5.815613,20000.0,0.060273975,5.0,17529.0
2021.07.01.0,1.7000122,-4.342499,20000.0,0.057534248,10.0,17715.0
2021.07.02.0,2.0,-4.0595703,20000.0,0.05479452,0.0,17646.0
2021.06.030.0,6.200012,-16.171204,13000.0,0.060273975,160.0,17529.0
2021.07.01.0,6.100006,-15.510681,13000.0,0.057534248,180.0,17715.0
2021.07.02.0,5.399994,-14.829742,13000.0,0.05479452,174.0,17646.0
2021.06.030.0,6.100006,-13.200104,13100.0,0.060273975,5.0,17529.0
2021.07.01.0,6.200012,-12.874115,13100.0,0.057534248,1.0,17715.0
2021.07.02.0,6.899994,-12.388367,13100.0,0.05479452,0.0,17646.0
2021.06.030.0,7.200012,-10.74884,13800.0,0.060273975,27.0,17529.0
2021.07.01.0,7.899994,-10.346039,13800.0,0.057534248,0.0,17715.0
2021.07.02.0,7.0,-9.701263,13800.0,0.05479452,1.0,17646.0
2021.06.030.0,9.5,-8.695984,14100.0,0.060273975,14.0,17529.0
2021.07.01.0,9.0,-8.4198,14100.0,0.057534248,1.0,17715.0
2021.07.02.0,7.799988,-7.737488,14100.0,0.05479452,1.0,17646.0
2021.06.030.0,14.5,3.0711975,15300.0,0.060273975,168.0,17529.0
2021.07.01.0,16.0,3.363037,15300.0,0.057534248,154.0,17715.0
2021.07.02.0,14.5,3.7504272,15300.0,0.05479452,65.0,17646.0
2021.06.030.0,11.5,-8.754211,21000.0,0.21369863,0.0,17206.0
2021.07.01.0,7.399994,-7.831238,21000.0,0.2109589,0.0,17379.0
2021.07.02.0,8.399994,-7.3095093,21000.0,0.20821919,0.0,17305.0
2021.06.030.0,39.5,22.425568,21000.0,0.4630137,0.0,17037.0
2021.07.01.0,41.5,23.501099,21000.0,0.46027398,0.0,17220.0
2021.07.02.0,41.0,23.908356,21000.0,0.45753425,0.0,17107.0
2021.06.030.0,7.0,-12.5425415,13200.0,0.060273975,11.0,17529.0
2021.07.01.0,6.299988,-12.239655,13200.0,0.057534248,42.0,17715.0
2021.07.02.0,6.0,-11.794464,13200.0,0.05479452,5.0,17646.0
2021.06.030.0,79.0,86.31087,17000.0,0.060273975,3351.0002,17529.0
2021.07.01.0,90.0,67.37312,17000.0,0.057534248,3289.0,17715.0
2021.07.02.0,86.0,46.835114,17000.0,0.05479452,3509.0,17646.0
2021.06.030.0,71.0,60.713135,12200.0,0.4630137,35.0,17037.0
2021.07.01.0,74.0,59.137787,12200.0,0.46027398,14.0,17220.0
2021.07.02.0,76.0,58.08011,12200.0,0.45753425,14.0,17107.0
2021.06.030.0,19.0,3.4700012,13600.0,0.1369863,20.0,17316.0
2021.07.01.0,21.0,2.4299011,13600.0,0.13424657,66.0,17483.0
2021.07.02.0,20.0,2.0748596,13600.0,0.13150685,14.0,17427.0
2021.06.030.0,26.5,12.084045,14200.0,0.1369863,0.0,17316.0
2021.07.01.0,28.0,10.3229065,14200.0,0.13424657,0.0,17483.0
2021.07.02.0,28.0,9.482056,14200.0,0.13150685,1.0,17427.0
2021.06.030.0,47.0,41.174896,15200.0,0.1369863,0.0,17316.0
2021.07.01.0,54.0,36.59848,15200.0,0.13424657,2.0,17483.0
2021.07.02.0,51.0,33.497223,15200.0,0.13150685,1.0,17427.0
2021.06.030.0,310.0,243.5846,17700.0,0.1369863,11.0,17316.0
2021.07.01.0,277.0,258.18573,17700.0,0.13424657,77.0,17483.0
2021.07.02.0,284.0,259.9157,17700.0,0.13150685,167.0,17427.0
2021.06.030.0,190.0,138.29083,18000.0,0.1369863,63.0,17316.0
2021.07.01.0,176.0,146.32356,18000.0,0.13424657,200.0,17483.0
2021.07.02.0,177.0,147.96317,18000.0,0.13150685,65.0,17427.0
2021.06.030.0,10.5,-13.483215,21200.0,0.21369863,1.0,17206.0
2021.07.01.0,6.100006,-11.750336,21200.0,0.2109589,12.0,17379.0
2021.07.02.0,7.100006,-7.549652,21200.0,0.20821919,24.0,17305.0
2021.06.030.0,91.0,131.60822,17100.0,0.060273975,1759.0,17529.0
2021.07.01.0,104.0,111.80554,17100.0,0.057534248,2287.0,17715.0
2021.07.02.0,100.0,81.94783,17100.0,0.05479452,2908.0,17646.0
2021.06.030.0,4.399994,-3.8370056,19600.0,0.060273975,0.0,17529.0
2021.07.01.0,2.600006,-3.1288757,19600.0,0.057534248,0.0,17715.0
2021.07.02.0,3.0,-3.0073242,19600.0,0.05479452,0.0,17646.0
2021.06.030.0,25.0,8.711182,14000.0,0.1369863,1.0,17316.0
2021.07.01.0,26.0,7.210663,14000.0,0.13424657,1.0,17483.0
2021.07.02.0,26.0,6.758484,14000.0,0.13150685,0.0,17427.0
2021.06.030.0,30.0,17.259674,14500.0,0.1369863,0.0,17316.0
2021.07.01.0,29.0,15.1293335,14500.0,0.13424657,9.0,17483.0
2021.07.02.0,33.0,14.032288,14500.0,0.13150685,1.0,17427.0
2021.06.030.0,39.0,28.89917,14900.0,0.1369863,14.0,17316.0
2021.07.01.0,43.0,25.739105,14900.0,0.13424657,3.0,17483.0
2021.07.02.0,42.0,23.456299,14900.0,0.13150685,0.0,17427.0
2021.06.030.0,48.0,35.926697,15100.0,0.1369863,1.0,17316.0
2021.07.01.0,48.0,32.00177,15100.0,0.13424657,36.0,17483.0
2021.07.02.0,49.0,29.644806,15100.0,0.13150685,2.0,17427.0
2021.06.030.0,50.0,45.444397,15300.0,0.1369863,0.0,17316.0
2021.07.01.0,55.0,40.677826,15300.0,0.13424657,4.0,17483.0
2021.07.02.0,54.0,37.134186,15300.0,0.13150685,72.999985,17427.0
2021.06.030.0,98.0,105.47281,16100.0,0.1369863,0.0,17316.0
2021.07.01.0,107.0,95.63609,16100.0,0.13424657,33.0,17483.0
2021.07.02.0,102.0,88.359955,16100.0,0.13150685,44.0,17427.0
2021.06.030.0,111.0,114.993454,16200.0,0.1369863,26.0,17316.0
2021.07.01.0,119.0,105.87154,16200.0,0.13424657,4.0,17483.0
2021.07.02.0,115.0,98.707565,16200.0,0.13150685,8.0,17427.0
2021.06.030.0,130.0,137.86604,16400.0,0.1369863,27.0,17316.0
2021.07.01.0,142.0,127.120346,16400.0,0.13424657,35.0,17483.0
2021.07.02.0,142.0,120.03517,16400.0,0.13150685,57.999985,17427.0
2021.06.030.0,141.0,154.65582,16500.0,0.1369863,26.0,17316.0
2021.07.01.0,161.0,141.45232,16500.0,0.13424657,64.0,17483.0
2021.07.02.0,155.0,132.30754,16500.0,0.13150685,13.0,17427.0
2021.06.030.0,49.5,23.97522,18800.0,0.1369863,4.0,17316.0
2021.07.01.0,42.0,23.747742,18800.0,0.13424657,4.0,17483.0
2021.07.02.0,40.5,22.429688,18800.0,0.13150685,25.0,17427.0
2021.06.030.0,3.7000122,-3.9420776,19700.0,0.060273975,0.0,17529.0
2021.07.01.0,2.2999878,-3.1809998,19700.0,0.057534248,0.0,17715.0
2021.07.02.0,2.7999878,-2.9665222,19700.0,0.05479452,0.0,17646.0
2021.06.030.0,800.0,786.8756,16900.0,0.1369863,0.0,17316.0
2021.07.01.0,760.0,820.95276,16900.0,0.13424657,0.0,17483.0
2021.07.02.0,765.0,831.3721,16900.0,0.13150685,0.0,17427.0
2021.06.030.0,138.0,89.8501,18200.0,0.1369863,63.0,17316.0
2021.07.01.0,121.0,93.72095,18200.0,0.13424657,68.0,17483.0
2021.07.02.0,120.0,94.47531,18200.0,0.13150685,33.0,17427.0
2021.06.030.0,19.5,4.4625244,19400.0,0.1369863,0.0,17316.0
2021.07.01.0,16.5,3.9872437,19400.0,0.13424657,0.0,17483.0
2021.07.02.0,15.0,3.1679077,19400.0,0.13150685,0.0,17427.0
2021.06.030.0,28.5,15.864502,14400.0,0.1369863,0.0,17316.0
2021.07.01.0,34.5,13.615082,14400.0,0.13424657,132.99998,17483.0
2021.07.02.0,31.0,12.439667,14400.0,0.13150685,4.0,17427.0
2021.06.030.0,41.0,31.60025,15000.0,0.1369863,16.0,17316.0
2021.07.01.0,47.0,27.937592,15000.0,0.13424657,45.0,17483.0
2021.07.02.0,45.0,25.640564,15000.0,0.13150685,76.0,17427.0
2021.06.030.0,88.0,95.37511,16000.0,0.1369863,14.0,17316.0
2021.07.01.0,100.0,86.493515,16000.0,0.13424657,27.0,17483.0
2021.07.02.0,98.0,79.67786,16000.0,0.13150685,111.0,17427.0
2021.06.030.0,875.0,878.77673,16800.0,0.1369863,0.0,17316.0
2021.07.01.0,840.0,909.57007,16800.0,0.13424657,0.0,17483.0
2021.07.02.0,840.0,915.025,16800.0,0.13150685,0.0,17427.0
2021.06.030.0,655.0,629.3083,17100.0,0.1369863,0.0,17316.0
2021.07.01.0,620.0,660.0138,17100.0,0.13424657,0.0,17483.0
2021.07.02.0,620.0,668.43365,17100.0,0.13150685,0.0,17427.0
2021.06.030.0,590.0,540.0939,17200.0,0.1369863,0.0,17316.0
2021.07.01.0,550.0,573.98987,17200.0,0.13424657,0.0,17483.0
2021.07.02.0,555.0,585.274,17200.0,0.13150685,0.0,17427.0
2021.06.030.0,520.0,472.63574,17300.0,0.1369863,0.0,17316.0
2021.07.01.0,490.0,495.41406,17300.0,0.13424657,0.0,17483.0
2021.07.02.0,491.0,502.52594,17300.0,0.13150685,0.0,17427.0
2021.06.030.0,456.0,408.02,17400.0,0.1369863,16.0,17316.0
2021.07.01.0,435.0,427.71732,17400.0,0.13424657,0.0,17483.0
2021.07.02.0,425.0,435.06137,17400.0,0.13150685,0.0,17427.0
2021.06.030.0,410.0,342.76175,17500.0,0.1369863,31.0,17316.0
2021.07.01.0,369.0,364.15103,17500.0,0.13424657,63.0,17483.0
2021.07.02.0,363.0,372.91864,17500.0,0.13150685,56.000015,17427.0
2021.06.030.0,268.0,200.88101,17800.0,0.1369863,36.0,17316.0
2021.07.01.0,245.0,211.8732,17800.0,0.13424657,94.0,17483.0
2021.07.02.0,246.0,214.25955,17800.0,0.13150685,179.0,17427.0
2021.06.030.0,14.0,0.7399597,19700.0,0.1369863,0.0,17316.0
2021.07.01.0,12.5,0.645874,19700.0,0.13424657,0.0,17483.0
2021.07.02.0,8.0,0.011138916,19700.0,0.13150685,3.0,17427.0
2021.06.030.0,59.0,56.52249,15500.0,0.1369863,5.0,17316.0
2021.07.01.0,59.0,50.773773,15500.0,0.13424657,28.0,17483.0
2021.07.02.0,60.999985,46.55603,15500.0,0.13150685,2.0,17427.0
2021.06.030.0,730.0,699.6842,17000.0,0.1369863,0.0,17316.0
2021.07.01.0,695.0,736.0268,17000.0,0.13424657,0.0,17483.0
2021.07.02.0,690.0,749.2521,17000.0,0.13150685,0.0,17427.0
2021.06.030.0,31.5,11.721069,19000.0,0.1369863,30.0,17316.0
2021.07.01.0,29.5,11.960266,19000.0,0.13424657,23.0,17483.0
2021.07.02.0,31.0,11.579132,19000.0,0.13150685,15.0,17427.0
2021.06.030.0,316.0,302.1953,16600.0,0.21369863,0.0,17206.0
2021.07.01.0,302.0,292.274,16600.0,0.2109589,1.0,17379.0
2021.07.02.0,290.0,279.13394,16600.0,0.20821919,0.0,17305.0
2021.06.030.0,1.6000061,-10.167358,20200.0,0.060273975,221.0,17529.0
2021.07.01.0,1.3999939,-8.63385,20200.0,0.057534248,161.0,17715.0
2021.07.02.0,1.2000122,-7.860718,20200.0,0.05479452,1.0,17646.0
2021.06.030.0,32.0,20.876068,14600.0,0.1369863,0.0,17316.0
2021.07.01.0,32.0,18.396484,14600.0,0.13424657,0.0,17483.0
2021.07.02.0,35.0,16.922668,14600.0,0.13150685,0.0,17427.0
2021.06.030.0,34.0,23.431366,14700.0,0.1369863,30.0,17316.0
2021.07.01.0,35.5,19.592072,14700.0,0.13424657,0.0,17483.0
2021.07.02.0,37.0,15.912201,14700.0,0.13150685,22.0,17427.0
2021.06.030.0,36.5,26.673553,14800.0,0.1369863,2.0,17316.0
2021.07.01.0,39.0,23.418121,14800.0,0.13424657,0.0,17483.0
2021.07.02.0,39.0,21.531403,14800.0,0.13150685,0.0,17427.0
2021.06.030.0,158.0,172.97487,16600.0,0.1369863,7.0,17316.0
2021.07.01.0,180.0,158.41045,16600.0,0.13424657,7.0,17483.0
2021.07.02.0,172.0,148.02873,16600.0,0.13150685,44.0,17427.0
2021.06.030.0,23.5,7.902313,13900.0,0.1369863,1.0,17316.0
2021.07.01.0,25.0,6.7161865,13900.0,0.13424657,0.0,17483.0
2021.07.02.0,25.0,6.3137817,13900.0,0.13150685,0.0,17427.0
2021.06.030.0,66.0,65.388214,15600.0,0.1369863,0.0,17316.0
2021.07.01.0,59.999985,59.066956,15600.0,0.13424657,13.0,17483.0
2021.07.02.0,69.0,53.469482,15600.0,0.13150685,1.0,17427.0
2021.06.030.0,81.0,86.62311,15900.0,0.1369863,5.0,17316.0
2021.07.01.0,93.0,78.22006,15900.0,0.13424657,7.0,17483.0
2021.07.02.0,92.0,72.006714,15900.0,0.13150685,7.0,17427.0
2021.06.030.0,227.0,166.80396,17900.0,0.1369863,50.0,17316.0
2021.07.01.0,213.0,174.30043,17900.0,0.13424657,77.0,17483.0
2021.07.02.0,204.0,176.80663,17900.0,0.13150685,16.0,17427.0
2021.06.030.0,165.0,111.17886,18100.0,0.1369863,35.0,17316.0
2021.07.01.0,149.0,116.45784,18100.0,0.13424657,54.0,17483.0
2021.07.02.0,150.0,117.09079,18100.0,0.13150685,63.0,17427.0
2021.06.030.0,11.0,-4.4473267,19900.0,0.1369863,0.0,17316.0
2021.07.01.0,9.299988,-3.8577576,19900.0,0.13424657,0.0,17483.0
2021.07.02.0,6.5,-3.7858887,19900.0,0.13150685,0.0,17427.0
2021.06.030.0,22.0,6.1003113,13800.0,0.1369863,0.0,17316.0
2021.07.01.0,24.0,4.9147034,13800.0,0.13424657,0.0,17483.0
2021.07.02.0,24.5,4.5226746,13800.0,0.13150685,1.0,17427.0
2021.06.030.0,26.0,10.536346,14100.0,0.1369863,0.0,17316.0
2021.07.01.0,27.0,9.082611,14100.0,0.13424657,0.0,17483.0
2021.07.02.0,27.0,8.311188,14100.0,0.13150685,0.0,17427.0
2021.06.030.0,27.5,13.979218,14300.0,0.1369863,0.0,17316.0
2021.07.01.0,27.0,11.898315,14300.0,0.13424657,0.0,17483.0
2021.07.02.0,29.5,10.83783,14300.0,0.13150685,2.0,17427.0
2021.06.030.0,72.0,70.908676,15700.0,0.1369863,5.0,17316.0
2021.07.01.0,78.0,64.05888,15700.0,0.13424657,8.0,17483.0
2021.07.02.0,74.0,59.14264,15700.0,0.13150685,2.0,17427.0
2021.06.030.0,75.0,79.55005,15800.0,0.1369863,4.0,17316.0
2021.07.01.0,85.0,71.935455,15800.0,0.13424657,42.0,17483.0
2021.07.02.0,81.0,65.46094,15800.0,0.13150685,9.0,17427.0
2021.06.030.0,174.0,201.1112,16700.0,0.1369863,10.0,17316.0
2021.07.01.0,198.0,183.27899,16700.0,0.13424657,9.0,17483.0
2021.07.02.0,191.0,166.2251,16700.0,0.13150685,87.999985,17427.0
2021.06.030.0,353.0,291.6028,17600.0,0.1369863,31.0,17316.0
2021.07.01.0,330.0,308.90417,17600.0,0.13424657,53.0,17483.0
2021.07.02.0,318.0,315.65033,17600.0,0.13150685,42.0,17427.0
2021.06.030.0,65.0,37.679413,18600.0,0.1369863,16.0,17316.0
2021.07.01.0,58.0,38.01837,18600.0,0.13424657,57.999985,17483.0
2021.07.02.0,57.0,37.306305,18600.0,0.13150685,22.0,17427.0
2021.06.030.0,55.0,29.930847,18700.0,0.1369863,6.0,17316.0
2021.07.01.0,48.0,30.016388,18700.0,0.13424657,16.0,17483.0
2021.07.02.0,47.0,29.136078,18700.0,0.13150685,6.0,17427.0
2021.06.030.0,20.5,4.8031006,13700.0,0.1369863,0.0,17316.0
2021.07.01.0,24.5,3.5791626,13700.0,0.13424657,0.0,17483.0
2021.07.02.0,23.5,3.519043,13700.0,0.13150685,20.0,17427.0
2021.06.030.0,215.0,251.60104,16900.0,0.1369863,9.0,17316.0
2021.07.01.0,246.0,229.52068,16900.0,0.13424657,44.0,17483.0
2021.07.02.0,233.0,209.5107,16900.0,0.13150685,143.0,17427.0
2021.06.030.0,94.0,57.048615,18400.0,0.1369863,15.0,17316.0
2021.07.01.0,86.0,59.359497,18400.0,0.13424657,28.0,17483.0
2021.07.02.0,83.0,59.775696,18400.0,0.13150685,21.0,17427.0
2021.06.030.0,78.0,46.85266,18500.0,0.1369863,36.0,17316.0
2021.07.01.0,74.0,47.927917,18500.0,0.13424657,45.0,17483.0
2021.07.02.0,64.0,47.292725,18500.0,0.13150685,75.0,17427.0
2021.06.030.0,40.0,16.173035,18900.0,0.1369863,0.0,17316.0
2021.07.01.0,33.0,16.381134,18900.0,0.13424657,9.0,17483.0
2021.07.02.0,35.0,15.926147,18900.0,0.13150685,10.0,17427.0
2021.06.030.0,18.0,2.5317688,19500.0,0.1369863,2.0,17316.0
2021.07.01.0,14.0,2.3613892,19500.0,0.13424657,12.0,17483.0
2021.07.02.0,12.5,1.6207275,19500.0,0.13150685,0.0,17427.0
2021.06.030.0,12.5,-0.72216797,19800.0,0.1369863,0.0,17316.0
2021.07.01.0,11.0,-1.1134338,19800.0,0.13424657,0.0,17483.0
2021.07.02.0,7.600006,-1.472168,19800.0,0.13150685,0.0,17427.0
2021.06.030.0,330.0,372.0134,16800.0,0.21369863,0.0,17206.0
2021.07.01.0,337.0,349.41428,16800.0,0.2109589,7.0,17379.0
2021.07.02.0,348.0,322.32254,16800.0,0.20821919,6.0,17305.0
2021.06.030.0,55.0,50.723114,15400.0,0.1369863,3.0,17316.0
2021.07.01.0,59.0,45.861603,15400.0,0.13424657,23.0,17483.0
2021.07.02.0,57.0,41.811188,15400.0,0.13150685,2.0,17427.0
2021.06.030.0,118.0,131.21332,16300.0,0.1369863,4.0,17316.0
2021.07.01.0,135.0,120.22186,16300.0,0.13424657,17.0,17483.0
2021.07.02.0,128.0,110.94127,16300.0,0.13150685,5.0,17427.0
2021.06.030.0,245.0,283.98932,17000.0,0.1369863,19.0,17316.0
2021.07.01.0,267.0,259.20258,17000.0,0.13424657,29.0,17483.0
2021.07.02.0,259.0,236.92093,17000.0,0.13150685,47.0,17427.0
2021.06.030.0,111.0,73.35904,18300.0,0.1369863,8.0,17316.0
2021.07.01.0,103.0,76.12344,18300.0,0.13424657,33.0,17483.0
2021.07.02.0,104.0,74.49344,18300.0,0.13150685,295.0,17427.0
2021.06.030.0,12.5,-8.962402,20800.0,0.21369863,0.0,17206.0
2021.07.01.0,9.0,-7.8555603,20800.0,0.2109589,6.0,17379.0
2021.07.02.0,10.0,-7.6283875,20800.0,0.20821919,0.0,17305.0
2021.06.030.0,195.0,224.51984,16800.0,0.1369863,17.0,17316.0
2021.07.01.0,210.0,203.60458,16800.0,0.13424657,20.0,17483.0
2021.07.02.0,206.0,183.5431,16800.0,0.13150685,273.0,17427.0
2021.06.030.0,27.5,10.695129,19100.0,0.1369863,0.0,17316.0
2021.07.01.0,24.0,10.156799,19100.0,0.13424657,22.0,17483.0
2021.07.02.0,26.0,9.196747,19100.0,0.13150685,2.0,17427.0
2021.06.030.0,21.5,6.2512817,19300.0,0.1369863,0.0,17316.0
2021.07.01.0,19.5,5.7895813,19300.0,0.13424657,0.0,17483.0
2021.07.02.0,18.0,4.8102417,19300.0,0.13150685,0.0,17427.0
2021.07.02.0,283.0,259.15506,14000.0,0.70684934,1.0,16937.0
2021.07.02.0,436.0,418.34283,15000.0,0.70684934,0.0,16937.0
2021.07.02.0,630.0,682.6814,17800.0,0.70684934,0.0,16937.0
2021.07.01.0,8.0,-1.9717102,20000.0,0.13424657,0.0,17483.0
2021.07.02.0,3.899994,-2.2007446,20000.0,0.13150685,0.0,17427.0
2021.07.02.0,98.0,78.89447,15100.0,0.20821919,0.0,17305.0
2021.07.02.0,368.0,329.93088,17700.0,0.20821919,3.0,17305.0
2021.07.02.0,250.0,236.33873,13800.0,0.70684934,0.0,16937.0
2021.07.02.0,309.0,282.00293,14200.0,0.70684934,1.0,16937.0
2021.07.02.0,1130.0,1230.6722,16800.0,0.70684934,0.0,16937.0
2021.07.02.0,172.0,125.28073,18300.0,0.20821919,0.0,17305.0
2021.07.02.0,303.0,274.03995,17100.0,0.13150685,22.0,17427.0
2021.07.02.0,380.0,364.7314,16900.0,0.20821919,0.0,17305.0
2021.06.030.0,393.0,436.98083,17000.0,0.21369863,0.0,17206.0
2021.07.01.0,437.0,411.50528,17000.0,0.2109589,8.0,17379.0
2021.07.02.0,400.0,378.71246,17000.0,0.20821919,5.0,17305.0
2021.07.02.0,705.0,762.7793,17600.0,0.70684934,0.0,16937.0
2021.07.02.0,87.0,80.65158,20800.0,0.70684934,1.0,16937.0
2021.06.030.0,11.5,2.1159973,19600.0,0.1369863,4.0,17316.0
2021.07.01.0,12.0,1.9659424,19600.0,0.13424657,5.0,17483.0
2021.07.02.0,10.0,0.70825195,19600.0,0.13150685,9.0,17427.0
2021.07.01.0,625.0,651.951,16600.0,0.46027398,7.0,17220.0
2021.07.02.0,640.0,636.16223,16600.0,0.45753425,0.0,17107.0
2021.07.02.0,805.0,868.4746,17400.0,0.70684934,0.0,16937.0
2021.06.030.0,1300.0,1374.5521,16300.0,0.1369863,0.0,17316.0
2021.07.01.0,1260.0,1376.8885,16300.0,0.13424657,0.0,17483.0
2021.07.02.0,1260.0,1361.6082,16300.0,0.13150685,0.0,17427.0
2021.06.030.0,955.0,972.8911,16700.0,0.1369863,0.0,17316.0
2021.07.01.0,915.0,1001.96313,16700.0,0.13424657,0.0,17483.0
2021.07.02.0,920.0,1005.46875,16700.0,0.13150685,0.0,17427.0
2021.06.030.0,1390.0,1472.7054,16200.0,0.1369863,0.0,17316.0
2021.07.01.0,1340.0,1480.7769,16200.0,0.13424657,0.0,17483.0
2021.07.02.0,1340.0,1467.5641,16200.0,0.13150685,0.0,17427.0
2021.06.030.0,1210.0,1276.6263,16400.0,0.1369863,0.0,17316.0
2021.07.01.0,1170.0,1289.5417,16400.0,0.13424657,0.0,17483.0
2021.07.02.0,1170.0,1276.7118,16400.0,0.13150685,0.0,17427.0
2021.06.030.0,1120.0,1176.0785,16500.0,0.1369863,0.0,17316.0
2021.07.01.0,1090.0,1193.9663,16500.0,0.13424657,0.0,17483.0
2021.07.02.0,1080.0,1183.8174,16500.0,0.13150685,0.0,17427.0
2021.06.030.0,1040.0,1069.6425,16600.0,0.1369863,0.0,17316.0
2021.07.01.0,990.0,1092.3595,16600.0,0.13424657,0.0,17483.0
2021.07.02.0,1000.0,1090.6621,16600.0,0.13150685,0.0,17427.0
2021.06.030.0,2.600006,-5.3943787,19900.0,0.060273975,0.0,17529.0
2021.07.01.0,1.8999939,-4.1394043,19900.0,0.057534248,0.0,17715.0
2021.07.02.0,2.5,-3.7857056,19900.0,0.05479452,0.0,17646.0
2021.07.02.0,515.0,495.30698,15400.0,0.70684934,1.0,16937.0
2021.06.030.0,3230.0,2020.2012,14200.0,0.21369863,0.0,17206.0
2021.07.01.0,3170.0,2020.2953,14200.0,0.2109589,0.0,17379.0
2021.07.02.0,3190.0,2020.3553,14200.0,0.20821919,0.0,17305.0
2021.06.030.0,3030.0,2019.8328,14400.0,0.21369863,0.0,17206.0
2021.07.01.0,2980.0,2019.9989,14400.0,0.2109589,0.0,17379.0
2021.07.02.0,3000.0,2020.1063,14400.0,0.20821919,0.0,17305.0
2021.06.030.0,2840.0,2019.0399,14600.0,0.21369863,0.0,17206.0
2021.07.01.0,2790.0,2019.3738,14600.0,0.2109589,0.0,17379.0
2021.07.02.0,2810.0,2019.603,14600.0,0.20821919,0.0,17305.0
2021.06.030.0,2610.0,2016.4026,14800.0,0.4630137,0.0,17037.0
2021.07.01.0,2550.0,2017.3491,14800.0,0.46027398,0.0,17220.0
2021.07.02.0,2580.0,2018.0162,14800.0,0.45753425,0.0,17107.0
2021.06.030.0,2720.0,2015.5869,15000.0,0.060273975,0.0,17529.0
2021.07.01.0,2660.0,2016.9691,15000.0,0.057534248,0.0,17715.0
2021.07.02.0,2660.0,2017.7654,15000.0,0.05479452,0.0,17646.0
2021.06.030.0,2530.0,2005.4213,15200.0,0.060273975,0.0,17529.0
2021.07.01.0,2460.0,2009.0967,15200.0,0.057534248,0.0,17715.0
2021.07.02.0,2460.0,2011.8799,15200.0,0.05479452,0.0,17646.0
2021.06.030.0,2270.0,1982.6986,15200.0,0.4630137,0.0,17037.0
2021.07.01.0,2200.0,1993.6328,15200.0,0.46027398,0.0,17220.0
2021.07.02.0,2230.0,2000.7786,15200.0,0.45753425,0.0,17107.0
2021.06.030.0,2030.0,1896.8802,15700.0,0.060273975,0.0,17529.0
2021.07.01.0,1970.0,1910.2157,15700.0,0.057534248,0.0,17715.0
2021.07.02.0,1970.0,1908.3867,15700.0,0.05479452,0.0,17646.0
2021.06.030.0,1760.0,1786.7612,15800.0,0.1369863,0.0,17316.0
2021.07.01.0,1710.0,1804.0485,15800.0,0.13424657,0.0,17483.0
2021.07.02.0,1710.0,1801.6227,15800.0,0.13150685,0.0,17427.0
2021.06.030.0,1570.0,1645.5365,16000.0,0.1369863,0.0,17316.0
2021.07.01.0,1520.0,1659.6218,16000.0,0.13424657,0.0,17483.0
2021.07.02.0,1530.0,1651.8671,16000.0,0.13150685,0.0,17427.0
2021.06.030.0,1480.0,1564.2836,16100.0,0.1369863,0.0,17316.0
2021.07.01.0,1430.0,1575.2018,16100.0,0.13424657,0.0,17483.0
2021.07.02.0,1430.0,1565.7163,16100.0,0.13150685,0.0,17427.0
2021.07.021.0,17.5,3.4709473,11200.0,0.15616438,22.0,17252.0
2021.07.022.0,14.5,2.997467,11200.0,0.15342465,46.0,17192.0
2021.07.023.0,12.0,2.5978088,11200.0,0.15068494,50.0,17315.0
2021.07.021.0,20.0,6.1654663,11800.0,0.15616438,0.0,17252.0
2021.07.022.0,18.5,5.6270447,11800.0,0.15342465,0.0,17192.0
2021.07.023.0,14.5,5.241913,11800.0,0.15068494,0.0,17315.0
2021.07.021.0,24.5,7.3479004,12000.0,0.15616438,15.0,17252.0
2021.07.022.0,20.0,6.938904,12000.0,0.15342465,34.0,17192.0
2021.07.023.0,15.5,6.5122375,12000.0,0.15068494,4.0,17315.0
2021.07.021.0,22.5,8.327148,12200.0,0.15616438,3.0,17252.0
2021.07.022.0,20.5,7.7586975,12200.0,0.15342465,0.0,17192.0
2021.07.023.0,16.5,7.3256226,12200.0,0.15068494,0.0,17315.0
2021.07.021.0,51.0,28.556793,14000.0,0.15616438,23.0,17252.0
2021.07.022.0,40.5,25.289124,14000.0,0.15342465,12.0,17192.0
2021.07.023.0,31.0,25.41092,14000.0,0.15068494,17.0,17315.0
2021.07.021.0,19.0,4.485321,11400.0,0.15616438,1.0,17252.0
2021.07.022.0,15.5,4.111511,11400.0,0.15342465,10.0,17192.0
2021.07.023.0,13.0,3.6813965,11400.0,0.15068494,0.0,17315.0
2021.07.021.0,670.0,736.7926,17000.0,0.15616438,0.0,17252.0
2021.07.022.0,670.0,654.7461,17000.0,0.15342465,0.0,17192.0
2021.07.023.0,660.0,641.3208,17000.0,0.15068494,0.0,17315.0
2021.07.021.0,97.0,70.29056,18400.0,0.15616438,13.0,17252.0
2021.07.022.0,90.0,69.13757,18400.0,0.15342465,42.0,17192.0
2021.07.023.0,84.0,70.706024,18400.0,0.15068494,56.000015,17315.0
2021.07.021.0,103.0,68.59993,12800.0,0.40547946,1.0,17096.0
2021.07.022.0,90.0,69.300446,12800.0,0.40273973,101.000015,17035.0
2021.07.023.0,86.0,70.30827,12800.0,0.4,1.0,17187.0
2021.07.021.0,117.0,79.12579,13000.0,0.40547946,1.0,17096.0
2021.07.022.0,97.0,76.927444,13000.0,0.40273973,72.000015,17035.0
2021.07.023.0,92.0,77.210785,13000.0,0.4,0.0,17187.0
2021.07.021.0,123.0,81.484024,13200.0,0.40547946,1.0,17096.0
2021.07.022.0,104.0,82.43887,13200.0,0.40273973,0.0,17035.0
2021.07.023.0,100.0,83.66379,13200.0,0.4,0.0,17187.0
2021.07.021.0,142.0,107.28418,13800.0,0.40547946,0.0,17096.0
2021.07.022.0,135.0,107.61723,13800.0,0.40273973,1.0,17035.0
2021.07.023.0,130.0,109.26437,13800.0,0.4,0.0,17187.0
2021.07.021.0,1550.0,1704.3749,16000.0,0.40547946,0.0,17096.0
2021.07.022.0,1610.0,1617.6738,16000.0,0.40273973,0.0,17035.0
2021.07.023.0,1590.0,1570.9524,16000.0,0.4,0.0,17187.0
2021.07.021.0,430.0,458.89862,18000.0,0.40547946,0.0,17096.0
2021.07.022.0,461.0,417.2261,18000.0,0.40273973,0.0,17035.0
2021.07.023.0,466.0,409.15503,18000.0,0.4,1.0,17187.0
2021.07.021.0,161.0,149.47028,19000.0,0.40547946,0.0,17096.0
2021.07.022.0,170.0,138.52994,19000.0,0.40273973,7.0,17035.0
2021.07.023.0,160.0,135.84494,19000.0,0.4,1.0,17187.0
2021.07.021.0,24.5,9.664734,12400.0,0.15616438,0.0,17252.0
2021.07.022.0,19.5,9.034088,12400.0,0.15342465,1.0,17192.0
2021.07.023.0,17.5,8.488678,12400.0,0.15068494,3.0,17315.0
2021.07.021.0,29.0,12.2966,12800.0,0.15616438,1.0,17252.0
2021.07.022.0,20.5,11.82608,12800.0,0.15342465,0.0,17192.0
2021.07.023.0,22.0,11.244141,12800.0,0.15068494,5.0,17315.0
2021.07.021.0,32.0,15.789703,13000.0,0.15616438,5.0,17252.0
2021.07.022.0,26.5,13.760162,13000.0,0.15342465,23.0,17192.0
2021.07.023.0,20.5,13.362762,13000.0,0.15068494,28.0,17315.0
2021.07.021.0,34.5,16.164856,13200.0,0.15616438,0.0,17252.0
2021.07.022.0,27.5,15.872559,13200.0,0.15342465,0.0,17192.0
2021.07.023.0,21.0,15.447205,13200.0,0.15068494,0.0,17315.0
2021.07.021.0,58.0,30.976257,14200.0,0.15616438,9.0,17252.0
2021.07.022.0,41.5,30.270111,14200.0,0.15342465,10.0,17192.0
2021.07.023.0,39.5,30.195984,14200.0,0.15068494,8.0,17315.0
2021.07.021.0,64.0,33.131775,14400.0,0.15616438,0.0,17252.0
2021.07.022.0,47.5,33.679993,14400.0,0.15342465,0.0,17192.0
2021.07.023.0,44.0,33.71817,14400.0,0.15068494,0.0,17315.0
2021.07.021.0,94.0,51.783722,15000.0,0.15616438,18.0,17252.0
2021.07.022.0,73.0,49.581146,15000.0,0.15342465,30.0,17192.0
2021.07.023.0,63.0,51.133728,15000.0,0.15068494,79.0,17315.0
2021.07.021.0,765.0,893.4695,16800.0,0.15616438,0.0,17252.0
2021.07.022.0,815.0,795.2346,16800.0,0.15342465,0.0,17192.0
2021.07.023.0,795.0,770.6617,16800.0,0.15068494,0.0,17315.0
2021.07.021.0,510.0,605.1482,17200.0,0.15616438,0.0,17252.0
2021.07.022.0,550.0,519.1766,17200.0,0.15342465,12.0,17192.0
2021.07.023.0,530.0,499.7663,17200.0,0.15068494,0.0,17315.0
2021.07.021.0,181.0,162.91719,18000.0,0.15616438,38.0,17252.0
2021.07.022.0,185.0,157.75375,18000.0,0.15342465,40.0,17192.0
2021.07.023.0,178.0,152.79747,18000.0,0.15068494,295.0,17315.0
2021.07.021.0,29.0,14.968964,19200.0,0.15616438,8.0,17252.0
2021.07.022.0,23.0,12.325928,19200.0,0.15342465,1.0,17192.0
2021.07.023.0,23.0,11.420532,19200.0,0.15068494,5.0,17315.0
2021.07.021.0,17.5,-0.34814453,19800.0,0.15616438,0.0,17252.0
2021.07.022.0,14.0,-2.4677734,19800.0,0.15342465,0.0,17192.0
2021.07.023.0,11.5,-2.864624,19800.0,0.15068494,1.0,17315.0
2021.07.021.0,136.0,89.34906,13400.0,0.40547946,1.0,17096.0
2021.07.022.0,112.0,90.38451,13400.0,0.40273973,5.0,17035.0
2021.07.023.0,109.0,91.813095,13400.0,0.4,1.0,17187.0
2021.07.021.0,181.0,118.319626,14000.0,0.40547946,7.0,17096.0
2021.07.022.0,147.0,119.493256,14000.0,0.40273973,0.0,17035.0
2021.07.023.0,142.0,121.23747,14000.0,0.4,0.0,17187.0
2021.07.021.0,315.0,224.76392,15200.0,0.40547946,0.0,17096.0
2021.07.022.0,269.0,229.58026,15200.0,0.40273973,0.0,17035.0
2021.07.023.0,267.0,236.77818,15200.0,0.4,0.0,17187.0
2021.07.021.0,67.0,45.900604,20000.0,0.40547946,1.0,17096.0
2021.07.022.0,80.0,45.813263,20000.0,0.40273973,8.0,17035.0
2021.07.023.0,68.0,46.64386,20000.0,0.4,1.0,17187.0
2021.07.021.0,40.0,25.034058,13600.0,0.15616438,39.0,17252.0
2021.07.022.0,30.0,22.781189,13600.0,0.15342465,2.0,17192.0
2021.07.023.0,28.5,21.625977,13600.0,0.15068494,2.0,17315.0
2021.07.021.0,111.0,70.90637,15400.0,0.15616438,12.0,17252.0
2021.07.022.0,111.0,70.05762,15400.0,0.15342465,8.0,17192.0
2021.07.023.0,77.0,72.89717,15400.0,0.15068494,1.0,17315.0
2021.07.021.0,155.0,76.81886,15600.0,0.15616438,0.0,17252.0
2021.07.022.0,111.0,81.092896,15600.0,0.15342465,1.0,17192.0
2021.07.023.0,99.0,85.312195,15600.0,0.15068494,24.0,17315.0
2021.07.021.0,129.0,99.87396,18200.0,0.15616438,7.0,17252.0
2021.07.022.0,120.0,105.72983,18200.0,0.15342465,37.0,17192.0
2021.07.023.0,120.0,104.82129,18200.0,0.15068494,2.0,17315.0
2021.07.021.0,14.5,-2.7441406,20000.0,0.15616438,32.0,17252.0
2021.07.022.0,10.5,-4.894867,20000.0,0.15342465,0.0,17192.0
2021.07.023.0,9.200012,-5.1938477,20000.0,0.15068494,43.0,17315.0
2021.07.021.0,1010.0,1125.1438,16800.0,0.40547946,0.0,17096.0
2021.07.022.0,1060.0,1026.0282,16800.0,0.40273973,0.0,17035.0
2021.07.023.0,1030.0,1001.8285,16800.0,0.4,0.0,17187.0
2021.07.021.0,680.0,758.0164,17400.0,0.40547946,0.0,17096.0
2021.07.022.0,740.0,676.70874,17400.0,0.40273973,0.0,17035.0
2021.07.023.0,690.0,658.8064,17400.0,0.4,0.0,17187.0
2021.07.021.0,106.0,67.626236,19600.0,0.40547946,0.0,17096.0
2021.07.022.0,86.0,68.97095,19600.0,0.40273973,3.0,17035.0
2021.07.023.0,99.0,70.6685,19600.0,0.4,1.0,17187.0
2021.07.021.0,26.5,10.722809,12600.0,0.15616438,0.0,17252.0
2021.07.022.0,22.0,10.3185425,12600.0,0.15342465,1.0,17192.0
2021.07.023.0,18.5,9.880981,12600.0,0.15068494,4.0,17315.0
2021.07.021.0,82.0,48.202087,14800.0,0.15616438,7.0,17252.0
2021.07.022.0,62.0,47.56949,14800.0,0.15342465,5.0,17192.0
2021.07.023.0,56.0,47.66208,14800.0,0.15068494,0.0,17315.0
2021.07.021.0,312.0,353.8918,17600.0,0.15616438,7.0,17252.0
2021.07.022.0,332.0,307.23514,17600.0,0.15342465,24.0,17192.0
2021.07.023.0,326.0,299.1257,17600.0,0.15068494,37.0,17315.0
2021.07.021.0,12.0,-3.8131714,20200.0,0.15616438,0.0,17252.0
2021.07.022.0,9.200012,-6.0118103,20200.0,0.15342465,0.0,17192.0
2021.07.023.0,8.100006,-6.392853,20200.0,0.15068494,0.0,17315.0
2021.07.021.0,283.0,199.58289,15000.0,0.40547946,5.0,17096.0
2021.07.022.0,242.0,202.6998,15000.0,0.40273973,0.0,17035.0
2021.07.023.0,240.0,208.4734,15000.0,0.4,0.0,17187.0
2021.07.021.0,805.0,872.79395,17200.0,0.40547946,0.0,17096.0
2021.07.022.0,850.0,767.44727,17200.0,0.40273973,1.0,17035.0
2021.07.023.0,795.0,743.1797,17200.0,0.4,1.0,17187.0
2021.07.021.0,56.0,44.98764,20200.0,0.40547946,3.0,17096.0
2021.07.022.0,45.0,41.758118,20200.0,0.40273973,4.0,17035.0
2021.07.023.0,56.0,40.449158,20200.0,0.4,0.0,17187.0
2021.07.021.0,109.0,60.807602,15200.0,0.15616438,18.0,17252.0
2021.07.022.0,84.0,62.194107,15200.0,0.15342465,13.0,17192.0
2021.07.023.0,77.0,61.31151,15200.0,0.15068494,6.0,17315.0
2021.07.021.0,169.0,90.939514,15800.0,0.15616438,13.0,17252.0
2021.07.022.0,125.0,96.111725,15800.0,0.15342465,11.0,17192.0
2021.07.023.0,119.0,101.14604,15800.0,0.15068494,20.0,17315.0
2021.07.021.0,198.0,108.794876,16000.0,0.15616438,2.0,17252.0
2021.07.022.0,159.0,115.11034,16000.0,0.15342465,26.0,17192.0
2021.07.023.0,142.0,121.84459,16000.0,0.15068494,15.0,17315.0
2021.07.021.0,40.0,7.933319,19000.0,0.15616438,16.0,17252.0
2021.07.022.0,29.5,10.815582,19000.0,0.15342465,21.0,17192.0
2021.07.023.0,26.0,13.325195,19000.0,0.15068494,44.0,17315.0
2021.07.021.0,254.0,182.12927,14800.0,0.40547946,1.0,17096.0
2021.07.022.0,218.0,183.93817,14800.0,0.40273973,0.0,17035.0
2021.07.023.0,216.0,187.42926,14800.0,0.4,0.0,17187.0
2021.07.021.0,275.0,312.04602,18400.0,0.40547946,17.0,17096.0
2021.07.022.0,302.0,277.90594,18400.0,0.40273973,3.0,17035.0
2021.07.023.0,303.0,268.68988,18400.0,0.4,0.0,17187.0
2021.07.021.0,19.5,5.033783,11600.0,0.15616438,1.0,17252.0
2021.07.022.0,17.0,4.7173767,11600.0,0.15342465,5.0,17192.0
2021.07.023.0,13.5,4.3406067,11600.0,0.15068494,0.0,17315.0
2021.07.021.0,9.700012,-4.6813354,20400.0,0.15616438,0.0,17252.0
2021.07.022.0,8.100006,-6.9433594,20400.0,0.15342465,0.0,17192.0
2021.07.023.0,7.200012,-7.4246216,20400.0,0.15068494,2.0,17315.0
2021.07.021.0,437.0,326.36356,15800.0,0.40547946,0.0,17096.0
2021.07.022.0,381.0,334.06787,15800.0,0.40273973,0.0,17035.0
2021.07.023.0,365.0,346.8597,15800.0,0.4,0.0,17187.0
2021.07.021.0,1060.0,1236.2362,16400.0,0.15616438,0.0,17252.0
2021.07.022.0,1130.0,1124.8582,16400.0,0.15342465,0.0,17192.0
2021.07.023.0,1120.0,1097.2981,16400.0,0.15068494,0.0,17315.0
2021.07.021.0,235.0,253.16129,17800.0,0.15616438,14.0,17252.0
2021.07.022.0,233.0,230.92912,17800.0,0.15342465,3.0,17192.0
2021.07.023.0,281.0,220.40768,17800.0,0.15068494,12.0,17315.0
2021.07.021.0,24.5,7.8923645,19400.0,0.15616438,0.0,17252.0
2021.07.022.0,20.0,5.591675,19400.0,0.15342465,0.0,17192.0
2021.07.023.0,15.5,4.9338074,19400.0,0.15068494,3.0,17315.0
2021.07.021.0,391.0,284.39413,15600.0,0.40547946,2.0,17096.0
2021.07.022.0,337.0,291.57877,15600.0,0.40273973,0.0,17035.0
2021.07.023.0,329.0,302.82217,15600.0,0.4,0.0,17187.0
2021.07.021.0,895.0,994.1304,17000.0,0.40547946,0.0,17096.0
2021.07.022.0,940.0,901.02856,17000.0,0.40273973,0.0,17035.0
2021.07.023.0,915.0,878.89087,17000.0,0.4,0.0,17187.0
2021.07.021.0,505.0,556.1891,17800.0,0.40547946,1.0,17096.0
2021.07.022.0,540.0,506.38303,17800.0,0.40273973,0.0,17035.0
2021.07.023.0,545.0,493.66525,17800.0,0.4,1.0,17187.0
2021.07.021.0,68.0,34.426514,18600.0,0.15616438,4.0,17252.0
2021.07.022.0,62.0,37.731445,18600.0,0.15342465,47.0,17192.0
2021.07.023.0,59.999985,46.498993,18600.0,0.15068494,7.0,17315.0
2021.07.021.0,905.0,1052.6823,16600.0,0.15616438,0.0,17252.0
2021.07.022.0,975.0,945.9425,16600.0,0.15342465,0.0,17192.0
2021.07.023.0,950.0,926.14966,16600.0,0.15068494,0.0,17315.0
2021.07.021.0,403.0,458.81012,17400.0,0.15616438,8.0,17252.0
2021.07.022.0,449.0,391.88486,17400.0,0.15342465,9.0,17192.0
2021.07.023.0,423.0,379.85623,17400.0,0.15068494,29.0,17315.0
2021.07.021.0,77.0,36.141693,14600.0,0.15616438,2.0,17252.0
2021.07.022.0,55.0,37.357086,14600.0,0.15342465,2.0,17192.0
2021.07.023.0,49.5,38.26178,14600.0,0.15068494,0.0,17315.0
2021.07.021.0,1560.0,1742.5981,15800.0,0.15616438,0.0,17252.0
2021.07.022.0,1640.0,1636.8744,15800.0,0.15342465,0.0,17192.0
2021.07.023.0,1630.0,1576.1195,15800.0,0.15068494,0.0,17315.0
2021.07.021.0,1230.0,1415.6069,16200.0,0.15616438,0.0,17252.0
2021.07.022.0,1290.0,1302.1333,16200.0,0.15342465,0.0,17192.0
2021.07.023.0,1280.0,1264.2782,16200.0,0.15068494,0.0,17315.0
2021.07.021.0,241.0,131.57863,16200.0,0.15616438,11.0,17252.0
2021.07.022.0,172.0,140.68057,16200.0,0.15342465,3.0,17192.0
2021.07.023.0,165.0,148.6912,16200.0,0.15068494,243.0,17315.0
2021.07.021.0,487.0,363.8072,16000.0,0.40547946,3.0,17096.0
2021.07.022.0,430.0,374.11508,16000.0,0.40273973,0.0,17035.0
2021.07.023.0,404.0,390.4173,16000.0,0.4,11.0,17187.0
2021.07.021.0,48.0,37.31598,20400.0,0.40547946,0.0,17096.0
2021.07.022.0,36.0,34.577362,20400.0,0.40273973,0.0,17035.0
2021.07.023.0,46.5,33.219513,20400.0,0.4,0.0,17187.0
2021.07.021.0,106.0,93.621475,19400.0,0.40547946,10.0,17096.0
2021.07.022.0,120.0,88.78081,19400.0,0.40273973,56.000015,17035.0
2021.07.023.0,119.0,87.67142,19400.0,0.4,5.0,17187.0
2021.07.021.0,37.0,18.219421,13400.0,0.15616438,3.0,17252.0
2021.07.022.0,29.0,18.057953,13400.0,0.15342465,0.0,17192.0
2021.07.023.0,24.5,17.677887,13400.0,0.15068494,0.0,17315.0
2021.07.021.0,1900.0,2001.4032,15400.0,0.15616438,0.0,17252.0
2021.07.022.0,2010.0,1992.6691,15400.0,0.15342465,0.0,17192.0
2021.07.023.0,2000.0,1981.8494,15400.0,0.15068494,0.0,17315.0
2021.07.021.0,2280.0,2018.7522,15000.0,0.15616438,0.0,17252.0
2021.07.022.0,2380.0,2018.057,15000.0,0.15342465,0.0,17192.0
2021.07.023.0,2380.0,2017.3556,15000.0,0.15068494,0.0,17315.0
2021.07.021.0,1730.0,1928.866,15600.0,0.15616438,0.0,17252.0
2021.07.022.0,1820.0,1884.4661,15600.0,0.15342465,0.0,17192.0
2021.07.023.0,1810.0,1832.9214,15600.0,0.15068494,0.0,17315.0
2021.07.021.0,45.0,22.520782,13800.0,0.15616438,0.0,17252.0
2021.07.022.0,35.0,22.479156,13800.0,0.15342465,0.0,17192.0
2021.07.023.0,29.5,22.353699,13800.0,0.15068494,0.0,17315.0
2021.07.021.0,2470.0,2019.9166,14800.0,0.15616438,0.0,17252.0
2021.07.022.0,2570.0,2019.6501,14800.0,0.15342465,0.0,17192.0
2021.07.023.0,2570.0,2019.4164,14800.0,0.15068494,0.0,17315.0
2021.07.021.0,2100.0,2015.2189,15200.0,0.15616438,0.0,17252.0
2021.07.022.0,2200.0,2013.0779,15200.0,0.15342465,0.0,17192.0
2021.07.023.0,2190.0,2010.7085,15200.0,0.15068494,0.0,17315.0
2021.07.021.0,1390.0,1581.4885,16000.0,0.15616438,0.0,17252.0
2021.07.022.0,1460.0,1454.956,16000.0,0.15342465,0.0,17192.0
2021.07.023.0,1460.0,1402.7291,16000.0,0.15068494,0.0,17315.0
2021.07.021.0,48.0,40.37903,18800.0,0.15616438,5.0,17252.0
2021.07.022.0,43.0,35.764862,18800.0,0.15342465,29.0,17192.0
2021.07.023.0,40.0,33.578827,18800.0,0.15068494,22.0,17315.0
2021.07.021.0,270.0,157.62234,16400.0,0.15616438,82.0,17252.0
2021.07.022.0,220.0,169.40009,16400.0,0.15342465,6.0,17192.0
2021.07.023.0,199.0,181.14566,16400.0,0.15068494,3.0,17315.0
2021.07.021.0,8.100006,-5.4854126,20600.0,0.15616438,0.0,17252.0
2021.07.022.0,6.899994,-7.89447,20600.0,0.15342465,0.0,17192.0
2021.07.023.0,6.200012,-8.3591,20600.0,0.15068494,0.0,17315.0
2021.07.021.0,149.0,99.17256,13600.0,0.40547946,1.0,17096.0
2021.07.022.0,124.0,98.831055,13600.0,0.40273973,5.0,17035.0
2021.07.023.0,119.0,100.17316,13600.0,0.4,1.0,17187.0
2021.07.021.0,605.0,468.50714,16400.0,0.40547946,0.0,17096.0
2021.07.022.0,550.0,485.94482,16400.0,0.40273973,0.0,17035.0
2021.07.023.0,510.0,511.95148,16400.0,0.4,0.0,17187.0
2021.07.021.0,41.5,30.264343,20600.0,0.40547946,0.0,17096.0
2021.07.022.0,28.5,28.16159,20600.0,0.40273973,1.0,17035.0
2021.07.023.0,38.5,26.932617,20600.0,0.4,0.0,17187.0
2021.07.021.0,20.5,1.1540222,19600.0,0.15616438,0.0,17252.0
2021.07.022.0,16.5,0.9225464,19600.0,0.15342465,0.0,17192.0
2021.07.023.0,14.5,0.4220276,19600.0,0.15068494,0.0,17315.0
2021.07.021.0,350.0,253.14793,15400.0,0.40547946,0.0,17096.0
2021.07.022.0,298.0,258.3129,15400.0,0.40273973,1.0,17035.0
2021.07.023.0,296.0,267.03552,15400.0,0.4,1.0,17187.0
2021.07.021.0,77.0,54.61743,19800.0,0.40547946,0.0,17096.0
2021.07.022.0,74.0,55.266235,19800.0,0.40273973,0.0,17035.0
2021.07.023.0,82.0,56.693634,19800.0,0.4,0.0,17187.0
2021.07.021.0,545.0,417.98325,16200.0,0.40547946,0.0,17096.0
2021.07.022.0,484.0,427.68893,16200.0,0.40273973,0.0,17035.0
2021.07.023.0,456.0,446.9269,16200.0,0.4,0.0,17187.0
2021.07.021.0,590.0,661.2743,17600.0,0.40547946,0.0,17096.0
2021.07.022.0,615.0,594.0017,17600.0,0.40273973,0.0,17035.0
2021.07.023.0,590.0,572.0923,17600.0,0.4,0.0,17187.0
2021.07.021.0,248.0,244.74258,18600.0,0.40547946,1.0,17096.0
2021.07.022.0,240.0,222.59879,18600.0,0.40273973,3.0,17035.0
2021.07.023.0,250.0,214.90204,18600.0,0.4,2.0,17187.0
2021.07.021.0,200.0,133.29271,14200.0,0.40547946,0.0,17096.0
2021.07.022.0,160.0,133.9761,14200.0,0.40273973,1.0,17035.0
2021.07.023.0,158.0,136.06844,14200.0,0.4,2.0,17187.0
2021.07.021.0,685.0,595.75183,16800.0,0.40547946,2.0,17096.0
2021.07.022.0,675.0,611.15076,16800.0,0.40273973,11.0,17035.0
2021.07.023.0,645.0,636.90125,16800.0,0.4,0.0,17187.0
2021.07.021.0,1140.0,1265.6066,16600.0,0.40547946,0.0,17096.0
2021.07.022.0,1190.0,1167.3892,16600.0,0.40273973,0.0,17035.0
2021.07.023.0,1160.0,1141.8806,16600.0,0.4,0.0,17187.0
2021.07.021.0,1700.0,1858.3984,15800.0,0.40547946,0.0,17096.0
2021.07.022.0,1760.0,1803.506,15800.0,0.40273973,0.0,17035.0
2021.07.023.0,1750.0,1759.8408,15800.0,0.4,0.0,17187.0
2021.07.021.0,362.0,387.40707,18200.0,0.40547946,0.0,17096.0
2021.07.022.0,373.0,345.93478,18200.0,0.40273973,0.0,17035.0
2021.07.023.0,363.0,333.9896,18200.0,0.4,0.0,17187.0
2021.07.021.0,1270.0,1417.7688,16400.0,0.40547946,0.0,17096.0
2021.07.022.0,1330.0,1314.8436,16400.0,0.40273973,0.0,17035.0
2021.07.023.0,1300.0,1281.3079,16400.0,0.4,0.0,17187.0
2021.07.021.0,143.0,118.21149,19200.0,0.40547946,2.0,17096.0
2021.07.022.0,130.0,111.118195,19200.0,0.40273973,4.0,17035.0
2021.07.023.0,135.0,108.69502,19200.0,0.4,4.0,17187.0
2021.07.021.0,33.5,8.896576,21200.0,0.40547946,5.0,17096.0
2021.07.022.0,14.0,10.011841,21200.0,0.40273973,4.0,17035.0
2021.07.023.0,21.0,9.994446,21200.0,0.4,0.0,17187.0
2021.07.021.0,213.0,146.77739,14400.0,0.40547946,1.0,17096.0
2021.07.022.0,178.0,148.63196,14400.0,0.40273973,0.0,17035.0
2021.07.023.0,175.0,151.23004,14400.0,0.4,0.0,17187.0
2021.07.021.0,228.0,162.29366,14600.0,0.40547946,1.0,17096.0
2021.07.022.0,197.0,164.2786,14600.0,0.40273973,5.0,17035.0
2021.07.023.0,195.0,167.07523,14600.0,0.4,0.0,17187.0
2021.07.021.0,1410.0,1563.0753,16200.0,0.40547946,0.0,17096.0
2021.07.022.0,1470.0,1467.3185,16200.0,0.40273973,0.0,17035.0
2021.07.023.0,1440.0,1427.1565,16200.0,0.4,0.0,17187.0
2021.07.021.0,1850.0,1976.6302,15600.0,0.40547946,0.0,17096.0
2021.07.022.0,1920.0,1963.4412,15600.0,0.40273973,0.0,17035.0
2021.07.023.0,1910.0,1948.1349,15600.0,0.4,0.0,17187.0
2021.07.021.0,195.0,186.14874,18800.0,0.40547946,0.0,17096.0
2021.07.022.0,218.0,173.62964,18800.0,0.40273973,1.0,17035.0
2021.07.023.0,215.0,171.7994,18800.0,0.4,5.0,17187.0
2021.07.021.0,2010.0,2010.101,15400.0,0.40547946,0.0,17096.0
2021.07.022.0,2080.0,2007.453,15400.0,0.40273973,0.0,17035.0
2021.07.023.0,2080.0,2004.3285,15400.0,0.4,0.0,17187.0
2021.07.021.0,96.0,67.17882,12600.0,0.40547946,0.0,17096.0
2021.07.022.0,84.0,66.500946,12600.0,0.40273973,0.0,17035.0
2021.07.023.0,73.0,65.24762,12600.0,0.4,1.0,17187.0
2021.07.021.0,2350.0,2019.3398,15000.0,0.40547946,0.0,17096.0
2021.07.022.0,2420.0,2019.0681,15000.0,0.40273973,0.0,17035.0
2021.07.023.0,2420.0,2018.8253,15000.0,0.4,0.0,17187.0
2021.07.021.0,38.5,24.369904,20800.0,0.40547946,0.0,17096.0
2021.07.022.0,22.5,22.691467,20800.0,0.40273973,0.0,17035.0
2021.07.023.0,41.0,21.609009,20800.0,0.4,0.0,17187.0
2021.07.021.0,89.0,58.835938,12400.0,0.40547946,3.0,17096.0
2021.07.022.0,82.0,59.472763,12400.0,0.40273973,6.0,17035.0
2021.07.023.0,75.0,60.455032,12400.0,0.4,1.0,17187.0
2021.07.021.0,5.700012,-6.7954407,21000.0,0.15616438,3.0,17252.0
2021.07.022.0,5.100006,-9.275757,21000.0,0.15342465,0.0,17192.0
2021.07.023.0,4.799988,-9.840424,21000.0,0.15068494,0.0,17315.0
2021.07.021.0,36.0,19.07019,21000.0,0.40547946,0.0,17096.0
2021.07.022.0,17.5,17.856323,21000.0,0.40273973,0.0,17035.0
2021.07.023.0,25.5,16.961975,21000.0,0.4,0.0,17187.0
2021.07.021.0,82.0,55.99121,12200.0,0.40547946,6.0,17096.0
2021.07.022.0,73.0,55.096497,12200.0,0.40273973,217.0,17035.0
2021.07.023.0,70.0,55.493256,12200.0,0.4,11.0,17187.0
2021.07.021.0,15.5,0.7496033,13600.0,0.07945205,365.0,17341.0
2021.07.022.0,10.0,-1.0905151,13600.0,0.076712325,884.0,17279.0
2021.07.023.0,7.5,-2.484375,13600.0,0.0739726,335.0,17407.0
2021.07.021.0,20.5,7.803131,14200.0,0.07945205,29.0,17341.0
2021.07.022.0,16.0,7.1913757,14200.0,0.076712325,16.0,17279.0
2021.07.023.0,9.899994,6.904846,14200.0,0.0739726,11.0,17407.0
2021.07.021.0,41.0,21.707794,15200.0,0.07945205,259.0,17341.0
2021.07.022.0,29.0,21.733215,15200.0,0.076712325,164.0,17279.0
2021.07.023.0,22.0,22.140472,15200.0,0.0739726,122.0,17407.0
2021.07.021.0,172.0,197.29099,17700.0,0.07945205,2877.0,17341.0
2021.07.022.0,185.0,150.53,17700.0,0.076712325,2014.0,17279.0
2021.07.023.0,174.0,133.54688,17700.0,0.0739726,3495.9998,17407.0
2021.07.021.0,91.0,117.16919,18000.0,0.07945205,3849.0002,17341.0
2021.07.022.0,88.0,87.52991,18000.0,0.076712325,3354.0,17279.0
2021.07.023.0,81.0,71.458496,18000.0,0.0739726,4576.0,17407.0
2021.07.021.0,4.799988,-13.007874,21200.0,0.15616438,1.0,17252.0
2021.07.022.0,4.399994,-13.688263,21200.0,0.15342465,9.0,17192.0
2021.07.023.0,3.2000122,-12.644928,21200.0,0.15068494,2.0,17315.0
2021.07.021.0,18.5,5.709564,14000.0,0.07945205,75.0,17341.0
2021.07.022.0,13.5,4.7658386,14000.0,0.076712325,34.0,17279.0
2021.07.023.0,8.100006,4.278473,14000.0,0.0739726,65.0,17407.0
2021.07.021.0,24.5,10.837433,14500.0,0.07945205,146.0,17341.0
2021.07.022.0,17.5,10.134308,14500.0,0.076712325,45.0,17279.0
2021.07.023.0,11.5,9.819458,14500.0,0.0739726,30.0,17407.0
2021.07.021.0,32.0,16.934967,14900.0,0.07945205,43.0,17341.0
2021.07.022.0,23.5,16.882507,14900.0,0.076712325,86.000015,17279.0
2021.07.023.0,16.0,17.054626,14900.0,0.0739726,70.0,17407.0
2021.07.021.0,37.0,20.421112,15100.0,0.07945205,71.000015,17341.0
2021.07.022.0,25.0,20.570343,15100.0,0.076712325,93.0,17279.0
2021.07.023.0,20.0,20.976288,15100.0,0.0739726,103.999985,17407.0
2021.07.021.0,43.5,24.103607,15300.0,0.07945205,99.0,17341.0
2021.07.022.0,29.0,24.491058,15300.0,0.076712325,101.000015,17279.0
2021.07.023.0,23.0,25.198975,15300.0,0.0739726,127.0,17407.0
2021.07.021.0,91.0,57.440765,16100.0,0.07945205,361.0,17341.0
2021.07.022.0,65.0,60.16101,16100.0,0.076712325,403.0,17279.0
2021.07.023.0,56.0,62.362595,16100.0,0.0739726,447.0,17407.0
2021.07.021.0,103.0,64.61873,16200.0,0.07945205,306.0,17341.0
2021.07.022.0,72.0,67.698456,16200.0,0.076712325,566.0,17279.0
2021.07.023.0,64.0,68.917404,16200.0,0.0739726,1118.0,17407.0
2021.07.021.0,137.0,76.54768,16400.0,0.07945205,743.0,17341.0
2021.07.022.0,92.0,79.71089,16400.0,0.076712325,715.0,17279.0
2021.07.023.0,81.0,80.53172,16400.0,0.0739726,1127.0,17407.0
2021.07.021.0,142.0,82.243454,16500.0,0.07945205,900.0,17341.0
2021.07.022.0,102.0,83.25177,16500.0,0.076712325,1368.0,17279.0
2021.07.023.0,93.0,77.481964,16500.0,0.0739726,2935.0,17407.0
2021.07.021.0,16.0,2.986023,18800.0,0.07945205,266.0,17341.0
2021.07.022.0,10.5,-0.049865723,18800.0,0.076712325,300.0,17279.0
2021.07.023.0,9.100006,-1.9302673,18800.0,0.0739726,660.0,17407.0
2021.07.021.0,610.0,696.0366,16900.0,0.07945205,0.0,17341.0
2021.07.022.0,675.0,603.05884,16900.0,0.076712325,0.0,17279.0
2021.07.023.0,665.0,587.9824,16900.0,0.0739726,0.0,17407.0
2021.07.021.0,56.0,75.194824,18200.0,0.07945205,1575.0,17341.0
2021.07.022.0,50.0,58.71158,18200.0,0.076712325,2157.0,17279.0
2021.07.023.0,46.0,42.535248,18200.0,0.0739726,3903.0,17407.0
2021.07.021.0,7.200012,-4.358185,19400.0,0.07945205,3.0,17341.0
2021.07.022.0,4.200012,-6.347473,19400.0,0.076712325,0.0,17279.0
2021.07.023.0,4.399994,-6.17807,19400.0,0.0739726,0.0,17407.0
2021.07.021.0,27.0,9.701141,14400.0,0.07945205,100.0,17341.0
2021.07.022.0,16.5,9.307007,14400.0,0.076712325,19.0,17279.0
2021.07.023.0,10.5,9.273712,14400.0,0.0739726,19.0,17407.0
2021.07.021.0,32.0,17.1922,15000.0,0.07945205,1236.0,17341.0
2021.07.022.0,23.5,15.224701,15000.0,0.076712325,599.0,17279.0
2021.07.023.0,18.0,13.559998,15000.0,0.0739726,352.0,17407.0
2021.07.021.0,83.0,48.940826,16000.0,0.07945205,1082.0,17341.0
2021.07.022.0,58.0,47.807434,16000.0,0.076712325,1557.0,17279.0
2021.07.023.0,50.0,45.143707,16000.0,0.0739726,1397.0,17407.0
2021.07.021.0,680.0,779.2805,16800.0,0.07945205,0.0,17341.0
2021.07.022.0,755.0,678.5006,16800.0,0.076712325,0.0,17279.0
2021.07.023.0,745.0,661.7935,16800.0,0.0739726,0.0,17407.0
2021.07.021.0,469.0,538.68134,17100.0,0.07945205,0.0,17341.0
2021.07.022.0,525.0,459.86655,17100.0,0.076712325,0.0,17279.0
2021.07.023.0,515.0,446.97333,17100.0,0.0739726,0.0,17407.0
2021.07.021.0,407.0,462.64868,17200.0,0.07945205,0.0,17341.0
2021.07.022.0,454.0,394.15222,17200.0,0.076712325,0.0,17279.0
2021.07.023.0,447.0,384.48203,17200.0,0.0739726,0.0,17407.0
2021.07.021.0,350.0,395.96597,17300.0,0.07945205,0.0,17341.0
2021.07.022.0,389.0,323.52344,17300.0,0.076712325,677.0,17279.0
2021.07.023.0,380.0,314.03952,17300.0,0.0739726,0.0,17407.0
2021.07.021.0,300.0,329.4311,17400.0,0.07945205,302.0,17341.0
2021.07.022.0,330.0,267.06815,17400.0,0.076712325,926.0,17279.0
2021.07.023.0,318.0,268.77567,17400.0,0.0739726,0.0,17407.0
2021.07.021.0,254.0,281.03873,17500.0,0.07945205,510.0,17341.0
2021.07.022.0,276.0,220.50739,17500.0,0.076712325,1461.0,17279.0
2021.07.023.0,265.0,184.22482,17500.0,0.0739726,3973.0,17407.0
2021.07.021.0,141.0,165.20497,17800.0,0.07945205,2972.0,17341.0
2021.07.022.0,146.0,133.21182,17800.0,0.076712325,2159.0,17279.0
2021.07.023.0,137.0,117.80385,17800.0,0.0739726,3473.0,17407.0
2021.07.021.0,6.700012,-4.5875854,19700.0,0.07945205,19.0,17341.0
2021.07.022.0,3.399994,-7.550232,19700.0,0.076712325,7.0,17279.0
2021.07.023.0,3.2000122,-7.741791,19700.0,0.0739726,0.0,17407.0
2021.07.021.0,51.0,30.021332,15500.0,0.07945205,232.0,17341.0
2021.07.022.0,35.0,30.722198,15500.0,0.076712325,206.0,17279.0
2021.07.023.0,27.5,31.187927,15500.0,0.0739726,771.0,17407.0
2021.07.021.0,530.0,616.4685,17000.0,0.07945205,0.0,17341.0
2021.07.022.0,595.0,531.0141,17000.0,0.076712325,0.0,17279.0
2021.07.023.0,585.0,517.99896,17000.0,0.0739726,0.0,17407.0
2021.07.021.0,12.0,-4.43573,19000.0,0.07945205,393.0,17341.0
2021.07.022.0,6.700012,-7.013794,19000.0,0.076712325,203.0,17279.0
2021.07.023.0,6.799988,-7.0858765,19000.0,0.0739726,316.0,17407.0
2021.07.021.0,334.0,184.86641,16600.0,0.15616438,1.0,17252.0
2021.07.022.0,260.0,196.97807,16600.0,0.15342465,11.0,17192.0
2021.07.023.0,207.0,212.33083,16600.0,0.15068494,20.0,17315.0
2021.07.021.0,26.0,12.056641,14600.0,0.07945205,294.0,17341.0
2021.07.022.0,19.0,11.2803955,14600.0,0.076712325,33.0,17279.0
2021.07.023.0,12.5,10.982483,14600.0,0.0739726,19.0,17407.0
2021.07.021.0,27.0,13.588745,14700.0,0.07945205,63.0,17341.0
2021.07.022.0,18.5,13.232758,14700.0,0.076712325,12.0,17279.0
2021.07.023.0,13.5,13.165131,14700.0,0.0739726,55.0,17407.0
2021.07.021.0,30.0,16.000885,14800.0,0.07945205,39.0,17341.0
2021.07.022.0,20.0,15.575348,14800.0,0.076712325,13.0,17279.0
2021.07.023.0,15.0,15.450439,14800.0,0.0739726,21.0,17407.0
2021.07.021.0,163.0,97.145325,16600.0,0.07945205,506.0,17341.0
2021.07.022.0,117.0,102.07503,16600.0,0.076712325,721.0,17279.0
2021.07.023.0,106.0,102.37738,16600.0,0.0739726,1418.0,17407.0
2021.07.021.0,21.0,4.832184,13900.0,0.07945205,5.0,17341.0
2021.07.022.0,12.5,3.9795532,13900.0,0.076712325,7.0,17279.0
2021.07.023.0,8.200012,3.6818542,13900.0,0.0739726,2.0,17407.0
2021.07.021.0,57.0,32.466522,15600.0,0.07945205,114.0,17341.0
2021.07.022.0,39.0,33.54782,15600.0,0.076712325,549.0,17279.0
2021.07.023.0,32.0,34.736176,15600.0,0.0739726,132.99998,17407.0
2021.07.021.0,76.0,45.85089,15900.0,0.07945205,410.0,17341.0
2021.07.022.0,52.0,47.75238,15900.0,0.076712325,221.0,17279.0
2021.07.023.0,44.0,49.547333,15900.0,0.0739726,362.0,17407.0
2021.07.021.0,114.0,152.75307,17900.0,0.07945205,2021.0,17341.0
2021.07.022.0,115.0,120.18599,17900.0,0.076712325,1621.0,17279.0
2021.07.023.0,106.0,107.09367,17900.0,0.0739726,1902.0,17407.0
2021.07.021.0,73.0,95.088196,18100.0,0.07945205,1559.0,17341.0
2021.07.022.0,67.0,74.691925,18100.0,0.076712325,1872.0,17279.0
2021.07.023.0,60.999985,63.51332,18100.0,0.0739726,2027.0,17407.0
2021.07.021.0,5.5,-4.9715576,19900.0,0.07945205,0.0,17341.0
2021.07.022.0,3.100006,-8.105804,19900.0,0.076712325,20.0,17279.0
2021.07.023.0,2.7000122,-8.508057,19900.0,0.0739726,1.0,17407.0
2021.07.021.0,18.5,3.9919128,13800.0,0.07945205,3.0,17341.0
2021.07.022.0,12.0,3.0845947,13800.0,0.076712325,83.0,17279.0
2021.07.023.0,7.299988,2.6336365,13800.0,0.0739726,29.0,17407.0
2021.07.021.0,19.5,7.166107,14100.0,0.07945205,3.0,17341.0
2021.07.022.0,13.5,6.4100037,14100.0,0.076712325,12.0,17279.0
2021.07.023.0,8.200012,5.9402466,14100.0,0.0739726,2.0,17407.0
2021.07.021.0,22.0,8.604218,14300.0,0.07945205,0.0,17341.0
2021.07.022.0,16.0,8.145538,14300.0,0.076712325,4.0,17279.0
2021.07.023.0,9.5,7.982086,14300.0,0.0739726,13.0,17407.0
2021.07.021.0,64.0,36.3172,15700.0,0.07945205,225.0,17341.0
2021.07.022.0,47.0,37.898346,15700.0,0.076712325,156.0,17279.0
2021.07.023.0,35.0,39.82834,15700.0,0.0739726,110.0,17407.0
2021.07.021.0,67.0,40.897095,15800.0,0.07945205,259.0,17341.0
2021.07.022.0,47.0,42.459076,15800.0,0.076712325,437.0,17279.0
2021.07.023.0,39.5,43.61142,15800.0,0.0739726,558.0,17407.0
2021.07.021.0,179.0,106.444046,16700.0,0.07945205,638.0,17341.0
2021.07.022.0,132.0,112.35275,16700.0,0.076712325,703.0,17279.0
2021.07.023.0,121.0,110.76308,16700.0,0.0739726,1853.0,17407.0
2021.07.021.0,207.0,219.75961,17600.0,0.07945205,1195.0,17341.0
2021.07.022.0,228.0,174.05237,17600.0,0.076712325,2112.0002,17279.0
2021.07.023.0,216.0,150.82388,17600.0,0.0739726,4415.0,17407.0
2021.07.021.0,25.0,15.4964905,18600.0,0.07945205,796.0,17341.0
2021.07.022.0,16.5,9.933197,18600.0,0.076712325,429.0,17279.0
2021.07.023.0,14.0,4.531555,18600.0,0.0739726,1520.0,17407.0
2021.07.021.0,19.5,9.18573,18700.0,0.07945205,414.0,17341.0
2021.07.022.0,13.0,4.491974,18700.0,0.076712325,442.0,17279.0
2021.07.023.0,10.5,0.7756653,18700.0,0.0739726,1081.0,17407.0
2021.07.021.0,19.5,2.8081665,13700.0,0.07945205,4.0,17341.0
2021.07.022.0,13.0,1.9211426,13700.0,0.076712325,98.0,17279.0
2021.07.023.0,7.700012,1.5355835,13700.0,0.0739726,83.0,17407.0
2021.07.021.0,236.0,127.811554,16900.0,0.07945205,770.0,17341.0
2021.07.022.0,170.0,136.59105,16900.0,0.076712325,479.0,17279.0
2021.07.023.0,158.0,141.2109,16900.0,0.0739726,1016.0,17407.0
2021.07.021.0,37.0,35.558685,18400.0,0.07945205,1307.0,17341.0
2021.07.022.0,29.0,27.184967,18400.0,0.076712325,960.0,17279.0
2021.07.023.0,25.0,22.88205,18400.0,0.0739726,782.0,17407.0
2021.07.021.0,30.0,21.640472,18500.0,0.07945205,1614.0,17341.0
2021.07.022.0,22.0,14.579315,18500.0,0.076712325,864.0,17279.0
2021.07.023.0,19.0,9.512512,18500.0,0.0739726,1364.0,17407.0
2021.07.021.0,14.0,-1.5926208,18900.0,0.07945205,1130.0,17341.0
2021.07.022.0,8.200012,-5.3504333,18900.0,0.076712325,158.0,17279.0
2021.07.023.0,7.700012,-6.1540833,18900.0,0.0739726,305.0,17407.0
2021.07.021.0,6.5,-4.9353943,19500.0,0.07945205,8.0,17341.0
2021.07.022.0,6.200012,-7.431946,19500.0,0.076712325,16.0,17279.0
2021.07.023.0,3.899994,-7.973633,19500.0,0.0739726,5.0,17407.0
2021.07.021.0,4.700012,-5.0794373,19800.0,0.07945205,1.0,17341.0
2021.07.022.0,3.2999878,-7.576233,19800.0,0.076712325,12.0,17279.0
2021.07.023.0,2.899994,-7.7581787,19800.0,0.0739726,0.0,17407.0
2021.07.021.0,408.0,233.734,16800.0,0.15616438,0.0,17252.0
2021.07.022.0,311.0,245.38159,16800.0,0.15342465,29.0,17192.0
2021.07.023.0,280.0,264.708,16800.0,0.15068494,11.0,17315.0
2021.07.021.0,47.0,27.036713,15400.0,0.07945205,84.0,17341.0
2021.07.022.0,31.5,27.723724,15400.0,0.076712325,136.0,17279.0
2021.07.023.0,25.0,28.604126,15400.0,0.0739726,286.0,17407.0
2021.07.021.0,115.0,70.16597,16300.0,0.07945205,819.0,17341.0
2021.07.022.0,81.0,72.43233,16300.0,0.076712325,831.0,17279.0
2021.07.023.0,72.0,73.30458,16300.0,0.0739726,841.0,17407.0
2021.07.021.0,262.0,119.4971,17000.0,0.07945205,2652.0,17341.0
2021.07.022.0,190.0,117.90277,17000.0,0.076712325,1754.0,17279.0
2021.07.023.0,180.0,113.18457,17000.0,0.0739726,2106.0,17407.0
2021.07.021.0,46.0,54.289917,18300.0,0.07945205,1238.0,17341.0
2021.07.022.0,38.0,40.381104,18300.0,0.076712325,1706.0,17279.0
2021.07.023.0,32.5,29.383667,18300.0,0.0739726,2431.0,17407.0
2021.07.021.0,6.799988,-7.03891,20800.0,0.15616438,0.0,17252.0
2021.07.022.0,5.899994,-8.611572,20800.0,0.15342465,0.0,17192.0
2021.07.023.0,5.399994,-9.081757,20800.0,0.15068494,0.0,17315.0
2021.07.021.0,205.0,112.26285,16800.0,0.07945205,1437.0,17341.0
2021.07.022.0,150.0,118.80379,16800.0,0.076712325,613.0,17279.0
2021.07.023.0,140.0,117.51332,16800.0,0.0739726,1898.0,17407.0
2021.07.021.0,9.899994,-4.1707153,19100.0,0.07945205,102.000015,17341.0
2021.07.022.0,8.600006,-6.5903625,19100.0,0.076712325,101.000015,17279.0
2021.07.023.0,6.399994,-6.5820312,19100.0,0.0739726,6.0,17407.0
2021.07.021.0,8.0,-3.7349854,19300.0,0.07945205,5.0,17341.0
2021.07.022.0,4.5,-5.8048096,19300.0,0.076712325,0.0,17279.0
2021.07.023.0,4.899994,-5.6171875,19300.0,0.0739726,28.0,17407.0
2021.07.021.0,298.0,223.095,14000.0,0.6547945,1.0,16959.0
2021.07.022.0,260.0,222.85402,14000.0,0.6520548,0.0,16913.0
2021.07.023.0,246.0,225.07022,14000.0,0.649315,0.0,17016.0
2021.07.021.0,456.0,359.73898,15000.0,0.6547945,0.0,16959.0
2021.07.022.0,402.0,362.50317,15000.0,0.6520548,1.0,16913.0
2021.07.023.0,390.0,368.0508,15000.0,0.649315,0.0,17016.0
2021.07.021.0,615.0,777.1433,17800.0,0.6547945,0.0,16959.0
2021.07.022.0,655.0,707.54126,17800.0,0.6520548,0.0,16913.0
2021.07.023.0,635.0,670.96936,17800.0,0.649315,0.0,17016.0
2021.07.021.0,4.399994,-6.4389954,20000.0,0.07945205,6.0,17341.0
2021.07.022.0,3.2000122,-8.872284,20000.0,0.076712325,0.0,17279.0
2021.07.023.0,2.600006,-9.672852,20000.0,0.0739726,227.0,17407.0
2021.07.021.0,99.0,51.325348,15100.0,0.15616438,8.0,17252.0
2021.07.022.0,78.0,53.366364,15100.0,0.15342465,7.0,17192.0
2021.07.023.0,65.0,55.299713,15100.0,0.15068494,5.0,17315.0
2021.07.021.0,280.0,303.77225,17700.0,0.15616438,46.0,17252.0
2021.07.022.0,270.0,267.7548,17700.0,0.15342465,13.0,17192.0
2021.07.023.0,284.0,256.1429,17700.0,0.15068494,27.0,17315.0
2021.07.021.0,44.0,26.668,18900.0,0.15616438,1.0,17252.0
2021.07.022.0,39.0,25.13095,18900.0,0.15342465,0.0,17192.0
2021.07.023.0,33.0,26.871399,18900.0,0.15068494,8.0,17315.0
2021.07.021.0,273.0,204.28976,13800.0,0.6547945,1.0,16959.0
2021.07.022.0,238.0,204.86273,13800.0,0.6520548,5.0,16913.0
2021.07.023.0,224.0,206.58698,13800.0,0.649315,0.0,17016.0
2021.07.021.0,325.0,247.07889,14200.0,0.6547945,20.0,16959.0
2021.07.022.0,284.0,248.14513,14200.0,0.6520548,0.0,16913.0
2021.07.023.0,270.0,250.37332,14200.0,0.649315,0.0,17016.0
2021.07.021.0,500.0,396.22278,15200.0,0.6547945,0.0,16959.0
2021.07.022.0,438.0,402.15265,15200.0,0.6520548,0.0,16913.0
2021.07.023.0,429.0,409.81027,15200.0,0.649315,0.0,17016.0
2021.07.021.0,1150.0,1318.5768,16800.0,0.6547945,0.0,16959.0
2021.07.022.0,1140.0,1229.3059,16800.0,0.6520548,0.0,16913.0
2021.07.023.0,1130.0,1188.6273,16800.0,0.649315,0.0,17016.0
2021.07.021.0,835.0,971.6095,16700.0,0.15616438,0.0,17252.0
2021.07.022.0,875.0,871.7223,16700.0,0.15342465,0.0,17192.0
2021.07.023.0,875.0,850.2562,16700.0,0.15068494,0.0,17315.0
2021.07.021.0,152.0,78.83595,18300.0,0.15616438,103.999985,17252.0
2021.07.022.0,108.0,88.27072,18300.0,0.15342465,82.0,17192.0
2021.07.023.0,105.0,89.04492,18300.0,0.15068494,47.0,17315.0
2021.07.021.0,301.0,158.76341,17100.0,0.07945205,617.0,17341.0
2021.07.022.0,220.0,170.50732,17100.0,0.076712325,487.0,17279.0
2021.07.023.0,206.0,172.2595,17100.0,0.0739726,1609.0,17407.0
2021.07.021.0,8.899994,-4.5062256,19200.0,0.07945205,380.0,17341.0
2021.07.022.0,5.0,-7.0540466,19200.0,0.076712325,3.0,17279.0
2021.07.023.0,6.200012,-6.959564,19200.0,0.0739726,125.0,17407.0
2021.07.021.0,88.0,48.169647,14900.0,0.15616438,10.0,17252.0
2021.07.022.0,65.0,45.980072,14900.0,0.15342465,12.0,17192.0
2021.07.023.0,59.0,47.195923,14900.0,0.15068494,0.0,17315.0
2021.07.021.0,322.0,169.38354,16500.0,0.15616438,2.0,17252.0
2021.07.022.0,239.0,183.40189,16500.0,0.15342465,5.0,17192.0
2021.07.023.0,215.0,198.42436,16500.0,0.15068494,26.0,17315.0
2021.07.021.0,384.0,246.93204,16900.0,0.15616438,2.0,17252.0
2021.07.022.0,303.0,267.73053,16900.0,0.15342465,21.0,17192.0
2021.07.023.0,319.0,289.4089,16900.0,0.15068494,20.0,17315.0
2021.07.021.0,480.0,281.33847,17000.0,0.15616438,9.0,17252.0
2021.07.022.0,339.0,302.24115,17000.0,0.15342465,51.0,17192.0
2021.07.023.0,345.0,327.54257,17000.0,0.15068494,55.0,17315.0
2021.07.021.0,156.0,126.98807,18100.0,0.15616438,11.0,17252.0
2021.07.022.0,154.0,125.36107,18100.0,0.15342465,29.0,17192.0
2021.07.023.0,142.0,125.72984,18100.0,0.15068494,5.0,17315.0
2021.07.021.0,85.0,54.060608,18500.0,0.15616438,12.0,17252.0
2021.07.022.0,76.0,55.129852,18500.0,0.15342465,60.0,17192.0
2021.07.023.0,70.0,56.850037,18500.0,0.15068494,16.0,17315.0
2021.07.021.0,695.0,886.15295,17600.0,0.6547945,2.0,16959.0
2021.07.022.0,740.0,806.9201,17600.0,0.6520548,0.0,16913.0
2021.07.023.0,720.0,764.1106,17600.0,0.649315,0.0,17016.0
2021.07.021.0,292.0,331.22693,19000.0,0.6547945,0.0,16959.0
2021.07.022.0,284.0,306.01886,19000.0,0.6520548,0.0,16913.0
2021.07.023.0,272.0,291.03674,19000.0,0.649315,0.0,17016.0
2021.07.021.0,91.0,80.603134,20800.0,0.6547945,1.0,16959.0
2021.07.022.0,68.0,78.30299,20800.0,0.6520548,0.0,16913.0
2021.07.023.0,74.0,75.92296,20800.0,0.649315,0.0,17016.0
2021.07.022.0,248.0,192.13647,17200.0,0.076712325,594.0,17279.0
2021.07.023.0,238.0,195.20807,17200.0,0.0739726,1341.0,17407.0
2021.07.022.0,283.0,218.19606,17300.0,0.076712325,0.0,17279.0
2021.07.023.0,269.0,233.27367,17300.0,0.0739726,607.0,17407.0
2021.07.022.0,322.0,253.9199,17400.0,0.076712325,0.0,17279.0
2021.07.023.0,312.0,254.70879,17400.0,0.0739726,1932.0,17407.0
2021.07.022.0,372.0,304.0221,17500.0,0.076712325,0.0,17279.0
2021.07.023.0,360.0,345.66016,17500.0,0.0739726,0.0,17407.0
2021.07.022.0,421.0,365.8692,17600.0,0.076712325,0.0,17279.0
2021.07.023.0,410.0,404.0841,17600.0,0.0739726,0.0,17407.0
2021.07.021.0,6.200012,-4.1427307,19600.0,0.07945205,0.0,17341.0
2021.07.022.0,3.600006,-6.7957764,19600.0,0.076712325,0.0,17279.0
2021.07.023.0,3.5,-6.93454,19600.0,0.0739726,0.0,17407.0
2021.07.022.0,1.7000122,-16.965881,20700.0,0.076712325,0.0,17279.0
2021.07.023.0,1.6000061,-17.359222,20700.0,0.0739726,382.0,17407.0
2021.07.022.0,96.0,75.58693,15500.0,0.15342465,1.0,17192.0
2021.07.023.0,89.0,78.638245,15500.0,0.15068494,15.0,17315.0
2021.07.022.0,137.0,105.01715,15900.0,0.15342465,4.0,17192.0
2021.07.023.0,130.0,110.78433,15900.0,0.15068494,8.0,17315.0
2021.07.022.0,201.0,152.46196,16300.0,0.15342465,2.0,17192.0
2021.07.023.0,188.0,162.85747,16300.0,0.15068494,8.0,17315.0
2021.07.022.0,418.0,330.0284,17100.0,0.15342465,21.0,17192.0
2021.07.023.0,371.0,359.19925,17100.0,0.15068494,28.0,17315.0
2021.07.022.0,520.0,461.0755,17400.0,0.15342465,0.0,17192.0
2021.07.023.0,510.0,500.60455,17400.0,0.15068494,0.0,17315.0
2021.07.021.0,210.0,200.98944,17900.0,0.15616438,5.0,17252.0
2021.07.022.0,205.0,188.99149,17900.0,0.15342465,24.0,17192.0
2021.07.023.0,201.0,183.43686,17900.0,0.15068494,6.0,17315.0
2021.07.022.0,52.0,39.64026,18700.0,0.15342465,5.0,17192.0
2021.07.023.0,50.0,42.49771,18700.0,0.15068494,17.0,17315.0
2021.07.021.0,690.0,532.84607,16600.0,0.40547946,0.0,17096.0
2021.07.022.0,605.0,546.91016,16600.0,0.40273973,2.0,17035.0
2021.07.023.0,575.0,573.5198,16600.0,0.4,0.0,17187.0
2021.07.022.0,755.0,704.5111,17000.0,0.40273973,16.0,17035.0
2021.07.023.0,725.0,730.31177,17000.0,0.4,0.0,17187.0
2021.07.022.0,218.0,188.85272,13600.0,0.6520548,14.0,16913.0
2021.07.023.0,204.0,189.74945,13600.0,0.649315,2.0,17016.0
2021.07.022.0,990.0,941.42456,17000.0,0.6520548,0.0,16913.0
2021.07.023.0,970.0,975.7167,17000.0,0.649315,0.0,17016.0
2021.07.022.0,437.0,475.3236,18400.0,0.6520548,1.0,16913.0
2021.07.023.0,423.0,454.39743,18400.0,0.649315,0.0,17016.0
2021.07.022.0,2.899994,-8.467621,20400.0,0.076712325,3.0,17279.0
2021.07.023.0,1.8999939,-9.386047,20400.0,0.0739726,30.0,17407.0
2021.07.022.0,2.899994,-9.104645,20500.0,0.076712325,4.0,17279.0
2021.07.023.0,1.7999878,-10.207825,20500.0,0.0739726,1.0,17407.0
2021.07.022.0,115.0,89.759995,15700.0,0.15342465,3.0,17192.0
2021.07.023.0,102.0,93.92975,15700.0,0.15068494,4.0,17315.0
2021.07.022.0,163.0,125.73927,16100.0,0.15342465,0.0,17192.0
2021.07.023.0,150.0,132.86168,16100.0,0.15068494,24.0,17315.0
2021.07.022.0,264.0,218.862,16700.0,0.15342465,25.0,17192.0
2021.07.023.0,255.0,233.95251,16700.0,0.15068494,10.0,17315.0
2021.07.022.0,438.0,356.2113,17200.0,0.15342465,0.0,17192.0
2021.07.023.0,390.0,380.82477,17200.0,0.15068494,4.0,17315.0
2021.07.022.0,425.0,411.06613,17300.0,0.15342465,0.0,17192.0
2021.07.023.0,415.0,434.43213,17300.0,0.15068494,6.0,17315.0
2021.07.023.0,550.0,549.2805,17500.0,0.15068494,0.0,17315.0
2021.07.022.0,26.0,0.9845276,19100.0,0.15342465,1.0,17192.0
2021.07.023.0,26.0,5.230072,19100.0,0.15068494,6.0,17315.0
2021.07.022.0,17.0,3.0516663,19500.0,0.15342465,2.0,17192.0
2021.07.023.0,17.0,2.6200562,19500.0,0.15068494,5.0,17315.0
2021.07.022.0,8.299988,1.4484558,21600.0,0.40273973,0.0,17035.0
2021.07.023.0,22.0,2.007782,21600.0,0.4,0.0,17187.0
2021.07.022.0,615.0,600.7297,16000.0,0.6520548,0.0,16913.0
2021.07.023.0,625.0,614.5459,16000.0,0.649315,0.0,17016.0
2021.07.022.0,58.0,61.372818,21200.0,0.6520548,0.0,16913.0
2021.07.023.0,53.0,60.087296,21200.0,0.649315,0.0,17016.0
2021.07.022.0,40.5,47.405334,21600.0,0.6520548,0.0,16913.0
2021.07.023.0,38.0,46.69214,21600.0,0.649315,0.0,17016.0
2021.07.022.0,520.0,494.36737,15600.0,0.6520548,0.0,16913.0
2021.07.023.0,520.0,504.38113,15600.0,0.649315,0.0,17016.0
2021.07.022.0,376.0,416.1248,18600.0,0.6520548,0.0,16913.0
2021.07.023.0,363.0,394.89447,18600.0,0.649315,2.0,17016.0
2021.07.022.0,129.0,134.70427,20000.0,0.6520548,0.0,16913.0
2021.07.023.0,135.0,130.24269,20000.0,0.649315,0.0,17016.0
2021.07.022.0,2.0,-8.942017,20600.0,0.076712325,0.0,17279.0
2021.07.023.0,1.7000122,-9.888824,20600.0,0.0739726,0.0,17407.0
2021.07.022.0,51.0,35.017334,14500.0,0.15342465,4.0,17192.0
2021.07.023.0,47.0,35.504852,14500.0,0.15068494,3.0,17315.0
2021.07.021.0,780.0,936.2561,17400.0,0.6547945,1.0,16959.0
2021.07.022.0,830.0,862.5814,17400.0,0.6520548,1.0,16913.0
2021.07.023.0,810.0,854.3961,17400.0,0.649315,0.0,17016.0
2021.07.022.0,3.0,-8.612793,20200.0,0.076712325,0.0,17279.0
2021.07.023.0,2.2000122,-9.892975,20200.0,0.0739726,198.0,17407.0
2021.07.022.0,91.0,68.00717,15300.0,0.15342465,23.0,17192.0
2021.07.023.0,80.0,66.76257,15300.0,0.15068494,6.0,17315.0
2021.07.021.0,430.0,525.5851,17300.0,0.15616438,4.0,17252.0
2021.07.022.0,486.0,452.72644,17300.0,0.15342465,22.0,17192.0
2021.07.023.0,472.0,448.90332,17300.0,0.15068494,0.0,17315.0
2021.07.022.0,390.0,371.34402,17500.0,0.15342465,10.0,17192.0
2021.07.023.0,367.0,341.52554,17500.0,0.15068494,6.0,17315.0
2021.07.022.0,23.5,-0.9387512,19300.0,0.15342465,0.0,17192.0
2021.07.023.0,20.5,2.424347,19300.0,0.15068494,1.0,17315.0
2021.07.021.0,385.0,298.53708,14600.0,0.6547945,2.0,16959.0
2021.07.022.0,338.0,300.81372,14600.0,0.6520548,0.0,16913.0
2021.07.023.0,325.0,303.85956,14600.0,0.649315,0.0,17016.0
2021.07.022.0,670.0,652.81024,16200.0,0.6520548,0.0,16913.0
2021.07.023.0,680.0,667.122,16200.0,0.649315,1.0,17016.0
2021.07.022.0,900.0,851.18896,16800.0,0.6520548,21.0,16913.0
2021.07.023.0,890.0,879.3646,16800.0,0.649315,0.0,17016.0
2021.07.022.0,575.0,642.4569,18000.0,0.6520548,1.0,16913.0
2021.07.023.0,560.0,598.1632,18000.0,0.649315,0.0,17016.0
2021.07.022.0,505.0,562.2044,18200.0,0.6520548,4.0,16913.0
2021.07.023.0,487.0,524.28796,18200.0,0.649315,0.0,17016.0
2021.07.022.0,3.0,-5.517334,20100.0,0.07945205,0.0,17341.0
2021.07.023.0,2.2999878,-7.69812,20100.0,0.0739726,248.0,17407.0
2021.07.022.0,150.0,157.30261,19800.0,0.6520548,0.0,16913.0
2021.07.023.0,156.0,151.27399,19800.0,0.649315,2.0,17016.0
2021.07.022.0,930.0,1087.4863,17200.0,0.6547945,0.0,16959.0
2021.07.023.0,965.0,1010.18384,17200.0,0.649315,0.0,17016.0
2021.07.022.0,565.0,541.9352,15800.0,0.6520548,0.0,16913.0
2021.07.023.0,570.0,554.3429,15800.0,0.649315,0.0,17016.0
2021.07.021.0,77.0,38.593506,14700.0,0.15616438,0.0,17252.0
2021.07.023.0,53.0,39.808716,14700.0,0.15342465,0.0,17192.0
2021.07.022.0,820.0,793.23425,16600.0,0.6520548,0.0,16913.0
2021.07.023.0,815.0,823.14014,16600.0,0.649315,0.0,17016.0
2021.07.021.0,700.0,812.1124,16900.0,0.15616438,0.0,17252.0
2021.07.022.0,745.0,725.56006,16900.0,0.15342465,0.0,17192.0
2021.07.023.0,730.0,708.4094,16900.0,0.15068494,0.0,17315.0
2021.07.021.0,575.0,668.1254,17100.0,0.15616438,0.0,17252.0
2021.07.022.0,610.0,591.0963,17100.0,0.15342465,0.0,17192.0
2021.07.023.0,590.0,575.95074,17100.0,0.15068494,0.0,17315.0
2021.07.022.0,740.0,738.4116,16400.0,0.6520548,0.0,16913.0
2021.07.023.0,745.0,760.17316,16400.0,0.649315,0.0,17016.0
2021.07.021.0,258.0,276.82257,19200.0,0.6547945,0.0,16959.0
2021.07.022.0,245.0,256.60913,19200.0,0.6520548,0.0,16913.0
2021.07.023.0,237.0,245.77515,19200.0,0.649315,0.0,17016.0
2021.07.021.0,1090.0,1257.3749,16300.0,0.07945205,0.0,17341.0
2021.07.022.0,1190.0,1111.9281,16300.0,0.076712325,0.0,17279.0
2021.07.023.0,1180.0,1077.1458,16300.0,0.0739726,0.0,17407.0
2021.07.021.0,755.0,856.4352,16700.0,0.07945205,0.0,17341.0
2021.07.022.0,840.0,744.6286,16700.0,0.076712325,0.0,17279.0
2021.07.023.0,825.0,726.45154,16700.0,0.0739726,0.0,17407.0
2021.07.021.0,1180.0,1352.6678,16200.0,0.07945205,0.0,17341.0
2021.07.022.0,1280.0,1205.6145,16200.0,0.076712325,0.0,17279.0
2021.07.023.0,1270.0,1165.6614,16200.0,0.0739726,0.0,17407.0
2021.07.021.0,1010.0,1158.924,16400.0,0.07945205,0.0,17341.0
2021.07.022.0,1100.0,1019.89026,16400.0,0.076712325,0.0,17279.0
2021.07.023.0,1090.0,989.3948,16400.0,0.0739726,0.0,17407.0
2021.07.021.0,915.0,1060.7611,16500.0,0.07945205,0.0,17341.0
2021.07.022.0,1010.0,931.77515,16500.0,0.076712325,0.0,17279.0
2021.07.023.0,1000.0,910.27673,16500.0,0.0739726,0.0,17407.0
2021.07.021.0,840.0,963.0974,16600.0,0.07945205,0.0,17341.0
2021.07.022.0,925.0,840.81067,16600.0,0.076712325,0.0,17279.0
2021.07.023.0,910.0,819.3484,16600.0,0.0739726,0.0,17407.0
2021.07.021.0,1020.0,1201.9971,17000.0,0.6547945,0.0,16959.0
2021.07.022.0,1030.0,1109.2394,17000.0,0.6520548,0.0,16913.0
2021.07.023.0,1010.0,1068.0974,17000.0,0.649315,0.0,17016.0
2021.07.021.0,235.0,231.6566,19400.0,0.6547945,0.0,16959.0
2021.07.023.0,207.0,217.08856,19400.0,0.6520548,0.0,16913.0
2021.07.022.0,63.0,70.63191,21000.0,0.6520548,0.0,16913.0
2021.07.023.0,63.0,67.668045,21000.0,0.649315,0.0,17016.0
2021.07.022.0,10.5,10.501068,21400.0,0.40273973,0.0,17035.0
2021.07.023.0,23.0,9.781952,21400.0,0.4,0.0,17187.0
2021.07.023.0,86.0,85.89467,20600.0,0.649315,0.0,17016.0
2021.07.021.0,910.0,751.2003,17200.0,0.40547946,0.0,17096.0
2021.07.022.0,865.0,778.1141,17200.0,0.40273973,0.0,17035.0
2021.07.023.0,805.0,826.7499,17200.0,0.4,0.0,17187.0
2021.07.021.0,550.0,436.31192,15400.0,0.6547945,0.0,16959.0
2021.07.022.0,477.0,443.6762,15400.0,0.6520548,0.0,16913.0
2021.07.023.0,472.0,453.29706,15400.0,0.649315,0.0,17016.0
2021.07.021.0,135.0,122.17723,20200.0,0.6547945,0.0,16959.0
2021.07.022.0,110.0,116.49898,20200.0,0.6520548,0.0,16913.0
2021.07.023.0,117.0,113.1342,20200.0,0.649315,0.0,17016.0
2021.07.022.0,2.899994,-5.987213,20300.0,0.076712325,0.0,17279.0
2021.07.023.0,2.0,-7.928711,20300.0,0.0739726,0.0,17407.0
2021.07.021.0,13.0,-3.118988,20100.0,0.15616438,0.0,17252.0
2021.07.022.0,9.799988,-5.3132935,20100.0,0.15342465,0.0,17192.0
2021.07.023.0,8.600006,-5.659607,20100.0,0.15068494,0.0,17315.0
2021.07.021.0,59.0,56.09906,21400.0,0.6547945,0.0,16959.0
2021.07.022.0,50.0,54.59784,21400.0,0.6520548,0.0,16913.0
2021.07.023.0,51.0,53.326263,21400.0,0.649315,0.0,17016.0
2021.07.021.0,354.0,270.12683,14400.0,0.6547945,0.0,16959.0
2021.07.022.0,310.0,272.22406,14400.0,0.6520548,0.0,16913.0
2021.07.023.0,297.0,275.76663,14400.0,0.649315,0.0,17016.0
2021.07.021.0,419.0,326.79816,14800.0,0.6547945,0.0,16959.0
2021.07.022.0,369.0,330.38327,14800.0,0.6520548,0.0,16913.0
2021.07.023.0,356.0,335.56796,14800.0,0.649315,0.0,17016.0
2021.07.021.0,1380.0,1561.9868,16400.0,0.6547945,0.0,16959.0
2021.07.022.0,1380.0,1477.2731,16400.0,0.6520548,0.0,16913.0
2021.07.023.0,1380.0,1429.9468,16400.0,0.649315,0.0,17016.0
2021.07.021.0,3050.0,2020.64,14200.0,0.15616438,0.0,17252.0
2021.07.022.0,3150.0,2020.5985,14200.0,0.15342465,0.0,17192.0
2021.07.023.0,3150.0,2020.5833,14200.0,0.15068494,0.0,17315.0
2021.07.021.0,2850.0,2020.549,14400.0,0.15616438,0.0,17252.0
2021.07.022.0,2960.0,2020.481,14400.0,0.15342465,0.0,17192.0
2021.07.023.0,2960.0,2020.4369,14400.0,0.15068494,0.0,17315.0
2021.07.021.0,2670.0,2020.3528,14600.0,0.15616438,0.0,17252.0
2021.07.022.0,2770.0,2020.2255,14600.0,0.15342465,0.0,17192.0
2021.07.023.0,2760.0,2020.138,14600.0,0.15068494,0.0,17315.0
2021.07.021.0,2520.0,2020.0398,14800.0,0.40547946,0.0,17096.0
2021.07.022.0,2600.0,2019.909,14800.0,0.40273973,0.0,17035.0
2021.07.023.0,2600.0,2019.8212,14800.0,0.4,0.0,17187.0
2021.07.021.0,2180.0,2017.3422,15200.0,0.40547946,0.0,17096.0
2021.07.022.0,2250.0,2016.5963,15200.0,0.40273973,0.0,17035.0
2021.07.023.0,2250.0,2015.8029,15200.0,0.4,0.0,17187.0
2021.07.021.0,1540.0,1724.7723,15800.0,0.07945205,0.0,17341.0
2021.07.022.0,1650.0,1605.1108,15800.0,0.076712325,0.0,17279.0
2021.07.023.0,1640.0,1540.7072,15800.0,0.0739726,0.0,17407.0
2021.07.021.0,1360.0,1553.7378,16000.0,0.07945205,0.0,17341.0
2021.07.022.0,1460.0,1400.8043,16000.0,0.076712325,0.0,17279.0
2021.07.023.0,1460.0,1338.1864,16000.0,0.0739726,0.0,17407.0
2021.07.021.0,1270.0,1455.153,16100.0,0.07945205,0.0,17341.0
2021.07.022.0,1370.0,1311.6406,16100.0,0.076712325,0.0,17279.0
2021.07.023.0,1360.0,1266.6599,16100.0,0.0739726,0.0,17407.0
2021.08.011.0,6.600006,-9.845459,11200.0,0.09863013,53.0,17181.0
2021.08.012.0,2.899994,-9.557678,11200.0,0.09589041,80.0,17058.0
2021.08.013.0,3.7000122,-10.101807,11200.0,0.09315068,154.0,17043.0
2021.08.011.0,9.299988,-8.190338,11800.0,0.09863013,0.0,17181.0
2021.08.012.0,3.600006,-7.8715515,11800.0,0.09589041,0.0,17058.0
2021.08.013.0,4.700012,-8.702789,11800.0,0.09315068,1.0,17043.0
2021.08.011.0,9.5,-9.588257,12000.0,0.09863013,0.0,17181.0
2021.08.012.0,3.899994,-8.123962,12000.0,0.09589041,3.0,17058.0
2021.08.013.0,5.299988,-8.227539,12000.0,0.09315068,9.0,17043.0
2021.08.011.0,9.799988,-9.037506,12200.0,0.09863013,8.0,17181.0
2021.08.012.0,4.0,-7.8216248,12200.0,0.09589041,2.0,17058.0
2021.08.013.0,5.700012,-8.053558,12200.0,0.09315068,0.0,17043.0
2021.08.011.0,20.5,0.065582275,14000.0,0.09863013,30.0,17181.0
2021.08.012.0,12.5,2.6955566,14000.0,0.09589041,51.0,17058.0
2021.08.013.0,19.0,2.2394104,14000.0,0.09315068,789.0,17043.0
2021.08.011.0,8.5,-8.532959,11400.0,0.09863013,0.0,17181.0
2021.08.012.0,2.899994,-8.215576,11400.0,0.09589041,7.0,17058.0
2021.08.013.0,4.0,-8.810547,11400.0,0.09315068,16.0,17043.0
2021.08.011.0,402.0,517.55225,17000.0,0.09863013,0.0,17181.0
2021.08.012.0,373.0,488.5053,17000.0,0.09589041,0.0,17058.0
2021.08.013.0,263.0,467.6997,17000.0,0.09315068,0.0,17043.0
2021.08.011.0,20.0,12.796692,18400.0,0.09863013,212.0,17181.0
2021.08.012.0,15.0,18.747192,18400.0,0.09589041,316.0,17058.0
2021.08.013.0,10.5,21.714142,18400.0,0.09315068,504.0,17043.0
2021.08.011.0,81.0,54.13858,12800.0,0.3479452,0.0,17020.0
2021.08.012.0,72.0,94.41287,12800.0,0.3452055,2.0,16930.0
2021.08.013.0,80.0,80.37912,12800.0,0.34246576,0.0,16924.0
2021.08.011.0,90.0,66.71361,13000.0,0.3479452,0.0,17020.0
2021.08.012.0,77.0,61.862305,13000.0,0.3452055,0.0,16930.0
2021.08.013.0,84.0,74.13229,13000.0,0.34246576,26.0,16924.0
2021.08.011.0,99.0,64.478226,13200.0,0.3479452,0.0,17020.0
2021.08.012.0,85.0,65.79732,13200.0,0.3452055,0.0,16930.0
2021.08.013.0,96.0,66.29286,13200.0,0.34246576,0.0,16924.0
2021.08.011.0,138.0,98.158356,13800.0,0.3479452,2.0,17020.0
2021.08.012.0,121.0,91.45877,13800.0,0.3452055,0.0,16930.0
2021.08.013.0,133.0,91.89575,13800.0,0.34246576,0.0,16924.0
2021.08.011.0,1350.0,1549.531,16000.0,0.3479452,0.0,17020.0
2021.08.012.0,1330.0,1475.9431,16000.0,0.3452055,0.0,16930.0
2021.08.013.0,1180.0,1428.6069,16000.0,0.34246576,0.0,16924.0
2021.08.011.0,275.0,321.61932,18000.0,0.3479452,27.0,17020.0
2021.08.012.0,263.0,296.87415,18000.0,0.3452055,1.0,16930.0
2021.08.013.0,224.0,280.9145,18000.0,0.34246576,10.0,16924.0
2021.08.011.0,92.0,67.50694,19000.0,0.3479452,67.0,17020.0
2021.08.012.0,80.0,70.22632,19000.0,0.3452055,27.0,16930.0
2021.08.013.0,71.0,67.168564,19000.0,0.34246576,42.0,16924.0
2021.08.011.0,11.0,-6.6905823,12400.0,0.09863013,0.0,17181.0
2021.08.012.0,4.100006,-6.4066772,12400.0,0.09589041,28.0,17058.0
2021.08.013.0,5.700012,-6.9956665,12400.0,0.09315068,4.0,17043.0
2021.08.011.0,12.0,-8.262939,12800.0,0.09863013,0.0,17181.0
2021.08.012.0,6.899994,-6.23761,12800.0,0.09589041,57.999985,17058.0
2021.08.013.0,8.299988,-6.2013245,12800.0,0.09315068,3.0,17043.0
2021.08.011.0,13.5,-5.9482117,13000.0,0.09863013,0.0,17181.0
2021.08.012.0,6.0,-4.4342346,13000.0,0.09589041,57.999985,17058.0
2021.08.013.0,10.0,-5.222412,13000.0,0.09315068,922.0,17043.0
2021.08.011.0,15.0,-3.9210205,13200.0,0.09863013,1.0,17181.0
2021.08.012.0,6.5,-3.373932,13200.0,0.09589041,22.0,17058.0
2021.08.013.0,10.0,-5.413391,13200.0,0.09315068,682.0,17043.0
2021.08.011.0,26.0,3.9776,14200.0,0.09863013,16.0,17181.0
2021.08.012.0,14.5,5.6745605,14200.0,0.09589041,10.0,17058.0
2021.08.013.0,22.0,5.557678,14200.0,0.09315068,88.999985,17043.0
2021.08.011.0,29.0,6.296051,14400.0,0.09863013,2.0,17181.0
2021.08.012.0,17.0,8.231995,14400.0,0.09589041,9.0,17058.0
2021.08.013.0,26.0,8.145569,14400.0,0.09315068,54.0,17043.0
2021.08.011.0,44.5,17.325409,15000.0,0.09863013,122.0,17181.0
2021.08.012.0,31.5,19.212982,15000.0,0.09589041,475.0,17058.0
2021.08.013.0,45.0,18.109314,15000.0,0.09315068,770.0,17043.0
2021.08.011.0,530.0,642.9706,16800.0,0.09863013,0.0,17181.0
2021.08.012.0,500.0,610.0777,16800.0,0.09589041,0.0,17058.0
2021.08.013.0,366.0,593.94275,16800.0,0.09315068,0.0,17043.0
2021.08.011.0,290.0,401.1543,17200.0,0.09863013,226.0,17181.0
2021.08.012.0,263.0,366.70483,17200.0,0.09589041,491.0,17058.0
2021.08.013.0,175.0,338.18198,17200.0,0.09315068,512.0,17043.0
2021.08.011.0,48.0,75.544495,18000.0,0.09863013,556.0,17181.0
2021.08.012.0,39.5,73.61951,18000.0,0.09589041,1413.0,17058.0
2021.08.013.0,23.5,69.37102,18000.0,0.09315068,939.0,17043.0
2021.08.011.0,5.899994,-3.1116028,19200.0,0.09863013,10.0,17181.0
2021.08.012.0,4.799988,-1.8188477,19200.0,0.09589041,0.0,17058.0
2021.08.013.0,4.299988,-2.137207,19200.0,0.09315068,2.0,17043.0
2021.08.011.0,3.399994,-12.814453,19800.0,0.09863013,0.0,17181.0
2021.08.012.0,4.299988,-12.847992,19800.0,0.09589041,0.0,17058.0
2021.08.013.0,2.7999878,-12.583405,19800.0,0.09315068,1.0,17043.0
2021.08.011.0,110.0,71.944,13400.0,0.3479452,0.0,17020.0
2021.08.012.0,93.0,123.29498,13400.0,0.3452055,8.0,16930.0
2021.08.013.0,109.0,107.68089,13400.0,0.34246576,31.0,16924.0
2021.08.011.0,159.0,109.25423,14000.0,0.3479452,8.0,17020.0
2021.08.012.0,139.0,159.84558,14000.0,0.3452055,13.0,16930.0
2021.08.013.0,147.0,134.84846,14000.0,0.34246576,15.0,16924.0
2021.08.011.0,269.0,202.101,15200.0,0.3479452,40.0,17020.0
2021.08.012.0,260.0,201.79242,15200.0,0.3452055,0.0,16930.0
2021.08.013.0,298.0,207.11432,15200.0,0.34246576,0.0,16924.0
2021.08.011.0,38.0,9.502502,20000.0,0.3479452,1.0,17020.0
2021.08.012.0,31.0,0.94577026,20000.0,0.3452055,14.0,16930.0
2021.08.013.0,32.0,2.881897,20000.0,0.34246576,2.0,16924.0
2021.08.011.0,16.5,-2.6193848,13600.0,0.09863013,1.0,17181.0
2021.08.012.0,9.100006,-0.98376465,13600.0,0.09589041,3.0,17058.0
2021.08.013.0,11.5,-1.8873596,13600.0,0.09315068,1109.0,17043.0
2021.08.011.0,63.0,32.734528,15400.0,0.09863013,46.0,17181.0
2021.08.012.0,48.0,35.80664,15400.0,0.09589041,96.0,17058.0
2021.08.013.0,67.0,36.44571,15400.0,0.09315068,50.0,17043.0
2021.08.011.0,74.0,43.228943,15600.0,0.09863013,47.0,17181.0
2021.08.012.0,60.999985,46.58847,15600.0,0.09589041,78.0,17058.0
2021.08.013.0,84.0,47.42694,15600.0,0.09315068,68.0,17043.0
2021.08.011.0,30.5,34.73831,18200.0,0.09863013,363.0,17181.0
2021.08.012.0,23.0,39.50363,18200.0,0.09589041,573.0,17058.0
2021.08.013.0,15.0,42.132294,18200.0,0.09315068,230.0,17043.0
2021.08.011.0,3.0,-11.608276,20000.0,0.09863013,1.0,17181.0
2021.08.012.0,2.899994,-10.403656,20000.0,0.09589041,2.0,17058.0
2021.08.013.0,2.0,-10.820465,20000.0,0.09315068,1.0,17043.0
2021.08.011.0,815.0,937.1399,16800.0,0.3479452,0.0,17020.0
2021.08.012.0,790.0,882.40405,16800.0,0.3452055,0.0,16930.0
2021.08.013.0,700.0,846.1669,16800.0,0.34246576,0.0,16924.0
2021.08.011.0,505.0,586.07074,17400.0,0.3479452,0.0,17020.0
2021.08.012.0,479.0,557.54785,17400.0,0.3452055,0.0,16930.0
2021.08.013.0,430.0,532.92224,17400.0,0.34246576,0.0,16924.0
2021.08.011.0,56.0,26.579773,19600.0,0.3479452,1.0,17020.0
2021.08.012.0,48.0,29.227661,19600.0,0.3452055,0.0,16930.0
2021.08.013.0,43.5,32.534485,19600.0,0.34246576,1.0,16924.0
2021.08.011.0,11.0,-8.0807495,12600.0,0.09863013,2.0,17181.0
2021.08.012.0,6.200012,-6.2193604,12600.0,0.09589041,67.0,17058.0
2021.08.013.0,6.299988,-6.2598267,12600.0,0.09315068,2.0,17043.0
2021.08.011.0,38.0,13.323578,14800.0,0.09863013,5.0,17181.0
2021.08.012.0,24.0,16.456268,14800.0,0.09589041,15.0,17058.0
2021.08.013.0,38.0,16.380829,14800.0,0.09315068,101.000015,17043.0
2021.08.011.0,130.0,210.58638,17600.0,0.09863013,763.0,17181.0
2021.08.012.0,112.0,194.85088,17600.0,0.09589041,751.0,17058.0
2021.08.013.0,69.0,182.5276,17600.0,0.09315068,399.0,17043.0
2021.08.011.0,2.7999878,-7.8154907,20200.0,0.09863013,0.0,17181.0
2021.08.012.0,2.600006,-9.19165,20200.0,0.09589041,0.0,17058.0
2021.08.013.0,1.7000122,-10.043457,20200.0,0.09315068,3.0,17043.0
2021.08.011.0,246.0,179.9788,15000.0,0.3479452,14.0,17020.0
2021.08.012.0,230.0,228.76578,15000.0,0.3452055,14.0,16930.0
2021.08.013.0,236.0,216.93088,15000.0,0.34246576,5.0,16924.0
2021.08.011.0,600.0,700.46783,17200.0,0.3479452,1.0,17020.0
2021.08.012.0,590.0,664.4133,17200.0,0.3452055,0.0,16930.0
2021.08.013.0,481.0,613.58386,17200.0,0.34246576,3.0,16924.0
2021.08.011.0,34.0,25.427246,20200.0,0.3479452,0.0,17020.0
2021.08.012.0,26.5,24.35202,20200.0,0.3452055,3.0,16930.0
2021.08.013.0,28.0,22.916718,20200.0,0.34246576,0.0,16924.0
2021.08.011.0,51.0,24.165985,15200.0,0.09863013,28.0,17181.0
2021.08.012.0,38.5,26.78836,15200.0,0.09589041,244.0,17058.0
2021.08.013.0,55.0,26.783447,15200.0,0.09315068,117.000015,17043.0
2021.08.011.0,92.0,54.880432,15800.0,0.09863013,80.0,17181.0
2021.08.012.0,76.0,58.81848,15800.0,0.09589041,129.0,17058.0
2021.08.013.0,102.0,59.906647,15800.0,0.09315068,259.0,17043.0
2021.08.011.0,111.0,66.26338,16000.0,0.09863013,294.0,17181.0
2021.08.012.0,97.0,69.763504,16000.0,0.09589041,378.0,17058.0
2021.08.013.0,131.0,70.113525,16000.0,0.09315068,580.0,17043.0
2021.08.011.0,8.0,-7.6763306,19000.0,0.09863013,62.0,17181.0
2021.08.012.0,6.0,-2.9091492,19000.0,0.09589041,98.0,17058.0
2021.08.013.0,5.5,-2.555664,19000.0,0.09315068,162.0,17043.0
2021.08.011.0,220.0,156.4817,14800.0,0.3479452,0.0,17020.0
2021.08.012.0,205.0,157.55322,14800.0,0.3452055,0.0,16930.0
2021.08.013.0,222.0,204.68173,14800.0,0.34246576,12.0,16924.0
2021.08.011.0,189.0,187.67822,18400.0,0.3479452,7.0,17020.0
2021.08.012.0,164.0,175.88849,18400.0,0.3452055,10.0,16930.0
2021.08.013.0,142.0,167.07182,18400.0,0.34246576,11.0,16924.0
2021.08.011.0,8.899994,-11.102814,11600.0,0.09863013,0.0,17181.0
2021.08.012.0,4.5,-9.354492,11600.0,0.09589041,0.0,17058.0
2021.08.013.0,4.299988,-8.887573,11600.0,0.09315068,8.0,17043.0
2021.08.011.0,2.7000122,-8.750641,20400.0,0.09863013,0.0,17181.0
2021.08.012.0,2.399994,-10.30719,20400.0,0.09589041,0.0,17058.0
2021.08.013.0,1.5,-10.959808,20400.0,0.09315068,1.0,17043.0
2021.08.011.0,369.0,297.30804,15800.0,0.3479452,20.0,17020.0
2021.08.012.0,366.0,300.12613,15800.0,0.3452055,0.0,16930.0
2021.08.013.0,414.0,337.54987,15800.0,0.34246576,14.0,16924.0
2021.08.011.0,825.0,959.48145,16400.0,0.09863013,0.0,17181.0
2021.08.012.0,800.0,927.38745,16400.0,0.09589041,0.0,17058.0
2021.08.013.0,635.0,915.5829,16400.0,0.09315068,0.0,17043.0
2021.08.011.0,80.0,130.30606,17800.0,0.09863013,302.0,17181.0
2021.08.012.0,66.0,124.70218,17800.0,0.09589041,532.0,17058.0
2021.08.013.0,38.0,118.556564,17800.0,0.09315068,514.0,17043.0
2021.08.011.0,4.700012,-1.2579956,19400.0,0.09863013,2.0,17181.0
2021.08.012.0,4.600006,-3.8459778,19400.0,0.09589041,1.0,17058.0
2021.08.013.0,3.2999878,-8.837463,19400.0,0.09315068,0.0,17043.0
2021.08.011.0,325.0,259.78427,15600.0,0.3479452,22.0,17020.0
2021.08.012.0,331.0,291.7822,15600.0,0.3452055,1.0,16930.0
2021.08.013.0,363.0,292.35217,15600.0,0.34246576,8.0,16924.0
2021.08.011.0,700.0,812.39954,17000.0,0.3479452,0.0,17020.0
2021.08.012.0,670.0,760.0733,17000.0,0.3452055,0.0,16930.0
2021.08.013.0,610.0,697.9087,17000.0,0.34246576,2.0,16924.0
2021.08.011.0,340.0,397.96252,17800.0,0.3479452,1.0,17020.0
2021.08.012.0,325.0,362.07837,17800.0,0.3452055,2.0,16930.0
2021.08.013.0,272.0,345.75818,17800.0,0.34246576,4.0,16924.0
2021.08.011.0,13.5,-10.076355,18600.0,0.09863013,188.0,17181.0
2021.08.012.0,10.5,-2.3956604,18600.0,0.09589041,275.0,17058.0
2021.08.013.0,7.5,4.3525696,18600.0,0.09315068,585.0,17043.0
2021.08.011.0,670.0,801.04333,16600.0,0.09863013,0.0,17181.0
2021.08.012.0,640.0,764.7289,16600.0,0.09589041,0.0,17058.0
2021.08.013.0,493.0,747.89716,16600.0,0.09315068,0.0,17043.0
2021.08.011.0,201.0,281.78415,17400.0,0.09863013,265.0,17181.0
2021.08.012.0,176.0,267.82596,17400.0,0.09589041,374.0,17058.0
2021.08.013.0,112.0,261.65707,17400.0,0.09315068,355.0,17043.0
2021.08.011.0,35.0,5.9888,14600.0,0.09863013,6.0,17181.0
2021.08.012.0,21.0,9.910431,14600.0,0.09589041,14.0,17058.0
2021.08.013.0,31.0,11.412384,14600.0,0.09315068,123.0,17043.0
2021.08.011.0,1350.0,1550.6475,15800.0,0.09863013,0.0,17181.0
2021.08.012.0,1310.0,1482.5155,15800.0,0.09589041,0.0,17058.0
2021.08.013.0,1130.0,1433.1993,15800.0,0.09315068,0.0,17043.0
2021.08.011.0,995.0,1157.5248,16200.0,0.09863013,0.0,17181.0
2021.08.012.0,960.0,1115.4896,16200.0,0.09589041,0.0,17058.0
2021.08.013.0,790.0,1099.485,16200.0,0.09315068,0.0,17043.0
2021.08.011.0,140.0,86.24501,16200.0,0.09863013,131.99998,17181.0
2021.08.012.0,122.0,89.3808,16200.0,0.09589041,1123.0,17058.0
2021.08.013.0,166.0,90.9762,16200.0,0.09315068,220.0,17043.0
2021.08.011.0,419.0,341.92737,16000.0,0.3479452,12.0,17020.0
2021.08.012.0,412.0,345.6666,16000.0,0.3452055,0.0,16930.0
2021.08.013.0,471.0,376.0287,16000.0,0.34246576,1.0,16924.0
2021.08.011.0,29.0,21.081024,20400.0,0.3479452,0.0,17020.0
2021.08.012.0,29.0,19.763,20400.0,0.3452055,0.0,16930.0
2021.08.013.0,24.0,18.711761,20400.0,0.34246576,1.0,16924.0
2021.08.011.0,59.999985,66.48332,19400.0,0.3479452,1.0,17020.0
2021.08.012.0,57.0,79.63019,19400.0,0.3452055,4.0,16930.0
2021.08.013.0,51.0,61.658722,19400.0,0.34246576,0.0,16924.0
2021.08.011.0,14.0,-2.430481,13400.0,0.09863013,0.0,17181.0
2021.08.012.0,8.200012,-1.8705139,13400.0,0.09589041,3.0,17058.0
2021.08.013.0,12.0,-3.0602417,13400.0,0.09315068,868.0,17043.0
2021.08.011.0,1720.0,1949.1136,15400.0,0.09863013,0.0,17181.0
2021.08.012.0,1690.0,1917.5203,15400.0,0.09589041,0.0,17058.0
2021.08.013.0,1490.0,1868.6536,15400.0,0.09315068,0.0,17043.0
2021.08.011.0,2100.0,2014.6237,15000.0,0.09863013,0.0,17181.0
2021.08.012.0,2070.0,2012.5762,15000.0,0.09589041,0.0,17058.0
2021.08.013.0,1870.0,2009.3466,15000.0,0.09315068,0.0,17043.0
2021.08.011.0,1530.0,1771.9562,15600.0,0.09863013,0.0,17181.0
2021.08.012.0,1500.0,1697.2896,15600.0,0.09589041,0.0,17058.0
2021.08.013.0,1310.0,1623.1362,15600.0,0.09315068,0.0,17043.0
2021.08.011.0,20.0,-1.5195618,13800.0,0.09863013,14.0,17181.0
2021.08.012.0,11.0,1.5681152,13800.0,0.09589041,9.0,17058.0
2021.08.013.0,14.0,0.30859375,13800.0,0.09315068,1150.0,17043.0
2021.08.011.0,2290.0,2018.2894,14800.0,0.09863013,0.0,17181.0
2021.08.012.0,2260.0,2017.588,14800.0,0.09589041,0.0,17058.0
2021.08.013.0,2060.0,2016.463,14800.0,0.09315068,0.0,17043.0
2021.08.011.0,1910.0,2002.1208,15200.0,0.09863013,0.0,17181.0
2021.08.012.0,1880.0,1994.6311,15200.0,0.09589041,0.0,17058.0
2021.08.013.0,1680.0,1983.135,15200.0,0.09315068,0.0,17043.0
2021.08.011.0,1170.0,1356.9287,16000.0,0.09863013,0.0,17181.0
2021.08.012.0,1140.0,1298.2626,16000.0,0.09589041,0.0,17058.0
2021.08.013.0,955.0,1269.3849,16000.0,0.09315068,0.0,17043.0
2021.08.011.0,9.600006,-3.5662231,18800.0,0.09863013,34.0,17181.0
2021.08.012.0,7.5,2.4528198,18800.0,0.09589041,113.0,17058.0
2021.08.013.0,6.200012,2.5236511,18800.0,0.09315068,254.0,17043.0
2021.08.011.0,173.0,105.93016,16400.0,0.09863013,120.0,17181.0
2021.08.012.0,156.0,112.46654,16400.0,0.09589041,459.0,17058.0
2021.08.013.0,209.0,116.76639,16400.0,0.09315068,224.0,17043.0
2021.08.011.0,2.600006,-6.9566956,20600.0,0.09863013,1.0,17181.0
2021.08.012.0,2.2000122,-10.749359,20600.0,0.09589041,0.0,17058.0
2021.08.013.0,1.2999878,-17.573486,20600.0,0.09315068,0.0,17043.0
2021.08.011.0,120.0,86.329666,13600.0,0.3479452,6.0,17020.0
2021.08.012.0,105.0,98.7274,13600.0,0.3452055,7.0,16930.0
2021.08.013.0,120.0,92.55203,13600.0,0.34246576,10.0,16924.0
2021.08.011.0,535.0,445.33398,16400.0,0.3479452,0.0,17020.0
2021.08.012.0,525.0,454.6523,16400.0,0.3452055,0.0,16930.0
2021.08.013.0,580.0,468.5124,16400.0,0.34246576,0.0,16924.0
2021.08.011.0,25.0,15.902679,20600.0,0.3479452,0.0,17020.0
2021.08.012.0,19.5,14.758575,20600.0,0.3452055,0.0,16930.0
2021.08.013.0,21.0,13.482056,20600.0,0.34246576,0.0,16924.0
2021.08.011.0,4.0,-3.60495,19600.0,0.09863013,0.0,17181.0
2021.08.012.0,4.399994,-4.7809753,19600.0,0.09589041,0.0,17058.0
2021.08.013.0,3.0,-6.068054,19600.0,0.09315068,0.0,17043.0
2021.08.011.0,296.0,229.45435,15400.0,0.3479452,40.0,17020.0
2021.08.012.0,293.0,229.84872,15400.0,0.3452055,0.0,16930.0
2021.08.013.0,329.0,236.39978,15400.0,0.34246576,0.0,16924.0
2021.08.011.0,45.0,16.496857,19800.0,0.3479452,0.0,17020.0
2021.08.012.0,38.5,27.930481,19800.0,0.3452055,6.0,16930.0
2021.08.013.0,37.5,18.263153,19800.0,0.34246576,0.0,16924.0
2021.08.011.0,474.0,380.331,16200.0,0.3479452,0.0,17020.0
2021.08.012.0,465.0,390.37988,16200.0,0.3452055,0.0,16930.0
2021.08.013.0,535.0,404.5458,16200.0,0.34246576,0.0,16924.0
2021.08.011.0,417.0,496.9513,17600.0,0.3479452,5.0,17020.0
2021.08.012.0,398.0,451.65082,17600.0,0.3452055,0.0,16930.0
2021.08.013.0,330.0,427.50946,17600.0,0.34246576,0.0,16924.0
2021.08.011.0,146.0,137.19676,18600.0,0.3479452,8.0,17020.0
2021.08.012.0,130.0,133.26949,18600.0,0.3452055,1.0,16930.0
2021.08.013.0,112.0,128.00078,18600.0,0.34246576,0.0,16924.0
2021.08.011.0,170.0,125.70857,14200.0,0.3479452,2.0,17020.0
2021.08.012.0,153.0,124.184006,14200.0,0.3452055,0.0,16930.0
2021.08.013.0,163.0,117.93118,14200.0,0.34246576,0.0,16924.0
2021.08.011.0,685.0,547.2522,16800.0,0.3479452,2.0,17020.0
2021.08.012.0,665.0,555.0726,16800.0,0.3452055,0.0,16930.0
2021.08.013.0,760.0,584.4799,16800.0,0.34246576,0.0,16924.0
2021.08.011.0,935.0,1074.3174,16600.0,0.3479452,0.0,17020.0
2021.08.012.0,915.0,1016.0559,16600.0,0.3452055,0.0,16930.0
2021.08.013.0,785.0,980.8988,16600.0,0.34246576,0.0,16924.0
2021.08.011.0,1500.0,1703.7832,15800.0,0.3479452,0.0,17020.0
2021.08.012.0,1490.0,1632.8495,15800.0,0.3452055,0.0,16930.0
2021.08.013.0,1330.0,1578.8253,15800.0,0.34246576,0.0,16924.0
2021.08.011.0,223.0,268.49298,18200.0,0.3479452,1.0,17020.0
2021.08.012.0,222.0,234.40436,18200.0,0.3452055,3.0,16930.0
2021.08.013.0,164.0,218.01437,18200.0,0.34246576,12.0,16924.0
2021.08.011.0,1060.0,1230.2214,16400.0,0.3479452,0.0,17020.0
2021.08.012.0,1050.0,1168.9874,16400.0,0.3452055,0.0,16930.0
2021.08.013.0,915.0,1132.0708,16400.0,0.34246576,0.0,16924.0
2021.08.011.0,86.0,52.660645,19200.0,0.3479452,0.0,17020.0
2021.08.012.0,77.0,57.56967,19200.0,0.3452055,9.0,16930.0
2021.08.013.0,59.999985,60.05414,19200.0,0.34246576,50.0,16924.0
2021.08.011.0,16.0,4.992737,21200.0,0.3479452,0.0,17020.0
2021.08.012.0,11.5,4.137848,21200.0,0.3452055,0.0,16930.0
2021.08.013.0,14.0,3.210205,21200.0,0.34246576,0.0,16924.0
2021.08.011.0,183.0,124.31534,14400.0,0.3479452,0.0,17020.0
2021.08.012.0,169.0,125.7874,14400.0,0.3452055,0.0,16930.0
2021.08.013.0,185.0,127.920944,14400.0,0.34246576,0.0,16924.0
2021.08.011.0,196.0,150.45692,14600.0,0.3479452,0.0,17020.0
2021.08.012.0,186.0,163.78108,14600.0,0.3452055,9.0,16930.0
2021.08.013.0,200.0,158.97763,14600.0,0.34246576,0.0,16924.0
2021.08.011.0,1200.0,1392.9363,16200.0,0.3479452,0.0,17020.0
2021.08.012.0,1190.0,1323.794,16200.0,0.3452055,0.0,16930.0
2021.08.013.0,1050.0,1283.0541,16200.0,0.34246576,0.0,16924.0
2021.08.011.0,1650.0,1888.4993,15600.0,0.3479452,0.0,17020.0
2021.08.012.0,1650.0,1841.9132,15600.0,0.3452055,0.0,16930.0
2021.08.013.0,1480.0,1784.7592,15600.0,0.34246576,0.0,16924.0
2021.08.011.0,115.0,99.137985,18800.0,0.3479452,17.0,17020.0
2021.08.012.0,102.0,97.58435,18800.0,0.3452055,3.0,16930.0
2021.08.013.0,99.0,92.42738,18800.0,0.34246576,66.0,16924.0
2021.08.011.0,1820.0,1989.9841,15400.0,0.3479452,0.0,17020.0
2021.08.012.0,1810.0,1979.9332,15400.0,0.3452055,0.0,16930.0
2021.08.013.0,1640.0,1963.4006,15400.0,0.34246576,0.0,16924.0
2021.08.011.0,75.0,49.668488,12600.0,0.3479452,0.0,17020.0
2021.08.012.0,68.0,67.35341,12600.0,0.3452055,2.0,16930.0
2021.08.013.0,69.0,62.213654,12600.0,0.34246576,1.0,16924.0
2021.08.011.0,2170.0,2017.8024,15000.0,0.3479452,0.0,17020.0
2021.08.012.0,2150.0,2017.1777,15000.0,0.3452055,0.0,16930.0
2021.08.013.0,1970.0,2016.2101,15000.0,0.34246576,0.0,16924.0
2021.08.011.0,21.5,11.580383,20800.0,0.3479452,0.0,17020.0
2021.08.012.0,16.5,10.568787,20800.0,0.3452055,0.0,16930.0
2021.08.013.0,18.5,9.445343,20800.0,0.34246576,0.0,16924.0
2021.08.011.0,70.0,45.603912,12400.0,0.3479452,0.0,17020.0
2021.08.012.0,63.0,93.92076,12400.0,0.3452055,2.0,16930.0
2021.08.013.0,65.0,81.31792,12400.0,0.34246576,1.0,16924.0
2021.08.011.0,2.399994,-10.479828,21000.0,0.09863013,4.0,17181.0
2021.08.012.0,2.100006,-13.599457,21000.0,0.09589041,0.0,17058.0
2021.08.013.0,2.0,-19.3779,21000.0,0.09315068,65.0,17043.0
2021.08.011.0,18.5,-0.9563904,21000.0,0.3479452,0.0,17020.0
2021.08.012.0,14.5,0.9476929,21000.0,0.3452055,0.0,16930.0
2021.08.013.0,16.0,2.4212036,21000.0,0.34246576,9.0,16924.0
2021.08.011.0,64.0,52.407288,12200.0,0.3479452,1.0,17020.0
2021.08.012.0,54.0,89.105225,12200.0,0.3452055,4.0,16930.0
2021.08.013.0,64.0,62.20363,12200.0,0.34246576,34.0,16924.0
2021.08.011.0,0.2999878,-21.311981,13600.0,0.021917805,164.0,17299.0
2021.08.012.0,0.2000122,-21.819794,13600.0,0.019178078,1142.0,17171.0
2021.08.013.0,0.2000122,-23.10852,13600.0,0.016438365,378.0,17157.0
2021.08.011.0,1.0,-16.99179,14200.0,0.021917805,685.0,17299.0
2021.08.012.0,0.3999939,-17.652222,14200.0,0.019178078,4.0,17171.0
2021.08.013.0,0.2000122,-18.926453,14200.0,0.016438365,3.0,17157.0
2021.08.011.0,2.100006,-9.532043,15200.0,0.021917805,49.0,17299.0
2021.08.012.0,1.1000061,-10.573669,15200.0,0.019178078,354.0,17171.0
2021.08.013.0,1.6000061,-12.607666,15200.0,0.016438365,163.0,17157.0
2021.08.011.0,9.399994,81.161285,17700.0,0.021917805,8049.0,17299.0
2021.08.012.0,5.5,65.758575,17700.0,0.019178078,7153.9995,17171.0
2021.08.013.0,1.6000061,54.42868,17700.0,0.016438365,3164.0,17157.0
2021.08.011.0,2.2000122,29.327454,18000.0,0.021917805,2335.0002,17299.0
2021.08.012.0,1.7999878,14.888977,18000.0,0.019178078,3095.0002,17171.0
2021.08.013.0,0.8999939,0.928833,18000.0,0.016438365,1616.0,17157.0
2021.08.011.0,2.399994,-15.621704,21200.0,0.09863013,42.0,17181.0
2021.08.012.0,1.5,-16.117828,21200.0,0.09589041,73.999985,17058.0
2021.08.013.0,2.0,-19.132172,21200.0,0.09315068,921.0,17043.0
2021.08.011.0,0.8999939,-18.650146,14000.0,0.021917805,210.0,17299.0
2021.08.012.0,0.2000122,-18.930847,14000.0,0.019178078,57.999985,17171.0
2021.08.013.0,0.6000061,-19.969086,14000.0,0.016438365,73.999985,17157.0
2021.08.011.0,0.6000061,-15.126434,14500.0,0.021917805,0.0,17299.0
2021.08.012.0,0.2999878,-15.095795,14500.0,0.019178078,20.0,17171.0
2021.08.013.0,0.6000061,-16.284119,14500.0,0.016438365,77.0,17157.0
2021.08.011.0,1.7000122,-11.938812,14900.0,0.021917805,96.0,17299.0
2021.08.012.0,0.7999878,-12.481445,14900.0,0.019178078,4.0,17171.0
2021.08.013.0,1.2999878,-14.09906,14900.0,0.016438365,40.0,17157.0
2021.08.011.0,1.7999878,-9.361877,15100.0,0.021917805,36.0,17299.0
2021.08.012.0,1.0,-9.746338,15100.0,0.019178078,26.0,17171.0
2021.08.013.0,1.3999939,-11.434692,15100.0,0.016438365,130.0,17157.0
2021.08.011.0,3.100006,-8.264099,15300.0,0.021917805,184.0,17299.0
2021.08.012.0,1.2000122,-9.585175,15300.0,0.019178078,76.0,17171.0
2021.08.013.0,1.7000122,-11.36676,15300.0,0.016438365,94.0,17157.0
2021.08.011.0,8.5,4.888733,16100.0,0.021917805,1208.0,17299.0
2021.08.012.0,4.700012,3.5585327,16100.0,0.019178078,1544.0,17171.0
2021.08.013.0,9.399994,-1.5535278,16100.0,0.016438365,1842.0,17157.0
2021.08.011.0,10.5,-4.807617,16200.0,0.021917805,1521.0,17299.0
2021.08.012.0,6.5,-8.401184,16200.0,0.019178078,3604.0,17171.0
2021.08.013.0,13.0,-13.4104,16200.0,0.016438365,2248.0,17157.0
2021.08.011.0,18.5,15.248749,16400.0,0.021917805,1142.0,17299.0
2021.08.012.0,11.5,17.01593,16400.0,0.019178078,2475.0,17171.0
2021.08.013.0,23.0,11.386505,16400.0,0.016438365,3672.0,17157.0
2021.08.011.0,24.0,-2.913025,16500.0,0.021917805,1031.0,17299.0
2021.08.012.0,16.5,0.84106445,16500.0,0.019178078,5577.0,17171.0
2021.08.013.0,33.0,0.20684814,16500.0,0.016438365,5537.0,17157.0
2021.08.011.0,0.5,-5.2247925,18800.0,0.021917805,38.0,17299.0
2021.08.012.0,0.2999878,-5.98645,18800.0,0.019178078,301.0,17171.0
2021.08.013.0,0.2000122,-8.081024,18800.0,0.016438365,182.0,17157.0
2021.08.011.0,343.0,324.52768,16900.0,0.021917805,0.0,17299.0
2021.08.012.0,323.0,292.33774,16900.0,0.019178078,0.0,17171.0
2021.08.013.0,151.0,282.42508,16900.0,0.016438365,0.0,17157.0
2021.08.011.0,1.2999878,-8.224274,18200.0,0.021917805,625.0,17299.0
2021.08.012.0,1.0,-10.661499,18200.0,0.019178078,2020.0,17171.0
2021.08.013.0,0.6000061,-13.541229,18200.0,0.016438365,178.0,17157.0
2021.08.011.0,0.2000122,-7.711029,19400.0,0.021917805,1.0,17299.0
2021.08.012.0,0.2000122,-9.608704,19400.0,0.019178078,20.0,17171.0
2021.08.013.0,0.2000122,-12.090118,19400.0,0.016438365,13.0,17157.0
2021.08.011.0,0.2000122,-15.771454,14400.0,0.021917805,101.000015,17299.0
2021.08.012.0,0.2999878,-15.085632,14400.0,0.019178078,9.0,17171.0
2021.08.013.0,0.5,-16.25827,14400.0,0.016438365,40.0,17157.0
2021.08.011.0,1.6000061,-18.53711,15000.0,0.021917805,123.0,17299.0
2021.08.012.0,1.0,-17.397614,15000.0,0.019178078,702.0,17171.0
2021.08.013.0,1.3999939,-17.974274,15000.0,0.016438365,197.0,17157.0
2021.08.011.0,6.5,-22.630493,16000.0,0.021917805,1189.0,17299.0
2021.08.012.0,3.899994,-22.807587,16000.0,0.019178078,3366.0,17171.0
2021.08.013.0,7.200012,-25.256775,16000.0,0.016438365,2338.0,17157.0
2021.08.011.0,427.0,375.06793,16800.0,0.021917805,0.0,17299.0
2021.08.012.0,396.0,348.41437,16800.0,0.019178078,0.0,17171.0
2021.08.013.0,217.0,340.62415,16800.0,0.016438365,0.0,17157.0
2021.08.011.0,200.0,263.92807,17100.0,0.021917805,0.0,17299.0
2021.08.012.0,174.0,237.01283,17100.0,0.019178078,0.0,17171.0
2021.08.013.0,55.0,223.77695,17100.0,0.016438365,0.0,17157.0
2021.08.011.0,142.0,252.52692,17200.0,0.021917805,0.0,17299.0
2021.08.012.0,118.0,181.50717,17200.0,0.019178078,7643.0,17171.0
2021.08.013.0,27.5,121.344604,17200.0,0.016438365,12064.001,17157.0
2021.08.011.0,94.0,217.17038,17300.0,0.021917805,2903.0,17299.0
2021.08.012.0,72.0,141.96669,17300.0,0.019178078,11628.0,17171.0
2021.08.013.0,12.0,84.724686,17300.0,0.016438365,15781.0,17157.0
2021.08.011.0,58.0,193.6523,17400.0,0.021917805,4130.0,17299.0
2021.08.012.0,39.0,123.04689,17400.0,0.019178078,12392.999,17171.0
2021.08.013.0,5.200012,70.80643,17400.0,0.016438365,15987.0,17157.0
2021.08.011.0,33.0,115.21518,17500.0,0.021917805,5587.0,17299.0
2021.08.012.0,20.0,88.28439,17500.0,0.019178078,15179.0,17171.0
2021.08.013.0,3.100006,65.03989,17500.0,0.016438365,14592.0,17157.0
2021.08.011.0,5.299988,55.525787,17800.0,0.021917805,7327.0,17299.0
2021.08.012.0,3.2000122,44.777313,17800.0,0.019178078,6494.0,17171.0
2021.08.013.0,1.2000122,38.237152,17800.0,0.016438365,2184.0,17157.0
2021.08.011.0,0.2000122,-11.191437,19700.0,0.021917805,25.0,17299.0
2021.08.012.0,0.2000122,-13.186432,19700.0,0.019178078,20.0,17171.0
2021.08.013.0,0.2000122,-16.360321,19700.0,0.016438365,5.0,17157.0
2021.08.011.0,2.399994,-8.592377,15500.0,0.021917805,701.0,17299.0
2021.08.012.0,1.6000061,-9.40094,15500.0,0.019178078,1201.0,17171.0
2021.08.013.0,2.5,-12.424011,15500.0,0.016438365,163.0,17157.0
2021.08.011.0,269.0,282.58923,17000.0,0.021917805,0.0,17299.0
2021.08.012.0,242.0,255.47728,17000.0,0.019178078,0.0,17171.0
2021.08.013.0,97.0,246.15262,17000.0,0.016438365,0.0,17157.0
2021.08.011.0,0.2999878,-8.051666,19000.0,0.021917805,7.0,17299.0
2021.08.012.0,0.2000122,-7.684601,19000.0,0.019178078,51.0,17171.0
2021.08.013.0,0.2000122,-9.312164,19000.0,0.016438365,148.0,17157.0
2021.08.011.0,214.0,124.09143,16600.0,0.09863013,1455.0,17181.0
2021.08.012.0,197.0,130.06438,16600.0,0.09589041,463.0,17058.0
2021.08.013.0,268.0,137.28816,16600.0,0.09315068,306.0,17043.0
2021.08.011.0,1.0,-14.217438,14600.0,0.021917805,22.0,17299.0
2021.08.012.0,0.2999878,-14.331055,14600.0,0.019178078,1.0,17171.0
2021.08.013.0,0.8999939,-15.798035,14600.0,0.016438365,271.0,17157.0
2021.08.011.0,1.3999939,-13.339661,14700.0,0.021917805,0.0,17299.0
2021.08.012.0,0.6000061,-13.535309,14700.0,0.019178078,102.999985,17171.0
2021.08.013.0,1.0,-14.837952,14700.0,0.016438365,76.0,17157.0
2021.08.011.0,1.5,-11.908234,14800.0,0.021917805,10.0,17299.0
2021.08.012.0,0.7999878,-12.006714,14800.0,0.019178078,10.0,17171.0
2021.08.013.0,1.2999878,-13.388336,14800.0,0.016438365,18.0,17157.0
2021.08.011.0,32.0,15.323303,16600.0,0.021917805,1343.0,17299.0
2021.08.012.0,22.5,18.036194,16600.0,0.019178078,7196.0,17171.0
2021.08.013.0,44.0,18.389038,16600.0,0.016438365,6962.0,17157.0
2021.08.011.0,0.7999878,-18.184021,13900.0,0.021917805,300.0,17299.0
2021.08.012.0,0.2000122,-18.423157,13900.0,0.019178078,21.0,17171.0
2021.08.013.0,0.6000061,-19.389221,13900.0,0.016438365,1.0,17157.0
2021.08.011.0,3.0,-2.9458618,15600.0,0.021917805,839.0,17299.0
2021.08.012.0,1.8999939,-5.3631287,15600.0,0.019178078,1123.0,17171.0
2021.08.013.0,3.2000122,-9.222717,15600.0,0.016438365,262.0,17157.0
2021.08.011.0,5.299988,1.8227844,15900.0,0.021917805,221.0,17299.0
2021.08.012.0,3.2000122,1.8616943,15900.0,0.019178078,1412.0,17171.0
2021.08.013.0,5.899994,-1.2714844,15900.0,0.016438365,1017.0,17157.0
2021.08.011.0,3.2999878,49.720917,17900.0,0.021917805,3224.0002,17299.0
2021.08.012.0,2.2000122,32.593323,17900.0,0.019178078,3083.0,17171.0
2021.08.013.0,0.7999878,16.213562,17900.0,0.016438365,1229.0,17157.0
2021.08.011.0,2.0,10.665039,18100.0,0.021917805,925.0,17299.0
2021.08.012.0,1.3999939,4.785187,18100.0,0.019178078,813.0,17171.0
2021.08.013.0,0.6000061,-4.746582,18100.0,0.016438365,1137.0,17157.0
2021.08.011.0,0.2000122,-12.917664,19900.0,0.021917805,0.0,17299.0
2021.08.012.0,0.2000122,-15.66571,19900.0,0.019178078,0.0,17171.0
2021.08.013.0,0.2000122,-19.21283,19900.0,0.016438365,3.0,17157.0
2021.08.011.0,0.2999878,-18.92096,13800.0,0.021917805,58.999985,17299.0
2021.08.012.0,0.2000122,-18.603668,13800.0,0.019178078,31.0,17171.0
2021.08.013.0,0.2999878,-19.568054,13800.0,0.016438365,27.0,17157.0
2021.08.011.0,0.5,-17.06482,14100.0,0.021917805,742.0,17299.0
2021.08.012.0,0.2999878,-17.413574,14100.0,0.019178078,0.0,17171.0
2021.08.013.0,0.2999878,-18.99826,14100.0,0.016438365,20.0,17157.0
2021.08.011.0,0.3999939,-16.827576,14300.0,0.021917805,201.0,17299.0
2021.08.012.0,0.3999939,-16.411957,14300.0,0.019178078,57.000015,17171.0
2021.08.013.0,0.5,-17.553375,14300.0,0.016438365,27.0,17157.0
2021.08.011.0,3.7000122,-0.7090454,15700.0,0.021917805,771.0,17299.0
2021.08.012.0,2.2000122,-3.0350342,15700.0,0.019178078,1459.0,17171.0
2021.08.013.0,3.7999878,-7.136963,15700.0,0.016438365,275.0,17157.0
2021.08.011.0,4.299988,-0.32724,15800.0,0.021917805,468.0,17299.0
2021.08.012.0,2.7000122,-0.5559387,15800.0,0.019178078,955.0,17171.0
2021.08.013.0,4.899994,-3.642517,15800.0,0.016438365,694.0,17157.0
2021.08.011.0,41.5,15.325134,16700.0,0.021917805,2492.0,17299.0
2021.08.012.0,31.5,18.8255,16700.0,0.019178078,7644.0,17171.0
2021.08.013.0,59.999985,21.296478,16700.0,0.016438365,7554.0,17157.0
2021.08.011.0,17.0,96.90939,17600.0,0.021917805,6440.9995,17299.0
2021.08.012.0,9.899994,78.8631,17600.0,0.019178078,11369.001,17171.0
2021.08.013.0,1.8999939,66.074005,17600.0,0.016438365,10952.0,17157.0
2021.08.011.0,0.6000061,-9.43338,18600.0,0.021917805,69.0,17299.0
2021.08.012.0,0.3999939,-7.4263916,18600.0,0.019178078,18.0,17171.0
2021.08.013.0,0.2999878,-8.179657,18600.0,0.016438365,388.0,17157.0
2021.08.011.0,0.3999939,-4.875946,18700.0,0.021917805,26.0,17299.0
2021.08.012.0,0.6000061,-4.416687,18700.0,0.019178078,3.0,17171.0
2021.08.013.0,0.2999878,-6.631714,18700.0,0.016438365,189.0,17157.0
2021.08.011.0,0.7000122,-18.842346,13700.0,0.021917805,300.0,17299.0
2021.08.012.0,0.2000122,-19.138702,13700.0,0.019178078,126.0,17171.0
2021.08.013.0,0.1000061,-20.228333,13700.0,0.016438365,141.0,17157.0
2021.08.011.0,73.0,17.331726,16900.0,0.021917805,2327.0,17299.0
2021.08.012.0,59.999985,24.420502,16900.0,0.019178078,8019.0,17171.0
2021.08.013.0,115.0,33.19278,16900.0,0.016438365,6741.9995,17157.0
2021.08.011.0,0.8999939,-11.302368,18400.0,0.021917805,131.00002,17299.0
2021.08.012.0,0.7999878,-10.042847,18400.0,0.019178078,732.0,17171.0
2021.08.013.0,0.2999878,-11.269989,18400.0,0.016438365,289.0,17157.0
2021.08.011.0,0.7999878,-11.820587,18500.0,0.021917805,116.000015,17299.0
2021.08.012.0,0.6000061,-9.276123,18500.0,0.019178078,258.0,17171.0
2021.08.013.0,0.2999878,-9.467255,18500.0,0.016438365,103.999985,17157.0
2021.08.011.0,0.3999939,-5.633545,18900.0,0.021917805,4.0,17299.0
2021.08.012.0,0.2000122,-7.255066,18900.0,0.019178078,202.0,17171.0
2021.08.013.0,0.2000122,-8.851471,18900.0,0.016438365,14.0,17157.0
2021.08.011.0,0.2999878,-10.319977,19500.0,0.021917805,14.0,17299.0
2021.08.012.0,0.2000122,-12.42984,19500.0,0.019178078,69.0,17171.0
2021.08.013.0,0.2000122,-15.30719,19500.0,0.016438365,71.000015,17157.0
2021.08.011.0,0.2000122,-14.428589,19800.0,0.021917805,0.0,17299.0
2021.08.012.0,0.2000122,-16.168884,19800.0,0.019178078,0.0,17171.0
2021.08.013.0,0.2000122,-18.982147,19800.0,0.016438365,0.0,17157.0
2021.08.011.0,270.0,161.9183,16800.0,0.09863013,62.0,17181.0
2021.08.012.0,256.0,173.91748,16800.0,0.09589041,344.0,17058.0
2021.08.013.0,346.0,182.53448,16800.0,0.09315068,271.0,17043.0
2021.08.011.0,2.2000122,-9.152008,15400.0,0.021917805,938.0,17299.0
2021.08.012.0,1.2999878,-10.749054,15400.0,0.019178078,353.0,17171.0
2021.08.013.0,2.100006,-13.338959,15400.0,0.016438365,92.0,17157.0
2021.08.011.0,14.0,9.534241,16300.0,0.021917805,1709.0,17299.0
2021.08.012.0,8.399994,7.0354614,16300.0,0.019178078,3288.0,17171.0
2021.08.013.0,17.5,-0.5992737,16300.0,0.016438365,3428.0002,17157.0
2021.08.011.0,97.0,19.134277,17000.0,0.021917805,5293.0,17299.0
2021.08.012.0,82.0,23.693542,17000.0,0.019178078,9723.0,17171.0
2021.08.013.0,159.0,28.418549,17000.0,0.016438365,10799.0,17157.0
2021.08.011.0,1.1000061,-13.908417,18300.0,0.021917805,460.0,17299.0
2021.08.012.0,0.8999939,-13.149292,18300.0,0.019178078,1304.0,17171.0
2021.08.013.0,0.3999939,-13.960999,18300.0,0.016438365,75.0,17157.0
2021.08.011.0,2.5,-8.9436035,20800.0,0.09863013,3.0,17181.0
2021.08.012.0,3.2999878,-11.43631,20800.0,0.09589041,0.0,17058.0
2021.08.013.0,2.2000122,-14.80365,20800.0,0.09315068,1.0,17043.0
2021.08.011.0,56.0,2.7998657,16800.0,0.021917805,2830.0,17299.0
2021.08.012.0,44.5,8.945984,16800.0,0.019178078,8989.0,17171.0
2021.08.013.0,84.0,16.674744,16800.0,0.016438365,8977.0,17157.0
2021.08.011.0,0.2000122,-6.523987,19100.0,0.021917805,2.0,17299.0
2021.08.012.0,0.2999878,-7.284607,19100.0,0.019178078,40.0,17171.0
2021.08.013.0,0.2000122,-9.642914,19100.0,0.016438365,48.0,17157.0
2021.08.011.0,0.2000122,-9.487732,19300.0,0.021917805,1.0,17299.0
2021.08.012.0,0.2000122,-10.535858,19300.0,0.019178078,35.0,17171.0
2021.08.013.0,0.2000122,-12.873383,19300.0,0.016438365,18.0,17157.0
2021.08.011.0,260.0,203.7009,14000.0,0.5972603,0.0,16980.0
2021.08.012.0,243.0,204.11835,14000.0,0.59452057,0.0,16860.0
2021.08.013.0,268.0,205.4786,14000.0,0.59178084,1.0,16860.0
2021.08.011.0,401.0,338.34903,15000.0,0.5972603,0.0,16980.0
2021.08.012.0,391.0,340.187,15000.0,0.59452057,0.0,16860.0
2021.08.013.0,414.0,344.63434,15000.0,0.59178084,0.0,16860.0
2021.08.011.0,500.0,622.6693,17800.0,0.5972603,1.0,16980.0
2021.08.012.0,510.0,580.49603,17800.0,0.59452057,2.0,16860.0
2021.08.013.0,442.0,551.66986,17800.0,0.59178084,50.0,16860.0
2021.08.011.0,0.2000122,-14.720276,20000.0,0.021917805,2.0,17299.0
2021.08.012.0,0.2000122,-17.387787,20000.0,0.019178078,0.0,17171.0
2021.08.013.0,0.2000122,-20.667664,20000.0,0.016438365,3.0,17157.0
2021.08.011.0,49.0,20.372986,15100.0,0.09863013,18.0,17181.0
2021.08.012.0,32.5,22.833008,15100.0,0.09589041,235.0,17058.0
2021.08.013.0,50.0,22.9292,15100.0,0.09315068,94.0,17043.0
2021.08.011.0,102.0,177.13222,17700.0,0.09863013,636.0,17181.0
2021.08.012.0,88.0,161.02869,17700.0,0.09589041,459.0,17058.0
2021.08.013.0,51.0,146.95015,17700.0,0.09315068,453.0,17043.0
2021.08.011.0,10.0,4.0646057,18900.0,0.09863013,3.0,17181.0
2021.08.012.0,6.700012,4.5474243,18900.0,0.09589041,1.0,17058.0
2021.08.013.0,4.0,3.6704407,18900.0,0.09315068,0.0,17043.0
2021.08.011.0,238.0,185.49246,13800.0,0.5972603,0.0,16980.0
2021.08.012.0,224.0,185.78108,13800.0,0.59452057,0.0,16860.0
2021.08.013.0,248.0,187.18478,13800.0,0.59178084,0.0,16860.0
2021.08.011.0,283.0,224.44069,14200.0,0.5972603,0.0,16980.0
2021.08.012.0,268.0,224.9766,14200.0,0.59452057,0.0,16860.0
2021.08.013.0,292.0,226.95798,14200.0,0.59178084,0.0,16860.0
2021.08.011.0,437.0,373.2486,15200.0,0.5972603,0.0,16980.0
2021.08.012.0,429.0,375.87006,15200.0,0.59452057,0.0,16860.0
2021.08.013.0,465.0,381.399,15200.0,0.59178084,0.0,16860.0
2021.08.011.0,1010.0,1173.2108,16800.0,0.5972603,0.0,16980.0
2021.08.012.0,980.0,1112.3983,16800.0,0.59452057,0.0,16860.0
2021.08.013.0,860.0,1067.8583,16800.0,0.59178084,0.0,16860.0
2021.08.011.0,600.0,715.5499,16700.0,0.09863013,0.0,17181.0
2021.08.012.0,560.0,680.74335,16700.0,0.09589041,0.0,17058.0
2021.08.013.0,428.0,662.4529,16700.0,0.09315068,0.0,17043.0
2021.08.011.0,24.5,16.576416,18300.0,0.09863013,93.0,17181.0
2021.08.012.0,18.5,24.61914,18300.0,0.09589041,293.0,17058.0
2021.08.013.0,11.5,30.295868,18300.0,0.09315068,307.0,17043.0
2021.08.011.0,128.0,47.28894,17100.0,0.021917805,3040.9998,17299.0
2021.08.012.0,116.0,49.871002,17100.0,0.019178078,6718.0,17171.0
2021.08.013.0,219.0,50.82065,17100.0,0.016438365,11056.0,17157.0
2021.08.011.0,0.2999878,-4.337799,19200.0,0.021917805,1.0,17299.0
2021.08.012.0,0.2000122,-6.457611,19200.0,0.019178078,3.0,17171.0
2021.08.013.0,0.2000122,-10.019409,19200.0,0.016438365,266.0,17157.0
2021.08.011.0,40.5,16.382477,14900.0,0.09863013,15.0,17181.0
2021.08.012.0,27.5,18.89862,14900.0,0.09589041,86.000015,17058.0
2021.08.013.0,41.0,18.789062,14900.0,0.09315068,76.0,17043.0
2021.08.011.0,193.0,114.53534,16500.0,0.09863013,502.0,17181.0
2021.08.012.0,175.0,118.168274,16500.0,0.09589041,1039.0,17058.0
2021.08.013.0,235.0,119.3212,16500.0,0.09315068,651.0,17043.0
2021.08.011.0,303.0,183.49188,16900.0,0.09863013,19.0,17181.0
2021.08.012.0,294.0,196.88206,16900.0,0.09589041,167.0,17058.0
2021.08.013.0,387.0,205.60535,16900.0,0.09315068,333.0,17043.0
2021.08.011.0,342.0,203.25925,17000.0,0.09863013,116.000015,17181.0
2021.08.012.0,330.0,213.1357,17000.0,0.09589041,777.0,17058.0
2021.08.013.0,438.0,220.36575,17000.0,0.09315068,493.0,17043.0
2021.08.011.0,39.0,51.38443,18100.0,0.09863013,460.0,17181.0
2021.08.012.0,30.0,55.458496,18100.0,0.09589041,554.0,17058.0
2021.08.013.0,18.5,56.957764,18100.0,0.09315068,271.0,17043.0
2021.08.011.0,15.0,2.7902527,18500.0,0.09863013,200.0,17181.0
2021.08.012.0,12.0,9.484192,18500.0,0.09589041,164.0,17058.0
2021.08.013.0,9.0,13.297455,18500.0,0.09315068,663.0,17043.0
2021.08.011.0,610.0,738.1019,17600.0,0.5972603,0.0,16980.0
2021.08.012.0,590.0,684.5122,17600.0,0.59452057,0.0,16860.0
2021.08.013.0,510.0,645.10425,17600.0,0.59178084,0.0,16860.0
2021.08.011.0,228.0,252.04477,19000.0,0.5972603,0.0,16980.0
2021.08.012.0,191.0,238.12979,19000.0,0.59452057,0.0,16860.0
2021.08.013.0,166.0,223.63817,19000.0,0.59178084,1.0,16860.0
2021.08.011.0,51.0,61.99147,20800.0,0.5972603,0.0,16980.0
2021.08.012.0,48.5,59.17331,20800.0,0.59452057,0.0,16860.0
2021.08.013.0,48.5,56.708923,20800.0,0.59178084,0.0,16860.0
2021.08.011.0,171.0,70.10051,17200.0,0.021917805,3606.0,17299.0
2021.08.012.0,159.0,92.22594,17200.0,0.019178078,0.0,17171.0
2021.08.013.0,291.0,116.133255,17200.0,0.016438365,0.0,17157.0
2021.08.011.0,221.0,122.207245,17300.0,0.021917805,0.0,17299.0
2021.08.012.0,213.0,146.37164,17300.0,0.019178078,0.0,17171.0
2021.08.013.0,373.0,164.58734,17300.0,0.016438365,0.0,17157.0
2021.08.011.0,289.0,152.36266,17400.0,0.021917805,0.0,17299.0
2021.08.012.0,280.0,182.33658,17400.0,0.019178078,0.0,17171.0
2021.08.013.0,470.0,207.44601,17400.0,0.016438365,0.0,17157.0
2021.08.011.0,362.0,231.81558,17500.0,0.021917805,0.0,17299.0
2021.08.012.0,362.0,255.18253,17500.0,0.019178078,0.0,17171.0
2021.08.013.0,565.0,273.30048,17500.0,0.016438365,0.0,17157.0
2021.08.011.0,446.0,271.14807,17600.0,0.021917805,0.0,17299.0
2021.08.012.0,452.0,289.96475,17600.0,0.019178078,0.0,17171.0
2021.08.013.0,665.0,308.02356,17600.0,0.016438365,0.0,17157.0
2021.08.011.0,0.2000122,-10.358978,19600.0,0.021917805,4.0,17299.0
2021.08.012.0,0.2000122,-12.523224,19600.0,0.019178078,20.0,17171.0
2021.08.013.0,0.2000122,-15.569611,19600.0,0.016438365,0.0,17157.0
2021.08.011.0,0.2000122,-18.540771,20700.0,0.021917805,0.0,17299.0
2021.08.012.0,0.2000122,-22.152466,20700.0,0.019178078,0.0,17171.0
2021.08.013.0,0.1000061,-26.842926,20700.0,0.016438365,28.0,17157.0
2021.08.011.0,67.0,37.033295,15500.0,0.09863013,126.0,17181.0
2021.08.012.0,54.0,39.871857,15500.0,0.09589041,99.0,17058.0
2021.08.013.0,77.0,40.182526,15500.0,0.09315068,213.0,17043.0
2021.08.011.0,100.0,76.47127,15900.0,0.09863013,181.0,17181.0
2021.08.012.0,86.0,45.566498,15900.0,0.09589041,93.0,17058.0
2021.08.013.0,118.0,50.79718,15900.0,0.09315068,101.000015,17043.0
2021.08.011.0,154.0,95.41177,16300.0,0.09863013,164.0,17181.0
2021.08.012.0,137.0,101.58595,16300.0,0.09589041,382.0,17058.0
2021.08.013.0,187.0,105.020935,16300.0,0.09315068,239.0,17043.0
2021.08.011.0,388.0,242.51245,17100.0,0.09863013,102.000015,17181.0
2021.08.012.0,371.0,263.09738,17100.0,0.09589041,0.0,17058.0
2021.08.013.0,491.0,279.60455,17100.0,0.09315068,0.0,17043.0
2021.08.011.0,545.0,367.69974,17400.0,0.09863013,0.0,17181.0
2021.08.012.0,535.0,384.65125,17400.0,0.09589041,0.0,17058.0
2021.08.013.0,685.0,403.26703,17400.0,0.09315068,0.0,17043.0
2021.08.011.0,59.999985,96.05423,17900.0,0.09863013,551.0,17181.0
2021.08.012.0,50.0,93.25046,17900.0,0.09589041,746.0,17058.0
2021.08.013.0,30.5,89.48079,17900.0,0.09315068,453.0,17043.0
2021.08.011.0,11.5,-11.009766,18700.0,0.09863013,81.0,17181.0
2021.08.012.0,8.600006,-3.4447021,18700.0,0.09589041,65.0,17058.0
2021.08.013.0,6.899994,2.7563782,18700.0,0.09315068,178.0,17043.0
2021.08.011.0,605.0,512.1683,16600.0,0.3479452,0.0,17020.0
2021.08.012.0,590.0,518.7093,16600.0,0.3452055,1.0,16930.0
2021.08.013.0,670.0,522.8904,16600.0,0.34246576,0.0,16924.0
2021.08.011.0,770.0,631.052,17000.0,0.3479452,10.0,17020.0
2021.08.012.0,750.0,628.551,17000.0,0.3452055,0.0,16930.0
2021.08.013.0,860.0,659.26636,17000.0,0.34246576,0.0,16924.0
2021.08.011.0,218.0,167.89166,13600.0,0.5972603,13.0,16980.0
2021.08.012.0,207.0,168.52316,13600.0,0.59452057,27.0,16860.0
2021.08.013.0,230.0,169.81361,13600.0,0.59178084,4.0,16860.0
2021.08.011.0,1040.0,881.8544,17000.0,0.5972603,0.0,16980.0
2021.08.012.0,1030.0,911.07996,17000.0,0.59452057,0.0,16860.0
2021.08.013.0,1120.0,946.19604,17000.0,0.59178084,0.0,16860.0
2021.08.011.0,355.0,419.46234,18400.0,0.5972603,0.0,16980.0
2021.08.012.0,316.0,391.7034,18400.0,0.59452057,0.0,16860.0
2021.08.013.0,275.0,368.4739,18400.0,0.59178084,0.0,16860.0
2021.08.011.0,0.2000122,-16.270355,20400.0,0.021917805,0.0,17299.0
2021.08.012.0,0.2000122,-19.986176,20400.0,0.019178078,0.0,17171.0
2021.08.013.0,0.2000122,-24.205444,20400.0,0.016438365,0.0,17157.0
2021.08.011.0,0.2000122,-16.739075,20500.0,0.021917805,0.0,17299.0
2021.08.012.0,0.2000122,-20.91217,20500.0,0.019178078,0.0,17171.0
2021.08.013.0,0.2000122,-25.233429,20500.0,0.016438365,0.0,17157.0
2021.08.011.0,83.0,48.36203,15700.0,0.09863013,64.0,17181.0
2021.08.012.0,69.0,51.619812,15700.0,0.09589041,165.0,17058.0
2021.08.013.0,95.0,52.861816,15700.0,0.09315068,69.0,17043.0
2021.08.011.0,123.0,77.8548,16100.0,0.09863013,30.0,17181.0
2021.08.012.0,109.0,83.343765,16100.0,0.09589041,246.0,17058.0
2021.08.013.0,146.0,85.616714,16100.0,0.09315068,250.0,17043.0
2021.08.011.0,244.0,142.77742,16700.0,0.09863013,262.0,17181.0
2021.08.012.0,223.0,155.926,16700.0,0.09589041,135.0,17058.0
2021.08.013.0,303.0,164.53896,16700.0,0.09315068,223.0,17043.0
2021.08.011.0,435.0,281.74707,17200.0,0.09863013,0.0,17181.0
2021.08.012.0,424.0,302.89465,17200.0,0.09589041,0.0,17058.0
2021.08.013.0,550.0,317.99808,17200.0,0.09315068,0.0,17043.0
2021.08.011.0,486.0,326.49197,17300.0,0.09863013,0.0,17181.0
2021.08.012.0,479.0,340.5275,17300.0,0.09589041,0.0,17058.0
2021.08.013.0,615.0,354.67813,17300.0,0.09315068,0.0,17043.0
2021.08.011.0,605.0,421.78845,17500.0,0.09863013,0.0,17181.0
2021.08.012.0,595.0,438.11545,17500.0,0.09589041,0.0,17058.0
2021.08.013.0,760.0,457.9253,17500.0,0.09315068,0.0,17043.0
2021.08.011.0,6.600006,-11.233459,19100.0,0.09863013,0.0,17181.0
2021.08.012.0,5.399994,-5.425812,19100.0,0.09589041,57.000015,17058.0
2021.08.013.0,5.0,-4.204376,19100.0,0.09315068,0.0,17043.0
2021.08.011.0,4.299988,-8.477722,19500.0,0.09863013,1.0,17181.0
2021.08.012.0,4.5,-9.24881,19500.0,0.09589041,0.0,17058.0
2021.08.013.0,3.100006,-13.150055,19500.0,0.09315068,0.0,17043.0
2021.08.011.0,12.0,-4.7979736,21600.0,0.3479452,0.0,17020.0
2021.08.012.0,7.200012,-4.0134583,21600.0,0.3452055,0.0,16930.0
2021.08.013.0,11.0,-3.4996033,21600.0,0.34246576,0.0,16924.0
2021.08.011.0,645.0,565.984,16000.0,0.5972603,0.0,16980.0
2021.08.012.0,620.0,563.2038,16000.0,0.59452057,2.0,16860.0
2021.08.013.0,675.0,570.4,16000.0,0.59178084,1.0,16860.0
2021.08.011.0,39.0,46.516266,21200.0,0.5972603,2.0,16980.0
2021.08.012.0,37.0,44.3403,21200.0,0.59452057,0.0,16860.0
2021.08.013.0,37.0,42.423492,21200.0,0.59178084,4.0,16860.0
2021.08.011.0,30.5,36.078094,21600.0,0.5972603,0.0,16980.0
2021.08.012.0,32.0,34.80902,21600.0,0.59452057,0.0,16860.0
2021.08.013.0,27.5,33.736176,21600.0,0.59178084,0.0,16860.0
2021.08.011.0,545.0,317.9875,17700.0,0.021917805,0.0,17299.0
2021.08.012.0,540.0,329.5302,17700.0,0.019178078,0.0,17171.0
2021.08.013.0,765.0,493.8864,17700.0,0.016438365,0.0,17157.0
2021.08.011.0,530.0,461.85773,15600.0,0.5972603,0.0,16980.0
2021.08.012.0,515.0,466.58435,15600.0,0.59452057,0.0,16860.0
2021.08.013.0,580.0,473.47266,15600.0,0.59178084,0.0,16860.0
2021.08.011.0,308.0,360.95184,18600.0,0.5972603,0.0,16980.0
2021.08.012.0,269.0,336.69623,18600.0,0.59452057,0.0,16860.0
2021.08.013.0,234.0,316.17004,18600.0,0.59178084,0.0,16860.0
2021.08.011.0,93.0,109.17563,20000.0,0.5972603,0.0,16980.0
2021.08.012.0,84.0,101.86688,20000.0,0.59452057,0.0,16860.0
2021.08.013.0,71.0,97.39705,20000.0,0.59178084,0.0,16860.0
2021.08.011.0,0.2000122,-16.921936,20600.0,0.021917805,0.0,17299.0
2021.08.012.0,0.2000122,-20.812805,20600.0,0.019178078,0.0,17171.0
2021.08.013.0,0.2000122,-25.497986,20600.0,0.016438365,0.0,17157.0
2021.08.011.0,28.5,4.5522766,14500.0,0.09863013,6.0,17181.0
2021.08.012.0,19.0,1.3285828,14500.0,0.09589041,12.0,17058.0
2021.08.013.0,28.0,3.6948853,14500.0,0.09315068,69.0,17043.0
2021.08.011.0,695.0,825.9797,17400.0,0.5972603,5.0,16980.0
2021.08.012.0,680.0,791.24274,17400.0,0.59452057,0.0,16860.0
2021.08.013.0,595.0,755.7936,17400.0,0.59178084,0.0,16860.0
2021.08.011.0,0.2000122,-15.897766,20200.0,0.021917805,0.0,17299.0
2021.08.012.0,0.2000122,-19.178192,20200.0,0.019178078,0.0,17171.0
2021.08.013.0,0.2000122,-23.062225,20200.0,0.016438365,0.0,17157.0
2021.08.011.0,0.2000122,-19.463165,20800.0,0.021917805,9.0,17299.0
2021.08.012.0,0.2000122,-23.325562,20800.0,0.019178078,13.0,17171.0
2021.08.013.0,0.2000122,-28.1904,20800.0,0.016438365,35.0,17157.0
2021.08.011.0,56.0,28.116974,15300.0,0.09863013,34.0,17181.0
2021.08.012.0,43.0,31.118591,15300.0,0.09589041,52.0,17058.0
2021.08.013.0,63.0,31.736877,15300.0,0.09315068,35.0,17043.0
2021.08.011.0,246.0,326.4722,17300.0,0.09863013,441.0,17181.0
2021.08.012.0,218.0,302.84518,17300.0,0.09589041,207.0,17058.0
2021.08.013.0,141.0,290.81177,17300.0,0.09315068,537.0,17043.0
2021.08.011.0,160.0,257.07962,17500.0,0.09863013,170.0,17181.0
2021.08.012.0,141.0,237.39432,17500.0,0.09589041,440.0,17058.0
2021.08.013.0,87.0,218.07642,17500.0,0.09315068,418.0,17043.0
2021.08.011.0,5.200012,-12.906647,19300.0,0.09863013,0.0,17181.0
2021.08.012.0,4.700012,-11.736328,19300.0,0.09589041,0.0,17058.0
2021.08.013.0,3.7999878,-9.927551,19300.0,0.09315068,0.0,17043.0
2021.08.011.0,337.0,274.76685,14600.0,0.5972603,0.0,16980.0
2021.08.012.0,324.0,275.98715,14600.0,0.59452057,0.0,16860.0
2021.08.013.0,348.0,279.24625,14600.0,0.59178084,0.0,16860.0
2021.08.011.0,700.0,613.47656,16200.0,0.5972603,0.0,16980.0
2021.08.012.0,685.0,613.4685,16200.0,0.59452057,1.0,16860.0
2021.08.013.0,770.0,623.9381,16200.0,0.59178084,0.0,16860.0
2021.08.011.0,3.2000122,-10.871887,19900.0,0.09863013,0.0,17181.0
2021.08.012.0,3.5,-11.37384,19900.0,0.09589041,0.0,17058.0
2021.08.013.0,2.2000122,-11.522827,19900.0,0.09315068,0.0,17043.0
2021.08.011.0,10.5,-16.671417,21800.0,0.3479452,99.0,17020.0
2021.08.012.0,5.700012,-11.439697,21800.0,0.3452055,138.0,16930.0
2021.08.013.0,6.700012,-13.513306,21800.0,0.34246576,15.0,16924.0
2021.08.011.0,950.0,777.0593,16800.0,0.5972603,2.0,16980.0
2021.08.012.0,930.0,790.6148,16800.0,0.59452057,0.0,16860.0
2021.08.013.0,1020.0,830.51025,16800.0,0.59178084,0.0,16860.0
2021.08.011.0,466.0,565.931,18000.0,0.5972603,0.0,16980.0
2021.08.012.0,430.0,524.26715,18000.0,0.59452057,0.0,16860.0
2021.08.013.0,380.0,487.11145,18000.0,0.59178084,5.0,16860.0
2021.08.011.0,408.0,481.4192,18200.0,0.5972603,1.0,16980.0
2021.08.012.0,369.0,453.1435,18200.0,0.59452057,0.0,16860.0
2021.08.013.0,329.0,425.4756,18200.0,0.59178084,1.0,16860.0
2021.08.011.0,27.0,30.533875,21800.0,0.5972603,8.0,16980.0
2021.08.012.0,30.0,30.031464,21800.0,0.59452057,20.0,16860.0
2021.08.013.0,23.0,29.108704,21800.0,0.59178084,4.0,16860.0
2021.08.011.0,0.2000122,-13.421722,20100.0,0.021917805,0.0,17299.0
2021.08.012.0,0.2000122,-16.61441,20100.0,0.019178078,0.0,17171.0
2021.08.013.0,0.2000122,-20.668762,20100.0,0.016438365,2.0,17157.0
2021.08.011.0,3.7000122,-4.4942017,19700.0,0.09863013,0.0,17181.0
2021.08.012.0,4.299988,-5.7001038,19700.0,0.09589041,0.0,17058.0
2021.08.013.0,2.5,-7.05365,19700.0,0.09315068,0.0,17043.0
2021.08.011.0,115.0,129.13712,19800.0,0.5972603,0.0,16980.0
2021.08.012.0,97.0,122.48366,19800.0,0.59452057,0.0,16860.0
2021.08.013.0,85.0,116.163895,19800.0,0.59178084,0.0,16860.0
2021.08.011.0,108.0,59.60414,14800.0,0.19452055,5.0,17104.0
2021.08.012.0,87.0,61.2946,14800.0,0.19178082,0.0,17000.0
2021.08.013.0,103.0,62.48427,14800.0,0.1890411,0.0,17001.0
2021.08.011.0,96.0,65.59929,14900.0,0.19452055,2.0,17104.0
2021.08.012.0,95.0,71.75401,14900.0,0.19178082,4.0,17000.0
2021.08.013.0,110.0,71.12985,14900.0,0.1890411,3.0,17001.0
2021.08.011.0,127.0,70.11688,15000.0,0.19452055,17.0,17104.0
2021.08.012.0,100.0,77.44858,15000.0,0.19178082,19.0,17000.0
2021.08.013.0,122.0,77.83705,15000.0,0.1890411,22.0,17001.0
2021.08.011.0,224.0,146.48572,15900.0,0.19452055,0.0,17104.0
2021.08.012.0,208.0,151.0799,15900.0,0.19178082,41.0,17000.0
2021.08.013.0,221.0,156.71042,15900.0,0.1890411,2.0,17001.0
2021.08.011.0,254.0,156.65903,16000.0,0.19452055,4.0,17104.0
2021.08.012.0,228.0,161.40837,16000.0,0.19178082,43.0,17000.0
2021.08.013.0,268.0,168.95432,16000.0,0.1890411,2.0,17001.0
2021.08.011.0,360.0,421.7037,17300.0,0.19452055,1.0,17104.0
2021.08.012.0,371.0,488.16876,17300.0,0.19178082,2.0,17000.0
2021.08.013.0,300.0,448.1537,17300.0,0.1890411,1.0,17001.0
2021.08.011.0,259.0,330.18683,17600.0,0.19452055,7.0,17104.0
2021.08.012.0,231.0,304.50775,17600.0,0.19178082,0.0,17000.0
2021.08.013.0,174.0,361.9362,17600.0,0.1890411,1.0,17001.0
2021.08.011.0,182.0,242.13194,17800.0,0.19452055,6.0,17104.0
2021.08.012.0,185.0,294.66068,17800.0,0.19178082,2.0,17000.0
2021.08.013.0,130.0,249.73567,17800.0,0.1890411,9.0,17001.0
2021.08.011.0,140.0,178.32657,18000.0,0.19452055,3.0,17104.0
2021.08.012.0,121.0,238.09253,18000.0,0.19178082,4.0,17000.0
2021.08.013.0,90.0,189.74829,18000.0,0.1890411,33.0,17001.0
2021.08.011.0,85.0,69.51987,18400.0,0.19452055,2.0,17104.0
2021.08.012.0,62.0,119.384094,18400.0,0.19178082,1.0,17000.0
2021.08.013.0,45.5,89.401184,18400.0,0.1890411,0.0,17001.0
2021.08.011.0,56.0,49.99185,18500.0,0.19452055,7.0,17104.0
2021.08.012.0,51.0,93.660385,18500.0,0.19178082,20.0,17000.0
2021.08.013.0,41.5,69.13043,18500.0,0.1890411,12.0,17001.0
2021.08.011.0,11.5,0.6020508,20000.0,0.19452055,1.0,17104.0
2021.08.012.0,7.700012,2.575531,20000.0,0.19178082,2.0,17000.0
2021.08.013.0,11.5,-1.6816406,20000.0,0.1890411,0.0,17001.0
2021.08.011.0,785.0,914.44446,17200.0,0.5972603,0.0,16980.0
2021.08.012.0,775.0,859.93774,17200.0,0.59452057,1.0,16860.0
2021.08.013.0,675.0,828.2728,17200.0,0.59178084,0.0,16860.0
2021.08.011.0,491.0,338.5824,16900.0,0.19452055,0.0,17104.0
2021.08.012.0,473.0,361.25897,16900.0,0.19178082,0.0,17000.0
2021.08.013.0,575.0,387.1789,16900.0,0.1890411,0.0,17001.0
2021.08.011.0,137.0,125.16434,18100.0,0.19452055,5.0,17104.0
2021.08.012.0,111.0,194.7685,18100.0,0.19178082,5.0,17000.0
2021.08.013.0,83.0,158.55965,18100.0,0.1890411,22.0,17001.0
2021.08.011.0,82.0,108.76657,18300.0,0.19452055,1.0,17104.0
2021.08.012.0,81.0,154.30917,18300.0,0.19178082,23.0,17000.0
2021.08.013.0,54.0,113.852585,18300.0,0.1890411,2.0,17001.0
2021.08.011.0,51.0,65.56755,18600.0,0.19452055,18.0,17104.0
2021.08.012.0,43.0,95.13431,18600.0,0.19178082,3.0,17000.0
2021.08.013.0,39.5,63.753082,18600.0,0.1890411,19.0,17001.0
2021.08.011.0,19.0,13.617615,19400.0,0.19452055,0.0,17104.0
2021.08.012.0,14.0,11.586151,19400.0,0.19178082,0.0,17000.0
2021.08.013.0,12.0,11.043915,19400.0,0.1890411,0.0,17001.0
2021.08.011.0,10.5,4.662689,19800.0,0.19452055,0.0,17104.0
2021.08.012.0,8.600006,2.9136047,19800.0,0.19178082,1.0,17000.0
2021.08.013.0,8.200012,2.2359924,19800.0,0.1890411,0.0,17001.0
2021.08.011.0,6.0,-3.5337524,20300.0,0.19452055,547.0,17104.0
2021.08.012.0,6.600006,0.330719,20300.0,0.19178082,40.0,17000.0
2021.08.013.0,6.700012,-4.9703064,20300.0,0.1890411,119.0,17001.0
2021.08.011.0,585.0,504.40234,15800.0,0.5972603,0.0,16980.0
2021.08.012.0,565.0,504.3777,15800.0,0.59452057,2.0,16860.0
2021.08.013.0,635.0,512.43945,15800.0,0.59178084,0.0,16860.0
2021.08.011.0,34.0,10.756714,14700.0,0.09863013,8.0,17181.0
2021.08.012.0,23.0,5.280609,14700.0,0.09589041,6.0,17058.0
2021.08.013.0,35.0,5.9573975,14700.0,0.09315068,107.0,17043.0
2021.08.011.0,138.0,81.24495,15200.0,0.19452055,15.0,17104.0
2021.08.012.0,126.0,86.532135,15200.0,0.19178082,8.0,17000.0
2021.08.013.0,138.0,88.16887,15200.0,0.1890411,2.0,17001.0
2021.08.011.0,383.0,430.79446,17400.0,0.19452055,7.0,17104.0
2021.08.012.0,313.0,507.81165,17400.0,0.19178082,4.0,17000.0
2021.08.013.0,258.0,451.2794,17400.0,0.1890411,5.0,17001.0
2021.08.011.0,160.0,203.85478,17900.0,0.19452055,6.0,17104.0
2021.08.012.0,151.0,262.4835,17900.0,0.19178082,4.0,17000.0
2021.08.013.0,115.0,221.29233,17900.0,0.1890411,0.0,17001.0
2021.08.011.0,104.0,126.4798,18200.0,0.19452055,5.0,17104.0
2021.08.012.0,93.0,174.71158,18200.0,0.19178082,32.0,17000.0
2021.08.013.0,70.0,134.02791,18200.0,0.1890411,56.000015,17001.0
2021.08.011.0,26.0,27.328491,19100.0,0.19452055,0.0,17104.0
2021.08.012.0,20.0,26.199097,19100.0,0.19178082,0.0,17000.0
2021.08.013.0,17.0,39.367676,19100.0,0.1890411,2.0,17001.0
2021.08.011.0,7.5,-0.67626953,20100.0,0.19452055,1.0,17104.0
2021.08.012.0,7.299988,-1.5642395,20100.0,0.19178082,0.0,17000.0
2021.08.013.0,7.200012,-2.261322,20100.0,0.1890411,0.0,17001.0
2021.08.011.0,870.0,735.6277,16600.0,0.5972603,0.0,16980.0
2021.08.012.0,840.0,736.7201,16600.0,0.59452057,1.0,16860.0
2021.08.013.0,935.0,750.91724,16600.0,0.59178084,0.0,16860.0
2021.08.011.0,469.0,573.0913,16900.0,0.09863013,0.0,17181.0
2021.08.012.0,431.0,544.9763,16900.0,0.09589041,0.0,17058.0
2021.08.013.0,312.0,525.8671,16900.0,0.09315068,0.0,17043.0
2021.08.011.0,345.0,452.33356,17100.0,0.09863013,0.0,17181.0
2021.08.012.0,311.0,397.99908,17100.0,0.09589041,1057.0,17058.0
2021.08.013.0,216.0,361.5436,17100.0,0.09315068,720.0,17043.0
2021.08.011.0,100.0,54.17404,14700.0,0.19452055,0.0,17104.0
2021.08.012.0,80.0,56.074127,14700.0,0.19178082,0.0,17000.0
2021.08.013.0,98.0,57.021942,14700.0,0.1890411,0.0,17001.0
2021.08.011.0,143.0,95.01364,15400.0,0.19452055,0.0,17104.0
2021.08.012.0,132.0,97.62413,15400.0,0.19178082,100.0,17000.0
2021.08.013.0,158.0,99.47595,15400.0,0.1890411,1.0,17001.0
2021.08.011.0,261.0,171.33807,16100.0,0.19452055,26.0,17104.0
2021.08.012.0,243.0,176.6979,16100.0,0.19178082,43.0,17000.0
2021.08.013.0,275.0,184.37529,16100.0,0.1890411,7.0,17001.0
2021.08.011.0,338.0,222.61716,16400.0,0.19452055,29.0,17104.0
2021.08.012.0,315.0,231.3859,16400.0,0.19178082,39.0,17000.0
2021.08.013.0,360.0,243.95145,16400.0,0.1890411,4.0,17001.0
2021.08.011.0,225.0,290.55026,17700.0,0.19452055,0.0,17104.0
2021.08.012.0,202.0,267.8026,17700.0,0.19178082,0.0,17000.0
2021.08.013.0,176.0,249.76988,17700.0,0.1890411,0.0,17001.0
2021.08.011.0,35.5,46.585968,18800.0,0.19452055,57.000015,17104.0
2021.08.012.0,30.5,50.271515,18800.0,0.19178082,15.0,17000.0
2021.08.013.0,32.0,37.832214,18800.0,0.1890411,15.0,17001.0
2021.08.011.0,28.0,32.167786,19000.0,0.19452055,13.0,17104.0
2021.08.012.0,22.5,53.144714,19000.0,0.19178082,5.0,17000.0
2021.08.013.0,17.5,30.382904,19000.0,0.1890411,33.0,17001.0
2021.08.011.0,9.399994,3.1523743,19900.0,0.19452055,0.0,17104.0
2021.08.012.0,8.100006,2.0168762,19900.0,0.19178082,0.0,17000.0
2021.08.013.0,7.899994,1.1251221,19900.0,0.1890411,0.0,17001.0
2021.08.011.0,760.0,676.2158,16400.0,0.5972603,0.0,16980.0
2021.08.012.0,755.0,671.94214,16400.0,0.59452057,1.0,16860.0
2021.08.013.0,850.0,682.5896,16400.0,0.59178084,22.0,16860.0
2021.08.011.0,266.0,301.89133,18800.0,0.5972603,0.0,16980.0
2021.08.012.0,228.0,283.73193,18800.0,0.59452057,0.0,16860.0
2021.08.013.0,210.0,267.64755,18800.0,0.59178084,0.0,16860.0
2021.08.011.0,195.0,211.6383,19200.0,0.5972603,0.0,16980.0
2021.08.012.0,160.0,200.53174,19200.0,0.59452057,0.0,16860.0
2021.08.013.0,141.0,189.60237,19200.0,0.59178084,0.0,16860.0
2021.08.012.0,74.0,53.06299,14600.0,0.19178082,0.0,17000.0
2021.08.013.0,91.0,53.313904,14600.0,0.1890411,0.0,17001.0
2021.08.011.0,129.0,74.63527,15100.0,0.19452055,12.0,17104.0
2021.08.012.0,105.0,79.911865,15100.0,0.19178082,4.0,17000.0
2021.08.013.0,131.0,80.836395,15100.0,0.1890411,17.0,17001.0
2021.08.011.0,424.0,525.71594,17200.0,0.19452055,2.0,17104.0
2021.08.012.0,410.0,487.6007,17200.0,0.19178082,0.0,17000.0
2021.08.013.0,324.0,512.7581,17200.0,0.1890411,2.0,17001.0
2021.08.011.0,297.0,372.80667,17500.0,0.19452055,1.0,17104.0
2021.08.012.0,267.0,445.32715,17500.0,0.19178082,7.0,17000.0
2021.08.013.0,224.0,397.06345,17500.0,0.1890411,0.0,17001.0
2021.08.011.0,43.0,56.01007,18700.0,0.19452055,32.0,17104.0
2021.08.012.0,38.0,51.642,18700.0,0.19178082,0.0,17000.0
2021.08.013.0,30.0,49.063263,18700.0,0.1890411,0.0,17001.0
2021.08.011.0,24.0,21.467499,19200.0,0.19452055,0.0,17104.0
2021.08.012.0,17.5,19.30774,19200.0,0.19178082,0.0,17000.0
2021.08.013.0,16.5,18.116608,19200.0,0.1890411,0.0,17001.0
2021.08.011.0,18.5,11.1203,19500.0,0.19452055,0.0,17104.0
2021.08.012.0,12.5,10.427765,19500.0,0.19178082,6.0,17000.0
2021.08.013.0,10.5,7.625305,19500.0,0.1890411,2.0,17001.0
2021.08.011.0,6.700012,-0.80966187,20200.0,0.19452055,0.0,17104.0
2021.08.012.0,6.899994,-1.9247131,20200.0,0.19178082,0.0,17000.0
2021.08.013.0,6.899994,-2.717041,20200.0,0.1890411,0.0,17001.0
2021.08.013.0,85.0,53.94458,14500.0,0.1890411,17.0,17001.0
2021.08.011.0,203.0,131.45055,15800.0,0.19452055,38.0,17104.0
2021.08.012.0,195.0,134.9509,15800.0,0.19178082,46.0,17000.0
2021.08.013.0,225.0,140.40372,15800.0,0.1890411,1.0,17001.0
2021.08.012.0,400.0,288.73026,16700.0,0.19178082,160.0,17000.0
2021.08.013.0,480.0,309.04483,16700.0,0.1890411,4.0,17001.0
2021.08.011.0,459.0,310.85248,16800.0,0.19452055,3.0,17104.0
2021.08.012.0,430.0,331.59677,16800.0,0.19178082,10.0,17000.0
2021.08.013.0,525.0,354.26022,16800.0,0.1890411,1.0,17001.0
2021.08.011.0,66.0,81.10983,20400.0,0.5972603,23.0,16980.0
2021.08.012.0,64.0,76.21138,20400.0,0.59452057,0.0,16860.0
2021.08.013.0,73.0,72.20055,20400.0,0.59178084,0.0,16860.0
2021.08.011.0,148.0,87.298325,15300.0,0.19452055,2.0,17104.0
2021.08.012.0,126.0,92.837875,15300.0,0.19178082,54.0,17000.0
2021.08.013.0,155.0,94.97926,15300.0,0.1890411,4.0,17001.0
2021.08.011.0,180.0,111.539795,15600.0,0.19452055,0.0,17104.0
2021.08.012.0,153.0,115.041824,15600.0,0.19178082,6.0,17000.0
2021.08.013.0,189.0,118.32744,15600.0,0.1890411,1.0,17001.0
2021.08.013.0,635.0,415.93723,17000.0,0.1890411,1.0,17001.0
2021.08.011.0,885.0,925.9072,16300.0,0.021917805,0.0,17299.0
2021.08.012.0,870.0,907.26465,16300.0,0.019178078,0.0,17171.0
2021.08.013.0,655.0,864.7184,16300.0,0.016438365,0.0,17157.0
2021.08.011.0,510.0,455.05734,16700.0,0.021917805,0.0,17299.0
2021.08.012.0,489.0,433.14594,16700.0,0.019178078,0.0,17171.0
2021.08.013.0,299.0,421.0542,16700.0,0.016438365,0.0,17157.0
2021.08.011.0,985.0,1054.6168,16200.0,0.021917805,0.0,17299.0
2021.08.012.0,970.0,1029.9045,16200.0,0.019178078,0.0,17171.0
2021.08.013.0,750.0,972.84656,16200.0,0.016438365,0.0,17157.0
2021.08.011.0,790.0,779.827,16400.0,0.021917805,0.0,17299.0
2021.08.012.0,770.0,764.93536,16400.0,0.019178078,0.0,17171.0
2021.08.013.0,560.0,743.92566,16400.0,0.016438365,0.0,17157.0
2021.08.011.0,690.0,662.55945,16500.0,0.021917805,0.0,17299.0
2021.08.012.0,675.0,648.50555,16500.0,0.019178078,0.0,17171.0
2021.08.013.0,474.0,621.1559,16500.0,0.016438365,0.0,17157.0
2021.08.011.0,605.0,558.65826,16600.0,0.021917805,0.0,17299.0
2021.08.012.0,580.0,536.2939,16600.0,0.019178078,0.0,17171.0
2021.08.013.0,382.0,520.1229,16600.0,0.016438365,0.0,17157.0
2021.08.012.0,148.0,105.58838,15500.0,0.19178082,0.0,17000.0
2021.08.013.0,158.0,108.01152,15500.0,0.1890411,41.0,17001.0
2021.08.011.0,203.0,121.84653,15700.0,0.19452055,39.0,17104.0
2021.08.012.0,173.0,125.628815,15700.0,0.19178082,21.0,17000.0
2021.08.013.0,206.0,129.86395,15700.0,0.1890411,0.0,17001.0
2021.08.013.0,347.0,219.36316,16300.0,0.1890411,2.0,17001.0
2021.08.013.0,397.0,260.60556,16500.0,0.1890411,0.0,17001.0
2021.08.011.0,399.0,259.95062,16600.0,0.19452055,206.0,17104.0
2021.08.012.0,363.0,270.1421,16600.0,0.19178082,267.0,17000.0
2021.08.013.0,428.0,286.24536,16600.0,0.1890411,7.0,17001.0
2021.08.012.0,505.0,602.45996,17000.0,0.19178082,8.0,17000.0
2021.08.013.0,411.0,569.90125,17000.0,0.1890411,0.0,17001.0
2021.08.012.0,875.0,950.3862,17000.0,0.59452057,3.0,16860.0
2021.08.013.0,760.0,898.9324,17000.0,0.59178084,2.0,16860.0
2021.08.011.0,166.0,177.8126,19400.0,0.5972603,0.0,16980.0
2021.08.012.0,134.0,168.96729,19400.0,0.59452057,0.0,16860.0
2021.08.013.0,120.0,159.91496,19400.0,0.59178084,0.0,16860.0
2021.08.011.0,2.7999878,-8.314362,20300.0,0.09863013,0.0,17181.0
2021.08.012.0,2.5,-9.7881775,20300.0,0.09589041,0.0,17058.0
2021.08.013.0,2.2999878,-11.166077,20300.0,0.09315068,0.0,17043.0
2021.08.011.0,30.5,39.565216,18900.0,0.19452055,4.0,17104.0
2021.08.012.0,27.0,64.87375,18900.0,0.19178082,14.0,17000.0
2021.08.013.0,23.0,37.62378,18900.0,0.1890411,26.0,17001.0
2021.08.011.0,56.0,53.43878,21000.0,0.5972603,0.0,16980.0
2021.08.012.0,42.5,52.74173,21000.0,0.59452057,1.0,16860.0
2021.08.013.0,45.5,50.07303,21000.0,0.59178084,0.0,16860.0
2021.08.011.0,140.0,150.10968,19600.0,0.5972603,0.0,16980.0
2021.08.012.0,111.0,142.71727,19600.0,0.59452057,1.0,16860.0
2021.08.013.0,101.0,134.32347,19600.0,0.59178084,2.0,16860.0
2021.08.013.0,750.0,509.3407,17200.0,0.1890411,0.0,17001.0
2021.08.011.0,14.0,9.333862,19600.0,0.19452055,0.0,17104.0
2021.08.012.0,10.5,8.020721,19600.0,0.19178082,0.0,17000.0
2021.08.013.0,9.100006,6.872467,19600.0,0.1890411,0.0,17001.0
2021.08.011.0,14.0,2.521576,21400.0,0.3479452,0.0,17020.0
2021.08.012.0,10.5,1.7984009,21400.0,0.3452055,0.0,16930.0
2021.08.013.0,12.5,0.96725464,21400.0,0.34246576,1.0,16924.0
2021.08.011.0,58.0,71.47104,20600.0,0.5972603,0.0,16980.0
2021.08.012.0,56.0,68.02136,20600.0,0.59452057,0.0,16860.0
2021.08.013.0,56.0,65.09027,20600.0,0.59178084,0.0,16860.0
2021.08.011.0,865.0,744.09717,17200.0,0.3479452,0.0,17020.0
2021.08.012.0,865.0,760.0184,17200.0,0.3452055,0.0,16930.0
2021.08.013.0,965.0,785.2547,17200.0,0.34246576,0.0,16924.0
2021.08.011.0,476.0,412.54443,15400.0,0.5972603,0.0,16980.0
2021.08.012.0,471.0,419.58844,15400.0,0.59452057,1.0,16860.0
2021.08.013.0,520.0,426.85602,15400.0,0.59178084,0.0,16860.0
2021.08.011.0,75.0,95.81319,20200.0,0.5972603,0.0,16980.0
2021.08.012.0,73.0,90.53148,20200.0,0.59452057,1.0,16860.0
2021.08.013.0,68.0,85.4431,20200.0,0.59178084,0.0,16860.0
2021.08.011.0,0.2000122,-17.149445,20300.0,0.021917805,0.0,17299.0
2021.08.012.0,0.2000122,-20.487213,20300.0,0.019178078,0.0,17171.0
2021.08.013.0,0.6000061,-24.412079,20300.0,0.016438365,3.0,17157.0
2021.08.011.0,2.899994,-7.2814636,20100.0,0.09863013,0.0,17181.0
2021.08.012.0,2.7000122,-8.580933,20100.0,0.09589041,0.0,17058.0
2021.08.013.0,1.8999939,-9.802124,20100.0,0.09315068,0.0,17043.0
2021.08.011.0,34.5,41.036316,21400.0,0.5972603,0.0,16980.0
2021.08.012.0,34.5,39.473755,21400.0,0.59452057,0.0,16860.0
2021.08.013.0,32.5,38.134674,21400.0,0.59178084,0.0,16860.0
2021.08.011.0,309.0,247.23428,14400.0,0.5972603,0.0,16980.0
2021.08.012.0,294.0,248.64742,14400.0,0.59452057,0.0,16860.0
2021.08.013.0,319.0,251.76605,14400.0,0.59178084,0.0,16860.0
2021.08.011.0,975.0,819.91235,17400.0,0.3479452,0.0,17020.0
2021.08.012.0,955.0,847.6039,17400.0,0.3452055,0.0,16930.0
2021.08.013.0,1080.0,879.2085,17400.0,0.34246576,0.0,16924.0
2021.08.011.0,1120.0,951.07825,17200.0,0.5972603,0.0,16980.0
2021.08.012.0,1120.0,982.1969,17200.0,0.59452057,0.0,16860.0
2021.08.013.0,1230.0,1023.0564,17200.0,0.59178084,0.0,16860.0
2021.08.011.0,367.0,305.3592,14800.0,0.5972603,0.0,16980.0
2021.08.012.0,356.0,306.72623,14800.0,0.59452057,0.0,16860.0
2021.08.013.0,379.0,310.3364,14800.0,0.59178084,0.0,16860.0
2021.08.011.0,1220.0,1431.1466,16400.0,0.5972603,0.0,16980.0
2021.08.012.0,1200.0,1368.5966,16400.0,0.59452057,0.0,16860.0
2021.08.013.0,1090.0,1316.9117,16400.0,0.59178084,0.0,16860.0
2021.08.011.0,2880.0,2020.3975,14200.0,0.09863013,0.0,17181.0
2021.08.012.0,2850.0,2020.3297,14200.0,0.09589041,0.0,17058.0
2021.08.013.0,2650.0,2020.2579,14200.0,0.09315068,0.0,17043.0
2021.08.011.0,2680.0,2020.1484,14400.0,0.09863013,0.0,17181.0
2021.08.012.0,2650.0,2020.0148,14400.0,0.09589041,0.0,17058.0
2021.08.013.0,2450.0,2019.9567,14400.0,0.09315068,0.0,17043.0
2021.08.011.0,2490.0,2019.6322,14600.0,0.09863013,0.0,17181.0
2021.08.012.0,2460.0,2019.375,14600.0,0.09589041,0.0,17058.0
2021.08.013.0,2250.0,2019.0105,14600.0,0.09315068,0.0,17043.0
2021.08.011.0,2340.0,2019.4153,14800.0,0.3479452,0.0,17020.0
2021.08.012.0,2320.0,2019.1741,14800.0,0.3452055,0.0,16930.0
2021.08.013.0,2130.0,2018.8394,14800.0,0.34246576,0.0,16924.0
2021.08.011.0,2000.0,2012.3367,15200.0,0.3479452,0.0,17020.0
2021.08.012.0,1980.0,2010.0325,15200.0,0.3452055,0.0,16930.0
2021.08.013.0,1810.0,2006.3921,15200.0,0.34246576,0.0,16924.0
2021.08.011.0,1370.0,1621.3322,15800.0,0.021917805,0.0,17299.0
2021.08.012.0,1360.0,1561.4136,15800.0,0.019178078,0.0,17171.0
2021.08.013.0,1140.0,1396.103,15800.0,0.016438365,0.0,17157.0
2021.08.011.0,1180.0,1377.0739,16000.0,0.021917805,0.0,17299.0
2021.08.012.0,1160.0,1258.8774,16000.0,0.019178078,0.0,17171.0
2021.08.013.0,945.0,1102.564,16000.0,0.016438365,0.0,17157.0
2021.08.011.0,1080.0,1171.8389,16100.0,0.021917805,0.0,17299.0
2021.08.012.0,1060.0,1124.3563,16100.0,0.019178078,0.0,17171.0
2021.08.013.0,845.0,1074.6086,16100.0,0.016438365,0.0,17157.0
2021.08.011.0,675.0,484.82385,17600.0,0.09863013,0.0,17181.0
2021.08.012.0,670.0,498.63306,17600.0,0.09589041,0.0,17058.0
2021.08.013.0,845.0,517.2608,17600.0,0.09315068,0.0,17043.0
2021.08.011.0,745.0,552.5232,17700.0,0.09863013,0.0,17181.0
2021.08.012.0,745.0,565.0932,17700.0,0.09589041,0.0,17058.0
2021.08.013.0,925.0,580.31177,17700.0,0.09315068,0.0,17043.0
2021.08.011.0,2.600006,-9.167908,20500.0,0.09863013,0.0,17181.0
2021.08.012.0,2.2999878,-10.810028,20500.0,0.09589041,0.0,17058.0
2021.08.013.0,2.2000122,-12.317169,20500.0,0.09315068,0.0,17043.0
2021.09.01.0,0.7999878,-24.696869,11200.0,0.041095898,413.0,17457.0
2021.09.02.0,0.7000122,-23.96109,11200.0,0.03835617,213.0,17476.0
2021.09.03.0,0.7000122,-23.836548,11200.0,0.035616443,1023.00006,17320.0
2021.09.01.0,0.5,-23.436066,11800.0,0.041095898,0.0,17457.0
2021.09.02.0,0.7000122,-22.877136,11800.0,0.03835617,0.0,17476.0
2021.09.03.0,0.7000122,-22.219666,11800.0,0.035616443,0.0,17320.0
2021.09.01.0,0.5,-24.834656,12000.0,0.041095898,20.0,17457.0
2021.09.02.0,0.2000122,-24.040771,12000.0,0.03835617,21.0,17476.0
2021.09.03.0,0.5,-23.115295,12000.0,0.035616443,2.0,17320.0
2021.09.01.0,0.6000061,-24.604248,12200.0,0.041095898,20.0,17457.0
2021.09.02.0,0.7000122,-24.229126,12200.0,0.03835617,10.0,17476.0
2021.09.03.0,0.7999878,-23.401611,12200.0,0.035616443,0.0,17320.0
2021.09.01.0,1.7000122,-30.681396,14000.0,0.041095898,57.000015,17457.0
2021.09.02.0,1.6000061,-28.21872,14000.0,0.03835617,37.0,17476.0
2021.09.03.0,1.5,-25.536194,14000.0,0.035616443,83.0,17320.0
2021.09.01.0,0.5,-22.378876,11400.0,0.041095898,0.0,17457.0
2021.09.02.0,0.7000122,-21.516357,11400.0,0.03835617,1.0,17476.0
2021.09.03.0,0.7000122,-20.446228,11400.0,0.035616443,4.0,17320.0
2021.09.01.0,550.0,357.9451,17000.0,0.041095898,0.0,17457.0
2021.09.02.0,430.0,463.29965,17000.0,0.03835617,0.0,17476.0
2021.09.03.0,570.0,484.25946,17000.0,0.035616443,0.0,17320.0
2021.09.01.0,8.600006,-8.834045,18400.0,0.041095898,136.0,17457.0
2021.09.02.0,4.200012,-9.833923,18400.0,0.03835617,1123.0,17476.0
2021.09.03.0,9.0,-11.485016,18400.0,0.035616443,1283.0,17320.0
2021.09.01.0,60.999985,37.672363,12800.0,0.29041097,3.0,17347.0
2021.09.02.0,58.0,35.823486,12800.0,0.28767124,0.0,17343.0
2021.09.03.0,50.0,34.914307,12800.0,0.2849315,0.0,17187.0
2021.09.01.0,66.0,41.672363,13000.0,0.29041097,81.0,17347.0
2021.09.02.0,65.0,39.40616,13000.0,0.28767124,1.0,17343.0
2021.09.03.0,55.0,38.42981,13000.0,0.2849315,0.0,17187.0
2021.09.01.0,65.0,47.44171,13200.0,0.29041097,5.0,17347.0
2021.09.02.0,73.0,44.7731,13200.0,0.28767124,3.0,17343.0
2021.09.03.0,65.0,43.3143,13200.0,0.2849315,0.0,17187.0
2021.09.01.0,94.0,71.51616,13800.0,0.29041097,2.0,17347.0
2021.09.02.0,98.0,67.07886,13800.0,0.28767124,0.0,17343.0
2021.09.03.0,86.0,63.248108,13800.0,0.2849315,0.0,17187.0
2021.09.01.0,1640.0,1604.9803,16000.0,0.29041097,0.0,17347.0
2021.09.02.0,1490.0,1648.0597,16000.0,0.28767124,0.0,17343.0
2021.09.03.0,1650.0,1649.8563,16000.0,0.2849315,0.0,17187.0
2021.09.01.0,365.0,287.64624,18000.0,0.29041097,12.0,17347.0
2021.09.02.0,313.0,310.47845,18000.0,0.28767124,8.0,17343.0
2021.09.03.0,376.0,300.29953,18000.0,0.2849315,4.0,17187.0
2021.09.01.0,110.0,70.18146,19000.0,0.29041097,18.0,17347.0
2021.09.02.0,120.0,73.67079,19000.0,0.28767124,2.0,17343.0
2021.09.03.0,116.0,74.10988,19000.0,0.2849315,1.0,17187.0
2021.09.01.0,0.6000061,-27.511627,12400.0,0.041095898,228.0,17457.0
2021.09.02.0,0.7000122,-26.588074,12400.0,0.03835617,20.0,17476.0
2021.09.03.0,2.0,-25.380554,12400.0,0.035616443,0.0,17320.0
2021.09.01.0,0.7999878,-32.25879,12800.0,0.041095898,23.0,17457.0
2021.09.02.0,0.2999878,-29.948273,12800.0,0.03835617,42.0,17476.0
2021.09.03.0,0.5,-27.394257,12800.0,0.035616443,56.000015,17320.0
2021.09.01.0,0.7999878,-31.74649,13000.0,0.041095898,17.0,17457.0
2021.09.02.0,0.3999939,-30.023651,13000.0,0.03835617,32.0,17476.0
2021.09.03.0,0.2999878,-27.448334,13000.0,0.035616443,184.0,17320.0
2021.09.01.0,0.7999878,-30.311127,13200.0,0.041095898,1.0,17457.0
2021.09.02.0,0.5,-29.014282,13200.0,0.03835617,10.0,17476.0
2021.09.03.0,0.3999939,-26.888489,13200.0,0.035616443,112.0,17320.0
2021.09.01.0,1.8999939,-24.402405,14200.0,0.041095898,228.0,17457.0
2021.09.02.0,1.2000122,-23.428589,14200.0,0.03835617,34.0,17476.0
2021.09.03.0,1.5,-21.632477,14200.0,0.035616443,12.0,17320.0
2021.09.01.0,2.5,-26.464172,14400.0,0.041095898,233.0,17457.0
2021.09.02.0,2.0,-25.694397,14400.0,0.03835617,23.0,17476.0
2021.09.03.0,1.7999878,-23.401428,14400.0,0.035616443,15.0,17320.0
2021.09.01.0,3.7999878,-36.66925,15000.0,0.041095898,1171.0,17457.0
2021.09.02.0,3.600006,-34.93637,15000.0,0.03835617,938.0,17476.0
2021.09.03.0,2.899994,-32.705048,15000.0,0.035616443,1252.0,17320.0
2021.09.01.0,730.0,630.45776,16800.0,0.041095898,0.0,17457.0
2021.09.02.0,585.0,718.1736,16800.0,0.03835617,0.0,17476.0
2021.09.03.0,745.0,703.3218,16800.0,0.035616443,0.0,17320.0
2021.09.01.0,400.0,216.2634,17200.0,0.041095898,0.0,17457.0
2021.09.02.0,286.0,293.08777,17200.0,0.03835617,0.0,17476.0
2021.09.03.0,411.0,330.488,17200.0,0.035616443,0.0,17320.0
2021.09.01.0,38.5,-5.9670105,18000.0,0.041095898,5204.0,17457.0
2021.09.02.0,18.0,12.842773,18000.0,0.03835617,3139.0,17476.0
2021.09.03.0,39.0,18.844147,18000.0,0.035616443,6712.0,17320.0
2021.09.01.0,2.0,-9.987549,19200.0,0.041095898,0.0,17457.0
2021.09.02.0,1.0,-8.678223,19200.0,0.03835617,0.0,17476.0
2021.09.03.0,1.7000122,-7.9067383,19200.0,0.035616443,0.0,17320.0
2021.09.01.0,1.2999878,-14.621338,19800.0,0.041095898,0.0,17457.0
2021.09.02.0,0.6000061,-13.36499,19800.0,0.03835617,0.0,17476.0
2021.09.03.0,0.7999878,-12.750977,19800.0,0.035616443,0.0,17320.0
2021.09.01.0,75.0,53.98297,13400.0,0.29041097,0.0,17347.0
2021.09.02.0,82.0,50.14981,13400.0,0.28767124,0.0,17343.0
2021.09.03.0,71.0,48.63629,13400.0,0.2849315,1.0,17187.0
2021.09.01.0,103.0,83.71391,14000.0,0.29041097,23.0,17347.0
2021.09.02.0,108.0,74.88052,14000.0,0.28767124,6.0,17343.0
2021.09.03.0,77.0,68.979065,14000.0,0.2849315,77.0,17187.0
2021.09.01.0,192.0,172.3819,15200.0,0.29041097,25.0,17347.0
2021.09.02.0,206.0,158.6331,15200.0,0.28767124,0.0,17343.0
2021.09.03.0,188.0,151.15523,15200.0,0.2849315,45.0,17187.0
2021.09.01.0,39.5,16.161407,20000.0,0.29041097,43.0,17347.0
2021.09.02.0,38.0,16.687744,20000.0,0.28767124,1.0,17343.0
2021.09.03.0,38.0,16.683899,20000.0,0.2849315,8.0,17187.0
2021.09.01.0,1.2999878,-29.397095,13600.0,0.041095898,13.0,17457.0
2021.09.02.0,0.7999878,-27.47763,13600.0,0.03835617,46.0,17476.0
2021.09.03.0,1.0,-24.685303,13600.0,0.035616443,88.999985,17320.0
2021.09.01.0,5.600006,-25.70456,15400.0,0.041095898,1048.0,17457.0
2021.09.02.0,7.200012,-26.301361,15400.0,0.03835617,1241.0,17476.0
2021.09.03.0,4.100006,-25.699432,15400.0,0.035616443,1725.0002,17320.0
2021.09.01.0,7.200012,-24.627838,15600.0,0.041095898,1844.0,17457.0
2021.09.02.0,10.0,-24.048523,15600.0,0.03835617,1608.0,17476.0
2021.09.03.0,5.700012,-23.32431,15600.0,0.035616443,1561.0,17320.0
2021.09.01.0,18.0,-3.5097961,18200.0,0.041095898,1987.0,17457.0
2021.09.02.0,8.799988,-1.2063599,18200.0,0.03835617,670.0,17476.0
2021.09.03.0,18.5,-0.9458618,18200.0,0.035616443,1379.0,17320.0
2021.09.01.0,1.7999878,-16.108643,20000.0,0.041095898,0.0,17457.0
2021.09.02.0,0.5,-15.023193,20000.0,0.03835617,1.0,17476.0
2021.09.03.0,0.3999939,-14.439972,20000.0,0.035616443,0.0,17320.0
2021.09.01.0,1050.0,992.49866,16800.0,0.29041097,0.0,17347.0
2021.09.02.0,925.0,1046.6042,16800.0,0.28767124,0.0,17343.0
2021.09.03.0,1040.0,1028.168,16800.0,0.2849315,0.0,17187.0
2021.09.01.0,655.0,566.09424,17400.0,0.29041097,3.0,17347.0
2021.09.02.0,555.0,613.606,17400.0,0.28767124,4.0,17343.0
2021.09.03.0,660.0,615.12354,17400.0,0.2849315,9.0,17187.0
2021.09.01.0,65.0,31.395294,19600.0,0.29041097,18.0,17347.0
2021.09.02.0,60.999985,32.400665,19600.0,0.28767124,2.0,17343.0
2021.09.03.0,56.0,32.412537,19600.0,0.2849315,0.0,17187.0
2021.09.01.0,0.7000122,-27.62622,12600.0,0.041095898,27.0,17457.0
2021.09.02.0,0.7000122,-26.316101,12600.0,0.03835617,31.0,17476.0
2021.09.03.0,0.8999939,-24.745026,12600.0,0.035616443,0.0,17320.0
2021.09.01.0,4.399994,-25.839844,14800.0,0.041095898,188.0,17457.0
2021.09.02.0,4.399994,-24.877838,14800.0,0.03835617,435.0,17476.0
2021.09.03.0,2.2999878,-22.417084,14800.0,0.035616443,1112.0,17320.0
2021.09.01.0,154.0,77.69928,17600.0,0.041095898,8260.0,17457.0
2021.09.02.0,90.0,91.93683,17600.0,0.03835617,3991.9998,17476.0
2021.09.03.0,156.0,92.34033,17600.0,0.035616443,6648.9995,17320.0
2021.09.01.0,0.7999878,-18.985962,20200.0,0.041095898,1.0,17457.0
2021.09.02.0,0.3999939,-17.494446,20200.0,0.03835617,0.0,17476.0
2021.09.03.0,0.2999878,-16.424774,20200.0,0.035616443,0.0,17320.0
2021.09.01.0,173.0,159.11792,15000.0,0.29041097,20.0,17347.0
2021.09.02.0,185.0,143.70749,15000.0,0.28767124,0.0,17343.0
2021.09.03.0,152.0,133.29507,15000.0,0.2849315,76.0,17187.0
2021.09.01.0,780.0,699.541,17200.0,0.29041097,0.0,17347.0
2021.09.02.0,710.0,761.82275,17200.0,0.28767124,0.0,17343.0
2021.09.03.0,780.0,741.10065,17200.0,0.2849315,1.0,17187.0
2021.09.01.0,35.0,11.543793,20200.0,0.29041097,0.0,17347.0
2021.09.02.0,30.0,11.949066,20200.0,0.28767124,1.0,17343.0
2021.09.03.0,31.5,11.924011,20200.0,0.2849315,4.0,17187.0
2021.09.01.0,4.799988,-30.187164,15200.0,0.041095898,1752.0,17457.0
2021.09.02.0,5.600006,-29.57837,15200.0,0.03835617,483.0,17476.0
2021.09.03.0,2.5,-26.891266,15200.0,0.035616443,359.0,17320.0
2021.09.01.0,9.5,-23.13144,15800.0,0.041095898,877.0,17457.0
2021.09.02.0,13.0,-23.658722,15800.0,0.03835617,1925.0,17476.0
2021.09.03.0,7.100006,-22.562164,15800.0,0.035616443,864.0,17320.0
2021.09.01.0,13.5,-23.190674,16000.0,0.041095898,2521.0,17457.0
2021.09.02.0,17.5,-30.604767,16000.0,0.03835617,3789.0,17476.0
2021.09.03.0,10.0,-36.245117,16000.0,0.035616443,4643.0,17320.0
2021.09.01.0,2.0,-8.476685,19000.0,0.041095898,24.0,17457.0
2021.09.02.0,2.0,-6.8168945,19000.0,0.03835617,5.0,17476.0
2021.09.03.0,2.399994,-6.845459,19000.0,0.035616443,18.0,17320.0
2021.09.01.0,156.0,137.65933,14800.0,0.29041097,65.0,17347.0
2021.09.02.0,154.0,125.62367,14800.0,0.28767124,0.0,17343.0
2021.09.03.0,132.0,117.99991,14800.0,0.2849315,20.0,17187.0
2021.09.01.0,255.0,163.70326,18400.0,0.29041097,0.0,17347.0
2021.09.02.0,204.0,175.61351,18400.0,0.28767124,6.0,17343.0
2021.09.03.0,232.0,170.49467,18400.0,0.2849315,2.0,17187.0
2021.09.01.0,0.5,-23.160095,11600.0,0.041095898,0.0,17457.0
2021.09.02.0,0.5,-22.872925,11600.0,0.03835617,0.0,17476.0
2021.09.03.0,0.7000122,-21.347961,11600.0,0.035616443,6.0,17320.0
2021.09.01.0,0.5,-19.184021,20400.0,0.041095898,0.0,17457.0
2021.09.02.0,0.2999878,-17.092926,20400.0,0.03835617,0.0,17476.0
2021.09.03.0,0.2000122,-16.234924,20400.0,0.035616443,2.0,17320.0
2021.09.01.0,265.0,254.94592,15800.0,0.29041097,24.0,17347.0
2021.09.02.0,292.0,236.83574,15800.0,0.28767124,11.0,17343.0
2021.09.03.0,247.0,224.9867,15800.0,0.2849315,90.0,17187.0
2021.09.01.0,1100.0,1067.5615,16400.0,0.041095898,0.0,17457.0
2021.09.02.0,955.0,1134.0223,16400.0,0.03835617,0.0,17476.0
2021.09.03.0,1130.0,1061.5217,16400.0,0.035616443,0.0,17320.0
2021.09.01.0,81.0,41.811462,17800.0,0.041095898,4451.0,17457.0
2021.09.02.0,42.0,58.4841,17800.0,0.03835617,5136.0,17476.0
2021.09.03.0,81.0,61.493774,17800.0,0.035616443,6555.0,17320.0
2021.09.01.0,2.7000122,-11.697144,19400.0,0.041095898,0.0,17457.0
2021.09.02.0,2.2000122,-11.207092,19400.0,0.03835617,20.0,17476.0
2021.09.03.0,1.2999878,-11.672302,19400.0,0.035616443,1.0,17320.0
2021.09.01.0,239.0,229.63428,15600.0,0.29041097,34.0,17347.0
2021.09.02.0,260.0,213.18045,15600.0,0.28767124,1.0,17343.0
2021.09.03.0,245.0,201.13626,15600.0,0.2849315,80.0,17187.0
2021.09.01.0,915.0,837.1614,17000.0,0.29041097,0.0,17347.0
2021.09.02.0,795.0,900.26953,17000.0,0.28767124,0.0,17343.0
2021.09.03.0,900.0,888.76,17000.0,0.2849315,0.0,17187.0
2021.09.01.0,439.0,371.87357,17800.0,0.29041097,9.0,17347.0
2021.09.02.0,370.0,401.03958,17800.0,0.28767124,4.0,17343.0
2021.09.03.0,428.0,391.5898,17800.0,0.2849315,13.0,17187.0
2021.09.01.0,6.100006,-4.759857,18600.0,0.041095898,130.0,17457.0
2021.09.02.0,2.7999878,-4.9346924,18600.0,0.03835617,151.0,17476.0
2021.09.03.0,5.299988,-6.2385864,18600.0,0.035616443,562.0,17320.0
2021.09.01.0,910.0,844.74805,16600.0,0.041095898,0.0,17457.0
2021.09.02.0,770.0,934.5675,16600.0,0.03835617,0.0,17476.0
2021.09.03.0,935.0,898.7622,16600.0,0.035616443,0.0,17320.0
2021.09.01.0,260.0,141.58458,17400.0,0.041095898,0.0,17457.0
2021.09.02.0,171.0,189.78716,17400.0,0.03835617,0.0,17476.0
2021.09.03.0,268.0,203.65671,17400.0,0.035616443,3089.0,17320.0
2021.09.01.0,3.0,-25.863861,14600.0,0.041095898,247.0,17457.0
2021.09.02.0,4.0,-25.058105,14600.0,0.03835617,246.0,17476.0
2021.09.03.0,1.2999878,-22.60904,14600.0,0.035616443,24.0,17320.0
2021.09.01.0,1680.0,1596.1283,15800.0,0.041095898,0.0,17457.0
2021.09.02.0,1530.0,1717.9697,15800.0,0.03835617,0.0,17476.0
2021.09.03.0,1710.0,1817.1792,15800.0,0.035616443,0.0,17320.0
2021.09.01.0,1290.0,1260.4949,16200.0,0.041095898,0.0,17457.0
2021.09.02.0,1140.0,1314.4807,16200.0,0.03835617,0.0,17476.0
2021.09.03.0,1320.0,1271.2872,16200.0,0.035616443,0.0,17320.0
2021.09.01.0,18.5,-9.02359,16200.0,0.041095898,1328.0,17457.0
2021.09.02.0,25.0,-12.874237,16200.0,0.03835617,674.0,17476.0
2021.09.03.0,13.5,-14.1405945,16200.0,0.035616443,1902.0,17320.0
2021.09.01.0,301.0,296.831,16000.0,0.29041097,184.0,17347.0
2021.09.02.0,310.0,277.13776,16000.0,0.28767124,7.0,17343.0
2021.09.03.0,277.0,262.8583,16000.0,0.2849315,7.0,17187.0
2021.09.01.0,30.5,7.2202454,20400.0,0.29041097,0.0,17347.0
2021.09.02.0,25.0,7.58902,20400.0,0.28767124,0.0,17343.0
2021.09.03.0,26.0,7.4036865,20400.0,0.2849315,0.0,17187.0
2021.09.01.0,68.0,41.077362,19400.0,0.29041097,1.0,17347.0
2021.09.02.0,77.0,42.34372,19400.0,0.28767124,12.0,17343.0
2021.09.03.0,74.0,42.595734,19400.0,0.2849315,0.0,17187.0
2021.09.01.0,1.2999878,-30.407867,13400.0,0.041095898,11.0,17457.0
2021.09.02.0,0.6000061,-28.543274,13400.0,0.03835617,3.0,17476.0
2021.09.03.0,0.3999939,-25.595459,13400.0,0.035616443,123.0,17320.0
2021.09.01.0,2080.0,1917.8068,15400.0,0.041095898,0.0,17457.0
2021.09.02.0,1930.0,1964.6617,15400.0,0.03835617,0.0,17476.0
2021.09.03.0,2110.0,1991.3717,15400.0,0.035616443,0.0,17320.0
2021.09.01.0,2480.0,2006.7559,15000.0,0.041095898,0.0,17457.0
2021.09.02.0,2320.0,2012.4148,15000.0,0.03835617,0.0,17476.0
2021.09.03.0,2510.0,2015.1188,15000.0,0.035616443,0.0,17320.0
2021.09.01.0,1880.0,1758.7046,15600.0,0.041095898,0.0,17457.0
2021.09.02.0,1730.0,1842.762,15600.0,0.03835617,0.0,17476.0
2021.09.03.0,1910.0,1914.0193,15600.0,0.035616443,0.0,17320.0
2021.09.01.0,1.6000061,-27.88913,13800.0,0.041095898,0.0,17457.0
2021.09.02.0,2.7999878,-25.720123,13800.0,0.03835617,39.0,17476.0
2021.09.03.0,1.2000122,-22.947449,13800.0,0.035616443,32.0,17320.0
2021.09.01.0,2680.0,2014.3132,14800.0,0.041095898,0.0,17457.0
2021.09.02.0,2520.0,2016.5975,14800.0,0.03835617,0.0,17476.0
2021.09.03.0,2710.0,2017.4178,14800.0,0.035616443,0.0,17320.0
2021.09.01.0,2280.0,1977.8298,15200.0,0.041095898,0.0,17457.0
2021.09.02.0,2120.0,1997.2256,15200.0,0.03835617,0.0,17476.0
2021.09.03.0,2310.0,2008.5743,15200.0,0.035616443,0.0,17320.0
2021.09.01.0,1490.0,1433.3721,16000.0,0.041095898,0.0,17457.0
2021.09.02.0,1340.0,1473.7711,16000.0,0.03835617,0.0,17476.0
2021.09.03.0,1520.0,1461.0922,16000.0,0.035616443,0.0,17320.0
2021.09.01.0,3.7999878,-7.8936157,18800.0,0.041095898,270.0,17457.0
2021.09.02.0,2.5,-7.8739014,18800.0,0.03835617,6.0,17476.0
2021.09.03.0,4.100006,-7.868988,18800.0,0.035616443,5.0,17320.0
2021.09.01.0,26.0,-2.7462463,16400.0,0.041095898,2280.0,17457.0
2021.09.02.0,34.5,-9.104553,16400.0,0.03835617,1004.99994,17476.0
2021.09.03.0,19.0,-10.756592,16400.0,0.035616443,1671.0,17320.0
2021.09.01.0,0.3999939,-20.576965,20600.0,0.041095898,0.0,17457.0
2021.09.02.0,0.2000122,-18.714783,20600.0,0.03835617,0.0,17476.0
2021.09.03.0,0.2000122,-17.525513,20600.0,0.035616443,0.0,17320.0
2021.09.01.0,86.0,62.994812,13600.0,0.29041097,0.0,17347.0
2021.09.02.0,90.0,57.97696,13600.0,0.28767124,3.0,17343.0
2021.09.03.0,78.0,55.067444,13600.0,0.2849315,0.0,17187.0
2021.09.01.0,385.0,387.4655,16400.0,0.29041097,8.0,17347.0
2021.09.02.0,420.0,361.713,16400.0,0.28767124,2.0,17343.0
2021.09.03.0,359.0,347.98694,16400.0,0.2849315,1.0,17187.0
2021.09.01.0,27.0,3.3904114,20600.0,0.29041097,2.0,17347.0
2021.09.02.0,21.0,3.9074707,20600.0,0.28767124,0.0,17343.0
2021.09.03.0,21.5,3.9326172,20600.0,0.2849315,0.0,17187.0
2021.09.01.0,1.8999939,-12.937836,19600.0,0.041095898,0.0,17457.0
2021.09.02.0,0.7999878,-12.080597,19600.0,0.03835617,0.0,17476.0
2021.09.03.0,1.0,-11.720184,19600.0,0.035616443,0.0,17320.0
2021.09.01.0,214.0,203.31052,15400.0,0.29041097,20.0,17347.0
2021.09.02.0,237.0,186.2331,15400.0,0.28767124,1.0,17343.0
2021.09.03.0,199.0,174.45638,15400.0,0.2849315,130.0,17187.0
2021.09.01.0,44.0,23.3815,19800.0,0.29041097,2.0,17347.0
2021.09.02.0,48.5,23.633667,19800.0,0.28767124,1.0,17343.0
2021.09.03.0,46.0,23.647278,19800.0,0.2849315,0.0,17187.0
2021.09.01.0,350.0,335.10022,16200.0,0.29041097,1.0,17347.0
2021.09.02.0,360.0,315.69,16200.0,0.28767124,3.0,17343.0
2021.09.03.0,316.0,303.1957,16200.0,0.2849315,1.0,17187.0
2021.09.01.0,535.0,469.6933,17600.0,0.29041097,3.0,17347.0
2021.09.02.0,480.0,508.4712,17600.0,0.28767124,40.0,17343.0
2021.09.03.0,545.0,501.54715,17600.0,0.2849315,5.0,17187.0
2021.09.01.0,199.0,123.341034,18600.0,0.29041097,0.0,17347.0
2021.09.02.0,155.0,130.41241,18600.0,0.28767124,0.0,17343.0
2021.09.03.0,195.0,126.7206,18600.0,0.2849315,17.0,17187.0
2021.09.01.0,115.0,92.25688,14200.0,0.29041097,64.0,17347.0
2021.09.02.0,118.0,84.90228,14200.0,0.28767124,1.0,17343.0
2021.09.03.0,106.0,79.52936,14200.0,0.2849315,10.0,17187.0
2021.09.01.0,505.0,524.02234,16800.0,0.29041097,2.0,17347.0
2021.09.02.0,490.0,493.18173,16800.0,0.28767124,3.0,17343.0
2021.09.03.0,465.0,465.9313,16800.0,0.2849315,1.0,17187.0
2021.09.01.0,1180.0,1136.162,16600.0,0.29041097,0.0,17347.0
2021.09.02.0,1060.0,1191.147,16600.0,0.28767124,0.0,17343.0
2021.09.03.0,1190.0,1169.0255,16600.0,0.2849315,0.0,17187.0
2021.09.01.0,1810.0,1748.1525,15800.0,0.29041097,0.0,17347.0
2021.09.02.0,1680.0,1783.4547,15800.0,0.28767124,0.0,17343.0
2021.09.03.0,1820.0,1795.0092,15800.0,0.2849315,0.0,17187.0
2021.09.01.0,283.0,218.21384,18200.0,0.29041097,13.0,17347.0
2021.09.02.0,250.0,231.85742,18200.0,0.28767124,4.0,17343.0
2021.09.03.0,300.0,223.30243,18200.0,0.2849315,6.0,17187.0
2021.09.01.0,1330.0,1293.4172,16400.0,0.29041097,0.0,17347.0
2021.09.02.0,1210.0,1342.6537,16400.0,0.28767124,0.0,17343.0
2021.09.03.0,1340.0,1326.2711,16400.0,0.2849315,0.0,17187.0
2021.09.01.0,99.0,54.497314,19200.0,0.29041097,0.0,17347.0
2021.09.02.0,97.0,56.80771,19200.0,0.28767124,3.0,17343.0
2021.09.03.0,86.0,56.926117,19200.0,0.2849315,0.0,17187.0
2021.09.01.0,19.5,-4.0822754,21200.0,0.29041097,0.0,17347.0
2021.09.02.0,11.5,-3.4396057,21200.0,0.28767124,0.0,17343.0
2021.09.03.0,12.5,-3.4470215,21200.0,0.2849315,0.0,17187.0
2021.09.01.0,127.0,110.139206,14400.0,0.29041097,73.999985,17347.0
2021.09.02.0,130.0,98.3127,14400.0,0.28767124,0.0,17343.0
2021.09.03.0,114.0,91.15587,14400.0,0.2849315,8.0,17187.0
2021.09.01.0,140.0,125.06822,14600.0,0.29041097,35.0,17347.0
2021.09.02.0,149.0,112.4445,14600.0,0.28767124,26.0,17343.0
2021.09.03.0,122.0,102.40114,14600.0,0.2849315,4.0,17187.0
2021.09.01.0,1490.0,1453.9312,16200.0,0.29041097,0.0,17347.0
2021.09.02.0,1350.0,1499.016,16200.0,0.28767124,0.0,17343.0
2021.09.03.0,1490.0,1490.2805,16200.0,0.2849315,0.0,17187.0
2021.09.01.0,1980.0,1863.604,15600.0,0.29041097,0.0,17347.0
2021.09.02.0,1840.0,1892.7058,15600.0,0.28767124,0.0,17343.0
2021.09.03.0,2000.0,1911.3351,15600.0,0.2849315,0.0,17187.0
2021.09.01.0,151.0,93.628235,18800.0,0.29041097,4.0,17347.0
2021.09.02.0,128.0,99.39403,18800.0,0.28767124,36.0,17343.0
2021.09.03.0,151.0,97.526596,18800.0,0.2849315,17.0,17187.0
2021.09.01.0,2150.0,1940.8845,15400.0,0.29041097,0.0,17347.0
2021.09.02.0,2020.0,1964.4326,15400.0,0.28767124,0.0,17343.0
2021.09.03.0,2170.0,1980.1454,15400.0,0.2849315,0.0,17187.0
2021.09.01.0,56.0,31.341095,12600.0,0.29041097,0.0,17347.0
2021.09.02.0,51.0,30.313293,12600.0,0.28767124,0.0,17343.0
2021.09.03.0,47.5,30.33905,12600.0,0.2849315,1.0,17187.0
2021.09.01.0,2510.0,2010.4921,15000.0,0.29041097,0.0,17347.0
2021.09.02.0,2370.0,2014.3672,15000.0,0.28767124,0.0,17343.0
2021.09.03.0,2530.0,2016.2974,15000.0,0.2849315,0.0,17187.0
2021.09.01.0,24.0,0.87350464,20800.0,0.29041097,0.0,17347.0
2021.09.02.0,18.0,1.1832886,20800.0,0.28767124,0.0,17343.0
2021.09.03.0,18.0,1.0756531,20800.0,0.2849315,0.0,17187.0
2021.09.01.0,52.0,28.587006,12400.0,0.29041097,0.0,17347.0
2021.09.02.0,54.0,27.70929,12400.0,0.28767124,0.0,17343.0
2021.09.03.0,45.0,27.97815,12400.0,0.2849315,0.0,17187.0
2021.09.01.0,1.1000061,-23.826263,21000.0,0.041095898,5.0,17457.0
2021.09.02.0,0.1000061,-22.331116,21000.0,0.03835617,2.0,17476.0
2021.09.03.0,0.2000122,-21.612122,21000.0,0.035616443,0.0,17320.0
2021.09.01.0,21.5,-1.8010254,21000.0,0.29041097,1.0,17347.0
2021.09.02.0,15.0,-1.4274902,21000.0,0.28767124,0.0,17343.0
2021.09.03.0,15.0,-1.2784119,21000.0,0.2849315,1.0,17187.0
2021.09.01.0,48.0,25.452698,12200.0,0.29041097,11.0,17347.0
2021.09.02.0,52.0,24.766724,12200.0,0.28767124,4.0,17343.0
2021.09.03.0,42.5,25.395264,12200.0,0.2849315,13.0,17187.0
2021.09.01.0,0.2000122,-25.143097,21200.0,0.041095898,113.0,17457.0
2021.09.02.0,0.1000061,-22.991394,21200.0,0.03835617,46.0,17476.0
2021.09.03.0,0.2000122,-21.995209,21200.0,0.035616443,0.0,17320.0
2021.09.01.0,37.0,18.245941,16600.0,0.041095898,2608.0,17457.0
2021.09.02.0,49.0,6.6469116,16600.0,0.03835617,1651.0,17476.0
2021.09.03.0,27.0,-0.6928406,16600.0,0.035616443,2714.0,17320.0
2021.09.01.0,54.0,43.951508,16800.0,0.041095898,3854.0,17457.0
2021.09.02.0,75.0,27.32132,16800.0,0.03835617,2404.0,17476.0
2021.09.03.0,41.0,18.82602,16800.0,0.035616443,3088.0,17320.0
2021.09.01.0,0.2999878,-21.840271,20800.0,0.041095898,3.0,17457.0
2021.09.02.0,0.1000061,-19.720337,20800.0,0.03835617,0.0,17476.0
2021.09.03.0,0.2000122,-18.542023,20800.0,0.035616443,0.0,17320.0
2021.09.01.0,222.0,206.36685,14000.0,0.539726,0.0,17234.0
2021.09.02.0,234.0,197.5663,14000.0,0.5369863,0.0,17232.0
2021.09.03.0,209.0,190.82953,14000.0,0.53424656,1.0,17073.0
2021.09.01.0,343.0,349.62817,15000.0,0.539726,2.0,17234.0
2021.09.02.0,353.0,334.05515,15000.0,0.5369863,1.0,17232.0
2021.09.03.0,320.0,320.99045,15000.0,0.53424656,5.0,17073.0
2021.09.01.0,630.0,607.5956,17800.0,0.539726,1.0,17234.0
2021.09.02.0,590.0,646.34534,17800.0,0.5369863,2.0,17232.0
2021.09.03.0,650.0,645.5559,17800.0,0.53424656,5.0,17073.0
2021.09.01.0,4.600006,-23.58725,15100.0,0.041095898,214.0,17457.0
2021.09.02.0,4.700012,-22.340302,15100.0,0.03835617,177.0,17476.0
2021.09.03.0,2.7999878,-20.000061,15100.0,0.035616443,1228.0,17320.0
2021.09.01.0,113.0,62.17697,17700.0,0.041095898,7650.0,17457.0
2021.09.02.0,63.0,79.00746,17700.0,0.03835617,4469.0,17476.0
2021.09.03.0,114.0,83.08385,17700.0,0.035616443,5315.0,17320.0
2021.09.01.0,2.7999878,-7.3613586,18900.0,0.041095898,0.0,17457.0
2021.09.02.0,1.2999878,-6.861969,18900.0,0.03835617,0.0,17476.0
2021.09.03.0,3.100006,-6.0872498,18900.0,0.035616443,0.0,17320.0
2021.09.01.0,203.0,186.34618,13800.0,0.539726,1.0,17234.0
2021.09.02.0,212.0,178.65451,13800.0,0.5369863,0.0,17232.0
2021.09.03.0,192.0,171.53992,13800.0,0.53424656,1.0,17073.0
2021.09.01.0,242.0,228.93584,14200.0,0.539726,0.0,17234.0
2021.09.02.0,235.0,219.055,14200.0,0.5369863,0.0,17232.0
2021.09.03.0,227.0,210.00511,14200.0,0.53424656,1.0,17073.0
2021.09.01.0,371.0,377.27106,15200.0,0.539726,0.0,17234.0
2021.09.02.0,398.0,360.98602,15200.0,0.5369863,0.0,17232.0
2021.09.03.0,350.0,351.20602,15200.0,0.53424656,1.0,17073.0
2021.09.01.0,1200.0,1194.3661,16800.0,0.539726,0.0,17234.0
2021.09.02.0,1100.0,1251.4307,16800.0,0.5369863,0.0,17232.0
2021.09.03.0,1200.0,1240.3895,16800.0,0.53424656,0.0,17073.0
2021.09.01.0,820.0,725.9398,16700.0,0.041095898,0.0,17457.0
2021.09.02.0,680.0,808.3016,16700.0,0.03835617,0.0,17476.0
2021.09.03.0,845.0,786.9812,16700.0,0.035616443,0.0,17320.0
2021.09.01.0,12.0,-8.476807,18300.0,0.041095898,666.0,17457.0
2021.09.02.0,6.200012,-8.07428,18300.0,0.03835617,440.0,17476.0
2021.09.03.0,13.0,-7.141144,18300.0,0.035616443,687.0,17320.0
2021.09.01.0,3.5,-21.327423,14900.0,0.041095898,33.0,17457.0
2021.09.02.0,3.7000122,-20.162354,14900.0,0.03835617,66.0,17476.0
2021.09.03.0,2.600006,-18.610718,14900.0,0.035616443,1273.0,17320.0
2021.09.01.0,31.0,9.502808,16500.0,0.041095898,2685.0,17457.0
2021.09.02.0,41.0,-2.3172607,16500.0,0.03835617,1749.0,17476.0
2021.09.03.0,23.0,-9.897034,16500.0,0.035616443,2764.0,17320.0
2021.09.01.0,68.0,66.950424,16900.0,0.041095898,3210.0,17457.0
2021.09.02.0,90.0,43.539062,16900.0,0.03835617,1896.0,17476.0
2021.09.03.0,50.0,32.843933,16900.0,0.035616443,2820.0,17320.0
2021.09.01.0,80.0,83.04875,17000.0,0.041095898,4070.9998,17457.0
2021.09.02.0,111.0,60.30211,17000.0,0.03835617,3227.0,17476.0
2021.09.03.0,63.0,49.697845,17000.0,0.035616443,4575.0,17320.0
2021.09.01.0,26.0,4.603485,18100.0,0.041095898,1003.0,17457.0
2021.09.02.0,12.5,9.833282,18100.0,0.03835617,1058.0,17476.0
2021.09.03.0,27.5,7.182251,18100.0,0.035616443,3345.0,17320.0
2021.09.01.0,6.0,-7.913788,18500.0,0.041095898,170.0,17457.0
2021.09.02.0,3.2999878,-8.067017,18500.0,0.03835617,190.0,17476.0
2021.09.03.0,6.600006,-9.997833,18500.0,0.035616443,1322.0,17320.0
2021.09.01.0,735.0,728.47217,17600.0,0.539726,0.0,17234.0
2021.09.02.0,670.0,781.14624,17600.0,0.5369863,0.0,17232.0
2021.09.03.0,740.0,771.0136,17600.0,0.53424656,4.0,17073.0
2021.09.01.0,250.0,196.0502,19000.0,0.539726,2.0,17234.0
2021.09.02.0,230.0,206.8248,19000.0,0.5369863,5.0,17232.0
2021.09.03.0,280.0,207.95438,19000.0,0.53424656,15.0,17073.0
2021.09.01.0,66.0,42.382965,20800.0,0.539726,0.0,17234.0
2021.09.02.0,67.0,44.491272,20800.0,0.5369863,0.0,17232.0
2021.09.03.0,58.0,45.789978,20800.0,0.53424656,0.0,17073.0
2021.09.01.0,6.5,-28.770477,15500.0,0.041095898,868.0,17457.0
2021.09.02.0,8.299988,-29.607971,15500.0,0.03835617,718.0,17476.0
2021.09.03.0,5.100006,-28.880096,15500.0,0.035616443,1883.0,17320.0
2021.09.01.0,11.5,-14.219299,15900.0,0.041095898,1037.0,17457.0
2021.09.02.0,15.0,-14.292999,15900.0,0.03835617,1245.0,17476.0
2021.09.03.0,8.600006,-13.190887,15900.0,0.035616443,2042.0,17320.0
2021.09.01.0,22.0,-5.9592285,16300.0,0.041095898,1290.0,17457.0
2021.09.02.0,28.5,-10.850708,16300.0,0.03835617,729.0,17476.0
2021.09.03.0,15.5,-11.986664,16300.0,0.035616443,1506.0,17320.0
2021.09.01.0,101.0,123.99242,17100.0,0.041095898,3089.0,17457.0
2021.09.02.0,135.0,89.46553,17100.0,0.03835617,2519.0,17476.0
2021.09.03.0,80.0,74.00856,17100.0,0.035616443,3827.0,17320.0
2021.09.01.0,187.0,295.31073,17400.0,0.041095898,1051.0,17457.0
2021.09.02.0,250.0,231.4519,17400.0,0.03835617,2514.0,17476.0
2021.09.03.0,159.0,212.20297,17400.0,0.035616443,0.0,17320.0
2021.09.01.0,55.0,26.643646,17900.0,0.041095898,2867.0,17457.0
2021.09.02.0,27.0,44.33493,17900.0,0.03835617,2366.0,17476.0
2021.09.03.0,56.0,49.881836,17900.0,0.035616443,4171.0,17320.0
2021.09.01.0,4.299988,-5.749115,18700.0,0.041095898,50.0,17457.0
2021.09.02.0,1.5,-5.7593384,18700.0,0.03835617,4.0,17476.0
2021.09.03.0,3.2999878,-4.611267,18700.0,0.035616443,24.0,17320.0
2021.09.01.0,436.0,447.35052,16600.0,0.29041097,2.0,17347.0
2021.09.02.0,416.0,419.2366,16600.0,0.28767124,2.0,17343.0
2021.09.03.0,409.0,395.72644,16600.0,0.2849315,10.0,17187.0
2021.09.01.0,570.0,601.2816,17000.0,0.29041097,4.0,17347.0
2021.09.02.0,580.0,583.40735,17000.0,0.28767124,3.0,17343.0
2021.09.03.0,525.0,552.4579,17000.0,0.2849315,1.0,17187.0
2021.09.01.0,186.0,168.64005,13600.0,0.539726,0.0,17234.0
2021.09.02.0,183.0,161.29608,13600.0,0.5369863,0.0,17232.0
2021.09.03.0,176.0,154.85774,13600.0,0.53424656,4.0,17073.0
2021.09.01.0,860.0,878.0657,17000.0,0.539726,0.0,17234.0
2021.09.02.0,910.0,851.1,17000.0,0.5369863,1.0,17232.0
2021.09.03.0,805.0,834.1134,17000.0,0.53424656,2.0,17073.0
2021.09.01.0,410.0,374.1511,18400.0,0.539726,0.0,17234.0
2021.09.02.0,371.0,402.83484,18400.0,0.5369863,0.0,17232.0
2021.09.03.0,436.0,398.48328,18400.0,0.53424656,0.0,17073.0
2021.09.01.0,8.100006,-20.874023,15700.0,0.041095898,486.0,17457.0
2021.09.02.0,12.0,-20.594482,15700.0,0.03835617,692.0,17476.0
2021.09.03.0,6.799988,-20.638489,15700.0,0.035616443,3321.0,17320.0
2021.09.01.0,15.5,-13.853302,16100.0,0.041095898,795.0,17457.0
2021.09.02.0,20.0,-16.10556,16100.0,0.03835617,937.0,17476.0
2021.09.03.0,11.5,-14.826477,16100.0,0.035616443,1613.0,17320.0
2021.09.01.0,45.0,30.73172,16700.0,0.041095898,2476.0,17457.0
2021.09.02.0,59.999985,17.96051,16700.0,0.03835617,1328.0,17476.0
2021.09.03.0,33.0,9.792145,16700.0,0.035616443,1946.0,17320.0
2021.09.01.0,124.0,163.45312,17200.0,0.041095898,3734.0,17457.0
2021.09.02.0,168.0,122.53653,17200.0,0.03835617,2010.0,17476.0
2021.09.03.0,103.0,105.77617,17200.0,0.035616443,3787.9998,17320.0
2021.09.01.0,151.0,209.77002,17300.0,0.041095898,2463.0,17457.0
2021.09.02.0,205.0,168.40762,17300.0,0.03835617,1413.0,17476.0
2021.09.03.0,130.0,148.55922,17300.0,0.035616443,2556.0,17320.0
2021.09.01.0,229.0,348.19217,17500.0,0.041095898,0.0,17457.0
2021.09.02.0,311.0,323.11734,17500.0,0.03835617,0.0,17476.0
2021.09.03.0,198.0,305.26013,17500.0,0.035616443,0.0,17320.0
2021.09.01.0,2.100006,-9.15744,19100.0,0.041095898,2.0,17457.0
2021.09.02.0,1.7000122,-7.8610535,19100.0,0.03835617,8.0,17476.0
2021.09.03.0,2.0,-7.781769,19100.0,0.035616443,1.0,17320.0
2021.09.01.0,2.5,-11.993805,19500.0,0.041095898,0.0,17457.0
2021.09.02.0,0.8999939,-11.509491,19500.0,0.03835617,20.0,17476.0
2021.09.03.0,1.1000061,-10.911407,19500.0,0.035616443,0.0,17320.0
2021.09.01.0,16.0,-6.9980164,21600.0,0.29041097,0.0,17347.0
2021.09.02.0,9.5,-6.422455,21600.0,0.28767124,0.0,17343.0
2021.09.03.0,9.0,-6.47287,21600.0,0.2849315,0.0,17187.0
2021.09.01.0,530.0,603.8598,16000.0,0.539726,1.0,17234.0
2021.09.02.0,515.0,556.7963,16000.0,0.5369863,0.0,17232.0
2021.09.03.0,510.0,523.45044,16000.0,0.53424656,10.0,17073.0
2021.09.01.0,51.0,30.187866,21200.0,0.539726,2.0,17234.0
2021.09.02.0,51.0,32.100708,21200.0,0.5369863,0.0,17232.0
2021.09.03.0,43.0,33.225067,21200.0,0.53424656,0.0,17073.0
2021.09.01.0,38.5,22.701263,21600.0,0.539726,0.0,17234.0
2021.09.02.0,38.5,23.961487,21600.0,0.5369863,0.0,17232.0
2021.09.03.0,32.5,24.630615,21600.0,0.53424656,0.0,17073.0
2021.09.01.0,441.0,462.8963,15600.0,0.539726,3.0,17234.0
2021.09.02.0,449.0,443.77954,15600.0,0.5369863,1.0,17232.0
2021.09.03.0,420.0,428.60498,15600.0,0.53424656,12.0,17073.0
2021.09.01.0,355.0,305.44672,18600.0,0.539726,0.0,17234.0
2021.09.02.0,319.0,325.61395,18600.0,0.5369863,1.0,17232.0
2021.09.03.0,378.0,321.3564,18600.0,0.53424656,0.0,17073.0
2021.09.01.0,115.0,81.89531,20000.0,0.539726,2.0,17234.0
2021.09.02.0,116.0,85.31474,20000.0,0.5369863,0.0,17232.0
2021.09.03.0,119.0,86.796036,20000.0,0.53424656,0.0,17073.0
2021.09.01.0,2.600006,-25.100555,14500.0,0.041095898,323.0,17457.0
2021.09.02.0,3.600006,-24.145996,14500.0,0.03835617,39.0,17476.0
2021.09.03.0,1.7000122,-21.727753,14500.0,0.035616443,61.0,17320.0
2021.09.01.0,850.0,811.73535,17400.0,0.539726,1.0,17234.0
2021.09.02.0,775.0,878.209,17400.0,0.5369863,1.0,17232.0
2021.09.03.0,825.0,881.9143,17400.0,0.53424656,4.0,17073.0
2021.09.01.0,4.899994,-21.051392,15300.0,0.041095898,1529.0,17457.0
2021.09.02.0,6.399994,-21.888,15300.0,0.03835617,1562.0,17476.0
2021.09.03.0,4.0,-20.669708,15300.0,0.035616443,229.0,17320.0
2021.09.01.0,328.0,211.67337,17300.0,0.041095898,0.0,17457.0
2021.09.02.0,226.0,280.90057,17300.0,0.03835617,0.0,17476.0
2021.09.03.0,335.0,315.7503,17300.0,0.035616443,0.0,17320.0
2021.09.01.0,203.0,93.869644,17500.0,0.041095898,6603.0,17457.0
2021.09.02.0,125.0,105.817795,17500.0,0.03835617,3448.0,17476.0
2021.09.03.0,205.0,105.39467,17500.0,0.035616443,5730.0,17320.0
2021.09.01.0,2.0,-11.392639,19300.0,0.041095898,0.0,17457.0
2021.09.02.0,0.8999939,-10.192993,19300.0,0.03835617,0.0,17476.0
2021.09.03.0,1.5,-9.317047,19300.0,0.035616443,0.0,17320.0
2021.09.01.0,288.0,281.56128,14600.0,0.539726,0.0,17234.0
2021.09.02.0,289.0,269.42758,14600.0,0.5369863,0.0,17232.0
2021.09.03.0,270.0,258.61334,14600.0,0.53424656,0.0,17073.0
2021.09.01.0,580.0,620.22424,16200.0,0.539726,1.0,17234.0
2021.09.02.0,565.0,598.9713,16200.0,0.5369863,1.0,17232.0
2021.09.03.0,590.0,575.516,16200.0,0.53424656,10.0,17073.0
2021.09.01.0,1.1000061,-15.379059,19900.0,0.041095898,0.0,17457.0
2021.09.02.0,0.5,-14.02533,19900.0,0.03835617,0.0,17476.0
2021.09.03.0,0.7000122,-13.278015,19900.0,0.035616443,0.0,17320.0
2021.09.01.0,14.5,-11.424133,21800.0,0.29041097,14.0,17347.0
2021.09.02.0,9.200012,-9.917786,21800.0,0.28767124,1.0,17343.0
2021.09.03.0,9.899994,-9.109497,21800.0,0.2849315,0.0,17187.0
2021.09.01.0,775.0,818.3348,16800.0,0.539726,0.0,17234.0
2021.09.02.0,830.0,783.00665,16800.0,0.5369863,10.0,17232.0
2021.09.03.0,730.0,755.71124,16800.0,0.53424656,3.0,17073.0
2021.09.01.0,540.0,526.16797,18000.0,0.539726,54.0,17234.0
2021.09.02.0,495.0,562.8874,18000.0,0.5369863,3.0,17232.0
2021.09.03.0,570.0,554.37036,18000.0,0.53424656,50.0,17073.0
2021.09.01.0,472.0,436.74298,18200.0,0.539726,0.0,17234.0
2021.09.02.0,430.0,472.2614,18200.0,0.5369863,0.0,17232.0
2021.09.03.0,500.0,471.45517,18200.0,0.53424656,0.0,17073.0
2021.09.01.0,33.5,18.051025,21800.0,0.539726,14.0,17234.0
2021.09.02.0,33.5,19.674591,21800.0,0.5369863,6.0,17232.0
2021.09.03.0,30.5,20.572205,21800.0,0.53424656,8.0,17073.0
2021.09.01.0,1.6000061,-14.164001,19700.0,0.041095898,0.0,17457.0
2021.09.02.0,0.7000122,-13.02533,19700.0,0.03835617,0.0,17476.0
2021.09.03.0,0.8999939,-12.490875,19700.0,0.035616443,0.0,17320.0
2021.09.01.0,128.0,96.40744,19800.0,0.539726,0.0,17234.0
2021.09.02.0,133.0,100.24477,19800.0,0.5369863,0.0,17232.0
2021.09.03.0,120.0,101.591034,19800.0,0.53424656,0.0,17073.0
2021.09.01.0,40.0,37.699707,14800.0,0.1369863,6.0,17405.0
2021.09.02.0,42.0,28.896759,14800.0,0.13424657,4.0,17407.0
2021.09.03.0,32.0,18.635803,14800.0,0.13150685,9.0,17262.0
2021.09.01.0,45.0,40.755493,14900.0,0.1369863,5.0,17405.0
2021.09.02.0,46.0,31.55658,14900.0,0.13424657,2.0,17407.0
2021.09.03.0,35.0,21.30252,14900.0,0.13150685,17.0,17262.0
2021.09.01.0,47.5,43.26169,15000.0,0.1369863,128.0,17405.0
2021.09.02.0,51.0,33.535675,15000.0,0.13424657,85.0,17407.0
2021.09.03.0,35.5,23.161774,15000.0,0.13150685,184.0,17262.0
2021.09.01.0,101.0,102.2204,15900.0,0.1369863,12.0,17405.0
2021.09.02.0,113.0,82.15262,15900.0,0.13424657,20.0,17407.0
2021.09.03.0,82.0,68.29004,15900.0,0.13150685,39.0,17262.0
2021.09.01.0,109.0,99.676895,16000.0,0.1369863,91.0,17405.0
2021.09.02.0,119.0,84.24773,16000.0,0.13424657,57.999985,17407.0
2021.09.03.0,86.0,73.801544,16000.0,0.13150685,143.0,17262.0
2021.09.01.0,500.0,449.57288,17300.0,0.1369863,0.0,17405.0
2021.09.02.0,399.0,496.25287,17300.0,0.13424657,0.0,17407.0
2021.09.03.0,496.0,463.5866,17300.0,0.13150685,127.0,17262.0
2021.09.01.0,330.0,267.42773,17600.0,0.1369863,68.0,17405.0
2021.09.02.0,248.0,293.95697,17600.0,0.13424657,114.0,17407.0
2021.09.03.0,330.0,278.9405,17600.0,0.13150685,143.0,17262.0
2021.09.01.0,252.0,181.67354,17800.0,0.1369863,149.0,17405.0
2021.09.02.0,175.0,200.51843,17800.0,0.13424657,58.999985,17407.0
2021.09.03.0,237.0,190.30797,17800.0,0.13150685,62.0,17262.0
2021.09.01.0,178.0,119.188354,18000.0,0.1369863,415.0,17405.0
2021.09.02.0,121.0,130.38123,18000.0,0.13424657,60.0,17407.0
2021.09.03.0,169.0,123.431,18000.0,0.13150685,258.0,17262.0
2021.09.01.0,85.0,47.80493,18400.0,0.1369863,46.0,17405.0
2021.09.02.0,54.0,51.5343,18400.0,0.13424657,93.0,17407.0
2021.09.03.0,78.0,50.63449,18400.0,0.13150685,36.0,17262.0
2021.09.01.0,69.0,38.894073,18500.0,0.1369863,82.0,17405.0
2021.09.02.0,47.5,41.687714,18500.0,0.13424657,97.0,17407.0
2021.09.03.0,63.0,39.464996,18500.0,0.13150685,164.0,17262.0
2021.09.01.0,8.100006,-6.1980286,20000.0,0.1369863,0.0,17405.0
2021.09.02.0,5.299988,-5.7323303,20000.0,0.13424657,4.0,17407.0
2021.09.03.0,8.899994,-5.7721863,20000.0,0.13150685,6.0,17262.0
2021.09.01.0,940.0,930.97327,17200.0,0.539726,0.0,17234.0
2021.09.02.0,875.0,979.0703,17200.0,0.5369863,0.0,17232.0
2021.09.03.0,955.0,974.2771,17200.0,0.53424656,0.0,17073.0
2021.09.01.0,255.0,255.26198,16900.0,0.1369863,34.0,17405.0
2021.09.02.0,293.0,217.84802,16900.0,0.13424657,312.0,17407.0
2021.09.03.0,218.0,199.34113,16900.0,0.13150685,156.0,17262.0
2021.09.01.0,144.0,98.45825,18100.0,0.1369863,31.0,17405.0
2021.09.02.0,102.0,106.35153,18100.0,0.13424657,205.0,17407.0
2021.09.03.0,139.0,97.701324,18100.0,0.13150685,393.0,17262.0
2021.09.01.0,104.0,59.873367,18300.0,0.1369863,196.0,17405.0
2021.09.02.0,70.0,64.46071,18300.0,0.13424657,193.0,17407.0
2021.09.03.0,94.0,63.362015,18300.0,0.13150685,110.0,17262.0
2021.09.01.0,56.0,30.57965,18600.0,0.1369863,24.0,17405.0
2021.09.02.0,39.5,31.789307,18600.0,0.13424657,101.000015,17407.0
2021.09.03.0,52.0,31.12088,18600.0,0.13150685,13.0,17262.0
2021.09.01.0,15.5,1.288147,19400.0,0.1369863,4.0,17405.0
2021.09.02.0,11.5,1.320221,19400.0,0.13424657,0.0,17407.0
2021.09.03.0,13.0,0.7522583,19400.0,0.13150685,14.0,17262.0
2021.09.01.0,9.100006,-4.349304,19800.0,0.1369863,0.0,17405.0
2021.09.02.0,6.899994,-3.6302185,19800.0,0.13424657,0.0,17407.0
2021.09.03.0,8.399994,-3.90625,19800.0,0.13150685,0.0,17262.0
2021.09.01.0,6.700012,-10.283691,20300.0,0.1369863,7.0,17405.0
2021.09.02.0,3.7999878,-9.398987,20300.0,0.13424657,1.0,17407.0
2021.09.03.0,5.0,-8.949463,20300.0,0.13150685,0.0,17262.0
2021.09.01.0,483.0,506.7782,15800.0,0.539726,0.0,17234.0
2021.09.02.0,468.0,481.55127,15800.0,0.5369863,0.0,17232.0
2021.09.03.0,464.0,466.04996,15800.0,0.53424656,10.0,17073.0
2021.09.01.0,3.0,-21.605408,14700.0,0.041095898,83.0,17457.0
2021.09.02.0,3.7000122,-20.775024,14700.0,0.03835617,66.0,17476.0
2021.09.03.0,2.2000122,-18.976746,14700.0,0.035616443,25.0,17320.0
2021.09.01.0,53.0,53.716187,15200.0,0.1369863,16.0,17405.0
2021.09.02.0,58.0,42.40164,15200.0,0.13424657,15.0,17407.0
2021.09.03.0,42.5,30.992004,15200.0,0.13150685,36.0,17262.0
2021.09.01.0,437.0,393.7068,17400.0,0.1369863,0.0,17405.0
2021.09.02.0,350.0,438.24963,17400.0,0.13424657,0.0,17407.0
2021.09.03.0,440.0,412.5398,17400.0,0.13150685,47.0,17262.0
2021.09.01.0,211.0,148.64297,17900.0,0.1369863,30.0,17405.0
2021.09.02.0,147.0,164.36032,17900.0,0.13424657,46.0,17407.0
2021.09.03.0,202.0,155.60477,17900.0,0.13150685,27.0,17262.0
2021.09.01.0,124.0,77.420105,18200.0,0.1369863,188.0,17405.0
2021.09.02.0,82.0,84.023865,18200.0,0.13424657,57.999985,17407.0
2021.09.03.0,115.0,79.76427,18200.0,0.13150685,70.0,17262.0
2021.09.01.0,24.5,7.29776,19100.0,0.1369863,33.0,17405.0
2021.09.02.0,16.5,7.158386,19100.0,0.13424657,2.0,17407.0
2021.09.03.0,21.0,6.7529907,19100.0,0.13150685,9.0,17262.0
2021.09.01.0,7.600006,-7.1702576,20100.0,0.1369863,0.0,17405.0
2021.09.02.0,5.0,-6.6875,20100.0,0.13424657,0.0,17407.0
2021.09.03.0,6.100006,-6.7382507,20100.0,0.13150685,0.0,17262.0
2021.09.01.0,700.0,735.326,16600.0,0.539726,1.0,17234.0
2021.09.02.0,685.0,709.4309,16600.0,0.5369863,0.0,17232.0
2021.09.03.0,670.0,693.0575,16600.0,0.53424656,10.0,17073.0
2021.09.01.0,640.0,578.16284,16900.0,0.041095898,0.0,17457.0
2021.09.02.0,510.0,647.9188,16900.0,0.03835617,0.0,17476.0
2021.09.03.0,660.0,624.3065,16900.0,0.035616443,0.0,17320.0
2021.09.01.0,474.0,370.19223,17100.0,0.041095898,0.0,17457.0
2021.09.02.0,358.0,461.96576,17100.0,0.03835617,0.0,17476.0
2021.09.03.0,483.0,473.4698,17100.0,0.035616443,0.0,17320.0
2021.09.01.0,38.0,33.375458,14700.0,0.1369863,15.0,17405.0
2021.09.02.0,37.5,25.35019,14700.0,0.13424657,2.0,17407.0
2021.09.03.0,32.0,16.08844,14700.0,0.13150685,21.0,17262.0
2021.09.01.0,63.0,64.4512,15400.0,0.1369863,88.999985,17405.0
2021.09.02.0,72.0,51.82956,15400.0,0.13424657,39.0,17407.0
2021.09.03.0,52.0,40.16617,15400.0,0.13150685,14.0,17262.0
2021.09.01.0,118.0,102.622665,16100.0,0.1369863,18.0,17405.0
2021.09.02.0,134.0,88.83469,16100.0,0.13424657,23.0,17407.0
2021.09.03.0,98.0,83.11218,16100.0,0.13150685,57.999985,17262.0
2021.09.01.0,165.0,144.18948,16400.0,0.1369863,335.0,17405.0
2021.09.02.0,170.0,122.774796,16400.0,0.13424657,8.0,17407.0
2021.09.03.0,135.0,115.66612,16400.0,0.13150685,18.0,17262.0
2021.09.01.0,287.0,220.2085,17700.0,0.1369863,106.0,17405.0
2021.09.02.0,211.0,241.50627,17700.0,0.13424657,134.0,17407.0
2021.09.03.0,280.0,230.69682,17700.0,0.13150685,76.0,17262.0
2021.09.01.0,38.5,17.532867,18800.0,0.1369863,43.0,17405.0
2021.09.02.0,26.0,17.757355,18800.0,0.13424657,27.0,17407.0
2021.09.03.0,36.0,17.433838,18800.0,0.13150685,45.0,17262.0
2021.09.01.0,27.5,10.0026245,19000.0,0.1369863,29.0,17405.0
2021.09.02.0,19.0,10.112366,19000.0,0.13424657,9.0,17407.0
2021.09.03.0,25.0,9.933594,19000.0,0.13150685,11.0,17262.0
2021.09.01.0,7.0,-5.386139,19900.0,0.1369863,0.0,17405.0
2021.09.02.0,6.0,-4.7645264,19900.0,0.13424657,1.0,17407.0
2021.09.03.0,7.600006,-4.748749,19900.0,0.13150685,0.0,17262.0
2021.09.01.0,640.0,679.3089,16400.0,0.539726,0.0,17234.0
2021.09.02.0,695.0,640.76965,16400.0,0.5369863,0.0,17232.0
2021.09.03.0,610.0,624.06573,16400.0,0.53424656,61.0,17073.0
2021.09.01.0,299.0,248.72614,18800.0,0.539726,0.0,17234.0
2021.09.02.0,272.0,264.9765,18800.0,0.5369863,0.0,17232.0
2021.09.03.0,325.0,262.48145,18800.0,0.53424656,0.0,17073.0
2021.09.01.0,194.0,168.88611,19200.0,0.539726,0.0,17234.0
2021.09.02.0,201.0,176.60675,19200.0,0.5369863,2.0,17232.0
2021.09.03.0,239.0,175.2475,19200.0,0.53424656,0.0,17073.0
2021.09.01.0,35.0,32.154938,14600.0,0.1369863,5.0,17405.0
2021.09.02.0,38.0,24.222015,14600.0,0.13424657,0.0,17407.0
2021.09.03.0,27.5,13.863892,14600.0,0.13150685,4.0,17262.0
2021.09.01.0,50.0,51.08838,15100.0,0.1369863,2.0,17405.0
2021.09.02.0,54.0,40.087524,15100.0,0.13424657,7.0,17407.0
2021.09.03.0,39.0,28.63263,15100.0,0.13150685,27.0,17262.0
2021.09.01.0,560.0,493.26672,17200.0,0.1369863,0.0,17405.0
2021.09.02.0,450.0,539.55396,17200.0,0.13424657,0.0,17407.0
2021.09.03.0,555.0,528.94116,17200.0,0.13150685,0.0,17262.0
2021.09.01.0,381.0,315.7,17500.0,0.1369863,42.0,17405.0
2021.09.02.0,296.0,348.26294,17500.0,0.13424657,72.000015,17407.0
2021.09.03.0,385.0,335.34018,17500.0,0.13150685,41.0,17262.0
2021.09.01.0,50.0,23.307983,18700.0,0.1369863,28.0,17405.0
2021.09.02.0,31.0,24.621124,18700.0,0.13424657,4.0,17407.0
2021.09.03.0,41.0,23.747406,18700.0,0.13150685,37.0,17262.0
2021.09.01.0,20.5,4.9360657,19200.0,0.1369863,0.0,17405.0
2021.09.02.0,19.0,4.900818,19200.0,0.13424657,4.0,17407.0
2021.09.03.0,18.0,4.1680603,19200.0,0.13150685,1.0,17262.0
2021.09.01.0,11.5,-0.532074,19500.0,0.1369863,5.0,17405.0
2021.09.02.0,10.5,-0.29159546,19500.0,0.13424657,5.0,17407.0
2021.09.03.0,12.0,-0.7948303,19500.0,0.13150685,1.0,17262.0
2021.09.01.0,7.100006,-7.13739,20200.0,0.1369863,0.0,17405.0
2021.09.02.0,4.700012,-6.769867,20200.0,0.13424657,0.0,17407.0
2021.09.03.0,5.5,-6.8592224,20200.0,0.13150685,8.0,17262.0
2021.09.01.0,32.0,26.57724,14500.0,0.1369863,24.0,17405.0
2021.09.02.0,33.5,19.604462,14500.0,0.13424657,34.0,17407.0
2021.09.03.0,25.0,10.944763,14500.0,0.13150685,21.0,17262.0
2021.09.01.0,92.0,87.88103,15800.0,0.1369863,160.0,17405.0
2021.09.02.0,103.0,72.92154,15800.0,0.13424657,8.0,17407.0
2021.09.03.0,72.0,61.680923,15800.0,0.13150685,71.000015,17262.0
2021.09.01.0,210.0,193.06818,16700.0,0.1369863,87.999985,17405.0
2021.09.02.0,233.0,164.45947,16700.0,0.13424657,213.0,17407.0
2021.09.03.0,182.0,155.5572,16700.0,0.13150685,27.0,17262.0
2021.09.01.0,238.0,226.34113,16800.0,0.1369863,16.0,17405.0
2021.09.02.0,265.0,193.55518,16800.0,0.13424657,66.0,17407.0
2021.09.03.0,200.0,179.20816,16800.0,0.13150685,85.0,17262.0
2021.09.01.0,85.0,58.442047,20400.0,0.539726,0.0,17234.0
2021.09.02.0,88.0,61.038696,20400.0,0.5369863,51.0,17232.0
2021.09.03.0,85.0,62.39633,20400.0,0.53424656,0.0,17073.0
2021.09.01.0,59.0,59.62825,15300.0,0.1369863,17.0,17405.0
2021.09.02.0,64.0,47.39569,15300.0,0.13424657,15.0,17407.0
2021.09.03.0,47.5,35.511383,15300.0,0.13150685,71.000015,17262.0
2021.09.01.0,73.0,75.70604,15600.0,0.1369863,41.0,17405.0
2021.09.02.0,84.0,61.396667,15600.0,0.13424657,66.0,17407.0
2021.09.03.0,60.999985,48.66272,15600.0,0.13150685,25.0,17262.0
2021.09.01.0,285.0,285.6314,17000.0,0.1369863,107.0,17405.0
2021.09.02.0,326.0,251.41438,17000.0,0.13424657,213.0,17407.0
2021.09.03.0,251.0,232.5437,17000.0,0.13150685,188.0,17262.0
2021.09.01.0,68.0,68.74538,15500.0,0.1369863,212.0,17405.0
2021.09.02.0,76.0,55.37085,15500.0,0.13424657,124.0,17407.0
2021.09.03.0,56.0,43.29834,15500.0,0.13150685,65.0,17262.0
2021.09.01.0,83.0,85.1741,15700.0,0.1369863,233.0,17405.0
2021.09.02.0,90.0,67.79695,15700.0,0.13424657,19.0,17407.0
2021.09.03.0,66.0,55.486298,15700.0,0.13150685,41.0,17262.0
2021.09.01.0,145.0,133.2933,16300.0,0.1369863,35.0,17405.0
2021.09.02.0,165.0,114.3159,16300.0,0.13424657,27.0,17407.0
2021.09.03.0,120.0,106.28964,16300.0,0.13150685,126.0,17262.0
2021.09.01.0,173.0,158.72034,16500.0,0.1369863,63.0,17405.0
2021.09.02.0,194.0,135.29881,16500.0,0.13424657,23.0,17407.0
2021.09.03.0,146.0,127.50116,16500.0,0.13150685,42.0,17262.0
2021.09.01.0,193.0,177.03378,16600.0,0.1369863,229.0,17405.0
2021.09.02.0,215.0,146.87993,16600.0,0.13424657,389.0,17407.0
2021.09.03.0,163.0,136.04901,16600.0,0.13150685,381.0,17262.0
2021.09.01.0,700.0,659.8335,17000.0,0.1369863,0.0,17405.0
2021.09.02.0,585.0,712.9448,17000.0,0.13424657,0.0,17407.0
2021.09.03.0,705.0,693.5218,17000.0,0.13150685,0.0,17262.0
2021.09.01.0,1070.0,1096.0183,17000.0,0.539726,0.0,17234.0
2021.09.02.0,985.0,1143.0225,17000.0,0.5369863,0.0,17232.0
2021.09.03.0,1070.0,1118.3657,17000.0,0.53424656,0.0,17073.0
2021.09.01.0,177.0,135.85521,19400.0,0.539726,2.0,17234.0
2021.09.02.0,175.0,142.05673,19400.0,0.5369863,0.0,17232.0
2021.09.03.0,190.0,142.8906,19400.0,0.53424656,0.0,17073.0
2021.09.01.0,0.7999878,-19.93219,20300.0,0.041095898,0.0,17457.0
2021.09.02.0,0.2999878,-18.5159,20300.0,0.03835617,1.0,17476.0
2021.09.03.0,0.2000122,-17.43277,20300.0,0.035616443,0.0,17320.0
2021.09.02.0,23.0,18.418701,14100.0,0.13424657,13.0,17407.0
2021.09.03.0,19.0,12.0894165,14100.0,0.13150685,2.0,17262.0
2021.09.02.0,32.5,8.151398,14300.0,0.13424657,3.0,17407.0
2021.09.03.0,24.0,7.411621,14300.0,0.13150685,7.0,17262.0
2021.09.02.0,33.0,24.116943,14400.0,0.13424657,13.0,17407.0
2021.09.03.0,27.0,18.626007,14400.0,0.13150685,0.0,17262.0
2021.09.02.0,150.0,104.00307,16200.0,0.13424657,49.0,17407.0
2021.09.03.0,109.0,94.427124,16200.0,0.13150685,191.0,17262.0
2021.09.01.0,33.5,13.139496,18900.0,0.1369863,24.0,17405.0
2021.09.02.0,21.5,13.63147,18900.0,0.13424657,31.0,17407.0
2021.09.03.0,30.0,12.995392,18900.0,0.13150685,39.0,17262.0
2021.09.03.0,131.0,116.78366,15600.0,0.20821919,61.0,17227.0
2021.09.03.0,177.0,158.23051,16000.0,0.20821919,24.0,17227.0
2021.09.03.0,192.0,177.2151,16100.0,0.20821919,0.0,17227.0
2021.09.03.0,215.0,200.54257,16200.0,0.20821919,0.0,17227.0
2021.09.02.0,158.0,133.54941,13200.0,0.5369863,2.0,17232.0
2021.09.03.0,142.0,128.44748,13200.0,0.53424656,3.0,17073.0
2021.09.02.0,1.7000122,-24.137024,14100.0,0.03835617,1.0,17476.0
2021.09.03.0,1.2999878,-24.191376,14100.0,0.035616443,0.0,17320.0
2021.09.02.0,2.0,-24.417725,14300.0,0.03835617,0.0,17476.0
2021.09.03.0,2.0,-23.751678,14300.0,0.035616443,2.0,17320.0
2021.09.02.0,30.0,21.559143,14200.0,0.13424657,1.0,17407.0
2021.09.03.0,23.5,14.667816,14200.0,0.13150685,0.0,17262.0
2021.09.02.0,505.0,624.28894,17100.0,0.13424657,0.0,17407.0
2021.09.03.0,635.0,604.5674,17100.0,0.13150685,0.0,17262.0
2021.09.03.0,154.0,141.77777,15800.0,0.20821919,0.0,17227.0
2021.09.03.0,68.0,49.300507,14500.0,0.20821919,10.0,17227.0
2021.09.01.0,58.0,35.734924,21000.0,0.539726,0.0,17234.0
2021.09.02.0,58.0,37.700836,21000.0,0.5369863,3.0,17232.0
2021.09.03.0,48.0,39.056763,21000.0,0.53424656,0.0,17073.0
2021.09.01.0,147.0,113.81714,19600.0,0.539726,1.0,17234.0
2021.09.02.0,152.0,118.391266,19600.0,0.5369863,18.0,17232.0
2021.09.03.0,171.0,119.40758,19600.0,0.53424656,0.0,17073.0
2021.09.02.0,369.0,308.99564,17100.0,0.13424657,71.000015,17407.0
2021.09.03.0,282.0,279.85043,17100.0,0.13150685,80.0,17262.0
2021.09.01.0,349.0,393.7171,17200.0,0.1369863,91.0,17405.0
2021.09.02.0,418.0,348.13638,17200.0,0.13424657,34.0,17407.0
2021.09.03.0,310.0,320.61914,17200.0,0.13150685,28.0,17262.0
2021.09.01.0,11.0,-1.7782898,19600.0,0.1369863,4.0,17405.0
2021.09.02.0,9.0,-1.0793152,19600.0,0.13424657,0.0,17407.0
2021.09.03.0,10.5,-1.4151611,19600.0,0.13150685,82.0,17262.0
2021.09.03.0,59.999985,42.03601,14300.0,0.20821919,0.0,17227.0
2021.09.03.0,165.0,150.97037,15900.0,0.20821919,0.0,17227.0
2021.09.01.0,17.5,-5.466614,21400.0,0.29041097,0.0,17347.0
2021.09.02.0,10.0,-4.723175,21400.0,0.28767124,0.0,17343.0
2021.09.03.0,10.5,-4.898163,21400.0,0.2849315,0.0,17187.0
2021.09.02.0,77.0,51.469482,20600.0,0.5369863,0.0,17232.0
2021.09.03.0,70.0,52.50412,20600.0,0.53424656,0.0,17073.0
2021.09.02.0,7.899994,-2.8618164,19700.0,0.13424657,0.0,17407.0
2021.09.03.0,9.5,-3.3322754,19700.0,0.13150685,0.0,17262.0
2021.09.02.0,685.0,660.0431,17200.0,0.28767124,0.0,17343.0
2021.09.03.0,600.0,630.02405,17200.0,0.2849315,0.0,17187.0
2021.09.02.0,168.0,152.34326,13400.0,0.5369863,0.0,17232.0
2021.09.03.0,158.0,144.93082,13400.0,0.53424656,1.0,17073.0
2021.09.01.0,401.0,415.1607,15400.0,0.539726,0.0,17234.0
2021.09.02.0,422.0,398.59903,15400.0,0.5369863,2.0,17232.0
2021.09.03.0,385.0,386.43652,15400.0,0.53424656,0.0,17073.0
2021.09.02.0,99.0,70.93672,20200.0,0.5369863,0.0,17232.0
2021.09.03.0,106.0,72.51192,20200.0,0.53424656,0.0,17073.0
2021.09.02.0,0.3999939,-15.762939,20100.0,0.03835617,0.0,17476.0
2021.09.03.0,0.2999878,-15.255768,20100.0,0.035616443,0.0,17320.0
2021.09.02.0,438.0,435.78586,17300.0,0.13424657,5.0,17407.0
2021.09.03.0,351.0,400.54672,17300.0,0.13150685,0.0,17262.0
2021.09.02.0,484.0,486.87054,17400.0,0.13424657,73.999985,17407.0
2021.09.03.0,388.0,452.97375,17400.0,0.13150685,0.0,17262.0
2021.09.02.0,13.0,2.7388,19300.0,0.13424657,28.0,17407.0
2021.09.03.0,15.0,1.8806763,19300.0,0.13150685,6.0,17262.0
2021.09.02.0,44.0,26.863892,21400.0,0.5369863,0.0,17232.0
2021.09.03.0,35.5,27.681122,21400.0,0.53424656,0.0,17073.0
2021.09.01.0,264.0,253.06226,14400.0,0.539726,0.0,17234.0
2021.09.02.0,261.0,242.34671,14400.0,0.5369863,0.0,17232.0
2021.09.03.0,247.0,232.67929,14400.0,0.53424656,0.0,17073.0
2021.09.01.0,0.3999939,-18.857819,20700.0,0.041095898,0.0,17457.0
2021.09.02.0,0.1000061,-17.286835,20700.0,0.03835617,0.0,17476.0
2021.09.03.0,0.2000122,-16.651764,20700.0,0.035616443,0.0,17320.0
2021.09.01.0,710.0,759.577,17400.0,0.29041097,0.0,17347.0
2021.09.02.0,775.0,733.4835,17400.0,0.28767124,0.0,17343.0
2021.09.03.0,680.0,711.55475,17400.0,0.2849315,0.0,17187.0
2021.09.01.0,910.0,957.4657,17200.0,0.539726,0.0,17234.0
2021.09.02.0,1000.0,920.14746,17200.0,0.5369863,0.0,17232.0
2021.09.03.0,890.0,897.11865,17200.0,0.53424656,0.0,17073.0
2021.09.01.0,314.0,310.6075,14800.0,0.539726,0.0,17234.0
2021.09.02.0,319.0,297.61053,14800.0,0.5369863,0.0,17232.0
2021.09.03.0,294.0,285.97137,14800.0,0.53424656,0.0,17073.0
2021.09.03.0,1020.0,998.83923,16700.0,0.20821919,0.0,17227.0
2021.09.02.0,725.0,882.8766,16800.0,0.13424657,0.0,17407.0
2021.09.03.0,845.0,835.8097,16800.0,0.13150685,0.0,17262.0
2021.09.02.0,650.0,791.48584,16900.0,0.13424657,0.0,17407.0
2021.09.03.0,775.0,749.55457,16900.0,0.13150685,0.0,17262.0
2021.09.02.0,845.0,959.3993,16800.0,0.2109589,0.0,17370.0
2021.09.03.0,950.0,923.025,16800.0,0.20821919,0.0,17227.0
2021.09.01.0,1330.0,1339.8132,16600.0,0.539726,0.0,17234.0
2021.09.02.0,1230.0,1386.7767,16600.0,0.5369863,0.0,17232.0
2021.09.03.0,1330.0,1373.4355,16600.0,0.53424656,0.0,17073.0
2021.09.02.0,970.0,1104.0938,16600.0,0.2109589,0.0,17370.0
2021.09.03.0,1100.0,1081.3586,16600.0,0.20821919,0.0,17227.0
2021.09.01.0,920.0,905.1278,16700.0,0.1369863,0.0,17405.0
2021.09.02.0,795.0,957.14905,16700.0,0.13424657,0.0,17407.0
2021.09.03.0,930.0,916.484,16700.0,0.13150685,0.0,17262.0
2021.09.02.0,1120.0,1261.6954,16400.0,0.2109589,0.0,17370.0
2021.09.03.0,1260.0,1241.9412,16400.0,0.20821919,0.0,17227.0
2021.09.02.0,1040.0,1189.4623,16500.0,0.2109589,0.0,17370.0
2021.09.03.0,1180.0,1164.2798,16500.0,0.20821919,0.0,17227.0
2021.09.01.0,1080.0,1051.1635,16500.0,0.1369863,0.0,17405.0
2021.09.02.0,955.0,1116.729,16500.0,0.13424657,0.0,17407.0
2021.09.03.0,1090.0,1090.6687,16500.0,0.13150685,0.0,17262.0
2021.09.01.0,1000.0,973.6383,16600.0,0.1369863,0.0,17405.0
2021.09.02.0,875.0,1036.9816,16600.0,0.13424657,0.0,17407.0
2021.09.03.0,1010.0,1008.2727,16600.0,0.13150685,0.0,17262.0
2021.09.01.0,1470.0,1444.9207,16400.0,0.539726,0.0,17234.0
2021.09.02.0,1370.0,1492.561,16400.0,0.5369863,0.0,17232.0
2021.09.03.0,1470.0,1493.139,16400.0,0.53424656,0.0,17073.0
2021.09.01.0,1000.0,949.4863,16500.0,0.041095898,0.0,17457.0
2021.09.02.0,860.0,1041.3228,16500.0,0.03835617,0.0,17476.0
2021.09.03.0,1030.0,997.96704,16500.0,0.035616443,0.0,17320.0
2021.09.02.0,1040.0,1211.3422,16400.0,0.13424657,0.0,17407.0
2021.09.03.0,1180.0,1176.2666,16400.0,0.13150685,0.0,17262.0
2021.09.02.0,1190.0,1349.9276,16300.0,0.2109589,0.0,17370.0
2021.09.03.0,1340.0,1341.7812,16300.0,0.20821919,0.0,17227.0
2021.09.03.0,1270.0,1263.1168,16300.0,0.13150685,0.0,17262.0
2021.09.03.0,1620.0,1617.1989,16200.0,0.53424656,0.0,17073.0
2021.09.01.0,3280.0,2019.4391,14200.0,0.041095898,0.0,17457.0
2021.09.02.0,3120.0,2019.2893,14200.0,0.03835617,0.0,17476.0
2021.09.03.0,3310.0,2018.6547,14200.0,0.035616443,0.0,17320.0
2021.09.01.0,3080.0,2018.9081,14400.0,0.041095898,0.0,17457.0
2021.09.02.0,2920.0,2018.9856,14400.0,0.03835617,0.0,17476.0
2021.09.03.0,3110.0,2018.6666,14400.0,0.035616443,0.0,17320.0
2021.09.01.0,2880.0,2017.5259,14600.0,0.041095898,0.0,17457.0
2021.09.02.0,2720.0,2018.2903,14600.0,0.03835617,0.0,17476.0
2021.09.03.0,2910.0,2018.4133,14600.0,0.035616443,0.0,17320.0
2021.09.01.0,2690.0,2016.7386,14800.0,0.29041097,0.0,17347.0
2021.09.02.0,2540.0,2018.0518,14800.0,0.28767124,0.0,17343.0
2021.09.03.0,2710.0,2018.7517,14800.0,0.2849315,0.0,17187.0
2021.09.01.0,2330.0,1990.9274,15200.0,0.29041097,0.0,17347.0
2021.09.02.0,2190.0,2002.2008,15200.0,0.28767124,0.0,17343.0
2021.09.03.0,2350.0,2008.1948,15200.0,0.2849315,0.0,17187.0
2021.09.01.0,277.0,389.1756,17600.0,0.041095898,0.0,17457.0
2021.09.02.0,378.0,366.68295,17600.0,0.03835617,0.0,17476.0
2021.09.03.0,252.0,353.347,17600.0,0.035616443,0.0,17320.0
2021.09.01.0,344.0,433.39642,17700.0,0.041095898,0.0,17457.0
2021.09.02.0,444.0,412.92026,17700.0,0.03835617,0.0,17476.0
2021.09.03.0,306.0,403.2776,17700.0,0.035616443,0.0,17320.0
2021.09.01.0,0.5,-18.665344,20500.0,0.041095898,0.0,17457.0
2021.09.02.0,0.2000122,-17.124237,20500.0,0.03835617,0.0,17476.0
2021.09.03.0,0.2000122,-16.240356,20500.0,0.035616443,0.0,17320.0
2021.09.024.0,47.0,29.572723,12800.0,0.22739726,0.0,17015.0
2021.09.027.0,48.0,28.44632,12800.0,0.22465754,0.0,17179.0
2021.09.028.0,47.0,26.633423,12800.0,0.21643835,11.0,17226.0
2021.09.024.0,51.0,33.08365,13000.0,0.22739726,38.0,17015.0
2021.09.027.0,51.0,31.92633,13000.0,0.22465754,6.0,17179.0
2021.09.028.0,51.0,29.818054,13000.0,0.21643835,30.0,17226.0
2021.09.024.0,54.0,37.222992,13200.0,0.22739726,0.0,17015.0
2021.09.027.0,56.0,35.86609,13200.0,0.22465754,20.0,17179.0
2021.09.028.0,57.0,33.541565,13200.0,0.21643835,0.0,17226.0
2021.09.024.0,70.0,51.40555,13800.0,0.22739726,1.0,17015.0
2021.09.027.0,69.0,50.184814,13800.0,0.22465754,0.0,17179.0
2021.09.028.0,77.0,47.31729,13800.0,0.21643835,0.0,17226.0
2021.09.024.0,1450.0,1387.0139,16000.0,0.22739726,0.0,17015.0
2021.09.027.0,1480.0,1408.9482,16000.0,0.22465754,0.0,17179.0
2021.09.028.0,1400.0,1497.9786,16000.0,0.21643835,0.0,17226.0
2021.09.024.0,228.0,200.42868,18000.0,0.22739726,3.0,17015.0
2021.09.027.0,235.0,202.90031,18000.0,0.22465754,22.0,17179.0
2021.09.028.0,201.0,213.03955,18000.0,0.21643835,85.0,17226.0
2021.09.024.0,51.0,47.712555,19000.0,0.22739726,0.0,17015.0
2021.09.027.0,56.0,47.13678,19000.0,0.22465754,6.0,17179.0
2021.09.028.0,48.0,47.073517,19000.0,0.21643835,68.0,17226.0
2021.09.024.0,59.0,40.95819,13400.0,0.22739726,0.0,17015.0
2021.09.027.0,60.999985,39.771667,13400.0,0.22465754,0.0,17179.0
2021.09.028.0,63.0,37.43747,13400.0,0.21643835,0.0,17226.0
2021.09.024.0,77.0,59.055237,14000.0,0.22739726,6.0,17015.0
2021.09.027.0,73.0,57.63434,14000.0,0.22465754,5.0,17179.0
2021.09.028.0,86.0,53.99359,14000.0,0.21643835,2.0,17226.0
2021.09.024.0,165.0,131.90596,15200.0,0.22739726,7.0,17015.0
2021.09.027.0,160.0,132.23448,15200.0,0.22465754,9.0,17179.0
2021.09.028.0,182.0,127.09479,15200.0,0.21643835,5.0,17226.0
2021.09.024.0,17.5,1.2073364,20000.0,0.22739726,15.0,17015.0
2021.09.027.0,16.0,2.7189026,20000.0,0.22465754,14.0,17179.0
2021.09.028.0,16.5,4.678192,20000.0,0.21643835,21.0,17226.0
2021.09.024.0,835.0,758.1822,16800.0,0.22739726,0.0,17015.0
2021.09.027.0,865.0,783.9773,16800.0,0.22465754,0.0,17179.0
2021.09.028.0,810.0,854.5587,16800.0,0.21643835,0.0,17226.0
2021.09.024.0,480.0,426.53827,17400.0,0.22739726,3.0,17015.0
2021.09.027.0,510.0,433.58673,17400.0,0.22465754,3.0,17179.0
2021.09.028.0,434.0,468.54205,17400.0,0.21643835,1.0,17226.0
2021.09.024.0,28.0,14.895752,19600.0,0.22739726,1.0,17015.0
2021.09.027.0,23.5,15.50647,19600.0,0.22465754,0.0,17179.0
2021.09.028.0,21.0,16.181519,19600.0,0.21643835,0.0,17226.0
2021.09.024.0,152.0,113.303925,15000.0,0.22739726,3.0,17015.0
2021.09.027.0,139.0,113.57066,15000.0,0.22465754,144.0,17179.0
2021.09.028.0,162.0,108.7392,15000.0,0.21643835,14.0,17226.0
2021.09.024.0,595.0,527.1478,17200.0,0.22739726,2.0,17015.0
2021.09.027.0,620.0,552.4714,17200.0,0.22465754,1.0,17179.0
2021.09.028.0,515.0,590.0126,17200.0,0.21643835,0.0,17226.0
2021.09.024.0,15.0,-0.6626282,20200.0,0.22739726,2.0,17015.0
2021.09.027.0,12.5,-0.13388062,20200.0,0.22465754,0.0,17179.0
2021.09.028.0,14.5,1.1187439,20200.0,0.21643835,6.0,17226.0
2021.09.024.0,133.0,98.090256,14800.0,0.22739726,4.0,17015.0
2021.09.027.0,123.0,98.152695,14800.0,0.22465754,0.0,17179.0
2021.09.028.0,147.0,94.14485,14800.0,0.21643835,0.0,17226.0
2021.09.024.0,129.0,114.02817,18400.0,0.22739726,15.0,17015.0
2021.09.027.0,136.0,114.74332,18400.0,0.22465754,8.0,17179.0
2021.09.028.0,109.0,118.59386,18400.0,0.21643835,4.0,17226.0
2021.09.024.0,236.0,205.81503,15800.0,0.22739726,1.0,17015.0
2021.09.027.0,215.0,209.09567,15800.0,0.22465754,13.0,17179.0
2021.09.028.0,261.0,200.35146,15800.0,0.21643835,9.0,17226.0
2021.09.024.0,214.0,177.58276,15600.0,0.22739726,0.0,17015.0
2021.09.027.0,196.0,179.18492,15600.0,0.22465754,6.0,17179.0
2021.09.028.0,232.0,172.14363,15600.0,0.21643835,8.0,17226.0
2021.09.024.0,720.0,611.001,17000.0,0.22739726,0.0,17015.0
2021.09.027.0,750.0,649.7996,17000.0,0.22465754,0.0,17179.0
2021.09.028.0,675.0,724.99304,17000.0,0.21643835,0.0,17226.0
2021.09.024.0,302.0,265.91205,17800.0,0.22739726,1.0,17015.0
2021.09.027.0,305.0,270.84662,17800.0,0.22465754,2.0,17179.0
2021.09.028.0,266.0,285.25305,17800.0,0.21643835,0.0,17226.0
2021.09.024.0,269.0,239.79697,16000.0,0.22739726,1.0,17015.0
2021.09.027.0,251.0,243.58264,16000.0,0.22465754,1.0,17179.0
2021.09.028.0,294.0,234.70596,16000.0,0.21643835,0.0,17226.0
2021.09.024.0,12.5,-0.4202881,20400.0,0.22739726,0.0,17015.0
2021.09.027.0,9.0,-0.19772339,20400.0,0.22465754,0.0,17179.0
2021.09.028.0,10.5,0.42913818,20400.0,0.21643835,0.0,17226.0
2021.09.024.0,33.0,23.340302,19400.0,0.22739726,0.0,17015.0
2021.09.027.0,29.0,23.506012,19400.0,0.22465754,0.0,17179.0
2021.09.028.0,25.0,23.757935,19400.0,0.21643835,0.0,17226.0
2021.09.024.0,64.0,45.803497,13600.0,0.22739726,0.0,17015.0
2021.09.027.0,66.0,44.611176,13600.0,0.22465754,0.0,17179.0
2021.09.028.0,70.0,42.18628,13600.0,0.21643835,38.0,17226.0
2021.09.024.0,358.0,331.99905,16400.0,0.22739726,0.0,17015.0
2021.09.027.0,327.0,344.93985,16400.0,0.22465754,41.0,17179.0
2021.09.028.0,375.0,335.0802,16400.0,0.21643835,0.0,17226.0
2021.09.024.0,10.5,-2.3152466,20600.0,0.22739726,8.0,17015.0
2021.09.027.0,6.399994,-4.8258667,20600.0,0.22465754,0.0,17179.0
2021.09.028.0,7.700012,-4.177704,20600.0,0.21643835,0.0,17226.0
2021.09.024.0,188.0,149.73395,15400.0,0.22739726,20.0,17015.0
2021.09.027.0,177.0,150.15358,15400.0,0.22465754,0.0,17179.0
2021.09.028.0,206.0,144.44708,15400.0,0.21643835,0.0,17226.0
2021.09.024.0,23.5,8.997528,19800.0,0.22739726,14.0,17015.0
2021.09.027.0,20.5,9.535767,19800.0,0.22465754,5.0,17179.0
2021.09.028.0,23.0,10.298004,19800.0,0.21643835,6.0,17226.0
2021.09.024.0,314.0,279.87805,16200.0,0.22739726,0.0,17015.0
2021.09.027.0,285.0,287.77713,16200.0,0.22465754,5.0,17179.0
2021.09.028.0,332.0,278.62317,16200.0,0.21643835,1.0,17226.0
2021.09.024.0,375.0,336.20395,17600.0,0.22739726,0.0,17015.0
2021.09.027.0,389.0,344.12506,17600.0,0.22465754,2.0,17179.0
2021.09.028.0,330.0,369.29395,17600.0,0.21643835,7.0,17226.0
2021.09.024.0,96.0,83.98564,18600.0,0.22739726,33.0,17015.0
2021.09.027.0,96.0,84.40633,18600.0,0.22465754,6.0,17179.0
2021.09.028.0,80.0,86.28075,18600.0,0.21643835,22.0,17226.0
2021.09.024.0,89.0,66.89833,14200.0,0.22739726,2.0,17015.0
2021.09.027.0,86.0,66.14728,14200.0,0.22465754,2.0,17179.0
2021.09.028.0,96.0,62.58423,14200.0,0.21643835,6.0,17226.0
2021.09.024.0,459.0,449.7518,16800.0,0.22739726,5.0,17015.0
2021.09.027.0,444.0,472.6729,16800.0,0.22465754,1.0,17179.0
2021.09.028.0,500.0,460.0641,16800.0,0.21643835,17.0,17226.0
2021.09.024.0,985.0,899.4453,16600.0,0.22739726,0.0,17015.0
2021.09.027.0,1000.0,929.55774,16600.0,0.22465754,0.0,17179.0
2021.09.028.0,935.0,1011.27783,16600.0,0.21643835,0.0,17226.0
2021.09.024.0,1610.0,1545.0472,15800.0,0.22739726,0.0,17015.0
2021.09.027.0,1650.0,1557.3073,15800.0,0.22465754,0.0,17179.0
2021.09.028.0,1570.0,1635.1543,15800.0,0.21643835,0.0,17226.0
2021.09.024.0,175.0,149.82314,18200.0,0.22739726,10.0,17015.0
2021.09.027.0,184.0,152.36748,18200.0,0.22465754,4.0,17179.0
2021.09.028.0,143.0,161.25385,18200.0,0.21643835,0.0,17226.0
2021.09.024.0,1140.0,1059.8853,16400.0,0.22739726,0.0,17015.0
2021.09.027.0,1150.0,1090.2242,16400.0,0.22465754,0.0,17179.0
2021.09.028.0,1090.0,1179.9713,16400.0,0.21643835,0.0,17226.0
2021.09.024.0,40.0,34.67224,19200.0,0.22739726,23.0,17015.0
2021.09.027.0,36.0,34.11505,19200.0,0.22465754,0.0,17179.0
2021.09.028.0,33.0,34.104126,19200.0,0.21643835,1.0,17226.0
2021.09.024.0,8.0,-3.710022,21200.0,0.22739726,9.0,17015.0
2021.09.027.0,4.0,-6.3363647,21200.0,0.22465754,1.0,17179.0
2021.09.028.0,2.7999878,-11.959991,21200.0,0.21643835,0.0,17226.0
2021.09.024.0,102.0,74.39992,14400.0,0.22739726,0.0,17015.0
2021.09.027.0,97.0,74.54085,14400.0,0.22465754,1.0,17179.0
2021.09.028.0,107.0,71.02287,14400.0,0.21643835,0.0,17226.0
2021.09.024.0,117.0,87.04309,14600.0,0.22739726,10.0,17015.0
2021.09.027.0,110.0,86.71698,14600.0,0.22465754,0.0,17179.0
2021.09.028.0,120.0,82.70529,14600.0,0.21643835,2.0,17226.0
2021.09.024.0,1290.0,1234.0946,16200.0,0.22739726,0.0,17015.0
2021.09.027.0,1310.0,1261.139,16200.0,0.22465754,0.0,17179.0
2021.09.028.0,1240.0,1351.4349,16200.0,0.21643835,0.0,17226.0
2021.09.024.0,1790.0,1728.5875,15600.0,0.22739726,0.0,17015.0
2021.09.027.0,1820.0,1724.913,15600.0,0.22465754,0.0,17179.0
2021.09.028.0,1740.0,1775.2228,15600.0,0.21643835,0.0,17226.0
2021.09.024.0,71.0,61.48256,18800.0,0.22739726,3.0,17015.0
2021.09.027.0,73.0,62.257217,18800.0,0.22465754,0.0,17179.0
2021.09.028.0,59.999985,63.5224,18800.0,0.21643835,1.0,17226.0
2021.09.024.0,1960.0,1937.4358,15400.0,0.22739726,0.0,17015.0
2021.09.027.0,2000.0,1921.4359,15400.0,0.22465754,0.0,17179.0
2021.09.028.0,1910.0,1926.8425,15400.0,0.21643835,0.0,17226.0
2021.09.024.0,43.5,30.67862,12600.0,0.22739726,9.0,17015.0
2021.09.027.0,44.0,29.225342,12600.0,0.22465754,0.0,17179.0
2021.09.028.0,43.5,27.112335,12600.0,0.21643835,0.0,17226.0
2021.09.024.0,2330.0,2014.684,15000.0,0.22739726,0.0,17015.0
2021.09.027.0,2360.0,2014.1262,15000.0,0.22465754,0.0,17179.0
2021.09.028.0,2270.0,2014.3458,15000.0,0.21643835,0.0,17226.0
2021.09.024.0,9.200012,-7.97229,20800.0,0.22739726,0.0,17015.0
2021.09.027.0,5.0,-7.640381,20800.0,0.22465754,0.0,17179.0
2021.09.028.0,5.600006,-6.0729065,20800.0,0.21643835,0.0,17226.0
2021.09.024.0,40.0,29.109894,12400.0,0.22739726,0.0,17015.0
2021.09.027.0,40.0,27.828064,12400.0,0.22465754,0.0,17179.0
2021.09.028.0,40.5,24.372803,12400.0,0.21643835,1.0,17226.0
2021.09.024.0,8.0,-6.265442,21000.0,0.22739726,0.0,17015.0
2021.09.027.0,4.100006,-6.006378,21000.0,0.22465754,1.0,17179.0
2021.09.028.0,4.0,-5.2599792,21000.0,0.21643835,0.0,17226.0
2021.09.024.0,37.0,21.754822,12200.0,0.22739726,8.0,17015.0
2021.09.027.0,35.0,20.70459,12200.0,0.22465754,4.0,17179.0
2021.09.028.0,39.0,19.085388,12200.0,0.21643835,26.0,17226.0
2021.09.024.0,209.0,173.1348,14000.0,0.47671235,0.0,16872.0
2021.09.027.0,201.0,174.27512,14000.0,0.47397262,0.0,17053.0
2021.09.028.0,220.0,172.07639,14000.0,0.46575344,0.0,17063.0
2021.09.024.0,338.0,300.35025,15000.0,0.47671235,3.0,16872.0
2021.09.027.0,314.0,307.716,15000.0,0.47397262,0.0,17053.0
2021.09.028.0,352.0,306.42365,15000.0,0.46575344,0.0,17063.0
2021.09.024.0,510.0,479.84097,17800.0,0.47671235,0.0,16872.0
2021.09.027.0,525.0,486.99445,17800.0,0.47397262,2.0,17053.0
2021.09.028.0,464.0,508.46478,17800.0,0.46575344,0.0,17063.0
2021.09.024.0,190.0,154.91608,13800.0,0.47671235,0.0,16872.0
2021.09.027.0,184.0,155.93106,13800.0,0.47397262,0.0,17053.0
2021.09.028.0,200.0,154.26729,13800.0,0.46575344,0.0,17063.0
2021.09.024.0,231.0,193.38013,14200.0,0.47671235,0.0,16872.0
2021.09.027.0,220.0,194.91068,14200.0,0.47397262,0.0,17053.0
2021.09.028.0,242.0,192.46205,14200.0,0.46575344,0.0,17063.0
2021.09.024.0,372.0,334.8738,15200.0,0.47671235,0.0,16872.0
2021.09.027.0,343.0,340.48172,15200.0,0.47397262,0.0,17053.0
2021.09.028.0,385.0,336.72992,15200.0,0.46575344,0.0,17063.0
2021.09.024.0,1050.0,942.64,16800.0,0.47671235,0.0,16872.0
2021.09.027.0,1060.0,983.7654,16800.0,0.47397262,0.0,17053.0
2021.09.028.0,975.0,1057.4164,16800.0,0.46575344,0.0,17063.0
2021.09.024.0,610.0,557.7673,17600.0,0.47671235,4.0,16872.0
2021.09.027.0,615.0,571.3081,17600.0,0.47397262,3.0,17053.0
2021.09.028.0,545.0,593.87616,17600.0,0.46575344,0.0,17063.0
2021.09.024.0,182.0,166.26498,19000.0,0.47671235,0.0,16872.0
2021.09.027.0,173.0,167.23648,19000.0,0.47397262,3.0,17053.0
2021.09.028.0,160.0,169.66156,19000.0,0.46575344,6.0,17063.0
2021.09.024.0,34.0,35.961548,20800.0,0.47671235,70.0,16872.0
2021.09.027.0,33.5,35.1398,20800.0,0.47397262,0.0,17053.0
2021.09.028.0,39.5,34.14325,20800.0,0.46575344,0.0,17063.0
2021.09.024.0,409.0,379.98547,16600.0,0.22739726,3.0,17015.0
2021.09.027.0,375.0,390.04742,16600.0,0.22465754,5.0,17179.0
2021.09.028.0,425.0,381.12985,16600.0,0.21643835,1.0,17226.0
2021.09.024.0,540.0,514.29224,17000.0,0.22739726,3.0,17015.0
2021.09.027.0,525.0,530.74963,17000.0,0.22465754,61.0,17179.0
2021.09.028.0,570.0,525.72955,17000.0,0.21643835,3.0,17226.0
2021.09.024.0,172.0,140.00935,13600.0,0.47671235,1.0,16872.0
2021.09.027.0,169.0,140.7261,13600.0,0.47397262,0.0,17053.0
2021.09.028.0,182.0,139.08507,13600.0,0.46575344,0.0,17063.0
2021.09.024.0,860.0,878.975,17000.0,0.47671235,0.0,16872.0
2021.09.027.0,835.0,901.369,17000.0,0.47397262,2.0,17053.0
2021.09.028.0,880.0,900.1255,17000.0,0.46575344,0.0,17063.0
2021.09.024.0,317.0,289.0337,18400.0,0.47671235,1.0,16872.0
2021.09.027.0,312.0,291.8814,18400.0,0.47397262,0.0,17053.0
2021.09.028.0,286.0,303.20068,18400.0,0.46575344,0.0,17063.0
2021.09.024.0,4.5,-9.831696,21600.0,0.22739726,10.0,17015.0
2021.09.027.0,3.2000122,-9.240387,21600.0,0.22465754,0.0,17179.0
2021.09.028.0,2.0,-8.144867,21600.0,0.21643835,0.0,17226.0
2021.09.024.0,520.0,519.43243,16000.0,0.47671235,0.0,16872.0
2021.09.027.0,500.0,529.02734,16000.0,0.47397262,1.0,17053.0
2021.09.028.0,560.0,521.93945,16000.0,0.46575344,2.0,17063.0
2021.09.024.0,22.5,25.434021,21200.0,0.47671235,0.0,16872.0
2021.09.027.0,26.0,24.726929,21200.0,0.47397262,0.0,17053.0
2021.09.028.0,32.0,23.960999,21200.0,0.46575344,0.0,17063.0
2021.09.024.0,20.0,17.191254,21600.0,0.47671235,0.0,16872.0
2021.09.027.0,23.5,16.86615,21600.0,0.47397262,0.0,17053.0
2021.09.028.0,23.5,16.596375,21600.0,0.46575344,0.0,17063.0
2021.09.024.0,449.0,415.6696,15600.0,0.47671235,1.0,16872.0
2021.09.027.0,413.0,424.07657,15600.0,0.47397262,2.0,17053.0
2021.09.028.0,465.0,419.32416,15600.0,0.46575344,0.0,17063.0
2021.09.024.0,266.0,243.16063,18600.0,0.47671235,0.0,16872.0
2021.09.027.0,265.0,244.42911,18600.0,0.47397262,0.0,17053.0
2021.09.028.0,244.0,251.53699,18600.0,0.46575344,3.0,17063.0
2021.09.024.0,75.0,69.24786,20000.0,0.47671235,24.0,16872.0
2021.09.027.0,67.0,68.76245,20000.0,0.47397262,1.0,17053.0
2021.09.028.0,63.0,68.01434,20000.0,0.46575344,15.0,17063.0
2021.09.024.0,685.0,630.1466,17400.0,0.47671235,2.0,16872.0
2021.09.027.0,715.0,640.10004,17400.0,0.47397262,2.0,17053.0
2021.09.028.0,650.0,689.4621,17400.0,0.46575344,0.0,17063.0
2021.09.024.0,280.0,239.63512,14600.0,0.47671235,0.0,16872.0
2021.09.027.0,263.0,243.42526,14600.0,0.47397262,0.0,17053.0
2021.09.028.0,292.0,241.23425,14600.0,0.46575344,0.0,17063.0
2021.09.024.0,600.0,583.3689,16200.0,0.47671235,0.0,16872.0
2021.09.027.0,555.0,596.9587,16200.0,0.47397262,7.0,17053.0
2021.09.028.0,610.0,593.23865,16200.0,0.46575344,0.0,17063.0
2021.09.024.0,4.0,-10.37381,21800.0,0.22739726,19.0,17015.0
2021.09.027.0,3.0,-9.80011,21800.0,0.22465754,0.0,17179.0
2021.09.028.0,2.0,-8.737457,21800.0,0.21643835,0.0,17226.0
2021.09.024.0,795.0,793.73175,16800.0,0.47671235,0.0,16872.0
2021.09.027.0,755.0,790.45984,16800.0,0.47397262,1.0,17053.0
2021.09.028.0,800.0,774.00665,16800.0,0.46575344,17.0,17063.0
2021.09.024.0,439.0,406.7685,18000.0,0.47671235,1.0,16872.0
2021.09.027.0,439.0,414.79645,18000.0,0.47397262,0.0,17053.0
2021.09.028.0,390.0,434.42896,18000.0,0.46575344,1.0,17063.0
2021.09.024.0,374.0,347.81137,18200.0,0.47671235,1.0,16872.0
2021.09.027.0,365.0,352.19135,18200.0,0.47397262,0.0,17053.0
2021.09.028.0,335.0,364.6015,18200.0,0.46575344,8.0,17063.0
2021.09.024.0,19.5,12.410522,21800.0,0.47671235,2.0,16872.0
2021.09.027.0,22.5,12.828766,21800.0,0.47397262,0.0,17053.0
2021.09.028.0,20.5,13.0589905,21800.0,0.46575344,12.0,17063.0
2021.09.024.0,88.0,81.3703,19800.0,0.47671235,0.0,16872.0
2021.09.027.0,89.0,81.13019,19800.0,0.47397262,0.0,17053.0
2021.09.028.0,71.0,81.436676,19800.0,0.46575344,0.0,17063.0
2021.09.024.0,16.0,5.568878,14800.0,0.0739726,125.0,17080.0
2021.09.027.0,13.5,3.873413,14800.0,0.07123287,114.0,17250.0
2021.09.028.0,12.5,1.6391907,14800.0,0.06301369,68.0,17292.0
2021.09.024.0,17.5,7.334778,14900.0,0.0739726,401.0,17080.0
2021.09.027.0,15.0,5.3827515,14900.0,0.07123287,216.0,17250.0
2021.09.028.0,14.5,2.7338562,14900.0,0.06301369,86.000015,17292.0
2021.09.024.0,18.5,1.7714539,15000.0,0.0739726,1117.0,17080.0
2021.09.027.0,17.0,-1.7203369,15000.0,0.07123287,632.0,17250.0
2021.09.028.0,16.0,-5.1072083,15000.0,0.06301369,433.0,17292.0
2021.09.024.0,52.0,42.6716,15900.0,0.0739726,539.0,17080.0
2021.09.027.0,43.0,38.682526,15900.0,0.07123287,694.0,17250.0
2021.09.028.0,52.0,32.256927,15900.0,0.06301369,393.0,17292.0
2021.09.024.0,58.0,16.114594,16000.0,0.0739726,2163.0002,17080.0
2021.09.027.0,48.5,12.198151,16000.0,0.07123287,3316.0,17250.0
2021.09.028.0,59.999985,7.238312,16000.0,0.06301369,1177.0,17292.0
2021.09.024.0,270.0,226.4867,17300.0,0.0739726,1714.0,17080.0
2021.09.027.0,282.0,240.74423,17300.0,0.07123287,1570.0,17250.0
2021.09.028.0,220.0,261.1338,17300.0,0.06301369,2059.0,17292.0
2021.09.024.0,133.0,147.62172,17600.0,0.0739726,3341.0,17080.0
2021.09.027.0,140.0,138.23528,17600.0,0.07123287,3286.0,17250.0
2021.09.028.0,105.0,141.17413,17600.0,0.06301369,2839.0,17292.0
2021.09.024.0,74.0,100.058044,17800.0,0.0739726,1275.0,17080.0
2021.09.027.0,81.0,95.23445,17800.0,0.07123287,2728.0,17250.0
2021.09.028.0,59.999985,96.85829,17800.0,0.06301369,2175.0,17292.0
2021.09.024.0,39.5,44.4097,18000.0,0.0739726,2884.0,17080.0
2021.09.027.0,43.0,36.900482,18000.0,0.07123287,4098.0005,17250.0
2021.09.028.0,32.0,36.548218,18000.0,0.06301369,2495.0,17292.0
2021.09.024.0,12.0,10.865906,18400.0,0.0739726,1607.0,17080.0
2021.09.027.0,13.5,7.3956604,18400.0,0.07123287,272.0,17250.0
2021.09.028.0,10.5,4.765106,18400.0,0.06301369,765.0,17292.0
2021.09.024.0,7.700012,5.057312,18500.0,0.0739726,942.0,17080.0
2021.09.027.0,10.0,2.9837036,18500.0,0.07123287,383.0,17250.0
2021.09.028.0,8.0,1.5584106,18500.0,0.06301369,378.0,17292.0
2021.09.024.0,0.7999878,-9.298737,20000.0,0.0739726,0.0,17080.0
2021.09.027.0,0.7000122,-8.112854,20000.0,0.07123287,151.0,17250.0
2021.09.028.0,0.7000122,-6.2564087,20000.0,0.06301369,0.0,17292.0
2021.09.024.0,785.0,729.7578,17200.0,0.47671235,1.0,16872.0
2021.09.027.0,820.0,740.2177,17200.0,0.47397262,1.0,17053.0
2021.09.028.0,745.0,787.85114,17200.0,0.46575344,0.0,17063.0
2021.09.024.0,184.0,148.87659,16900.0,0.0739726,616.0,17080.0
2021.09.027.0,159.0,144.18419,16900.0,0.07123287,1581.0,17250.0
2021.09.028.0,198.0,122.441925,16900.0,0.06301369,1807.0,17292.0
2021.09.024.0,29.0,40.524475,18100.0,0.0739726,1791.0,17080.0
2021.09.027.0,32.0,29.169159,18100.0,0.07123287,3661.0002,17250.0
2021.09.028.0,24.0,23.711731,18100.0,0.06301369,1995.0,17292.0
2021.09.024.0,16.0,19.030304,18300.0,0.0739726,1781.0,17080.0
2021.09.027.0,17.5,14.77066,18300.0,0.07123287,516.0,17250.0
2021.09.028.0,14.0,13.500702,18300.0,0.06301369,261.0,17292.0
2021.09.024.0,7.5,-0.6018677,18600.0,0.0739726,1020.0,17080.0
2021.09.027.0,7.899994,-2.8160095,18600.0,0.07123287,602.0,17250.0
2021.09.028.0,5.799988,-3.7987976,18600.0,0.06301369,327.0,17292.0
2021.09.024.0,1.7999878,-4.347351,19400.0,0.0739726,16.0,17080.0
2021.09.027.0,2.0,-3.0672913,19400.0,0.07123287,0.0,17250.0
2021.09.028.0,1.2999878,-1.5627441,19400.0,0.06301369,0.0,17292.0
2021.09.024.0,1.0,-6.9612427,19800.0,0.0739726,0.0,17080.0
2021.09.027.0,1.0,-5.6376038,19800.0,0.07123287,0.0,17250.0
2021.09.028.0,0.8999939,-3.8823853,19800.0,0.06301369,0.0,17292.0
2021.09.024.0,0.2999878,-23.256256,20300.0,0.0739726,213.0,17080.0
2021.09.027.0,0.2999878,-20.236816,20300.0,0.07123287,188.0,17250.0
2021.09.028.0,0.2999878,-17.246185,20300.0,0.06301369,440.0,17292.0
2021.09.024.0,494.0,452.71338,15800.0,0.47671235,3.0,16872.0
2021.09.027.0,454.0,460.74567,15800.0,0.47397262,2.0,17053.0
2021.09.028.0,510.0,465.91522,15800.0,0.46575344,0.0,17063.0
2021.09.024.0,23.5,12.536072,15200.0,0.0739726,207.0,17080.0
2021.09.027.0,20.0,10.195587,15200.0,0.07123287,114.0,17250.0
2021.09.028.0,19.5,7.1145325,15200.0,0.06301369,346.0,17292.0
2021.09.024.0,218.0,196.98865,17400.0,0.0739726,2371.0,17080.0
2021.09.027.0,228.0,206.93732,17400.0,0.07123287,1575.0,17250.0
2021.09.028.0,175.0,227.21085,17400.0,0.06301369,1534.0,17292.0
2021.09.024.0,54.0,78.46373,17900.0,0.0739726,1457.0,17080.0
2021.09.027.0,58.0,73.80971,17900.0,0.07123287,2007.0,17250.0
2021.09.028.0,44.5,74.4471,17900.0,0.06301369,1708.0002,17292.0
2021.09.024.0,21.5,29.888763,18200.0,0.0739726,1103.0,17080.0
2021.09.027.0,23.5,17.131958,18200.0,0.07123287,4669.0,17250.0
2021.09.028.0,19.0,11.335236,18200.0,0.06301369,1765.0,17292.0
2021.09.024.0,3.0,-0.63998413,19100.0,0.0739726,13.0,17080.0
2021.09.027.0,2.899994,0.24676514,19100.0,0.07123287,2.0,17250.0
2021.09.028.0,2.0,1.4305725,19100.0,0.06301369,0.0,17292.0
2021.09.024.0,1.0,-15.641144,20100.0,0.0739726,2.0,17080.0
2021.09.027.0,0.6000061,-12.026367,20100.0,0.07123287,1.0,17250.0
2021.09.028.0,0.6000061,-9.834412,20100.0,0.06301369,330.0,17292.0
2021.09.024.0,725.0,710.3663,16600.0,0.47671235,0.0,16872.0
2021.09.027.0,685.0,734.99023,16600.0,0.47397262,5.0,17053.0
2021.09.028.0,730.0,740.4046,16600.0,0.46575344,0.0,17063.0
2021.09.024.0,14.0,3.4152527,14700.0,0.0739726,77.0,17080.0
2021.09.027.0,14.0,1.9564819,14700.0,0.07123287,38.0,17250.0
2021.09.028.0,10.5,0.030090332,14700.0,0.06301369,25.0,17292.0
2021.09.024.0,29.0,20.717072,15400.0,0.0739726,152.0,17080.0
2021.09.027.0,24.0,19.008026,15400.0,0.07123287,319.0,17250.0
2021.09.028.0,29.0,15.658234,15400.0,0.06301369,84.0,17292.0
2021.09.024.0,65.0,53.75949,16100.0,0.0739726,656.0,17080.0
2021.09.027.0,55.0,49.940796,16100.0,0.07123287,594.0,17250.0
2021.09.028.0,69.0,41.61908,16100.0,0.06301369,877.0,17292.0
2021.09.024.0,96.0,78.522995,16400.0,0.0739726,1061.0,17080.0
2021.09.027.0,81.0,74.21707,16400.0,0.07123287,792.0,17250.0
2021.09.028.0,101.0,63.692993,16400.0,0.06301369,831.0,17292.0
2021.09.024.0,101.0,126.20441,17700.0,0.0739726,1852.0,17080.0
2021.09.027.0,105.0,123.730515,17700.0,0.07123287,2316.0,17250.0
2021.09.028.0,78.0,129.44638,17700.0,0.06301369,1891.0,17292.0
2021.09.024.0,5.0,0.48416138,18800.0,0.0739726,57.999985,17080.0
2021.09.027.0,5.200012,1.3457031,18800.0,0.07123287,32.0,17250.0
2021.09.028.0,3.2999878,2.0820007,18800.0,0.06301369,44.0,17292.0
2021.09.024.0,3.7000122,-6.2044373,19000.0,0.0739726,385.0,17080.0
2021.09.027.0,3.2999878,-5.6187134,19000.0,0.07123287,72.000015,17250.0
2021.09.028.0,3.0,-4.0837097,19000.0,0.06301369,33.0,17292.0
2021.09.024.0,0.8999939,-7.7926025,19900.0,0.0739726,0.0,17080.0
2021.09.027.0,0.8999939,-6.462799,19900.0,0.07123287,0.0,17250.0
2021.09.028.0,0.7999878,-4.7286377,19900.0,0.06301369,0.0,17292.0
2021.09.024.0,660.0,650.4431,16400.0,0.47671235,0.0,16872.0
2021.09.027.0,620.0,671.7623,16400.0,0.47397262,0.0,17053.0
2021.09.028.0,670.0,664.35486,16400.0,0.46575344,3.0,17063.0
2021.09.024.0,221.0,201.2205,18800.0,0.47671235,0.0,16872.0
2021.09.027.0,224.0,202.28802,18800.0,0.47397262,0.0,17053.0
2021.09.028.0,206.0,207.38269,18800.0,0.46575344,0.0,17063.0
2021.09.024.0,150.0,139.06462,19200.0,0.47671235,4.0,16872.0
2021.09.027.0,158.0,138.97374,19200.0,0.47397262,0.0,17053.0
2021.09.028.0,130.0,141.15419,19200.0,0.46575344,0.0,17063.0
2021.09.024.0,13.0,2.6934204,14600.0,0.0739726,72.999985,17080.0
2021.09.027.0,12.5,1.0929871,14600.0,0.07123287,8.0,17250.0
2021.09.028.0,9.899994,-0.8816223,14600.0,0.06301369,40.0,17292.0
2021.09.024.0,21.5,11.694641,15100.0,0.0739726,156.0,17080.0
2021.09.027.0,18.0,10.127502,15100.0,0.07123287,71.000015,17250.0
2021.09.028.0,18.0,7.6404114,15100.0,0.06301369,102.999985,17292.0
2021.09.024.0,326.0,281.78894,17200.0,0.0739726,1090.0,17080.0
2021.09.027.0,342.0,300.94794,17200.0,0.07123287,0.0,17250.0
2021.09.028.0,276.0,365.04858,17200.0,0.06301369,0.0,17292.0
2021.09.024.0,171.0,167.18509,17500.0,0.0739726,2231.0,17080.0
2021.09.027.0,181.0,165.42305,17500.0,0.07123287,3237.0,17250.0
2021.09.028.0,137.0,175.31581,17500.0,0.06301369,2107.0,17292.0
2021.09.024.0,6.0,1.9093018,18700.0,0.0739726,52.0,17080.0
2021.09.027.0,6.299988,2.2185364,18700.0,0.07123287,192.0,17250.0
2021.09.028.0,3.7999878,2.4045715,18700.0,0.06301369,113.0,17292.0
2021.09.024.0,2.5,-2.867981,19200.0,0.0739726,14.0,17080.0
2021.09.027.0,2.600006,-1.8045044,19200.0,0.07123287,0.0,17250.0
2021.09.028.0,1.5,-0.7085266,19200.0,0.06301369,0.0,17292.0
2021.09.024.0,1.5,-4.3634644,19500.0,0.0739726,13.0,17080.0
2021.09.027.0,1.7999878,-3.3617554,19500.0,0.07123287,55.0,17250.0
2021.09.028.0,1.2999878,-2.0364075,19500.0,0.06301369,11.0,17292.0
2021.09.024.0,0.6000061,-17.283234,20200.0,0.0739726,1.0,17080.0
2021.09.027.0,0.5,-15.348572,20200.0,0.07123287,1.0,17250.0
2021.09.028.0,0.5,-12.613831,20200.0,0.06301369,250.0,17292.0
2021.09.024.0,13.0,-0.43847656,14500.0,0.0739726,252.0,17080.0
2021.09.027.0,11.5,-2.1376343,14500.0,0.07123287,36.0,17250.0
2021.09.028.0,9.899994,-4.017456,14500.0,0.06301369,49.0,17292.0
2021.09.024.0,45.0,35.52652,15800.0,0.0739726,466.0,17080.0
2021.09.027.0,38.0,30.304901,15800.0,0.07123287,1391.0,17250.0
2021.09.028.0,45.5,23.718811,15800.0,0.06301369,504.0,17292.0
2021.09.024.0,142.0,113.938995,16700.0,0.0739726,1109.0,17080.0
2021.09.027.0,120.0,109.976974,16700.0,0.07123287,1008.0,17250.0
2021.09.028.0,152.0,97.45149,16700.0,0.06301369,683.0,17292.0
2021.09.024.0,158.0,119.31949,16800.0,0.0739726,1448.0,17080.0
2021.09.027.0,137.0,113.163956,16800.0,0.07123287,2107.0,17250.0
2021.09.028.0,172.0,99.26633,16800.0,0.06301369,1392.0,17292.0
2021.09.024.0,51.0,50.394653,20400.0,0.47671235,0.0,16872.0
2021.09.027.0,50.0,49.69867,20400.0,0.47397262,0.0,17053.0
2021.09.028.0,45.0,48.898865,20400.0,0.46575344,0.0,17063.0
2021.09.024.0,25.5,18.970032,15300.0,0.0739726,112.0,17080.0
2021.09.027.0,22.0,17.243317,15300.0,0.07123287,35.0,17250.0
2021.09.028.0,24.5,14.119812,15300.0,0.06301369,117.999985,17292.0
2021.09.024.0,37.0,28.187134,15600.0,0.0739726,465.0,17080.0
2021.09.027.0,30.0,24.997314,15600.0,0.07123287,390.0,17250.0
2021.09.028.0,36.0,20.284485,15600.0,0.06301369,312.0,17292.0
2021.09.024.0,212.0,169.43654,17000.0,0.0739726,2254.0,17080.0
2021.09.027.0,185.0,152.97224,17000.0,0.07123287,2187.0,17250.0
2021.09.028.0,228.0,128.74945,17000.0,0.06301369,2470.0,17292.0
2021.09.024.0,32.0,10.431122,15500.0,0.0739726,681.0,17080.0
2021.09.027.0,27.0,6.2419434,15500.0,0.07123287,1377.0,17250.0
2021.09.028.0,28.5,2.1419678,15500.0,0.06301369,493.0,17292.0
2021.09.024.0,43.0,34.303345,15700.0,0.0739726,383.0,17080.0
2021.09.027.0,34.0,30.910248,15700.0,0.07123287,657.0,17250.0
2021.09.028.0,40.0,25.70868,15700.0,0.06301369,228.0,17292.0
2021.09.024.0,84.0,69.37842,16300.0,0.0739726,1122.0,17080.0
2021.09.027.0,71.0,63.94301,16300.0,0.07123287,1039.0,17250.0
2021.09.028.0,86.0,53.533417,16300.0,0.06301369,1124.0,17292.0
2021.09.024.0,110.0,67.354385,16500.0,0.0739726,2488.0,17080.0
2021.09.027.0,91.0,60.180527,16500.0,0.07123287,1855.0,17250.0
2021.09.028.0,114.0,50.64975,16500.0,0.06301369,1040.0,17292.0
2021.09.024.0,124.0,93.385666,16600.0,0.0739726,2373.0,17080.0
2021.09.027.0,106.0,85.48654,16600.0,0.07123287,1839.0,17250.0
2021.09.028.0,131.0,72.26143,16600.0,0.06301369,1378.0,17292.0
2021.09.024.0,461.0,398.45197,17000.0,0.0739726,0.0,17080.0
2021.09.027.0,475.0,435.0898,17000.0,0.07123287,0.0,17250.0
2021.09.028.0,402.0,519.5147,17000.0,0.06301369,0.0,17292.0
2021.09.024.0,915.0,818.78644,17000.0,0.47671235,0.0,16872.0
2021.09.027.0,935.0,855.1405,17000.0,0.47397262,0.0,17053.0
2021.09.028.0,835.0,922.40137,17000.0,0.46575344,0.0,17063.0
2021.09.024.0,129.0,115.65558,19400.0,0.47671235,0.0,16872.0
2021.09.027.0,131.0,115.883606,19400.0,0.47397262,0.0,17053.0
2021.09.028.0,121.0,117.69,19400.0,0.46575344,0.0,17063.0
2021.09.024.0,6.899994,-16.056824,13800.0,0.0739726,1681.0,17080.0
2021.09.027.0,6.200012,-18.847198,13800.0,0.07123287,894.0,17250.0
2021.09.028.0,4.5,-21.037415,13800.0,0.06301369,901.0,17292.0
2021.09.024.0,8.600006,-8.873749,14000.0,0.0739726,75.0,17080.0
2021.09.027.0,7.899994,-10.1692505,14000.0,0.07123287,21.0,17250.0
2021.09.028.0,4.899994,-11.231079,14000.0,0.06301369,25.0,17292.0
2021.09.024.0,9.0,-8.566803,14100.0,0.0739726,1870.0,17080.0
2021.09.027.0,7.600006,-11.022369,14100.0,0.07123287,57.000015,17250.0
2021.09.028.0,8.0,-12.841736,14100.0,0.06301369,8.0,17292.0
2021.09.024.0,11.0,-4.7829285,14300.0,0.0739726,1265.0,17080.0
2021.09.027.0,9.5,-7.0278015,14300.0,0.07123287,30.0,17250.0
2021.09.028.0,9.0,-9.062622,14300.0,0.06301369,46.0,17292.0
2021.09.024.0,11.0,-0.83807373,14400.0,0.0739726,234.0,17080.0
2021.09.027.0,10.5,-2.5674438,14400.0,0.07123287,55.0,17250.0
2021.09.028.0,11.0,-4.4150085,14400.0,0.06301369,33.0,17292.0
2021.09.024.0,76.0,56.934753,16200.0,0.0739726,1244.0,17080.0
2021.09.027.0,64.0,50.834473,16200.0,0.07123287,1197.0,17250.0
2021.09.028.0,80.0,40.8898,16200.0,0.06301369,1128.0,17292.0
2021.09.024.0,4.100006,-0.9003601,18900.0,0.0739726,83.0,17080.0
2021.09.027.0,3.0,0.07296753,18900.0,0.07123287,6.0,17250.0
2021.09.028.0,3.399994,1.6360779,18900.0,0.06301369,25.0,17292.0
2021.09.024.0,62.0,38.333435,14600.0,0.15068494,1.0,17041.0
2021.09.027.0,55.0,42.49286,14600.0,0.14794521,37.0,17215.0
2021.09.028.0,63.0,43.750763,14600.0,0.13972603,8.0,17262.0
2021.09.024.0,66.0,51.88919,14700.0,0.15068494,0.0,17041.0
2021.09.027.0,64.0,51.683014,14700.0,0.14794521,5.0,17215.0
2021.09.028.0,68.0,46.67801,14700.0,0.13972603,3.0,17262.0
2021.09.024.0,74.0,58.82776,14900.0,0.15068494,3.0,17041.0
2021.09.027.0,73.0,59.020325,14900.0,0.14794521,1.0,17215.0
2021.09.028.0,78.0,53.985657,14900.0,0.13972603,24.0,17262.0
2021.09.024.0,85.0,65.106094,15200.0,0.15068494,4.0,17041.0
2021.09.027.0,88.0,69.11977,15200.0,0.14794521,51.0,17215.0
2021.09.028.0,102.0,69.52055,15200.0,0.13972603,4.0,17262.0
2021.09.024.0,101.0,80.31766,15300.0,0.15068494,5.0,17041.0
2021.09.027.0,96.0,82.37094,15300.0,0.14794521,43.0,17215.0
2021.09.028.0,104.0,77.73657,15300.0,0.13972603,5.0,17262.0
2021.09.024.0,130.0,86.9897,15600.0,0.15068494,4.0,17041.0
2021.09.027.0,121.0,93.88118,15600.0,0.14794521,50.0,17215.0
2021.09.028.0,135.0,96.582275,15600.0,0.13972603,9.0,17262.0
2021.09.024.0,172.0,141.70529,16000.0,0.15068494,13.0,17041.0
2021.09.027.0,161.0,149.99948,16000.0,0.14794521,28.0,17215.0
2021.09.028.0,186.0,143.20303,16000.0,0.13972603,28.0,17262.0
2021.09.024.0,193.0,139.03207,16100.0,0.15068494,52.0,17041.0
2021.09.027.0,174.0,150.21039,16100.0,0.14794521,335.0,17215.0
2021.09.028.0,231.0,151.02803,16100.0,0.13972603,6.0,17262.0
2021.09.024.0,208.0,152.37332,16200.0,0.15068494,41.0,17041.0
2021.09.027.0,193.0,169.35773,16200.0,0.14794521,23.0,17215.0
2021.09.028.0,225.0,170.3596,16200.0,0.13972603,19.0,17262.0
2021.09.024.0,271.0,247.822,17600.0,0.15068494,9.0,17041.0
2021.09.027.0,270.0,252.8025,17600.0,0.14794521,38.0,17215.0
2021.09.028.0,241.0,272.2086,17600.0,0.13972603,23.0,17262.0
2021.09.024.0,185.0,179.11195,17800.0,0.15068494,6.0,17041.0
2021.09.027.0,200.0,182.53593,17800.0,0.14794521,11.0,17215.0
2021.09.028.0,152.0,195.15184,17800.0,0.13972603,13.0,17262.0
2021.09.024.0,155.0,149.94833,17900.0,0.15068494,6.0,17041.0
2021.09.027.0,156.0,152.75337,17900.0,0.14794521,180.0,17215.0
2021.09.028.0,137.0,160.58517,17900.0,0.13972603,54.0,17262.0
2021.09.024.0,10.5,-4.0876465,19400.0,0.15068494,0.0,17041.0
2021.09.027.0,10.0,-0.61831665,19400.0,0.14794521,2.0,17215.0
2021.09.028.0,9.5,2.5757751,19400.0,0.13972603,1.0,17262.0
2021.09.024.0,139.0,105.06065,13000.0,0.47671235,5.0,16872.0
2021.09.027.0,133.0,105.47589,13000.0,0.47397262,12.0,17053.0
2021.09.028.0,135.0,104.098816,13000.0,0.46575344,3.0,17063.0
2021.09.024.0,134.0,115.18411,13200.0,0.47671235,1.0,16872.0
2021.09.027.0,141.0,114.87491,13200.0,0.47397262,6.0,17053.0
2021.09.028.0,150.0,113.10669,13200.0,0.46575344,1.0,17063.0
2021.09.024.0,7.399994,-10.118195,13900.0,0.0739726,560.0,17080.0
2021.09.027.0,6.899994,-11.736816,13900.0,0.07123287,10.0,17250.0
2021.09.028.0,6.0,-12.966553,13900.0,0.06301369,210.0,17292.0
2021.09.024.0,9.5,-5.748749,14200.0,0.0739726,1102.0,17080.0
2021.09.027.0,8.0,-7.8358154,14200.0,0.07123287,79.0,17250.0
2021.09.028.0,7.799988,-9.755859,14200.0,0.06301369,1.0,17292.0
2021.09.024.0,391.0,321.6475,17100.0,0.0739726,1821.0,17080.0
2021.09.027.0,401.0,338.32965,17100.0,0.07123287,0.0,17250.0
2021.09.028.0,335.0,411.09232,17100.0,0.06301369,0.0,17292.0
2021.09.024.0,37.5,25.919159,13800.0,0.15068494,42.0,17041.0
2021.09.027.0,36.0,24.070343,13800.0,0.14794521,14.0,17215.0
2021.09.028.0,36.5,19.987976,13800.0,0.13972603,32.0,17262.0
2021.09.024.0,71.0,55.739716,14800.0,0.15068494,7.0,17041.0
2021.09.027.0,66.0,55.626617,14800.0,0.14794521,42.0,17215.0
2021.09.028.0,84.0,50.306183,14800.0,0.13972603,56.000015,17262.0
2021.09.024.0,147.0,117.84648,15800.0,0.15068494,5.0,17041.0
2021.09.027.0,137.0,123.6431,15800.0,0.14794521,46.0,17215.0
2021.09.028.0,158.0,118.65051,15800.0,0.13972603,30.0,17262.0
2021.09.024.0,246.0,196.3469,16400.0,0.15068494,241.0,17041.0
2021.09.027.0,221.0,211.73982,16400.0,0.14794521,82.0,17215.0
2021.09.028.0,260.0,204.66174,16400.0,0.13972603,196.0,17262.0
2021.09.024.0,107.0,81.55609,18100.0,0.15068494,30.0,17041.0
2021.09.027.0,107.0,94.268616,18100.0,0.14794521,36.0,17215.0
2021.09.028.0,95.0,106.936874,18100.0,0.13972603,45.0,17262.0
2021.09.024.0,17.0,1.1138,19000.0,0.15068494,12.0,17041.0
2021.09.027.0,18.0,6.4569397,19000.0,0.14794521,11.0,17215.0
2021.09.028.0,16.5,10.915741,19000.0,0.13972603,50.0,17262.0
2021.09.024.0,41.0,30.34314,14000.0,0.15068494,34.0,17041.0
2021.09.027.0,39.5,28.950592,14000.0,0.14794521,6.0,17215.0
2021.09.028.0,53.0,24.644806,14000.0,0.13972603,4.0,17262.0
2021.09.024.0,56.0,43.95276,14500.0,0.15068494,4.0,17041.0
2021.09.027.0,53.0,43.606903,14500.0,0.14794521,2.0,17215.0
2021.09.028.0,59.0,39.172913,14500.0,0.13972603,2.0,17262.0
2021.09.024.0,225.0,181.07178,16300.0,0.15068494,116.000015,17041.0
2021.09.027.0,210.0,196.1972,16300.0,0.14794521,5.0,17215.0
2021.09.028.0,253.0,190.393,16300.0,0.13972603,19.0,17262.0
2021.09.024.0,135.0,121.04367,18000.0,0.15068494,143.0,17041.0
2021.09.027.0,140.0,126.480545,18000.0,0.14794521,33.0,17215.0
2021.09.028.0,104.0,134.72598,18000.0,0.13972603,30.0,17262.0
2021.09.024.0,8.799988,-6.4060974,19700.0,0.15068494,1.0,17041.0
2021.09.027.0,5.399994,-4.0907288,19700.0,0.14794521,0.0,17215.0
2021.09.028.0,6.399994,-1.34906,19700.0,0.13972603,0.0,17262.0
2021.09.024.0,27.5,30.385406,21000.0,0.47671235,0.0,16872.0
2021.09.027.0,27.5,29.566956,21000.0,0.47397262,0.0,17053.0
2021.09.028.0,37.0,28.530182,21000.0,0.46575344,10.0,17063.0
2021.09.024.0,108.0,96.5829,19600.0,0.47671235,0.0,16872.0
2021.09.027.0,109.0,96.88454,19600.0,0.47397262,0.0,17053.0
2021.09.028.0,82.0,97.910355,19600.0,0.46575344,0.0,17063.0
2021.09.024.0,241.0,249.77626,17100.0,0.0739726,0.0,17080.0
2021.09.027.0,215.0,241.03429,17100.0,0.07123287,864.0,17250.0
2021.09.028.0,265.0,204.527,17100.0,0.06301369,748.0,17292.0
2021.09.024.0,275.0,262.90244,17200.0,0.0739726,0.0,17080.0
2021.09.027.0,249.0,245.66913,17200.0,0.07123287,2498.0,17250.0
2021.09.028.0,304.0,209.01291,17200.0,0.06301369,826.0,17292.0
2021.09.024.0,1.2999878,-12.304779,19600.0,0.0739726,0.0,17080.0
2021.09.027.0,1.5,-7.615326,19600.0,0.07123287,0.0,17250.0
2021.09.028.0,1.0,-4.8766785,19600.0,0.06301369,0.0,17292.0
2021.09.024.0,48.0,26.175537,14300.0,0.15068494,4.0,17041.0
2021.09.027.0,48.0,29.2193,14300.0,0.14794521,1.0,17215.0
2021.09.028.0,54.0,31.438477,14300.0,0.13972603,0.0,17262.0
2021.09.024.0,81.0,63.104324,15000.0,0.15068494,134.0,17041.0
2021.09.027.0,79.0,63.424255,15000.0,0.14794521,69.0,17215.0
2021.09.028.0,82.0,58.91455,15000.0,0.13972603,15.0,17262.0
2021.09.024.0,88.0,69.3613,15100.0,0.15068494,4.0,17041.0
2021.09.027.0,83.0,70.52472,15100.0,0.14794521,43.0,17215.0
2021.09.028.0,91.0,65.80136,15100.0,0.13972603,0.0,17262.0
2021.09.024.0,161.0,118.851135,15900.0,0.15068494,162.0,17041.0
2021.09.027.0,151.0,126.96797,15900.0,0.14794521,44.0,17215.0
2021.09.028.0,174.0,127.79265,15900.0,0.13972603,2.0,17262.0
2021.09.024.0,257.0,210.5074,16500.0,0.15068494,111.0,17041.0
2021.09.027.0,236.0,226.87811,16500.0,0.14794521,554.0,17215.0
2021.09.028.0,280.0,216.98242,16500.0,0.13972603,189.0,17262.0
2021.09.024.0,336.0,219.69952,16800.0,0.15068494,7.0,17041.0
2021.09.027.0,318.0,243.21457,16800.0,0.14794521,18.0,17215.0
2021.09.028.0,363.0,266.4865,16800.0,0.13972603,11.0,17262.0
2021.09.024.0,405.0,333.97977,17000.0,0.15068494,9.0,17041.0
2021.09.027.0,363.0,367.41742,17000.0,0.14794521,11.0,17215.0
2021.09.028.0,482.0,364.83783,17000.0,0.13972603,18.0,17262.0
2021.09.024.0,360.0,332.58777,17400.0,0.15068494,19.0,17041.0
2021.09.027.0,365.0,340.63812,17400.0,0.14794521,4.0,17215.0
2021.09.028.0,320.0,368.73087,17400.0,0.13972603,5.0,17262.0
2021.09.024.0,321.0,287.37003,17500.0,0.15068494,7.0,17041.0
2021.09.027.0,318.0,294.07117,17500.0,0.14794521,19.0,17215.0
2021.09.028.0,280.0,318.11935,17500.0,0.13972603,29.0,17262.0
2021.09.024.0,225.0,205.13507,17700.0,0.15068494,171.0,17041.0
2021.09.027.0,241.0,211.032,17700.0,0.14794521,16.0,17215.0
2021.09.028.0,202.0,230.1624,17700.0,0.13972603,73.999985,17262.0
2021.09.024.0,13.0,-0.1722107,19200.0,0.15068494,10.0,17041.0
2021.09.027.0,13.0,3.2878723,19200.0,0.14794521,13.0,17215.0
2021.09.028.0,12.0,7.2741394,19200.0,0.13972603,11.0,17262.0
2021.09.024.0,11.0,-10.949585,19300.0,0.15068494,0.0,17041.0
2021.09.027.0,11.5,-2.4607239,19300.0,0.14794521,2.0,17215.0
2021.09.028.0,10.5,1.3649902,19300.0,0.13972603,0.0,17262.0
2021.09.024.0,6.0,-14.69455,21400.0,0.22739726,0.0,17015.0
2021.09.027.0,3.399994,-11.761871,21400.0,0.22465754,0.0,17179.0
2021.09.028.0,2.0,-9.916107,21400.0,0.21643835,0.0,17226.0
2021.09.024.0,41.5,43.004486,20600.0,0.47671235,1.0,16872.0
2021.09.027.0,41.0,41.994263,20600.0,0.47397262,0.0,17053.0
2021.09.028.0,42.0,40.66266,20600.0,0.46575344,0.0,17063.0
2021.09.024.0,0.7999878,-6.5404053,19700.0,0.0739726,103.999985,17080.0
2021.09.027.0,1.2000122,-5.061859,19700.0,0.07123287,30.0,17250.0
2021.09.028.0,1.0,-3.384674,19700.0,0.06301369,0.0,17292.0
2021.09.024.0,40.0,27.759338,13900.0,0.15068494,18.0,17041.0
2021.09.027.0,37.5,26.03595,13900.0,0.14794521,2.0,17215.0
2021.09.028.0,41.0,21.850739,13900.0,0.13972603,0.0,17262.0
2021.09.024.0,281.0,218.20642,16600.0,0.15068494,245.0,17041.0
2021.09.027.0,276.0,238.60905,16600.0,0.14794521,416.0,17215.0
2021.09.028.0,322.0,236.21744,16600.0,0.13972603,93.0,17262.0
2021.09.024.0,86.0,46.273834,18200.0,0.15068494,12.0,17041.0
2021.09.027.0,90.0,59.74475,18200.0,0.14794521,22.0,17215.0
2021.09.028.0,82.0,73.67996,18200.0,0.13972603,12.0,17262.0
2021.09.024.0,76.0,36.72415,18300.0,0.15068494,46.0,17041.0
2021.09.027.0,71.0,44.486023,18300.0,0.14794521,13.0,17215.0
2021.09.028.0,63.0,55.735687,18300.0,0.13972603,6.0,17262.0
2021.09.024.0,63.0,25.03891,18400.0,0.15068494,4.0,17041.0
2021.09.027.0,59.999985,34.13144,18400.0,0.14794521,13.0,17215.0
2021.09.028.0,43.0,44.09442,18400.0,0.13972603,31.0,17262.0
2021.09.024.0,51.0,27.76715,18500.0,0.15068494,26.0,17041.0
2021.09.027.0,46.0,33.618286,18500.0,0.14794521,32.0,17215.0
2021.09.028.0,42.5,38.871582,18500.0,0.13972603,12.0,17262.0
2021.09.024.0,610.0,631.7179,17200.0,0.22739726,0.0,17015.0
2021.09.027.0,595.0,652.20544,17200.0,0.22465754,0.0,17179.0
2021.09.028.0,640.0,628.6631,17200.0,0.21643835,69.0,17226.0
2021.09.024.0,156.0,127.22864,13400.0,0.47671235,0.0,16872.0
2021.09.027.0,154.0,127.565125,13400.0,0.47397262,0.0,17053.0
2021.09.028.0,165.0,125.72528,13400.0,0.46575344,0.0,17063.0
2021.09.024.0,408.0,373.70578,15400.0,0.47671235,0.0,16872.0
2021.09.027.0,375.0,380.86148,15400.0,0.47397262,0.0,17053.0
2021.09.028.0,424.0,372.1191,15400.0,0.46575344,1.0,17063.0
2021.09.024.0,62.0,59.013092,20200.0,0.47671235,0.0,16872.0
2021.09.027.0,59.999985,58.400574,20200.0,0.47397262,0.0,17053.0
2021.09.028.0,53.0,57.84964,20200.0,0.46575344,0.0,17063.0
2021.09.024.0,322.0,321.96222,17300.0,0.0739726,0.0,17080.0
2021.09.027.0,289.0,324.89343,17300.0,0.07123287,0.0,17250.0
2021.09.028.0,350.0,303.1171,17300.0,0.06301369,0.0,17292.0
2021.09.024.0,368.0,368.85376,17400.0,0.0739726,0.0,17080.0
2021.09.027.0,337.0,375.9928,17400.0,0.07123287,0.0,17250.0
2021.09.028.0,402.0,352.6247,17400.0,0.06301369,0.0,17292.0
2021.09.024.0,2.100006,-3.147766,19300.0,0.0739726,0.0,17080.0
2021.09.027.0,2.2999878,-1.8748779,19300.0,0.07123287,0.0,17250.0
2021.09.028.0,1.5,-0.5360718,19300.0,0.06301369,7.0,17292.0
2021.09.024.0,106.0,76.944534,15400.0,0.15068494,0.0,17041.0
2021.09.027.0,102.0,80.9633,15400.0,0.14794521,21.0,17215.0
2021.09.028.0,112.0,80.91991,15400.0,0.13972603,6.0,17262.0
2021.09.024.0,119.0,94.6772,15500.0,0.15068494,5.0,17041.0
2021.09.027.0,108.0,97.377975,15500.0,0.14794521,33.0,17215.0
2021.09.028.0,121.0,92.15997,15500.0,0.13972603,47.0,17262.0
2021.09.024.0,40.0,18.542633,18600.0,0.15068494,42.0,17041.0
2021.09.027.0,39.0,24.004486,18600.0,0.14794521,10.0,17215.0
2021.09.028.0,34.0,29.123169,18600.0,0.13972603,7.0,17262.0
2021.09.024.0,5.5,-17.811646,20100.0,0.15068494,1.0,17041.0
2021.09.027.0,2.0,-11.926086,20100.0,0.14794521,0.0,17215.0
2021.09.028.0,4.600006,-8.313507,20100.0,0.13972603,0.0,17262.0
2021.09.024.0,132.0,100.16113,15700.0,0.15068494,0.0,17041.0
2021.09.027.0,130.0,108.950806,15700.0,0.14794521,25.0,17215.0
2021.09.028.0,150.0,108.68971,15700.0,0.13972603,46.0,17262.0
2021.09.024.0,304.0,229.55399,16700.0,0.15068494,0.0,17041.0
2021.09.027.0,285.0,250.74191,16700.0,0.14794521,64.0,17215.0
2021.09.028.0,346.0,256.35208,16700.0,0.13972603,50.0,17262.0
2021.09.024.0,461.0,317.76862,17200.0,0.15068494,0.0,17041.0
2021.09.027.0,436.0,358.92773,17200.0,0.14794521,383.0,17215.0
2021.09.028.0,493.0,404.6396,17200.0,0.13972603,90.0,17262.0
2021.09.024.0,420.0,375.33783,17300.0,0.15068494,30.0,17041.0
2021.09.027.0,420.0,395.8305,17300.0,0.14794521,32.0,17215.0
2021.09.028.0,364.0,436.16415,17300.0,0.13972603,16.0,17262.0
2021.09.024.0,32.0,-3.4154053,18700.0,0.15068494,3.0,17041.0
2021.09.027.0,29.0,2.9788208,18700.0,0.14794521,2.0,17215.0
2021.09.028.0,28.0,12.833069,18700.0,0.13972603,3.0,17262.0
2021.09.024.0,15.0,7.9577637,19100.0,0.15068494,0.0,17041.0
2021.09.027.0,15.5,9.897614,19100.0,0.14794521,1.0,17215.0
2021.09.028.0,13.0,11.854828,19100.0,0.13972603,0.0,17262.0
2021.09.024.0,4.899994,-14.417633,20200.0,0.15068494,1.0,17041.0
2021.09.027.0,1.6000061,-11.226044,20200.0,0.14794521,5.0,17215.0
2021.09.028.0,4.299988,-7.40979,20200.0,0.13972603,0.0,17262.0
2021.09.024.0,46.5,25.408417,14200.0,0.15068494,0.0,17041.0
2021.09.027.0,44.5,27.754547,14200.0,0.14794521,1.0,17215.0
2021.09.028.0,52.0,29.475372,14200.0,0.13972603,0.0,17262.0
2021.09.024.0,21.0,20.374603,21400.0,0.47671235,0.0,16872.0
2021.09.027.0,24.5,20.013336,21400.0,0.47397262,0.0,17053.0
2021.09.028.0,27.5,19.689209,21400.0,0.46575344,0.0,17063.0
2021.09.024.0,440.0,287.13046,17100.0,0.15068494,0.0,17041.0
2021.09.027.0,409.0,322.8342,17100.0,0.14794521,4.0,17215.0
2021.09.028.0,505.0,370.6314,17100.0,0.13972603,30.0,17262.0
2021.09.024.0,254.0,216.72592,14400.0,0.47671235,0.0,16872.0
2021.09.027.0,240.0,218.63443,14400.0,0.47397262,0.0,17053.0
2021.09.028.0,266.0,215.68988,14400.0,0.46575344,0.0,17063.0
2021.09.024.0,350.0,233.24513,16900.0,0.15068494,3.0,17041.0
2021.09.027.0,329.0,238.07843,16900.0,0.14794521,2.0,17215.0
2021.09.028.0,400.0,252.46318,16900.0,0.13972603,9.0,17262.0
2021.09.024.0,505.0,493.63474,17300.0,0.15068494,0.0,17041.0
2021.09.027.0,478.0,525.8542,17300.0,0.14794521,0.0,17215.0
2021.09.028.0,540.0,508.5436,17300.0,0.13972603,0.0,17262.0
2021.09.024.0,26.0,5.375305,18800.0,0.15068494,4.0,17041.0
2021.09.027.0,23.5,10.583038,18800.0,0.14794521,1.0,17215.0
2021.09.028.0,23.5,15.522461,18800.0,0.13972603,20.0,17262.0
2021.09.024.0,9.899994,-3.2132263,19600.0,0.15068494,0.0,17041.0
2021.09.027.0,6.799988,-1.3716125,19600.0,0.14794521,1.0,17215.0
2021.09.028.0,7.0,0.8968506,19600.0,0.13972603,0.0,17262.0
2021.09.024.0,6.899994,-6.484894,19900.0,0.15068494,0.0,17041.0
2021.09.027.0,3.2999878,-4.946167,19900.0,0.14794521,0.0,17215.0
2021.09.028.0,5.399994,-2.4891968,19900.0,0.13972603,0.0,17262.0
2021.09.024.0,52.0,44.38336,14400.0,0.15068494,1.0,17041.0
2021.09.027.0,52.0,31.629456,14400.0,0.14794521,20.0,17215.0
2021.09.028.0,57.0,32.676086,14400.0,0.13972603,20.0,17262.0
2021.09.024.0,22.0,-5.693512,18900.0,0.15068494,6.0,17041.0
2021.09.027.0,20.5,3.4896545,18900.0,0.14794521,1.0,17215.0
2021.09.028.0,18.0,9.437256,18900.0,0.13972603,7.0,17262.0
2021.09.024.0,8.600006,-9.942383,19500.0,0.15068494,0.0,17041.0
2021.09.027.0,8.600006,-5.322418,19500.0,0.14794521,2.0,17215.0
2021.09.028.0,8.100006,-1.0944519,19500.0,0.13972603,8.0,17262.0
2021.09.024.0,7.799988,-3.797058,19800.0,0.15068494,0.0,17041.0
2021.09.027.0,4.200012,-2.2768555,19800.0,0.14794521,0.0,17215.0
2021.09.028.0,5.899994,-0.74957275,19800.0,0.13972603,0.0,17262.0
2021.09.024.0,700.0,724.1554,17400.0,0.22739726,0.0,17015.0
2021.09.027.0,685.0,755.3503,17400.0,0.22465754,0.0,17179.0
2021.09.028.0,725.0,739.2513,17400.0,0.21643835,0.0,17226.0
2021.09.024.0,930.0,983.78296,17200.0,0.47671235,0.0,16872.0
2021.09.027.0,915.0,1019.7273,17200.0,0.47397262,0.0,17053.0
2021.09.028.0,965.0,1005.4645,17200.0,0.46575344,0.0,17063.0
2021.09.024.0,308.0,269.11545,14800.0,0.47671235,0.0,16872.0
2021.09.027.0,287.0,272.68094,14800.0,0.47397262,0.0,17053.0
2021.09.028.0,321.0,269.36075,14800.0,0.46575344,0.0,17063.0
2021.09.024.0,815.0,752.23303,16700.0,0.15068494,0.0,17041.0
2021.09.027.0,840.0,780.5146,16700.0,0.14794521,0.0,17215.0
2021.09.028.0,760.0,857.74036,16700.0,0.13972603,0.0,17262.0
2021.09.024.0,665.0,574.4972,16900.0,0.15068494,0.0,17041.0
2021.09.027.0,695.0,615.47797,16900.0,0.14794521,0.0,17215.0
2021.09.028.0,620.0,697.03125,16900.0,0.13972603,0.0,17262.0
2021.09.024.0,605.0,540.7455,17000.0,0.15068494,0.0,17041.0
2021.09.027.0,625.0,557.10986,17000.0,0.14794521,0.0,17215.0
2021.09.028.0,555.0,610.66034,17000.0,0.13972603,0.0,17262.0
2021.09.024.0,540.0,451.72247,17100.0,0.15068494,120.0,17041.0
2021.09.027.0,560.0,480.555,17100.0,0.14794521,0.0,17215.0
2021.09.028.0,491.0,548.6816,17100.0,0.13972603,0.0,17262.0
2021.09.027.0,498.0,427.77377,17200.0,0.14794521,0.0,17215.0
2021.09.028.0,400.0,485.03952,17200.0,0.13972603,0.0,17262.0
2021.09.024.0,605.0,578.45526,16800.0,0.0739726,0.0,17080.0
2021.09.027.0,635.0,605.97266,16800.0,0.07123287,0.0,17250.0
2021.09.028.0,540.0,678.4574,16800.0,0.06301369,0.0,17292.0
2021.09.024.0,525.0,465.8443,16900.0,0.0739726,0.0,17080.0
2021.09.027.0,550.0,507.7478,16900.0,0.07123287,0.0,17250.0
2021.09.028.0,472.0,598.9935,16900.0,0.06301369,0.0,17292.0
2021.09.024.0,745.0,675.2516,16800.0,0.15068494,0.0,17041.0
2021.09.027.0,770.0,697.395,16800.0,0.14794521,0.0,17215.0
2021.09.028.0,690.0,766.08765,16800.0,0.13972603,0.0,17262.0
2021.09.024.0,6.100006,-13.824005,20000.0,0.15068494,0.0,17041.0
2021.09.027.0,2.600006,-10.461487,20000.0,0.14794521,0.0,17215.0
2021.09.028.0,5.0,-6.5692444,20000.0,0.13972603,0.0,17262.0
2021.09.024.0,1180.0,1088.5131,16600.0,0.47671235,0.0,16872.0
2021.09.027.0,1180.0,1110.0421,16600.0,0.47397262,0.0,17053.0
2021.09.028.0,1110.0,1178.42,16600.0,0.46575344,0.0,17063.0
2021.09.024.0,890.0,828.3259,16600.0,0.15068494,0.0,17041.0
2021.09.027.0,920.0,859.38464,16600.0,0.14794521,0.0,17215.0
2021.09.028.0,830.0,944.3589,16600.0,0.13972603,0.0,17262.0
2021.09.024.0,690.0,651.83325,16700.0,0.0739726,0.0,17080.0
2021.09.027.0,705.0,681.9452,16700.0,0.07123287,0.0,17250.0
2021.09.028.0,620.0,767.23346,16700.0,0.06301369,0.0,17292.0
2021.09.024.0,1050.0,996.8694,16400.0,0.15068494,0.0,17041.0
2021.09.027.0,1080.0,1031.8892,16400.0,0.14794521,0.0,17215.0
2021.09.028.0,985.0,1125.4249,16400.0,0.13972603,0.0,17262.0
2021.09.024.0,970.0,902.182,16500.0,0.15068494,0.0,17041.0
2021.09.027.0,995.0,941.84424,16500.0,0.14794521,0.0,17215.0
2021.09.028.0,910.0,1039.9454,16500.0,0.13972603,0.0,17262.0
2021.09.024.0,860.0,823.59155,16500.0,0.0739726,0.0,17080.0
2021.09.027.0,885.0,865.00916,16500.0,0.07123287,0.0,17250.0
2021.09.028.0,785.0,974.4835,16500.0,0.06301369,0.0,17292.0
2021.09.024.0,775.0,725.75793,16600.0,0.0739726,0.0,17080.0
2021.09.027.0,795.0,764.36426,16600.0,0.07123287,0.0,17250.0
2021.09.028.0,700.0,865.7643,16600.0,0.06301369,0.0,17292.0
2021.09.024.0,1310.0,1237.6815,16400.0,0.47671235,0.0,16872.0
2021.09.027.0,1320.0,1256.5988,16400.0,0.47397262,0.0,17053.0
2021.09.028.0,1250.0,1322.2739,16400.0,0.46575344,0.0,17063.0
2021.09.024.0,945.0,908.12646,16400.0,0.0739726,0.0,17080.0
2021.09.027.0,975.0,953.07544,16400.0,0.07123287,0.0,17250.0
2021.09.028.0,870.0,1073.8932,16400.0,0.06301369,0.0,17292.0
2021.09.024.0,1130.0,1079.824,16300.0,0.15068494,0.0,17041.0
2021.09.027.0,1170.0,1119.046,16300.0,0.14794521,0.0,17215.0
2021.09.028.0,1070.0,1218.9941,16300.0,0.13972603,0.0,17262.0
2021.09.024.0,1030.0,996.35535,16300.0,0.0739726,0.0,17080.0
2021.09.027.0,1060.0,1042.7462,16300.0,0.07123287,0.0,17250.0
2021.09.028.0,955.0,1170.9592,16300.0,0.06301369,0.0,17292.0
2021.09.024.0,1450.0,1378.1128,16200.0,0.47671235,0.0,16872.0
2021.09.027.0,1450.0,1393.3884,16200.0,0.47397262,0.0,17053.0
2021.09.028.0,1390.0,1456.5706,16200.0,0.46575344,0.0,17063.0
2021.09.024.0,2510.0,2018.3624,14800.0,0.22739726,0.0,17015.0
2021.09.027.0,2550.0,2018.2103,14800.0,0.22465754,0.0,17179.0
2021.09.028.0,2450.0,2018.2775,14800.0,0.21643835,0.0,17226.0
2021.09.024.0,2140.0,2000.7513,15200.0,0.22739726,0.0,17015.0
2021.09.027.0,2180.0,1998.281,15200.0,0.22465754,0.0,17179.0
2021.09.028.0,2090.0,1999.2139,15200.0,0.21643835,0.0,17226.0
2021.09.024.0,1120.0,1093.4028,16200.0,0.0739726,0.0,17080.0
2021.09.027.0,1160.0,1144.0944,16200.0,0.07123287,0.0,17250.0
2021.09.028.0,1050.0,1272.9076,16200.0,0.06301369,0.0,17292.0
2021.010.018.0,32.5,21.491241,12800.0,0.16712329,2.0,16719.0
2021.010.019.0,26.0,20.970154,12800.0,0.1589041,20.0,16662.0
2021.010.020.0,19.0,14.553528,12800.0,0.15616438,0.0,16843.0
2021.010.018.0,35.5,16.176178,13000.0,0.16712329,36.0,16719.0
2021.010.019.0,28.5,11.5095825,13000.0,0.1589041,26.0,16662.0
2021.010.020.0,24.5,6.659363,13000.0,0.15616438,84.0,16843.0
2021.010.018.0,38.5,48.65973,13200.0,0.16712329,40.0,16719.0
2021.010.019.0,32.5,33.318634,13200.0,0.1589041,0.0,16662.0
2021.010.020.0,28.0,27.943268,13200.0,0.15616438,3.0,16843.0
2021.010.018.0,54.0,54.065643,13800.0,0.16712329,8.0,16719.0
2021.010.019.0,41.0,45.62204,13800.0,0.1589041,6.0,16662.0
2021.010.020.0,38.0,36.819702,13800.0,0.15616438,240.0,16843.0
2021.010.018.0,965.0,873.80884,16000.0,0.16712329,0.0,16719.0
2021.010.019.0,1090.0,948.9027,16000.0,0.1589041,0.0,16662.0
2021.010.020.0,1090.0,1053.2605,16000.0,0.15616438,0.0,16843.0
2021.010.018.0,71.0,72.45026,18000.0,0.16712329,72.000015,16719.0
2021.010.019.0,86.0,74.47359,18000.0,0.1589041,25.0,16662.0
2021.010.020.0,82.0,78.49478,18000.0,0.15616438,41.0,16843.0
2021.010.018.0,10.5,9.237122,19000.0,0.16712329,14.0,16719.0
2021.010.019.0,14.0,8.876007,19000.0,0.1589041,33.0,16662.0
2021.010.020.0,14.0,9.037506,19000.0,0.15616438,7.0,16843.0
2021.010.018.0,42.0,41.0282,13400.0,0.16712329,0.0,16719.0
2021.010.019.0,35.0,30.125916,13400.0,0.1589041,13.0,16662.0
2021.010.020.0,29.0,19.532104,13400.0,0.15616438,16.0,16843.0
2021.010.018.0,60.999985,42.697174,14000.0,0.16712329,102.000015,16719.0
2021.010.019.0,48.0,34.550995,14000.0,0.1589041,14.0,16662.0
2021.010.020.0,49.0,25.964264,14000.0,0.15616438,176.0,16843.0
2021.010.018.0,161.0,133.47456,15200.0,0.16712329,6.0,16719.0
2021.010.019.0,120.0,114.766846,15200.0,0.1589041,2.0,16662.0
2021.010.020.0,117.0,94.809555,15200.0,0.15616438,24.0,16843.0
2021.010.018.0,4.700012,-8.406372,20000.0,0.16712329,33.0,16719.0
2021.010.019.0,7.700012,-8.306702,20000.0,0.1589041,0.0,16662.0
2021.010.020.0,6.399994,-8.233002,20000.0,0.15616438,2.0,16843.0
2021.010.018.0,440.0,450.13037,16800.0,0.16712329,6.0,16719.0
2021.010.019.0,515.0,464.89578,16800.0,0.1589041,5.0,16662.0
2021.010.020.0,530.0,479.43506,16800.0,0.15616438,0.0,16843.0
2021.010.018.0,226.0,195.93202,17400.0,0.16712329,8.0,16719.0
2021.010.019.0,255.0,209.12384,17400.0,0.1589041,1.0,16662.0
2021.010.020.0,245.0,228.09116,17400.0,0.15616438,5.0,16843.0
2021.010.018.0,6.899994,-3.4417725,19600.0,0.16712329,19.0,16719.0
2021.010.019.0,6.600006,-3.5620117,19600.0,0.1589041,0.0,16662.0
2021.010.020.0,8.700012,-3.347412,19600.0,0.15616438,6.0,16843.0
2021.010.018.0,133.0,112.02487,15000.0,0.16712329,40.0,16719.0
2021.010.019.0,104.0,95.42709,15000.0,0.1589041,8.0,16662.0
2021.010.020.0,101.0,78.10121,15000.0,0.15616438,15.0,16843.0
2021.010.018.0,266.0,258.4497,17200.0,0.16712329,30.0,16719.0
2021.010.019.0,338.0,275.26797,17200.0,0.1589041,14.0,16662.0
2021.010.020.0,316.0,301.04553,17200.0,0.15616438,6.0,16843.0
2021.010.018.0,3.899994,-10.192749,20200.0,0.16712329,1.0,16719.0
2021.010.019.0,0.7000122,-9.935272,20200.0,0.1589041,0.0,16662.0
2021.010.020.0,4.899994,-8.795624,20200.0,0.15616438,1.0,16843.0
2021.010.018.0,114.0,91.96568,14800.0,0.16712329,6.0,16719.0
2021.010.019.0,85.0,78.78285,14800.0,0.1589041,3.0,16662.0
2021.010.020.0,86.0,64.27557,14800.0,0.15616438,2.0,16843.0
2021.010.018.0,38.0,35.72412,18400.0,0.16712329,34.0,16719.0
2021.010.019.0,45.5,36.225677,18400.0,0.1589041,3.0,16662.0
2021.010.020.0,38.5,37.357758,18400.0,0.15616438,88.999985,16843.0
2021.010.018.0,258.0,234.54193,15800.0,0.16712329,16.0,16719.0
2021.010.019.0,206.0,202.68146,15800.0,0.1589041,11.0,16662.0
2021.010.020.0,199.0,166.74683,15800.0,0.15616438,23.0,16843.0
2021.010.018.0,202.0,192.88478,15600.0,0.16712329,12.0,16719.0
2021.010.019.0,169.0,166.71527,15600.0,0.1589041,1.0,16662.0
2021.010.020.0,177.0,138.53053,15600.0,0.15616438,17.0,16843.0
2021.010.018.0,347.0,340.9433,17000.0,0.16712329,17.0,16719.0
2021.010.019.0,422.0,363.274,17000.0,0.1589041,3.0,16662.0
2021.010.020.0,413.0,393.1447,17000.0,0.15616438,9.0,16843.0
2021.010.018.0,114.0,102.83847,17800.0,0.16712329,9.0,16719.0
2021.010.019.0,132.0,108.11963,17800.0,0.1589041,2.0,16662.0
2021.010.020.0,123.0,115.92058,17800.0,0.15616438,4.0,16843.0
2021.010.018.0,284.0,279.0467,16000.0,0.16712329,176.0,16719.0
2021.010.019.0,247.0,240.53038,16000.0,0.1589041,11.0,16662.0
2021.010.020.0,240.0,199.25357,16000.0,0.15616438,61.0,16843.0
2021.010.018.0,3.2999878,-12.146973,20400.0,0.16712329,1.0,16719.0
2021.010.019.0,4.600006,-11.762848,20400.0,0.1589041,0.0,16662.0
2021.010.020.0,3.7000122,-11.082397,20400.0,0.15616438,0.0,16843.0
2021.010.018.0,8.5,0.07507324,19400.0,0.16712329,18.0,16719.0
2021.010.019.0,9.299988,-0.17764282,19400.0,0.1589041,1.0,16662.0
2021.010.020.0,9.0,-0.18927002,19400.0,0.15616438,12.0,16843.0
2021.010.018.0,50.0,29.798157,13600.0,0.16712329,11.0,16719.0
2021.010.019.0,35.5,23.11914,13600.0,0.1589041,1.0,16662.0
2021.010.020.0,33.0,16.246216,13600.0,0.15616438,57.999985,16843.0
2021.010.018.0,423.0,406.27606,16400.0,0.16712329,9.0,16719.0
2021.010.019.0,340.0,356.7134,16400.0,0.1589041,24.0,16662.0
2021.010.020.0,330.0,298.6867,16400.0,0.15616438,33.0,16843.0
2021.010.018.0,2.7999878,-13.739868,20600.0,0.16712329,0.0,16719.0
2021.010.019.0,3.5,-13.552582,20600.0,0.1589041,0.0,16662.0
2021.010.020.0,2.7999878,-13.28302,20600.0,0.15616438,0.0,16843.0
2021.010.018.0,179.0,160.2603,15400.0,0.16712329,258.0,16719.0
2021.010.019.0,155.0,136.35278,15400.0,0.1589041,46.0,16662.0
2021.010.020.0,145.0,112.66864,15400.0,0.15616438,11.0,16843.0
2021.010.018.0,8.899994,-5.9505005,19800.0,0.16712329,3.0,16719.0
2021.010.019.0,8.299988,-6.163788,19800.0,0.1589041,5.0,16662.0
2021.010.020.0,8.5,-6.3460693,19800.0,0.15616438,4.0,16843.0
2021.010.018.0,350.0,359.41122,16200.0,0.16712329,33.0,16719.0
2021.010.019.0,280.0,304.6053,16200.0,0.1589041,6.0,16662.0
2021.010.020.0,287.0,259.12012,16200.0,0.15616438,7.0,16843.0
2021.010.018.0,146.0,140.0332,17600.0,0.16712329,24.0,16719.0
2021.010.019.0,182.0,149.44963,17600.0,0.1589041,21.0,16662.0
2021.010.020.0,177.0,162.60121,17600.0,0.15616438,15.0,16843.0
2021.010.018.0,23.5,24.114502,18600.0,0.16712329,50.0,16719.0
2021.010.019.0,29.5,24.041504,18600.0,0.1589041,28.0,16662.0
2021.010.020.0,28.5,24.658813,18600.0,0.15616438,11.0,16843.0
2021.010.018.0,74.0,74.71985,14200.0,0.16712329,0.0,16719.0
2021.010.019.0,59.999985,63.882217,14200.0,0.1589041,63.0,16662.0
2021.010.020.0,56.0,52.725067,14200.0,0.15616438,2.0,16843.0
2021.010.018.0,585.0,570.5968,16800.0,0.16712329,0.0,16719.0
2021.010.019.0,471.0,511.9162,16800.0,0.1589041,0.0,16662.0
2021.010.020.0,476.0,418.2651,16800.0,0.15616438,7.0,16843.0
2021.010.018.0,550.0,515.55444,16600.0,0.16712329,0.0,16719.0
2021.010.019.0,650.0,550.7629,16600.0,0.1589041,0.0,16662.0
2021.010.020.0,655.0,600.7179,16600.0,0.15616438,0.0,16843.0
2021.010.018.0,1120.0,1013.7632,15800.0,0.16712329,0.0,16719.0
2021.010.019.0,1250.0,1108.5391,15800.0,0.1589041,0.0,16662.0
2021.010.020.0,1250.0,1237.878,15800.0,0.15616438,0.0,16843.0
2021.010.018.0,48.0,50.352936,18200.0,0.16712329,27.0,16719.0
2021.010.019.0,64.0,50.83615,18200.0,0.1589041,9.0,16662.0
2021.010.020.0,58.0,53.362915,18200.0,0.15616438,12.0,16843.0
2021.010.018.0,685.0,622.28723,16400.0,0.16712329,0.0,16719.0
2021.010.019.0,790.0,681.2034,16400.0,0.1589041,0.0,16662.0
2021.010.020.0,785.0,747.7175,16400.0,0.15616438,0.0,16843.0
2021.010.018.0,11.5,4.3640747,19200.0,0.16712329,8.0,16719.0
2021.010.019.0,11.0,4.1369324,19200.0,0.1589041,0.0,16662.0
2021.010.020.0,11.0,4.292572,19200.0,0.15616438,0.0,16843.0
2021.010.018.0,1.7999878,-17.453125,21200.0,0.16712329,52.0,16719.0
2021.010.019.0,1.7000122,-17.216858,21200.0,0.1589041,24.0,16662.0
2021.010.020.0,1.2999878,-16.676117,21200.0,0.15616438,0.0,16843.0
2021.010.018.0,83.0,106.6407,14400.0,0.16712329,2.0,16719.0
2021.010.019.0,70.0,91.367966,14400.0,0.1589041,2.0,16662.0
2021.010.020.0,62.0,69.44441,14400.0,0.15616438,2.0,16843.0
2021.010.018.0,97.0,96.2375,14600.0,0.16712329,1.0,16719.0
2021.010.019.0,75.0,78.92337,14600.0,0.1589041,1.0,16662.0
2021.010.020.0,75.0,59.896988,14600.0,0.15616438,2.0,16843.0
2021.010.018.0,810.0,726.19116,16200.0,0.16712329,0.0,16719.0
2021.010.019.0,925.0,793.00867,16200.0,0.1589041,0.0,16662.0
2021.010.020.0,935.0,884.7086,16200.0,0.15616438,0.0,16843.0
2021.010.018.0,1280.0,1180.1123,15600.0,0.16712329,0.0,16719.0
2021.010.019.0,1410.0,1277.4724,15600.0,0.1589041,0.0,16662.0
2021.010.020.0,1430.0,1413.562,15600.0,0.15616438,0.0,16843.0
2021.010.018.0,17.0,16.185211,18800.0,0.16712329,117.999985,16719.0
2021.010.019.0,19.5,15.773224,18800.0,0.1589041,5.0,16662.0
2021.010.020.0,19.5,15.722107,18800.0,0.15616438,40.0,16843.0
2021.010.018.0,1440.0,1323.2834,15400.0,0.16712329,0.0,16719.0
2021.010.019.0,1600.0,1421.9486,15400.0,0.1589041,0.0,16662.0
2021.010.020.0,1600.0,1559.7627,15400.0,0.15616438,0.0,16843.0
2021.010.018.0,28.5,16.424957,12600.0,0.16712329,8.0,16719.0
2021.010.019.0,23.5,14.330902,12600.0,0.1589041,0.0,16662.0
2021.010.020.0,20.5,9.269287,12600.0,0.15616438,1.0,16843.0
2021.010.018.0,1790.0,1758.1886,15000.0,0.16712329,0.0,16719.0
2021.010.019.0,1950.0,1807.8903,15000.0,0.1589041,0.0,16662.0
2021.010.020.0,1950.0,1872.5283,15000.0,0.15616438,0.0,16843.0
2021.010.018.0,2.399994,-15.0260315,20800.0,0.16712329,0.0,16719.0
2021.010.019.0,2.7000122,-14.819489,20800.0,0.1589041,1.0,16662.0
2021.010.020.0,2.2000122,-14.330902,20800.0,0.15616438,0.0,16843.0
2021.010.018.0,25.0,15.077637,12400.0,0.16712329,2.0,16719.0
2021.010.019.0,20.0,8.857391,12400.0,0.1589041,0.0,16662.0
2021.010.020.0,19.5,3.935608,12400.0,0.15616438,7.0,16843.0
2021.010.018.0,2.100006,-16.68634,21000.0,0.16712329,0.0,16719.0
2021.010.019.0,2.100006,-15.888367,21000.0,0.1589041,0.0,16662.0
2021.010.020.0,1.7000122,-15.224152,21000.0,0.15616438,0.0,16843.0
2021.010.018.0,21.0,5.653351,12200.0,0.16712329,53.0,16719.0
2021.010.019.0,17.0,2.7478638,12200.0,0.1589041,48.0,16662.0
2021.010.020.0,16.0,-0.58914185,12200.0,0.15616438,42.0,16843.0
2021.010.018.0,217.0,199.91302,14000.0,0.41643837,11.0,16602.0
2021.010.019.0,186.0,188.76755,14000.0,0.40821916,0.0,16550.0
2021.010.020.0,180.0,174.63274,14000.0,0.40547946,1.0,16720.0
2021.010.018.0,346.0,362.13928,15000.0,0.41643837,1.0,16602.0
2021.010.019.0,322.0,341.61298,15000.0,0.40821916,76.0,16550.0
2021.010.020.0,307.0,315.1798,15000.0,0.40547946,10.0,16720.0
2021.010.018.0,312.0,296.98053,17800.0,0.41643837,6.0,16602.0
2021.010.019.0,338.0,312.96155,17800.0,0.40821916,15.0,16550.0
2021.010.020.0,338.0,332.79922,17800.0,0.40547946,0.0,16720.0
2021.010.018.0,196.0,175.73984,13800.0,0.41643837,5.0,16602.0
2021.010.019.0,167.0,165.43924,13800.0,0.40821916,0.0,16550.0
2021.010.020.0,164.0,152.93825,13800.0,0.40547946,3.0,16720.0
2021.010.018.0,241.0,222.115,14200.0,0.41643837,0.0,16602.0
2021.010.019.0,207.0,210.70218,14200.0,0.40821916,0.0,16550.0
2021.010.020.0,198.0,196.74872,14200.0,0.40547946,1.0,16720.0
2021.010.018.0,407.0,403.9052,15200.0,0.41643837,0.0,16602.0
2021.010.019.0,358.0,381.59583,15200.0,0.40821916,0.0,16550.0
2021.010.020.0,343.0,353.6563,15200.0,0.40547946,0.0,16720.0
2021.010.018.0,710.0,636.53937,16800.0,0.41643837,2.0,16602.0
2021.010.019.0,765.0,684.83777,16800.0,0.40821916,0.0,16550.0
2021.010.020.0,770.0,740.5386,16800.0,0.40547946,0.0,16720.0
2021.010.018.0,391.0,349.2127,17600.0,0.41643837,0.0,16602.0
2021.010.019.0,403.0,376.2216,17600.0,0.40821916,4.0,16550.0
2021.010.020.0,408.0,407.76627,17600.0,0.40547946,7.0,16720.0
2021.010.018.0,95.0,86.986404,19000.0,0.41643837,1.0,16602.0
2021.010.019.0,100.0,88.695755,19000.0,0.40821916,0.0,16550.0
2021.010.020.0,94.0,92.059784,19000.0,0.40547946,5.0,16720.0
2021.010.018.0,20.0,12.4253235,20800.0,0.41643837,0.0,16602.0
2021.010.019.0,22.5,11.743042,20800.0,0.40821916,0.0,16550.0
2021.010.020.0,20.5,11.185913,20800.0,0.40547946,3.0,16720.0
2021.010.018.0,467.0,481.4113,16600.0,0.16712329,7.0,16719.0
2021.010.019.0,403.0,422.5528,16600.0,0.1589041,1.0,16662.0
2021.010.020.0,398.0,357.58282,16600.0,0.15616438,4.0,16843.0
2021.010.018.0,685.0,654.75903,17000.0,0.16712329,0.0,16719.0
2021.010.019.0,575.0,597.3133,17000.0,0.1589041,0.0,16662.0
2021.010.020.0,570.0,524.6278,17000.0,0.15616438,0.0,16843.0
2021.010.018.0,176.0,156.06175,13600.0,0.41643837,0.0,16602.0
2021.010.019.0,153.0,146.36586,13600.0,0.40821916,0.0,16550.0
2021.010.020.0,149.0,136.00461,13600.0,0.40547946,1.0,16720.0
2021.010.018.0,1070.0,1025.9656,17000.0,0.41643837,0.0,16602.0
2021.010.019.0,940.0,993.1405,17000.0,0.40821916,0.0,16550.0
2021.010.020.0,935.0,929.9204,17000.0,0.40547946,0.0,16720.0
2021.010.018.0,163.0,165.04227,18400.0,0.41643837,0.0,16602.0
2021.010.019.0,191.0,169.81401,18400.0,0.40821916,0.0,16550.0
2021.010.020.0,180.0,177.62479,18400.0,0.40547946,0.0,16720.0
2021.010.018.0,1.0,-18.103271,21600.0,0.16712329,151.0,16719.0
2021.010.019.0,0.8999939,-17.612,21600.0,0.1589041,0.0,16662.0
2021.010.020.0,0.7999878,-16.90033,21600.0,0.15616438,0.0,16843.0
2021.010.018.0,640.0,615.3559,16000.0,0.41643837,5.0,16602.0
2021.010.019.0,545.0,600.03577,16000.0,0.40821916,0.0,16550.0
2021.010.020.0,535.0,564.0526,16000.0,0.40547946,24.0,16720.0
2021.010.018.0,15.0,6.108185,21200.0,0.41643837,0.0,16602.0
2021.010.019.0,17.5,5.4190674,21200.0,0.40821916,1.0,16550.0
2021.010.020.0,15.0,5.1134033,21200.0,0.40547946,6.0,16720.0
2021.010.018.0,13.0,1.8040466,21600.0,0.41643837,0.0,16602.0
2021.010.019.0,14.0,1.1488342,21600.0,0.40821916,0.0,16550.0
2021.010.020.0,13.5,0.6720886,21600.0,0.40547946,2.0,16720.0
2021.010.018.0,510.0,510.22382,15600.0,0.41643837,1.0,16602.0
2021.010.019.0,467.0,486.559,15600.0,0.40821916,0.0,16550.0
2021.010.020.0,429.0,452.23267,15600.0,0.40547946,1.0,16720.0
2021.010.018.0,137.0,134.24425,18600.0,0.41643837,7.0,16602.0
2021.010.019.0,155.0,137.70187,18600.0,0.40821916,0.0,16550.0
2021.010.020.0,140.0,143.4431,18600.0,0.40547946,0.0,16720.0
2021.010.018.0,36.0,32.67041,20000.0,0.41643837,0.0,16602.0
2021.010.019.0,38.5,32.114746,20000.0,0.40821916,35.0,16550.0
2021.010.020.0,39.0,31.954315,20000.0,0.40547946,0.0,16720.0
2021.010.018.0,439.0,410.16605,17400.0,0.41643837,0.0,16602.0
2021.010.019.0,482.0,438.66797,17400.0,0.40821916,0.0,16550.0
2021.010.020.0,487.0,472.56125,17400.0,0.40547946,0.0,16720.0
2021.010.018.0,297.0,282.82227,14600.0,0.41643837,2.0,16602.0
2021.010.019.0,258.0,268.53055,14600.0,0.40821916,0.0,16550.0
2021.010.020.0,245.0,249.57343,14600.0,0.40547946,0.0,16720.0
2021.010.018.0,710.0,682.8281,16200.0,0.41643837,1.0,16602.0
2021.010.019.0,615.0,676.55963,16200.0,0.40821916,0.0,16550.0
2021.010.020.0,595.0,641.1559,16200.0,0.40547946,0.0,16720.0
2021.010.018.0,0.7000122,-21.00827,21800.0,0.16712329,786.0,16719.0
2021.010.019.0,0.6000061,-21.234344,21800.0,0.1589041,394.0,16662.0
2021.010.020.0,0.6000061,-23.82367,21800.0,0.15616438,1979.0,16843.0
2021.010.018.0,960.0,935.69543,16800.0,0.41643837,0.0,16602.0
2021.010.019.0,845.0,895.2997,16800.0,0.40821916,0.0,16550.0
2021.010.020.0,835.0,832.92834,16800.0,0.40547946,0.0,16720.0
2021.010.018.0,278.0,243.2265,18000.0,0.41643837,8.0,16602.0
2021.010.019.0,280.0,257.8523,18000.0,0.40821916,1.0,16550.0
2021.010.020.0,279.0,275.35565,18000.0,0.40547946,14.0,16720.0
2021.010.018.0,194.0,200.5372,18200.0,0.41643837,0.0,16602.0
2021.010.019.0,213.0,207.95728,18200.0,0.40821916,13.0,16550.0
2021.010.020.0,218.0,216.9725,18200.0,0.40547946,10.0,16720.0
2021.010.018.0,12.0,-0.83877563,21800.0,0.41643837,12.0,16602.0
2021.010.019.0,13.0,-1.3257751,21800.0,0.40821916,14.0,16550.0
2021.010.020.0,13.0,-1.5437012,21800.0,0.40547946,14.0,16720.0
2021.010.018.0,44.0,39.79474,19800.0,0.41643837,0.0,16602.0
2021.010.019.0,45.0,39.506714,19800.0,0.40821916,0.0,16550.0
2021.010.020.0,46.0,39.416748,19800.0,0.40547946,8.0,16720.0
2021.010.018.0,0.6000061,-37.6174,14800.0,0.013698608,482.0,16782.0
2021.010.018.0,0.7000122,-33.07611,14900.0,0.013698608,540.0,16782.0
2021.010.018.0,0.8999939,-36.992462,15000.0,0.013698608,1133.0,16782.0
2021.010.018.0,2.100006,13.27182,15900.0,0.013698608,5155.0,16782.0
2021.010.018.0,3.600006,15.518066,16000.0,0.013698608,18064.0,16782.0
2021.010.018.0,0.8999939,8.037201,17300.0,0.013698608,2926.0,16782.0
2021.010.018.0,0.3999939,-9.911255,17600.0,0.013698608,555.0,16782.0
2021.010.018.0,0.2999878,-14.66275,17800.0,0.013698608,513.0,16782.0
2021.010.018.0,0.2000122,-16.266235,18000.0,0.013698608,278.0,16782.0
2021.010.018.0,0.1000061,-15.734039,18400.0,0.013698608,8.0,16782.0
2021.010.018.0,0.1000061,-15.169983,18500.0,0.013698608,2.0,16782.0
2021.010.018.0,0.1000061,-35.36676,20000.0,0.013698608,1.0,16782.0
2021.010.018.0,525.0,468.59497,17200.0,0.41643837,0.0,16602.0
2021.010.019.0,570.0,506.86102,17200.0,0.40821916,0.0,16550.0
2021.010.020.0,575.0,553.81616,17200.0,0.40547946,0.0,16720.0
2021.010.018.0,201.0,220.50171,16900.0,0.013698608,0.0,16782.0
2021.010.018.0,0.2000122,-12.188843,18100.0,0.013698608,88.999985,16782.0
2021.010.018.0,0.2000122,-12.382874,18300.0,0.013698608,21.0,16782.0
2021.010.018.0,0.1000061,-17.623108,18600.0,0.013698608,2.0,16782.0
2021.010.018.0,0.1000061,-29.629578,19400.0,0.013698608,0.0,16782.0
2021.010.018.0,0.1000061,-34.11743,19800.0,0.013698608,0.0,16782.0
2021.010.018.0,0.1000061,-38.22766,20300.0,0.013698608,8.0,16782.0
2021.010.018.0,575.0,564.5183,15800.0,0.41643837,1.0,16602.0
2021.010.019.0,491.0,539.81433,15800.0,0.40821916,0.0,16550.0
2021.010.020.0,479.0,501.39142,15800.0,0.40547946,0.0,16720.0
2021.010.018.0,1.0,-35.351837,15200.0,0.013698608,2814.0,16782.0
2021.010.018.0,0.7999878,-3.6135254,17400.0,0.013698608,1936.0,16782.0
2021.010.018.0,0.2000122,-13.953613,17900.0,0.013698608,126.0,16782.0
2021.010.018.0,0.2000122,-12.547699,18200.0,0.013698608,145.0,16782.0
2021.010.018.0,0.1000061,-27.670685,19100.0,0.013698608,2.0,16782.0
2021.010.018.0,0.1000061,-35.67273,20100.0,0.013698608,2.0,16782.0
2021.010.018.0,865.0,847.9136,16600.0,0.41643837,0.0,16602.0
2021.010.019.0,750.0,807.6089,16600.0,0.40821916,0.0,16550.0
2021.010.020.0,750.0,748.8089,16600.0,0.40547946,5.0,16720.0
2021.010.018.0,0.6000061,-34.19348,14700.0,0.013698608,385.0,16782.0
2021.010.018.0,1.2999878,-23.089233,15400.0,0.013698608,4306.0,16782.0
2021.010.018.0,4.5,27.703705,16100.0,0.013698608,8224.999,16782.0
2021.010.018.0,15.5,64.28471,16400.0,0.013698608,18408.0,16782.0
2021.010.018.0,0.3999939,-12.327576,17700.0,0.013698608,826.0,16782.0
2021.010.018.0,0.1000061,-17.891235,18800.0,0.013698608,0.0,16782.0
2021.010.018.0,0.1000061,-22.06366,19000.0,0.013698608,2.0,16782.0
2021.010.018.0,0.1000061,-35.225433,19900.0,0.013698608,0.0,16782.0
2021.010.018.0,760.0,788.714,16400.0,0.41643837,0.0,16602.0
2021.010.019.0,725.0,751.025,16400.0,0.40821916,0.0,16550.0
2021.010.020.0,670.0,697.38477,16400.0,0.40547946,11.0,16720.0
2021.010.018.0,114.0,106.88989,18800.0,0.41643837,1.0,16602.0
2021.010.019.0,125.0,109.80719,18800.0,0.40821916,0.0,16550.0
2021.010.020.0,115.0,114.250885,18800.0,0.40547946,0.0,16720.0
2021.010.018.0,77.0,71.36127,19200.0,0.41643837,2.0,16602.0
2021.010.019.0,80.0,72.590454,19200.0,0.40821916,0.0,16550.0
2021.010.020.0,78.0,74.38411,19200.0,0.40547946,0.0,16720.0
2021.010.018.0,0.2999878,-32.923126,14600.0,0.013698608,316.0,16782.0
2021.010.018.0,0.7999878,-35.315887,15100.0,0.013698608,1721.0,16782.0
2021.010.018.0,1.6000061,24.533386,17200.0,0.013698608,7499.0,16782.0
2021.010.018.0,0.5,-7.1692505,17500.0,0.013698608,1975.0,16782.0
2021.010.018.0,0.1000061,-16.427734,18700.0,0.013698608,17.0,16782.0
2021.010.018.0,0.1000061,-27.999603,19200.0,0.013698608,0.0,16782.0
2021.010.018.0,0.1000061,-32.62738,19500.0,0.013698608,0.0,16782.0
2021.010.018.0,0.1000061,-37.55899,20200.0,0.013698608,0.0,16782.0
2021.010.018.0,0.5,-36.80426,14500.0,0.013698608,595.0,16782.0
2021.010.018.0,1.5,13.517975,15800.0,0.013698608,6985.0,16782.0
2021.010.018.0,79.0,134.67606,16700.0,0.013698608,19025.0,16782.0
2021.010.018.0,127.0,202.3938,16800.0,0.013698608,0.0,16782.0
2021.010.018.0,26.5,20.93628,20400.0,0.41643837,0.0,16602.0
2021.010.019.0,28.0,20.248352,20400.0,0.40821916,0.0,16550.0
2021.010.020.0,28.0,19.729431,20400.0,0.40547946,5.0,16720.0
2021.010.018.0,1.1000061,-32.30298,15300.0,0.013698608,1670.0,16782.0
2021.010.018.0,1.7000122,-10.276245,15600.0,0.013698608,3214.0,16782.0
2021.010.018.0,285.0,248.206,17000.0,0.013698608,0.0,16782.0
2021.010.018.0,1.6000061,-14.008789,15500.0,0.013698608,5238.0,16782.0
2021.010.018.0,2.0,2.2654114,15700.0,0.013698608,5293.0,16782.0
2021.010.018.0,9.299988,43.038147,16300.0,0.013698608,14820.0,16782.0
2021.010.018.0,26.5,92.02312,16500.0,0.013698608,21153.0,16782.0
2021.010.018.0,45.0,114.86432,16600.0,0.013698608,17564.0,16782.0
2021.010.018.0,7.600006,62.604996,17000.0,0.013698608,28351.0,16782.0
2021.010.018.0,625.0,550.4859,17000.0,0.41643837,0.0,16602.0
2021.010.019.0,665.0,597.94354,17000.0,0.40821916,0.0,16550.0
2021.010.020.0,670.0,650.05493,17000.0,0.40547946,2.0,16720.0
2021.010.018.0,65.0,59.768723,19400.0,0.41643837,2.0,16602.0
2021.010.019.0,64.0,60.267014,19400.0,0.40821916,0.0,16550.0
2021.010.020.0,64.0,60.927322,19400.0,0.40547946,12.0,16720.0
2021.010.018.0,0.1000061,-31.69577,13800.0,0.013698608,17.0,16782.0
2021.010.018.0,0.2000122,-31.04657,14000.0,0.013698608,91.0,16782.0
2021.010.018.0,0.2999878,-29.498901,14100.0,0.013698608,113.0,16782.0
2021.010.018.0,0.2999878,-26.608887,14300.0,0.013698608,116.000015,16782.0
2021.010.018.0,0.2999878,-29.357483,14400.0,0.013698608,111.0,16782.0
2021.010.018.0,6.200012,35.79785,16200.0,0.013698608,11097.0,16782.0
2021.010.018.0,0.1000061,-22.831757,18900.0,0.013698608,102.000015,16782.0
2021.010.018.0,30.5,20.95465,14600.0,0.09041095,117.000015,16754.0
2021.010.019.0,18.0,11.776672,14600.0,0.08219178,73.999985,16693.0
2021.010.020.0,15.0,2.7079468,14600.0,0.07945205,166.0,16872.0
2021.010.018.0,33.0,26.203613,14700.0,0.09041095,132.99998,16754.0
2021.010.019.0,20.0,16.092438,14700.0,0.08219178,36.0,16693.0
2021.010.020.0,17.5,6.144165,14700.0,0.07945205,231.0,16872.0
2021.010.018.0,41.5,35.576813,14900.0,0.09041095,507.0,16754.0
2021.010.019.0,25.0,23.187225,14900.0,0.08219178,223.0,16693.0
2021.010.020.0,21.5,11.494934,14900.0,0.07945205,176.0,16872.0
2021.010.018.0,59.999985,52.818726,15200.0,0.09041095,297.0,16754.0
2021.010.019.0,36.0,37.371063,15200.0,0.08219178,125.0,16693.0
2021.010.020.0,30.5,22.7984,15200.0,0.07945205,337.0,16872.0
2021.010.018.0,66.0,61.588516,15300.0,0.09041095,328.0,16754.0
2021.010.019.0,41.0,44.675323,15300.0,0.08219178,130.0,16693.0
2021.010.020.0,36.0,28.735504,15300.0,0.07945205,393.0,16872.0
2021.010.018.0,94.0,84.19176,15600.0,0.09041095,678.0,16754.0
2021.010.019.0,59.999985,62.108368,15600.0,0.08219178,228.0,16693.0
2021.010.020.0,53.0,41.76239,15600.0,0.07945205,605.0,16872.0
2021.010.018.0,151.0,128.1768,16000.0,0.09041095,1482.0,16754.0
2021.010.019.0,102.0,91.24617,16000.0,0.08219178,1190.0,16693.0
2021.010.020.0,91.0,57.83136,16000.0,0.07945205,2347.0,16872.0
2021.010.018.0,173.0,165.81482,16100.0,0.09041095,439.0,16754.0
2021.010.019.0,117.0,126.21063,16100.0,0.08219178,529.0,16693.0
2021.010.020.0,104.0,88.705826,16100.0,0.07945205,915.0,16872.0
2021.010.018.0,195.0,180.29964,16200.0,0.09041095,886.0,16754.0
2021.010.019.0,135.0,136.38478,16200.0,0.08219178,511.0,16693.0
2021.010.020.0,124.0,97.30614,16200.0,0.07945205,948.0,16872.0
2021.010.018.0,48.0,57.440826,17600.0,0.09041095,976.0,16754.0
2021.010.019.0,67.0,58.696686,17600.0,0.08219178,818.0,16693.0
2021.010.020.0,63.0,64.31079,17600.0,0.07945205,951.0,16872.0
2021.010.018.0,30.0,35.2305,17800.0,0.09041095,783.0,16754.0
2021.010.019.0,39.5,31.645752,17800.0,0.08219178,1473.0,16693.0
2021.010.020.0,36.5,30.453857,17800.0,0.07945205,1284.0,16872.0
2021.010.018.0,23.0,28.062225,17900.0,0.09041095,279.0,16754.0
2021.010.019.0,31.0,25.604462,17900.0,0.08219178,989.0,16693.0
2021.010.020.0,27.5,25.323639,17900.0,0.07945205,504.0,16872.0
2021.010.018.0,1.7999878,-8.100342,19400.0,0.09041095,50.0,16754.0
2021.010.019.0,0.1000061,-7.852844,19400.0,0.08219178,2.0,16693.0
2021.010.020.0,1.2000122,-6.29068,19400.0,0.07945205,3.0,16872.0
2021.010.018.0,128.0,111.5325,13000.0,0.41643837,4.0,16602.0
2021.010.019.0,114.0,103.76221,13000.0,0.40821916,42.0,16550.0
2021.010.020.0,111.0,95.93576,13000.0,0.40547946,37.0,16720.0
2021.010.018.0,142.0,123.6537,13200.0,0.41643837,2.0,16602.0
2021.010.019.0,124.0,115.595474,13200.0,0.40821916,1.0,16550.0
2021.010.020.0,119.0,107.0685,13200.0,0.40547946,9.0,16720.0
2021.010.018.0,0.2000122,-28.810608,13900.0,0.013698608,1.0,16782.0
2021.010.018.0,0.2000122,-26.941498,14200.0,0.013698608,72.999985,16782.0
2021.010.018.0,3.100006,43.37088,17100.0,0.013698608,16074.0,16782.0
2021.010.018.0,15.0,-7.1376953,13800.0,0.09041095,732.0,16754.0
2021.010.019.0,8.799988,-13.12146,13800.0,0.08219178,437.0,16693.0
2021.010.020.0,7.100006,-18.841187,13800.0,0.07945205,931.0,16872.0
2021.010.018.0,38.0,30.916351,14800.0,0.09041095,308.0,16754.0
2021.010.019.0,22.0,19.754486,14800.0,0.08219178,117.999985,16693.0
2021.010.020.0,18.5,9.038757,14800.0,0.07945205,187.0,16872.0
2021.010.018.0,119.0,110.04199,15800.0,0.09041095,696.0,16754.0
2021.010.019.0,79.0,81.29199,15800.0,0.08219178,538.0,16693.0
2021.010.020.0,68.0,54.920563,15800.0,0.07945205,944.0,16872.0
2021.010.018.0,247.0,248.5882,16400.0,0.09041095,326.0,16754.0
2021.010.019.0,181.0,196.3664,16400.0,0.08219178,323.0,16693.0
2021.010.020.0,164.0,147.85661,16400.0,0.07945205,451.0,16872.0
2021.010.018.0,13.5,16.266327,18100.0,0.09041095,244.0,16754.0
2021.010.019.0,18.0,15.658508,18100.0,0.08219178,186.0,16693.0
2021.010.020.0,17.0,15.458099,18100.0,0.07945205,131.99998,16872.0
2021.010.018.0,4.600006,-4.2510986,19000.0,0.09041095,11.0,16754.0
2021.010.019.0,3.399994,-4.5263977,19000.0,0.08219178,44.0,16693.0
2021.010.020.0,2.7000122,-4.633667,19000.0,0.07945205,0.0,16872.0
2021.010.018.0,18.0,1.6747742,14000.0,0.09041095,209.0,16754.0
2021.010.019.0,10.0,-4.1806946,14000.0,0.08219178,72.999985,16693.0
2021.010.020.0,8.100006,-10.596008,14000.0,0.07945205,780.0,16872.0
2021.010.018.0,27.0,15.544922,14500.0,0.09041095,442.0,16754.0
2021.010.019.0,16.0,6.530945,14500.0,0.08219178,92.0,16693.0
2021.010.020.0,13.5,-2.0003357,14500.0,0.07945205,166.0,16872.0
2021.010.018.0,220.0,208.63887,16300.0,0.09041095,350.0,16754.0
2021.010.019.0,154.0,166.68132,16300.0,0.08219178,208.0,16693.0
2021.010.020.0,141.0,123.05681,16300.0,0.07945205,806.0,16872.0
2021.010.018.0,18.5,15.6813965,18000.0,0.09041095,992.0,16754.0
2021.010.019.0,24.0,14.282288,18000.0,0.08219178,573.0,16693.0
2021.010.020.0,21.0,11.624573,18000.0,0.07945205,1536.0,16872.0
2021.010.018.0,1.5,-9.728302,19700.0,0.09041095,0.0,16754.0
2021.010.019.0,0.7000122,-9.4626465,19700.0,0.08219178,1.0,16693.0
2021.010.020.0,1.5,-8.921082,19700.0,0.07945205,0.0,16872.0
2021.010.018.0,17.0,8.998047,21000.0,0.41643837,1.0,16602.0
2021.010.019.0,19.5,8.398041,21000.0,0.40821916,0.0,16550.0
2021.010.020.0,17.5,8.09259,21000.0,0.40547946,5.0,16720.0
2021.010.018.0,53.0,48.96756,19600.0,0.41643837,0.0,16602.0
2021.010.019.0,54.0,48.924164,19600.0,0.40821916,0.0,16550.0
2021.010.020.0,54.0,49.151245,19600.0,0.40547946,7.0,16720.0
2021.010.018.0,385.0,279.9761,17100.0,0.013698608,0.0,16782.0
2021.010.018.0,485.0,336.51035,17200.0,0.013698608,0.0,16782.0
2021.010.018.0,0.1000061,-32.33893,19600.0,0.013698608,48.0,16782.0
2021.010.018.0,23.0,10.462952,14300.0,0.09041095,102.000015,16754.0
2021.010.019.0,13.0,3.0701904,14300.0,0.08219178,34.0,16693.0
2021.010.020.0,11.0,-3.9570923,14300.0,0.07945205,55.0,16872.0
2021.010.018.0,46.5,37.21466,15000.0,0.09041095,510.0,16754.0
2021.010.019.0,28.5,23.64798,15000.0,0.08219178,446.0,16693.0
2021.010.020.0,23.5,9.995911,15000.0,0.07945205,847.0,16872.0
2021.010.018.0,52.0,46.78891,15100.0,0.09041095,524.0,16754.0
2021.010.019.0,32.0,32.563477,15100.0,0.08219178,136.0,16693.0
2021.010.020.0,26.5,18.606537,15100.0,0.07945205,439.0,16872.0
2021.010.018.0,135.0,128.4174,15900.0,0.09041095,573.0,16754.0
2021.010.019.0,90.0,97.70155,15900.0,0.08219178,269.0,16693.0
2021.010.020.0,81.0,69.40143,15900.0,0.07945205,597.0,16872.0
2021.010.018.0,281.0,280.29385,16500.0,0.09041095,447.0,16754.0
2021.010.019.0,202.0,222.75122,16500.0,0.08219178,249.0,16693.0
2021.010.020.0,189.0,168.4518,16500.0,0.07945205,638.0,16872.0
2021.010.018.0,402.0,405.46066,16800.0,0.09041095,0.0,16754.0
2021.010.019.0,303.0,344.75876,16800.0,0.08219178,0.0,16693.0
2021.010.020.0,284.0,272.20038,16800.0,0.07945205,549.0,16872.0
2021.010.018.0,515.0,488.7318,17000.0,0.09041095,0.0,16754.0
2021.010.019.0,395.0,423.753,17000.0,0.08219178,0.0,16693.0
2021.010.020.0,376.0,358.02966,17000.0,0.07945205,0.0,16872.0
2021.010.018.0,81.0,95.028015,17400.0,0.09041095,692.0,16754.0
2021.010.019.0,112.0,97.88147,17400.0,0.08219178,1269.0,16693.0
2021.010.020.0,107.0,107.20012,17400.0,0.07945205,1237.0,16872.0
2021.010.018.0,63.0,74.550476,17500.0,0.09041095,998.0,16754.0
2021.010.019.0,86.0,75.803116,17500.0,0.08219178,1123.0,16693.0
2021.010.020.0,82.0,81.12709,17500.0,0.07945205,1559.0,16872.0
2021.010.018.0,37.5,45.913757,17700.0,0.09041095,726.0,16754.0
2021.010.019.0,51.0,46.584473,17700.0,0.08219178,454.0,16693.0
2021.010.020.0,47.0,49.117493,17700.0,0.07945205,903.0,16872.0
2021.010.018.0,2.100006,-6.5020447,19200.0,0.09041095,1.0,16754.0
2021.010.019.0,2.2000122,-6.1858215,19200.0,0.08219178,0.0,16693.0
2021.010.020.0,2.100006,-5.7331543,19200.0,0.07945205,0.0,16872.0
2021.010.018.0,1.7999878,-7.550293,19300.0,0.09041095,251.0,16754.0
2021.010.019.0,1.7000122,-7.561615,19300.0,0.08219178,70.0,16693.0
2021.010.020.0,1.6000061,-7.461151,19300.0,0.07945205,56.000015,16872.0
2021.010.018.0,1.2999878,-16.09616,21400.0,0.16712329,3.0,16719.0
2021.010.019.0,1.2999878,-16.022736,21400.0,0.1589041,0.0,16662.0
2021.010.020.0,1.0,-17.292145,21400.0,0.15616438,51.0,16843.0
2021.010.018.0,23.0,16.322235,20600.0,0.41643837,0.0,16602.0
2021.010.019.0,23.5,15.640564,20600.0,0.40821916,0.0,16550.0
2021.010.020.0,24.0,15.065887,20600.0,0.40547946,2.0,16720.0
2021.010.018.0,0.1000061,-32.55258,19700.0,0.013698608,0.0,16782.0
2021.010.018.0,16.5,0.774353,13900.0,0.09041095,142.0,16754.0
2021.010.019.0,10.5,-4.7503357,13900.0,0.08219178,19.0,16693.0
2021.010.020.0,7.899994,-10.542389,13900.0,0.07945205,514.0,16872.0
2021.010.018.0,317.0,316.0623,16600.0,0.09041095,237.0,16754.0
2021.010.019.0,233.0,256.83963,16600.0,0.08219178,210.0,16693.0
2021.010.020.0,217.0,203.32977,16600.0,0.07945205,260.0,16872.0
2021.010.018.0,11.5,12.199066,18200.0,0.09041095,102.999985,16754.0
2021.010.019.0,14.5,11.807373,18200.0,0.08219178,75.0,16693.0
2021.010.020.0,13.0,11.654877,18200.0,0.07945205,87.000015,16872.0
2021.010.018.0,9.299988,8.789856,18300.0,0.09041095,143.0,16754.0
2021.010.019.0,11.5,8.237091,18300.0,0.08219178,101.000015,16693.0
2021.010.020.0,9.600006,7.7538147,18300.0,0.07945205,88.999985,16872.0
2021.010.018.0,7.200012,6.4804993,18400.0,0.09041095,1.0,16754.0
2021.010.019.0,9.200012,6.34964,18400.0,0.08219178,18.0,16693.0
2021.010.020.0,8.299988,5.941101,18400.0,0.07945205,130.0,16872.0
2021.010.018.0,6.5,3.5039368,18500.0,0.09041095,103.999985,16754.0
2021.010.019.0,7.100006,3.2773132,18500.0,0.08219178,43.0,16693.0
2021.010.020.0,6.799988,3.0220947,18500.0,0.07945205,2.0,16872.0
2021.010.018.0,800.0,759.6245,17200.0,0.16712329,0.0,16719.0
2021.010.019.0,690.0,701.65216,17200.0,0.1589041,0.0,16662.0
2021.010.020.0,665.0,624.229,17200.0,0.15616438,0.0,16843.0
2021.010.018.0,159.0,139.96143,13400.0,0.41643837,0.0,16602.0
2021.010.019.0,133.0,131.15411,13400.0,0.40821916,0.0,16550.0
2021.010.020.0,135.0,121.14514,13400.0,0.40547946,2.0,16720.0
2021.010.018.0,457.0,455.2885,15400.0,0.41643837,0.0,16602.0
2021.010.019.0,398.0,430.06677,15400.0,0.40821916,0.0,16550.0
2021.010.020.0,384.0,398.09335,15400.0,0.40547946,0.0,16720.0
2021.010.018.0,31.0,25.85086,20200.0,0.41643837,0.0,16602.0
2021.010.019.0,32.5,25.153137,20200.0,0.40821916,0.0,16550.0
2021.010.020.0,33.0,24.889648,20200.0,0.40547946,0.0,16720.0
2021.010.018.0,585.0,391.97144,17300.0,0.013698608,0.0,16782.0
2021.010.018.0,680.0,469.45355,17400.0,0.013698608,0.0,16782.0
2021.010.018.0,0.1000061,-28.255615,19300.0,0.013698608,0.0,16782.0
2021.010.018.0,75.0,67.83435,15400.0,0.09041095,402.0,16754.0
2021.010.019.0,46.5,49.806183,15400.0,0.08219178,100.0,16693.0
2021.010.020.0,39.5,33.65564,15400.0,0.07945205,254.0,16872.0
2021.010.018.0,84.0,78.30855,15500.0,0.09041095,466.0,16754.0
2021.010.019.0,53.0,58.109314,15500.0,0.08219178,232.0,16693.0
2021.010.020.0,45.5,39.39746,15500.0,0.07945205,429.0,16872.0
2021.010.018.0,5.399994,1.2234497,18600.0,0.09041095,125.0,16754.0
2021.010.019.0,6.299988,1.1560974,18600.0,0.08219178,5.0,16693.0
2021.010.020.0,5.399994,0.34622192,18600.0,0.07945205,394.0,16872.0
2021.010.018.0,0.7000122,-13.653748,20100.0,0.09041095,111.0,16754.0
2021.010.019.0,0.2000122,-13.491547,20100.0,0.08219178,0.0,16693.0
2021.010.020.0,0.1000061,-12.448822,20100.0,0.07945205,0.0,16872.0
2021.010.018.0,106.0,99.38809,15700.0,0.09041095,800.0,16754.0
2021.010.019.0,69.0,73.83815,15700.0,0.08219178,378.0,16693.0
2021.010.020.0,59.0,51.60141,15700.0,0.07945205,394.0,16872.0
2021.010.018.0,360.0,344.5927,16700.0,0.09041095,153.0,16754.0
2021.010.019.0,269.0,299.76804,16700.0,0.08219178,0.0,16693.0
2021.010.020.0,252.0,247.3143,16700.0,0.07945205,348.0,16872.0
2021.010.018.0,640.0,581.6831,17200.0,0.09041095,0.0,16754.0
2021.010.019.0,505.0,511.65192,17200.0,0.08219178,0.0,16693.0
2021.010.020.0,482.0,437.56702,17200.0,0.07945205,0.0,16872.0
2021.010.018.0,103.0,116.367935,17300.0,0.09041095,827.0,16754.0
2021.010.019.0,141.0,123.887344,17300.0,0.08219178,940.0,16693.0
2021.010.020.0,136.0,140.28127,17300.0,0.07945205,837.0,16872.0
2021.010.018.0,6.5,0.42544556,18700.0,0.09041095,4.0,16754.0
2021.010.019.0,4.700012,0.062805176,18700.0,0.08219178,1.0,16693.0
2021.010.020.0,5.5,-0.40631104,18700.0,0.07945205,151.0,16872.0
2021.010.018.0,2.399994,-5.58136,19100.0,0.09041095,0.0,16754.0
2021.010.019.0,5.600006,-5.212036,19100.0,0.08219178,0.0,16693.0
2021.010.020.0,2.2999878,-5.7374573,19100.0,0.07945205,54.0,16872.0
2021.010.018.0,0.6000061,-17.740631,20200.0,0.09041095,542.0,16754.0
2021.010.019.0,0.1000061,-17.950348,20200.0,0.08219178,36.0,16693.0
2021.010.020.0,0.1000061,-16.39563,20200.0,0.07945205,0.0,16872.0
2021.010.018.0,21.0,6.7599487,14200.0,0.09041095,152.0,16754.0
2021.010.019.0,12.0,-0.06359863,14200.0,0.08219178,40.0,16693.0
2021.010.020.0,9.5,-6.5230103,14200.0,0.07945205,181.0,16872.0
2021.010.018.0,14.0,3.7285767,21400.0,0.41643837,0.0,16602.0
2021.010.019.0,16.0,3.2226257,21400.0,0.40821916,0.0,16550.0
2021.010.020.0,11.0,2.7504272,21400.0,0.40547946,6.0,16720.0
2021.010.018.0,575.0,536.70984,17100.0,0.09041095,0.0,16754.0
2021.010.019.0,441.0,468.7035,17100.0,0.08219178,0.0,16693.0
2021.010.020.0,424.0,398.04535,17100.0,0.07945205,0.0,16872.0
2021.010.018.0,268.0,252.38663,14400.0,0.41643837,1.0,16602.0
2021.010.019.0,230.0,239.94287,14400.0,0.40821916,0.0,16550.0
2021.010.020.0,218.0,223.74689,14400.0,0.40547946,2.0,16720.0
2021.010.018.0,453.0,446.15146,16900.0,0.09041095,0.0,16754.0
2021.010.019.0,345.0,383.1388,16900.0,0.08219178,0.0,16693.0
2021.010.020.0,329.0,319.3035,16900.0,0.07945205,0.0,16872.0
2021.010.018.0,715.0,640.10596,17300.0,0.09041095,0.0,16754.0
2021.010.019.0,560.0,570.35376,17300.0,0.08219178,0.0,16693.0
2021.010.020.0,550.0,490.24115,17300.0,0.07945205,0.0,16872.0
2021.010.018.0,4.600006,-1.2817383,18800.0,0.09041095,15.0,16754.0
2021.010.019.0,5.0,-1.2250366,18800.0,0.08219178,8.0,16693.0
2021.010.020.0,4.0,-1.4786072,18800.0,0.07945205,13.0,16872.0
2021.010.018.0,1.3999939,-8.488556,19600.0,0.09041095,0.0,16754.0
2021.010.019.0,1.7000122,-7.794647,19600.0,0.08219178,0.0,16693.0
2021.010.020.0,0.7000122,-7.332184,19600.0,0.07945205,30.0,16872.0
2021.010.018.0,1.2000122,-10.711914,19900.0,0.09041095,0.0,16754.0
2021.010.019.0,0.3999939,-10.557709,19900.0,0.08219178,6.0,16693.0
2021.010.020.0,0.2999878,-9.868469,19900.0,0.07945205,0.0,16872.0
2021.010.018.0,25.5,14.318909,14400.0,0.09041095,73.999985,16754.0
2021.010.019.0,15.0,6.1832886,14400.0,0.08219178,119.0,16693.0
2021.010.020.0,12.5,-1.618042,14400.0,0.07945205,94.0,16872.0
2021.010.018.0,3.2999878,-2.5422363,18900.0,0.09041095,10.0,16754.0
2021.010.019.0,3.600006,-2.3171997,18900.0,0.08219178,5.0,16693.0
2021.010.020.0,3.2999878,-2.30484,18900.0,0.07945205,3.0,16872.0
2021.010.018.0,1.3999939,-9.151306,19500.0,0.09041095,193.0,16754.0
2021.010.019.0,1.2999878,-8.965515,19500.0,0.08219178,1.0,16693.0
2021.010.020.0,0.8999939,-8.592499,19500.0,0.07945205,1.0,16872.0
2021.010.018.0,1.2999878,-9.453522,19800.0,0.09041095,1.0,16754.0
2021.010.019.0,0.5,-8.684692,19800.0,0.08219178,3.0,16693.0
2021.010.020.0,1.3999939,-8.758453,19800.0,0.07945205,0.0,16872.0
2021.010.018.0,930.0,868.2223,17400.0,0.16712329,0.0,16719.0
2021.010.019.0,810.0,810.86194,17400.0,0.1589041,0.0,16662.0
2021.010.020.0,785.0,727.48,17400.0,0.15616438,0.0,16843.0
2021.010.018.0,1170.0,1122.2614,17200.0,0.41643837,0.0,16602.0
2021.010.019.0,1050.0,1091.0841,17200.0,0.40821916,0.0,16550.0
2021.010.020.0,1040.0,1024.0995,17200.0,0.40547946,0.0,16720.0
2021.010.018.0,93.0,93.719345,14500.0,0.16712329,7.0,16719.0
2021.010.019.0,68.0,80.18678,14500.0,0.1589041,22.0,16662.0
2021.010.020.0,67.0,66.09108,14500.0,0.15616438,3.0,16843.0
2021.010.018.0,123.0,126.08652,14900.0,0.16712329,1.0,16719.0
2021.010.019.0,98.0,107.396454,14900.0,0.1589041,0.0,16662.0
2021.010.020.0,95.0,94.87453,14900.0,0.15616438,1.0,16843.0
2021.010.018.0,143.0,157.3272,15100.0,0.16712329,0.0,16719.0
2021.010.019.0,110.0,132.5848,15100.0,0.1589041,1.0,16662.0
2021.010.020.0,109.0,107.46263,15100.0,0.15616438,33.0,16843.0
2021.010.018.0,170.0,185.0645,15300.0,0.16712329,21.0,16719.0
2021.010.019.0,135.0,155.79738,15300.0,0.1589041,1.0,16662.0
2021.010.020.0,134.0,135.00412,15300.0,0.15616438,1.0,16843.0
2021.010.018.0,196.0,201.02762,15500.0,0.16712329,5.0,16719.0
2021.010.019.0,162.0,172.23811,15500.0,0.1589041,0.0,16662.0
2021.010.020.0,159.0,153.08221,15500.0,0.15616438,3.0,16843.0
2021.010.018.0,236.0,224.20978,15700.0,0.16712329,8.0,16719.0
2021.010.019.0,190.0,192.36896,15700.0,0.1589041,0.0,16662.0
2021.010.020.0,186.0,170.47194,15700.0,0.15616438,2.0,16843.0
2021.010.018.0,276.0,272.2576,15900.0,0.16712329,0.0,16719.0
2021.010.019.0,222.0,231.68703,15900.0,0.1589041,2.0,16662.0
2021.010.020.0,222.0,202.10278,15900.0,0.15616438,5.0,16843.0
2021.010.018.0,333.0,312.57474,16100.0,0.16712329,1.0,16719.0
2021.010.019.0,263.0,274.77753,16100.0,0.1589041,2.0,16662.0
2021.010.020.0,262.0,246.39572,16100.0,0.15616438,0.0,16843.0
2021.010.018.0,385.0,365.28275,16300.0,0.16712329,6.0,16719.0
2021.010.019.0,307.0,346.4242,16300.0,0.1589041,0.0,16662.0
2021.010.020.0,300.0,292.74966,16300.0,0.15616438,12.0,16843.0
2021.010.018.0,450.0,421.12506,16500.0,0.16712329,3.0,16719.0
2021.010.019.0,365.0,361.5379,16500.0,0.1589041,19.0,16662.0
2021.010.020.0,368.0,319.2801,16500.0,0.15616438,40.0,16843.0
2021.010.018.0,525.0,482.58112,16700.0,0.16712329,11.0,16719.0
2021.010.019.0,435.0,437.01828,16700.0,0.1589041,0.0,16662.0
2021.010.020.0,448.0,397.0396,16700.0,0.15616438,4.0,16843.0
2021.010.018.0,745.0,705.68933,17100.0,0.16712329,0.0,16719.0
2021.010.019.0,630.0,648.01135,17100.0,0.1589041,0.0,16662.0
2021.010.020.0,605.0,573.4913,17100.0,0.15616438,0.0,16843.0
2021.010.018.0,84.0,85.44269,17900.0,0.16712329,35.0,16719.0
2021.010.019.0,105.0,88.12088,17900.0,0.1589041,0.0,16662.0
2021.010.020.0,107.0,93.10037,17900.0,0.15616438,35.0,16843.0
2021.010.018.0,59.0,60.00644,18100.0,0.16712329,18.0,16719.0
2021.010.019.0,77.0,61.104034,18100.0,0.1589041,12.0,16662.0
2021.010.020.0,70.0,64.07756,18100.0,0.15616438,15.0,16843.0
2021.010.018.0,40.5,42.18103,18300.0,0.16712329,15.0,16719.0
2021.010.019.0,55.0,41.889557,18300.0,0.1589041,30.0,16662.0
2021.010.020.0,45.5,43.06076,18300.0,0.15616438,53.0,16843.0
2021.010.018.0,30.0,28.433258,18500.0,0.16712329,25.0,16719.0
2021.010.019.0,33.5,28.224854,18500.0,0.1589041,16.0,16662.0
2021.010.020.0,34.0,28.599426,18500.0,0.15616438,30.0,16843.0
2021.010.018.0,23.5,19.175385,18700.0,0.16712329,52.0,16719.0
2021.010.019.0,24.5,17.611023,18700.0,0.1589041,1.0,16662.0
2021.010.020.0,23.5,17.896088,18700.0,0.15616438,0.0,16843.0
2021.010.018.0,17.5,11.809631,18900.0,0.16712329,7.0,16719.0
2021.010.019.0,18.0,10.75119,18900.0,0.1589041,0.0,16662.0
2021.010.020.0,18.0,10.84491,18900.0,0.15616438,13.0,16843.0
2021.010.018.0,13.0,6.4489136,19100.0,0.16712329,0.0,16719.0
2021.010.019.0,12.5,6.088135,19100.0,0.1589041,0.0,16662.0
2021.010.020.0,14.0,5.9759216,19100.0,0.15616438,0.0,16843.0
2021.010.018.0,329.0,315.62692,14800.0,0.41643837,0.0,16602.0
2021.010.019.0,288.0,301.3502,14800.0,0.40821916,1.0,16550.0
2021.010.020.0,274.0,281.95044,14800.0,0.40547946,0.0,16720.0
2021.010.020.0,223.0,187.31958,13000.0,0.6547945,3.0,16632.0
2021.010.019.0,246.0,214.50659,13200.0,0.65753424,0.0,16464.0
2021.010.020.0,238.0,206.02335,13200.0,0.6547945,0.0,16632.0
2021.010.018.0,1310.0,1284.4495,17000.0,0.6657534,0.0,16492.0
2021.010.019.0,1230.0,1267.5741,17000.0,0.65753424,0.0,16464.0
2021.010.020.0,1210.0,1215.7208,17000.0,0.6547945,0.0,16632.0
2021.010.018.0,453.0,427.7514,17800.0,0.6657534,1.0,16492.0
2021.010.019.0,505.0,445.53412,17800.0,0.65753424,0.0,16464.0
2021.010.020.0,515.0,476.63187,17800.0,0.6547945,1.0,16632.0
2021.010.018.0,285.0,291.75854,18400.0,0.6657534,0.0,16492.0
2021.010.019.0,322.0,300.92337,18400.0,0.65753424,3.0,16464.0
2021.010.020.0,329.0,314.91605,18400.0,0.6547945,1.0,16632.0
2021.010.018.0,214.0,216.98041,18800.0,0.6657534,1.0,16492.0
2021.010.019.0,241.0,221.92111,18800.0,0.65753424,0.0,16464.0
2021.010.020.0,233.0,230.90894,18800.0,0.6547945,0.0,16632.0
2021.010.018.0,82.0,97.3654,20000.0,0.6657534,2.0,16492.0
2021.010.019.0,100.0,97.13072,20000.0,0.65753424,2.0,16464.0
2021.010.020.0,95.0,98.24512,20000.0,0.6547945,1.0,16632.0
2021.010.018.0,51.0,56.92868,20800.0,0.6657534,1.0,16492.0
2021.010.019.0,54.0,56.264313,20800.0,0.65753424,0.0,16464.0
2021.010.020.0,55.0,56.21054,20800.0,0.6547945,0.0,16632.0
2021.010.018.0,46.0,48.778534,21000.0,0.6657534,638.0,16492.0
2021.010.019.0,48.0,48.197205,21000.0,0.65753424,3.0,16464.0
2021.010.020.0,47.5,48.167023,21000.0,0.6547945,119.0,16632.0
2021.010.018.0,9.799988,1.9680481,19300.0,0.16712329,0.0,16719.0
2021.010.019.0,9.700012,1.638031,19300.0,0.1589041,0.0,16662.0
2021.010.020.0,10.5,1.5932617,19300.0,0.15616438,1.0,16843.0
2021.010.018.0,7.700012,-2.9706726,19500.0,0.16712329,0.0,16719.0
2021.010.019.0,7.5,-2.8231812,19500.0,0.1589041,0.0,16662.0
2021.010.020.0,8.799988,-2.151825,19500.0,0.15616438,1.0,16843.0
2021.010.018.0,350.0,371.523,16700.0,0.09041095,0.0,16754.0
2021.010.019.0,443.0,398.96878,16700.0,0.08219178,184.0,16693.0
2021.010.020.0,435.0,435.61703,16700.0,0.07945205,0.0,16872.0
2021.010.018.0,243.0,253.72758,16900.0,0.09041095,427.0,16754.0
2021.010.019.0,321.0,274.4151,16900.0,0.08219178,441.0,16693.0
2021.010.020.0,316.0,303.0722,16900.0,0.07945205,772.0,16872.0
2021.010.018.0,201.0,206.31403,17000.0,0.09041095,1324.0,16754.0
2021.010.019.0,269.0,219.3302,17000.0,0.08219178,664.0,16693.0
2021.010.020.0,261.0,248.6954,17000.0,0.07945205,744.0,16872.0
2021.010.018.0,163.0,174.35521,17100.0,0.09041095,1117.0,16754.0
2021.010.019.0,217.0,179.97346,17100.0,0.08219178,1436.0,16693.0
2021.010.020.0,211.0,201.41867,17100.0,0.07945205,1006.0,16872.0
2021.010.018.0,130.0,138.25923,17200.0,0.09041095,1333.0,16754.0
2021.010.019.0,178.0,149.23013,17200.0,0.08219178,709.0,16693.0
2021.010.020.0,169.0,170.42792,17200.0,0.07945205,1118.0,16872.0
2021.010.018.0,118.0,119.99638,17700.0,0.16712329,10.0,16719.0
2021.010.019.0,155.0,125.07562,17700.0,0.1589041,3.0,16662.0
2021.010.020.0,147.0,134.19893,17700.0,0.15616438,6.0,16843.0
2021.010.018.0,283.0,247.06546,13400.0,0.6657534,2.0,16492.0
2021.010.019.0,267.0,239.02313,13400.0,0.65753424,0.0,16464.0
2021.010.020.0,258.0,229.09515,13400.0,0.6547945,0.0,16632.0
2021.010.018.0,545.0,540.34235,15000.0,0.6657534,4.0,16492.0
2021.010.019.0,500.0,524.12573,15000.0,0.65753424,1.0,16464.0
2021.010.020.0,505.0,500.9502,15000.0,0.6547945,1.0,16632.0
2021.010.018.0,391.0,370.60876,18000.0,0.6657534,3.0,16492.0
2021.010.019.0,438.0,388.92218,18000.0,0.65753424,0.0,16464.0
2021.010.020.0,440.0,416.039,18000.0,0.6547945,0.0,16632.0
2021.010.018.0,97.0,110.35321,19800.0,0.6657534,2.0,16492.0
2021.010.019.0,101.0,110.18057,19800.0,0.65753424,0.0,16464.0
2021.010.020.0,116.0,110.624374,19800.0,0.6547945,1.0,16632.0
2021.010.018.0,58.0,64.62424,20600.0,0.6657534,0.0,16492.0
2021.010.019.0,60.999985,64.08342,20600.0,0.65753424,0.0,16464.0
2021.010.020.0,64.0,64.23042,20600.0,0.6547945,0.0,16632.0
2021.010.019.0,50.0,69.183014,14100.0,0.1589041,0.0,16662.0
2021.010.020.0,51.0,51.66681,14100.0,0.15616438,2.0,16843.0
2021.010.018.0,307.0,272.2889,13600.0,0.6657534,0.0,16492.0
2021.010.019.0,290.0,263.02832,13600.0,0.65753424,0.0,16464.0
2021.010.020.0,280.0,251.59126,13600.0,0.6547945,0.0,16632.0
2021.010.018.0,334.0,297.80066,13800.0,0.6657534,4.0,16492.0
2021.010.019.0,315.0,288.6804,13800.0,0.65753424,0.0,16464.0
2021.010.020.0,305.0,277.49905,13800.0,0.6547945,2.0,16632.0
2021.010.018.0,520.0,482.41748,17600.0,0.6657534,2.0,16492.0
2021.010.019.0,580.0,505.6112,17600.0,0.65753424,0.0,16464.0
2021.010.020.0,590.0,543.5528,17600.0,0.6547945,0.0,16632.0
2021.010.018.0,335.0,337.51965,18200.0,0.6657534,0.0,16492.0
2021.010.019.0,377.0,349.5664,18200.0,0.65753424,0.0,16464.0
2021.010.020.0,385.0,367.9974,18200.0,0.6547945,0.0,16632.0
2021.010.018.0,65.0,73.62804,20400.0,0.6657534,0.0,16492.0
2021.010.019.0,69.0,72.97864,20400.0,0.65753424,0.0,16464.0
2021.010.020.0,75.0,73.170425,20400.0,0.6547945,0.0,16632.0
2021.010.018.0,158.0,164.17444,19200.0,0.6657534,0.0,16492.0
2021.010.019.0,177.0,166.79343,19200.0,0.65753424,0.0,16464.0
2021.010.020.0,177.0,171.52538,19200.0,0.6547945,0.0,16632.0
2021.010.018.0,73.0,83.90022,20200.0,0.6657534,1.0,16492.0
2021.010.019.0,79.0,83.045425,20200.0,0.65753424,0.0,16464.0
2021.010.020.0,87.0,83.33734,20200.0,0.6547945,0.0,16632.0
2021.010.019.0,225.0,178.353,17500.0,0.1589041,1.0,16662.0
2021.010.020.0,205.0,193.7396,17500.0,0.15616438,2.0,16843.0
2021.010.020.0,670.0,624.32196,17400.0,0.6547945,0.0,16632.0
2021.010.018.0,52.0,27.31012,16800.0,0.013698608,30619.002,16782.0
2021.010.018.0,21.0,43.00525,16900.0,0.013698608,22890.0,16782.0
2021.010.019.0,380.0,319.9488,16800.0,0.08219178,496.0,16693.0
2021.010.020.0,370.0,371.66968,16800.0,0.07945205,0.0,16872.0
2021.010.018.0,0.7999878,-13.018494,20000.0,0.09041095,90.0,16754.0
2021.010.019.0,0.2999878,-12.884064,20000.0,0.08219178,0.0,16693.0
2021.010.020.0,0.2000122,-11.93222,20000.0,0.07945205,0.0,16872.0
2021.010.019.0,870.0,817.57227,16600.0,0.40821916,0.0,16550.0
2021.010.020.0,885.0,874.93066,16600.0,0.40547946,0.0,16720.0
2021.010.018.0,363.0,328.80698,14000.0,0.6657534,7.0,16492.0
2021.010.019.0,350.0,317.04688,14000.0,0.65753424,0.0,16464.0
2021.010.020.0,332.0,304.63107,14000.0,0.6547945,1.0,16632.0
2021.010.018.0,675.0,619.0797,17200.0,0.6657534,0.0,16492.0
2021.010.019.0,750.0,666.1168,17200.0,0.65753424,0.0,16464.0
2021.010.020.0,760.0,722.5304,17200.0,0.6547945,0.0,16632.0
2021.010.019.0,10.0,-0.18795776,14100.0,0.08219178,17.0,16693.0
2021.010.020.0,9.0,-6.905792,14100.0,0.07945205,57.000015,16872.0
2021.010.019.0,510.0,452.4184,16600.0,0.08219178,0.0,16693.0
2021.010.020.0,505.0,498.47324,16600.0,0.07945205,0.0,16872.0
2021.010.019.0,580.0,499.3824,16700.0,0.1589041,1.0,16662.0
2021.010.020.0,605.0,539.16406,16700.0,0.15616438,0.0,16843.0
2021.010.019.0,675.0,705.6286,15600.0,0.65753424,0.0,16464.0
2021.010.020.0,660.0,659.6444,15600.0,0.6547945,0.0,16632.0
2021.010.019.0,660.0,575.8908,16400.0,0.08219178,0.0,16693.0
2021.010.020.0,645.0,643.0404,16400.0,0.07945205,0.0,16872.0
2021.010.019.0,580.0,498.22873,16500.0,0.08219178,0.0,16693.0
2021.010.020.0,570.0,559.62415,16500.0,0.07945205,0.0,16872.0
2021.010.019.0,284.0,238.12434,17300.0,0.1589041,10.0,16662.0
2021.010.020.0,278.0,259.18478,17300.0,0.15616438,30.0,16843.0
2021.010.019.0,945.0,851.09546,16800.0,0.65753424,0.0,16464.0
2021.010.020.0,950.0,915.63403,16800.0,0.6547945,1.0,16632.0
2021.010.018.0,1200.0,1202.2402,16800.0,0.6657534,0.0,16492.0
2021.010.019.0,1130.0,1179.6963,16800.0,0.65753424,0.0,16464.0
2021.010.020.0,1110.0,1124.3121,16800.0,0.6547945,0.0,16632.0
2021.010.018.0,910.0,848.86914,16400.0,0.41643837,0.0,16602.0
2021.010.019.0,1010.0,905.6361,16400.0,0.40821916,0.0,16550.0
2021.010.020.0,1000.0,976.9618,16400.0,0.40547946,0.0,16720.0
2021.010.020.0,1050.0,1046.3958,16600.0,0.6547945,0.0,16632.0
2021.010.019.0,710.0,606.23126,16500.0,0.1589041,0.0,16662.0
2021.010.020.0,725.0,660.1902,16500.0,0.15616438,0.0,16843.0
2021.010.019.0,468.0,401.20795,16900.0,0.1589041,4.0,16662.0
2021.010.020.0,466.0,434.42538,16900.0,0.15616438,0.0,16843.0
2021.010.019.0,560.0,579.6613,15200.0,0.65753424,0.0,16464.0
2021.010.020.0,550.0,548.0041,15200.0,0.6547945,2.0,16632.0
2021.010.018.0,135.0,144.00021,19400.0,0.6657534,5.0,16492.0
2021.010.019.0,151.0,145.06555,19400.0,0.65753424,0.0,16464.0
2021.010.020.0,154.0,148.21753,19400.0,0.6547945,0.0,16632.0
2021.010.019.0,499.0,478.45215,14800.0,0.65753424,0.0,16464.0
2021.010.020.0,465.0,447.05878,14800.0,0.6547945,12.0,16632.0
2021.010.019.0,845.0,760.32367,17000.0,0.65753424,0.0,16464.0
2021.010.020.0,850.0,812.1315,17000.0,0.6547945,20.0,16632.0
2021.010.019.0,730.0,627.09973,16300.0,0.08219178,0.0,16693.0
2021.010.020.0,730.0,685.07117,16300.0,0.07945205,0.0,16872.0
2021.010.018.0,430.0,365.91635,16300.0,0.013698608,0.0,16782.0
2021.010.018.0,1060.0,943.4375,16200.0,0.41643837,0.0,16602.0
2021.010.019.0,1140.0,1025.8608,16200.0,0.40821916,0.0,16550.0
2021.010.020.0,1130.0,1125.784,16200.0,0.40547946,0.0,16720.0
2021.010.018.0,6.200012,-4.758789,19700.0,0.16712329,0.0,16719.0
2021.010.019.0,6.899994,-4.967407,19700.0,0.1589041,0.0,16662.0
2021.010.020.0,3.100006,-5.008026,19700.0,0.15616438,0.0,16843.0
2021.010.018.0,5.100006,-7.371826,19900.0,0.16712329,0.0,16719.0
2021.010.020.0,7.399994,-7.4602356,19900.0,0.1589041,0.0,16662.0
2021.010.020.0,393.0,373.2333,14400.0,0.6547945,0.0,16632.0
2021.010.018.0,655.0,664.78876,15400.0,0.6657534,0.0,16492.0
2021.010.019.0,615.0,635.18414,15400.0,0.65753424,0.0,16464.0
2021.010.020.0,605.0,599.96204,15400.0,0.6547945,0.0,16632.0
2021.010.018.0,780.0,805.26025,15800.0,0.6657534,0.0,16492.0
2021.010.019.0,740.0,771.26746,15800.0,0.65753424,0.0,16464.0
2021.010.020.0,715.0,726.9293,15800.0,0.6547945,0.0,16632.0
2021.010.018.0,1970.0,1945.1156,14800.0,0.16712329,0.0,16719.0
2021.010.019.0,2130.0,1959.4061,14800.0,0.1589041,0.0,16662.0
2021.010.020.0,2140.0,1978.1902,14800.0,0.15616438,0.0,16843.0
2021.010.018.0,1620.0,1500.4875,15200.0,0.16712329,0.0,16719.0
2021.010.019.0,1760.0,1592.0217,15200.0,0.1589041,0.0,16662.0
2021.010.020.0,1770.0,1710.1617,15200.0,0.15616438,0.0,16843.0
2021.010.018.0,530.0,428.97116,16200.0,0.013698608,0.0,16782.0
2021.010.020.0,1160.0,1159.2533,16400.0,0.6547945,0.0,16632.0
2021.011.08.0,5.0,-8.7248535,12800.0,0.10958904,11.0,17242.0
2021.011.09.0,9.100006,-9.55896,12800.0,0.101369865,32.0,17395.0
2021.011.010.0,6.5,-10.234619,12800.0,0.09863013,1.0,17521.0
2021.011.08.0,5.799988,-7.9042053,13000.0,0.10958904,71.000015,17242.0
2021.011.09.0,8.799988,-8.7789,13000.0,0.101369865,73.999985,17395.0
2021.011.010.0,7.100006,-9.561523,13000.0,0.09863013,4.0,17521.0
2021.011.08.0,6.700012,-6.5211487,13200.0,0.10958904,4.0,17242.0
2021.011.09.0,9.700012,-7.393585,13200.0,0.101369865,13.0,17395.0
2021.011.010.0,7.899994,-8.233002,13200.0,0.09863013,1.0,17521.0
2021.011.08.0,9.5,-2.5472107,13800.0,0.10958904,3.0,17242.0
2021.011.09.0,11.5,-3.6505737,13800.0,0.101369865,35.0,17395.0
2021.011.010.0,11.5,-4.855957,13800.0,0.09863013,16.0,17521.0
2021.011.08.0,1450.0,1454.959,16000.0,0.10958904,0.0,17242.0
2021.011.09.0,1560.0,1541.8387,16000.0,0.101369865,0.0,17395.0
2021.011.010.0,1570.0,1626.9711,16000.0,0.09863013,0.0,17521.0
2021.011.08.0,93.0,79.73651,18000.0,0.10958904,598.0,17242.0
2021.011.09.0,125.0,83.40349,18000.0,0.101369865,1558.0,17395.0
2021.011.010.0,118.0,92.94096,18000.0,0.09863013,1273.0,17521.0
2021.011.08.0,8.0,6.751068,19000.0,0.10958904,15.0,17242.0
2021.011.09.0,12.0,7.592865,19000.0,0.101369865,9.0,17395.0
2021.011.010.0,8.100006,7.5937195,19000.0,0.09863013,106.0,17521.0
2021.011.08.0,7.399994,-5.267975,13400.0,0.10958904,46.0,17242.0
2021.011.09.0,10.0,-6.225952,13400.0,0.101369865,0.0,17395.0
2021.011.010.0,9.5,-7.130554,13400.0,0.09863013,21.0,17521.0
2021.011.08.0,9.799988,-1.3349609,14000.0,0.10958904,38.0,17242.0
2021.011.09.0,11.5,-2.5153198,14000.0,0.101369865,70.0,17395.0
2021.011.010.0,12.0,-3.7535095,14000.0,0.09863013,122.0,17521.0
2021.011.08.0,23.0,26.171051,15200.0,0.10958904,21.0,17242.0
2021.011.09.0,23.0,22.28357,15200.0,0.101369865,57.999985,17395.0
2021.011.010.0,23.0,17.845215,15200.0,0.09863013,26.0,17521.0
2021.011.08.0,1.2000122,-2.9841309,20000.0,0.10958904,34.0,17242.0
2021.011.09.0,1.1000061,-1.0652161,20000.0,0.101369865,0.0,17395.0
2021.011.010.0,1.1000061,1.1087646,20000.0,0.09863013,142.0,17521.0
2021.011.08.0,740.0,679.40894,16800.0,0.10958904,0.0,17242.0
2021.011.09.0,835.0,765.82666,16800.0,0.101369865,0.0,17395.0
2021.011.010.0,830.0,883.71277,16800.0,0.09863013,0.0,17521.0
2021.011.08.0,322.0,285.96832,17400.0,0.10958904,454.0,17242.0
2021.011.09.0,390.0,318.70267,17400.0,0.101369865,117.000015,17395.0
2021.011.010.0,390.0,369.4162,17400.0,0.09863013,0.0,17521.0
2021.011.08.0,2.5,0.23223877,19600.0,0.10958904,21.0,17242.0
2021.011.09.0,3.100006,2.0665894,19600.0,0.101369865,0.0,17395.0
2021.011.010.0,2.2999878,3.7755127,19600.0,0.09863013,2.0,17521.0
2021.011.08.0,20.0,17.986847,15000.0,0.10958904,238.0,17242.0
2021.011.09.0,18.5,14.781433,15000.0,0.101369865,154.0,17395.0
2021.011.010.0,20.0,11.186829,15000.0,0.09863013,102.000015,17521.0
2021.011.08.0,451.0,417.36554,17200.0,0.10958904,0.0,17242.0
2021.011.09.0,525.0,474.21005,17200.0,0.101369865,0.0,17395.0
2021.011.010.0,520.0,552.70166,17200.0,0.09863013,0.0,17521.0
2021.011.08.0,0.8999939,-3.6821594,20200.0,0.10958904,2.0,17242.0
2021.011.09.0,0.7000122,-1.4474792,20200.0,0.101369865,0.0,17395.0
2021.011.010.0,0.7999878,1.3236694,20200.0,0.09863013,0.0,17521.0
2021.011.08.0,18.0,13.501373,14800.0,0.10958904,28.0,17242.0
2021.011.09.0,17.0,10.870819,14800.0,0.101369865,25.0,17395.0
2021.011.010.0,18.5,7.977234,14800.0,0.09863013,13.0,17521.0
2021.011.08.0,32.5,30.425537,18400.0,0.10958904,191.0,17242.0
2021.011.09.0,49.0,30.279053,18400.0,0.101369865,833.0,17395.0
2021.011.010.0,42.0,30.082245,18400.0,0.09863013,896.0,17521.0
2021.011.08.0,41.0,58.060303,15800.0,0.10958904,768.0,17242.0
2021.011.09.0,37.0,50.467743,15800.0,0.101369865,289.0,17395.0
2021.011.010.0,37.0,41.703735,15800.0,0.09863013,1094.0,17521.0
2021.011.08.0,34.0,46.062836,15600.0,0.10958904,99.0,17242.0
2021.011.09.0,30.5,40.601654,15600.0,0.101369865,110.0,17395.0
2021.011.010.0,32.0,33.933685,15600.0,0.09863013,136.0,17521.0
2021.011.08.0,590.0,539.4478,17000.0,0.10958904,0.0,17242.0
2021.011.09.0,680.0,606.7147,17000.0,0.101369865,0.0,17395.0
2021.011.010.0,670.0,697.979,17000.0,0.09863013,0.0,17521.0
2021.011.08.0,149.0,132.77245,17800.0,0.10958904,228.0,17242.0
2021.011.09.0,193.0,151.3772,17800.0,0.101369865,324.0,17395.0
2021.011.010.0,186.0,175.29218,17800.0,0.09863013,417.0,17521.0
2021.011.08.0,51.0,70.3347,16000.0,0.10958904,746.0,17242.0
2021.011.09.0,44.0,62.12433,16000.0,0.101369865,467.0,17395.0
2021.011.010.0,45.0,52.876038,16000.0,0.09863013,250.0,17521.0
2021.011.08.0,0.6000061,-4.499115,20400.0,0.10958904,1.0,17242.0
2021.011.09.0,0.5,-2.1491394,20400.0,0.101369865,0.0,17395.0
2021.011.010.0,0.6000061,0.62265015,20400.0,0.09863013,0.0,17521.0
2021.011.08.0,3.600006,1.8182983,19400.0,0.10958904,0.0,17242.0
2021.011.09.0,4.799988,3.4246216,19400.0,0.101369865,3.0,17395.0
2021.011.010.0,3.7000122,4.740692,19400.0,0.09863013,0.0,17521.0
2021.011.08.0,8.200012,-3.653778,13600.0,0.10958904,12.0,17242.0
2021.011.09.0,9.299988,-4.8346863,13600.0,0.101369865,85.0,17395.0
2021.011.010.0,10.5,-5.9962463,13600.0,0.09863013,7.0,17521.0
2021.011.08.0,86.0,113.83157,16400.0,0.10958904,561.0,17242.0
2021.011.09.0,68.0,101.85144,16400.0,0.101369865,244.0,17395.0
2021.011.010.0,68.0,87.72397,16400.0,0.09863013,308.0,17521.0
2021.011.08.0,0.6000061,-4.4237976,20600.0,0.10958904,1.0,17242.0
2021.011.09.0,0.3999939,-2.4056396,20600.0,0.101369865,0.0,17395.0
2021.011.010.0,0.6000061,-1.0349731,20600.0,0.09863013,0.0,17521.0
2021.011.08.0,28.5,30.471313,15400.0,0.10958904,41.0,17242.0
2021.011.09.0,26.0,26.33908,15400.0,0.101369865,113.0,17395.0
2021.011.010.0,26.5,21.434784,15400.0,0.09863013,21.0,17521.0
2021.011.08.0,2.0,-3.3664246,19800.0,0.10958904,4.0,17242.0
2021.011.09.0,2.0,-1.7004395,19800.0,0.101369865,17.0,17395.0
2021.011.010.0,4.600006,0.8427124,19800.0,0.09863013,24.0,17521.0
2021.011.08.0,67.0,86.95558,16200.0,0.10958904,1543.0,17242.0
2021.011.09.0,56.0,76.4532,16200.0,0.101369865,236.0,17395.0
2021.011.010.0,53.0,67.63628,16200.0,0.09863013,192.0,17521.0
2021.011.08.0,225.0,193.59012,17600.0,0.10958904,153.0,17242.0
2021.011.09.0,282.0,224.0972,17600.0,0.101369865,200.0,17395.0
2021.011.010.0,278.0,263.50128,17600.0,0.09863013,434.0,17521.0
2021.011.08.0,20.0,18.512451,18600.0,0.10958904,122.0,17242.0
2021.011.09.0,27.5,19.491028,18600.0,0.101369865,11.0,17395.0
2021.011.010.0,24.5,19.851929,18600.0,0.09863013,187.0,17521.0
2021.011.08.0,12.0,2.3362427,14200.0,0.10958904,3.0,17242.0
2021.011.09.0,13.0,0.772522,14200.0,0.101369865,12.0,17395.0
2021.011.010.0,14.0,-0.8191223,14200.0,0.09863013,8.0,17521.0
2021.011.08.0,146.0,190.15192,16800.0,0.10958904,228.0,17242.0
2021.011.09.0,114.0,169.2904,16800.0,0.101369865,202.0,17395.0
2021.011.010.0,111.0,139.68784,16800.0,0.09863013,723.0,17521.0
2021.011.08.0,905.0,849.4293,16600.0,0.10958904,0.0,17242.0
2021.011.09.0,1010.0,951.4071,16600.0,0.101369865,0.0,17395.0
2021.011.010.0,1010.0,1080.0072,16600.0,0.09863013,0.0,17521.0
2021.011.08.0,1640.0,1636.1323,15800.0,0.10958904,0.0,17242.0
2021.011.09.0,1760.0,1702.5812,15800.0,0.101369865,0.0,17395.0
2021.011.010.0,1760.0,1766.7898,15800.0,0.09863013,0.0,17521.0
2021.011.08.0,55.0,51.462067,18200.0,0.10958904,314.0,17242.0
2021.011.09.0,78.0,53.00244,18200.0,0.101369865,917.0,17395.0
2021.011.010.0,72.0,56.950897,18200.0,0.09863013,736.0,17521.0
2021.011.08.0,1080.0,1046.0203,16400.0,0.10958904,0.0,17242.0
2021.011.09.0,1190.0,1148.4197,16400.0,0.101369865,0.0,17395.0
2021.011.010.0,1190.0,1266.5643,16400.0,0.09863013,0.0,17521.0
2021.011.08.0,5.299988,4.520355,19200.0,0.10958904,0.0,17242.0
2021.011.09.0,6.899994,5.823395,19200.0,0.101369865,0.0,17395.0
2021.011.010.0,5.700012,6.6080627,19200.0,0.09863013,1.0,17521.0
2021.011.08.0,0.2000122,-6.3342896,21200.0,0.10958904,0.0,17242.0
2021.011.09.0,0.2000122,-4.1045227,21200.0,0.101369865,0.0,17395.0
2021.011.010.0,0.2000122,-1.5542603,21200.0,0.09863013,0.0,17521.0
2021.011.08.0,14.0,5.3992615,14400.0,0.10958904,139.0,17242.0
2021.011.09.0,12.0,3.543396,14400.0,0.101369865,12.0,17395.0
2021.011.010.0,15.5,1.5523376,14400.0,0.09863013,96.0,17521.0
2021.011.08.0,18.0,9.094177,14600.0,0.10958904,14.0,17242.0
2021.011.09.0,15.5,6.798462,14600.0,0.101369865,5.0,17395.0
2021.011.010.0,15.5,4.532837,14600.0,0.09863013,22.0,17521.0
2021.011.08.0,1260.0,1258.374,16200.0,0.10958904,0.0,17242.0
2021.011.09.0,1380.0,1352.5957,16200.0,0.101369865,0.0,17395.0
2021.011.010.0,1380.0,1454.6184,16200.0,0.09863013,0.0,17521.0
2021.011.08.0,1830.0,1769.4316,15600.0,0.10958904,0.0,17242.0
2021.011.09.0,1950.0,1817.1428,15600.0,0.101369865,0.0,17395.0
2021.011.010.0,1960.0,1862.5668,15600.0,0.09863013,0.0,17521.0
2021.011.08.0,12.0,11.458252,18800.0,0.10958904,85.0,17242.0
2021.011.09.0,18.0,11.916626,18800.0,0.101369865,142.0,17395.0
2021.011.010.0,14.5,11.665222,18800.0,0.09863013,119.0,17521.0
2021.011.08.0,2020.0,1887.9188,15400.0,0.10958904,0.0,17242.0
2021.011.09.0,2150.0,1917.7107,15400.0,0.101369865,0.0,17395.0
2021.011.010.0,2150.0,1945.8248,15400.0,0.09863013,0.0,17521.0
2021.011.08.0,6.5,-9.560883,12600.0,0.10958904,0.0,17242.0
2021.011.09.0,6.0,-10.156067,12600.0,0.101369865,4.0,17395.0
2021.011.010.0,6.100006,-10.7030945,12600.0,0.09863013,4.0,17521.0
2021.011.08.0,2410.0,2005.7734,15000.0,0.10958904,0.0,17242.0
2021.011.09.0,2540.0,2008.7887,15000.0,0.101369865,0.0,17395.0
2021.011.010.0,2540.0,2011.8086,15000.0,0.09863013,0.0,17521.0
2021.011.08.0,0.6000061,-5.81192,20800.0,0.10958904,1.0,17242.0
2021.011.09.0,0.2999878,-3.6973267,20800.0,0.101369865,0.0,17395.0
2021.011.010.0,0.2999878,-0.9265137,20800.0,0.09863013,0.0,17521.0
2021.011.08.0,4.5,-9.892212,12400.0,0.10958904,6.0,17242.0
2021.011.09.0,5.5,-10.58783,12400.0,0.101369865,0.0,17395.0
2021.011.010.0,5.100006,-11.152863,12400.0,0.09863013,23.0,17521.0
2021.011.08.0,0.6000061,-6.1671143,21000.0,0.10958904,0.0,17242.0
2021.011.09.0,0.2000122,-4.1937256,21000.0,0.101369865,1.0,17395.0
2021.011.010.0,0.2000122,-1.305603,21000.0,0.09863013,0.0,17521.0
2021.011.08.0,4.200012,-11.539978,12200.0,0.10958904,687.0,17242.0
2021.011.09.0,4.799988,-12.4626465,12200.0,0.101369865,107.0,17395.0
2021.011.010.0,5.299988,-13.150574,12200.0,0.09863013,146.0,17521.0
2021.011.08.0,100.0,100.23575,14000.0,0.35890412,2.0,17116.0
2021.011.09.0,94.0,97.24327,14000.0,0.35068494,0.0,17263.0
2021.011.010.0,88.0,93.66478,14000.0,0.3479452,1.0,17390.0
2021.011.08.0,179.0,190.90582,15000.0,0.35890412,6.0,17116.0
2021.011.09.0,155.0,186.21704,15000.0,0.35068494,0.0,17263.0
2021.011.010.0,153.0,178.10808,15000.0,0.3479452,1.0,17390.0
2021.011.08.0,425.0,377.50623,17800.0,0.35890412,11.0,17116.0
2021.011.09.0,490.0,409.17752,17800.0,0.35068494,0.0,17263.0
2021.011.010.0,490.0,454.85876,17800.0,0.3479452,21.0,17390.0
2021.011.08.0,88.0,88.929504,13800.0,0.35890412,1.0,17116.0
2021.011.09.0,80.0,86.141846,13800.0,0.35068494,1.0,17263.0
2021.011.010.0,80.0,82.81497,13800.0,0.3479452,51.0,17390.0
2021.011.08.0,113.0,114.73839,14200.0,0.35890412,4.0,17116.0
2021.011.09.0,95.0,111.021225,14200.0,0.35068494,1.0,17263.0
2021.011.010.0,100.0,106.07858,14200.0,0.3479452,2.0,17390.0
2021.011.08.0,203.0,219.91164,15200.0,0.35890412,1.0,17116.0
2021.011.09.0,182.0,213.05054,15200.0,0.35068494,0.0,17263.0
2021.011.010.0,178.0,203.57153,15200.0,0.3479452,3.0,17390.0
2021.011.08.0,1010.0,888.8805,16800.0,0.35890412,0.0,17116.0
2021.011.09.0,1080.0,966.3264,16800.0,0.35068494,0.0,17263.0
2021.011.010.0,1080.0,1067.1234,16800.0,0.3479452,0.0,17390.0
2021.011.08.0,520.0,455.0115,17600.0,0.35890412,20.0,17116.0
2021.011.09.0,595.0,497.59058,17600.0,0.35068494,2.0,17263.0
2021.011.010.0,595.0,562.4726,17600.0,0.3479452,21.0,17390.0
2021.011.08.0,106.0,87.40097,19000.0,0.35890412,19.0,17116.0
2021.011.09.0,125.0,93.28261,19000.0,0.35068494,14.0,17263.0
2021.011.010.0,130.0,100.15088,19000.0,0.3479452,37.0,17390.0
2021.011.08.0,14.0,9.353577,20800.0,0.35890412,0.0,17116.0
2021.011.09.0,19.0,9.8654785,20800.0,0.35068494,0.0,17263.0
2021.011.010.0,21.5,10.456665,20800.0,0.3479452,0.0,17390.0
2021.011.08.0,108.0,142.45483,16600.0,0.10958904,128.0,17242.0
2021.011.09.0,88.0,126.847275,16600.0,0.101369865,300.0,17395.0
2021.011.010.0,87.0,108.85634,16600.0,0.09863013,564.0,17521.0
2021.011.08.0,190.0,259.93497,17000.0,0.10958904,86.000015,17242.0
2021.011.09.0,153.0,231.966,17000.0,0.101369865,358.0,17395.0
2021.011.010.0,146.0,192.90875,17000.0,0.09863013,471.0,17521.0
2021.011.08.0,78.0,78.234375,13600.0,0.35890412,3.0,17116.0
2021.011.09.0,71.0,75.81447,13600.0,0.35068494,0.0,17263.0
2021.011.010.0,72.0,72.92218,13600.0,0.3479452,9.0,17390.0
2021.011.08.0,635.0,700.67126,17000.0,0.35890412,0.0,17116.0
2021.011.09.0,535.0,670.3369,17000.0,0.35068494,1.0,17263.0
2021.011.010.0,550.0,637.64514,17000.0,0.3479452,1.0,17390.0
2021.011.08.0,209.0,183.78122,18400.0,0.35890412,4.0,17116.0
2021.011.09.0,260.0,198.3287,18400.0,0.35068494,2.0,17263.0
2021.011.010.0,250.0,218.88889,18400.0,0.3479452,9.0,17390.0
2021.011.08.0,0.5,-7.729828,21600.0,0.10958904,2.0,17242.0
2021.011.09.0,0.1000061,-5.9730225,21600.0,0.101369865,1.0,17395.0
2021.011.010.0,0.1000061,-3.4806824,21600.0,0.09863013,0.0,17521.0
2021.011.08.0,320.0,374.19785,16000.0,0.35890412,0.0,17116.0
2021.011.09.0,284.0,363.84906,16000.0,0.35068494,84.0,17263.0
2021.011.010.0,280.0,344.01007,16000.0,0.3479452,31.0,17390.0
2021.011.08.0,10.5,2.2843323,21200.0,0.35890412,1.0,17116.0
2021.011.09.0,14.0,2.875702,21200.0,0.35068494,0.0,17263.0
2021.011.010.0,15.0,3.835205,21200.0,0.3479452,0.0,17390.0
2021.011.08.0,8.799988,0.049468994,21600.0,0.35890412,0.0,17116.0
2021.011.09.0,10.0,0.64520264,21600.0,0.35068494,0.0,17263.0
2021.011.010.0,10.5,1.1929626,21600.0,0.3479452,0.0,17390.0
2021.011.08.0,262.0,286.16452,15600.0,0.35890412,2.0,17116.0
2021.011.09.0,221.0,277.56122,15600.0,0.35068494,9.0,17263.0
2021.011.010.0,228.0,264.65073,15600.0,0.3479452,13.0,17390.0
2021.011.08.0,168.0,144.24739,18600.0,0.35890412,2.0,17116.0
2021.011.09.0,214.0,153.39355,18600.0,0.35068494,0.0,17263.0
2021.011.010.0,215.0,167.79982,18600.0,0.3479452,111.0,17390.0
2021.011.08.0,28.0,26.70285,20000.0,0.35890412,0.0,17116.0
2021.011.09.0,38.0,27.600739,20000.0,0.35068494,0.0,17263.0
2021.011.010.0,46.0,28.888397,20000.0,0.3479452,3.0,17390.0
2021.011.08.0,620.0,550.70776,17400.0,0.35890412,3.0,17116.0
2021.011.09.0,700.0,606.6574,17400.0,0.35068494,5.0,17263.0
2021.011.010.0,700.0,681.8755,17400.0,0.3479452,4.0,17390.0
2021.011.08.0,138.0,147.40965,14600.0,0.35890412,1.0,17116.0
2021.011.09.0,125.0,143.40616,14600.0,0.35068494,1.0,17263.0
2021.011.010.0,120.0,137.22264,14600.0,0.3479452,0.0,17390.0
2021.011.08.0,363.0,423.30396,16200.0,0.35890412,2.0,17116.0
2021.011.09.0,324.0,408.15732,16200.0,0.35068494,131.99998,17263.0
2021.011.010.0,320.0,387.81302,16200.0,0.3479452,6.0,17390.0
2021.011.08.0,0.1000061,-8.47879,21800.0,0.10958904,0.0,17242.0
2021.011.09.0,0.1000061,-5.942993,21800.0,0.101369865,29.0,17395.0
2021.011.010.0,0.1000061,-2.9739075,21800.0,0.09863013,2.0,17521.0
2021.011.08.0,545.0,632.0936,16800.0,0.35890412,0.0,17116.0
2021.011.09.0,488.0,612.8672,16800.0,0.35068494,52.0,17263.0
2021.011.010.0,482.0,581.55786,16800.0,0.3479452,0.0,17390.0
2021.011.08.0,341.0,297.63058,18000.0,0.35890412,16.0,17116.0
2021.011.09.0,407.0,325.7528,18000.0,0.35068494,2.0,17263.0
2021.011.010.0,390.0,366.80496,18000.0,0.3479452,13.0,17390.0
2021.011.08.0,256.0,235.30249,18200.0,0.35890412,4.0,17116.0
2021.011.09.0,330.0,252.93842,18200.0,0.35068494,13.0,17263.0
2021.011.010.0,334.0,281.51035,18200.0,0.3479452,16.0,17390.0
2021.011.08.0,8.0,-1.4894409,21800.0,0.35890412,2.0,17116.0
2021.011.09.0,8.799988,-0.9487915,21800.0,0.35068494,32.0,17263.0
2021.011.010.0,8.600006,-0.37493896,21800.0,0.3479452,1.0,17390.0
2021.011.08.0,34.0,33.613373,19800.0,0.35890412,0.0,17116.0
2021.011.09.0,46.0,34.62448,19800.0,0.35068494,0.0,17263.0
2021.011.010.0,56.0,36.327576,19800.0,0.3479452,0.0,17390.0
2021.011.08.0,745.0,656.72266,17200.0,0.35890412,0.0,17116.0
2021.011.09.0,815.0,720.0571,17200.0,0.35068494,0.0,17263.0
2021.011.010.0,820.0,804.527,17200.0,0.3479452,0.0,17390.0
2021.011.08.0,290.0,325.34555,15800.0,0.35890412,0.0,17116.0
2021.011.09.0,251.0,314.4605,15800.0,0.35068494,61.0,17263.0
2021.011.010.0,260.0,299.50342,15800.0,0.3479452,13.0,17390.0
2021.011.08.0,467.0,549.1887,16600.0,0.35890412,2.0,17116.0
2021.011.09.0,430.0,529.3836,16600.0,0.35068494,100.0,17263.0
2021.011.010.0,420.0,501.52673,16600.0,0.3479452,10.0,17390.0
2021.011.08.0,415.0,478.8942,16400.0,0.35890412,0.0,17116.0
2021.011.09.0,375.0,464.86957,16400.0,0.35068494,117.000015,17263.0
2021.011.010.0,370.0,442.5862,16400.0,0.3479452,4.0,17390.0
2021.011.08.0,134.0,110.19226,18800.0,0.35890412,41.0,17116.0
2021.011.09.0,174.0,118.11377,18800.0,0.35068494,0.0,17263.0
2021.011.010.0,169.0,129.46568,18800.0,0.3479452,32.0,17390.0
2021.011.08.0,79.0,66.78616,19200.0,0.35890412,5.0,17116.0
2021.011.09.0,103.0,70.505035,19200.0,0.35068494,0.0,17263.0
2021.011.010.0,105.0,76.38931,19200.0,0.3479452,1.0,17390.0
2021.011.08.0,19.5,16.471344,20400.0,0.35890412,22.0,17116.0
2021.011.09.0,26.5,17.14392,20400.0,0.35068494,4.0,17263.0
2021.011.010.0,31.5,18.057526,20400.0,0.3479452,0.0,17390.0
2021.011.08.0,870.0,763.7772,17000.0,0.35890412,0.0,17116.0
2021.011.09.0,940.0,840.348,17000.0,0.35068494,0.0,17263.0
2021.011.010.0,940.0,936.3069,17000.0,0.3479452,0.0,17390.0
2021.011.08.0,54.0,53.212097,19400.0,0.35890412,0.0,17116.0
2021.011.09.0,74.0,55.059113,19400.0,0.35068494,15.0,17263.0
2021.011.010.0,77.0,58.576447,19400.0,0.3479452,0.0,17390.0
2021.011.08.0,0.6000061,-19.437622,14600.0,0.03287673,2.0,17267.0
2021.011.09.0,0.6000061,-20.13501,14600.0,0.024657533,13.0,17424.0
2021.011.010.0,0.6000061,-20.721375,14600.0,0.021917805,10.0,17555.0
2021.011.08.0,0.7000122,-20.233765,14700.0,0.03287673,10.0,17267.0
2021.011.09.0,0.7999878,-20.529785,14700.0,0.024657533,8.0,17424.0
2021.011.010.0,0.5,-20.944092,14700.0,0.021917805,5.0,17555.0
2021.011.08.0,2.100006,-22.891022,14900.0,0.03287673,93.0,17267.0
2021.011.09.0,1.3999939,-23.159363,14900.0,0.024657533,51.0,17424.0
2021.011.010.0,0.6000061,-22.503021,14900.0,0.021917805,32.0,17555.0
2021.011.08.0,1.3999939,-22.155579,15200.0,0.03287673,94.0,17267.0
2021.011.09.0,1.6000061,-22.391876,15200.0,0.024657533,12.0,17424.0
2021.011.010.0,1.0,-22.606201,15200.0,0.021917805,18.0,17555.0
2021.011.08.0,1.5,-18.410278,15300.0,0.03287673,249.0,17267.0
2021.011.09.0,2.5,-19.32373,15300.0,0.024657533,122.0,17424.0
2021.011.010.0,1.2999878,-20.233643,15300.0,0.021917805,11.0,17555.0
2021.011.08.0,2.0,-14.443329,15600.0,0.03287673,351.0,17267.0
2021.011.09.0,2.2000122,-15.478485,15600.0,0.024657533,304.0,17424.0
2021.011.010.0,1.5,-16.34845,15600.0,0.021917805,173.0,17555.0
2021.011.08.0,3.7000122,-22.472717,16000.0,0.03287673,2296.0,17267.0
2021.011.09.0,3.100006,-24.669922,16000.0,0.024657533,1186.0,17424.0
2021.011.010.0,2.2000122,-26.777008,16000.0,0.021917805,996.0,17555.0
2021.011.08.0,4.399994,-8.5278015,16100.0,0.03287673,2205.0,17267.0
2021.011.09.0,3.600006,-11.238464,16100.0,0.024657533,922.0,17424.0
2021.011.010.0,2.5,-14.856079,16100.0,0.021917805,1443.0,17555.0
2021.011.08.0,5.0,-11.345276,16200.0,0.03287673,1369.0,17267.0
2021.011.09.0,4.0,-12.853882,16200.0,0.024657533,1812.0,17424.0
2021.011.010.0,3.0,-16.117584,16200.0,0.021917805,1385.0,17555.0
2021.011.08.0,74.0,74.676834,17600.0,0.03287673,4993.0,17267.0
2021.011.09.0,113.0,92.38219,17600.0,0.024657533,5142.0,17424.0
2021.011.010.0,101.0,102.08569,17600.0,0.021917805,7102.0,17555.0
2021.011.08.0,27.5,20.716034,17800.0,0.03287673,2766.0,17267.0
2021.011.09.0,45.0,33.01239,17800.0,0.024657533,2202.0,17424.0
2021.011.010.0,35.0,49.893005,17800.0,0.021917805,6821.0005,17555.0
2021.011.08.0,15.5,11.893219,17900.0,0.03287673,1261.0,17267.0
2021.011.09.0,27.0,15.706604,17900.0,0.024657533,1496.0,17424.0
2021.011.010.0,18.5,25.036316,17900.0,0.021917805,4395.0,17555.0
2021.011.08.0,0.2000122,-2.2246704,19400.0,0.03287673,1.0,17267.0
2021.011.09.0,0.2000122,-0.66922,19400.0,0.024657533,0.0,17424.0
2021.011.010.0,0.1000061,1.0212402,19400.0,0.021917805,0.0,17555.0
2021.011.08.0,59.0,55.588776,13000.0,0.35890412,10.0,17116.0
2021.011.09.0,52.0,54.045227,13000.0,0.35068494,31.0,17263.0
2021.011.010.0,54.0,52.210907,13000.0,0.3479452,73.999985,17390.0
2021.011.08.0,62.0,62.17729,13200.0,0.35890412,0.0,17116.0
2021.011.09.0,62.0,60.27928,13200.0,0.35068494,1.0,17263.0
2021.011.010.0,59.999985,58.18109,13200.0,0.3479452,1.0,17390.0
2021.011.08.0,0.5,-26.54187,13800.0,0.03287673,240.0,17267.0
2021.011.09.0,0.6000061,-26.295624,13800.0,0.024657533,208.0,17424.0
2021.011.010.0,0.2999878,-26.789612,13800.0,0.021917805,380.0,17555.0
2021.011.08.0,0.7999878,-21.519958,14800.0,0.03287673,21.0,17267.0
2021.011.09.0,0.7999878,-21.276093,14800.0,0.024657533,6.0,17424.0
2021.011.010.0,0.7000122,-21.078918,14800.0,0.021917805,5.0,17555.0
2021.011.08.0,2.600006,-12.304352,15800.0,0.03287673,510.0,17267.0
2021.011.09.0,2.5,-13.185059,15800.0,0.024657533,432.0,17424.0
2021.011.010.0,2.0,-14.325775,15800.0,0.021917805,240.0,17555.0
2021.011.08.0,7.399994,3.4633179,16400.0,0.03287673,1641.0,17267.0
2021.011.09.0,5.299988,-2.687378,16400.0,0.024657533,1653.0,17424.0
2021.011.010.0,4.100006,-7.349304,16400.0,0.021917805,663.0,17555.0
2021.011.08.0,5.5,-0.72476196,18100.0,0.03287673,639.0,17267.0
2021.011.09.0,9.899994,-1.6643066,18100.0,0.024657533,862.0,17424.0
2021.011.010.0,4.799988,-3.2583618,18100.0,0.021917805,1445.0,17555.0
2021.011.08.0,0.2999878,0.38885498,19000.0,0.03287673,1.0,17267.0
2021.011.09.0,0.5,2.4439087,19000.0,0.024657533,0.0,17424.0
2021.011.010.0,0.2000122,4.09906,19000.0,0.021917805,0.0,17555.0
2021.011.08.0,0.7000122,-23.26706,14000.0,0.03287673,430.0,17267.0
2021.011.09.0,0.5,-24.34906,14000.0,0.024657533,385.0,17424.0
2021.011.010.0,0.6000061,-25.68277,14000.0,0.021917805,653.0,17555.0
2021.011.08.0,0.3999939,-20.999786,14500.0,0.03287673,32.0,17267.0
2021.011.09.0,0.5,-21.5654,14500.0,0.024657533,41.0,17424.0
2021.011.010.0,0.2999878,-22.225677,14500.0,0.021917805,2.0,17555.0
2021.011.08.0,5.899994,-5.468109,16300.0,0.03287673,2240.0002,17267.0
2021.011.09.0,4.600006,-10.222229,16300.0,0.024657533,1409.0,17424.0
2021.011.010.0,3.399994,-15.433929,16300.0,0.021917805,524.0,17555.0
2021.011.08.0,9.299988,-8.571655,18000.0,0.03287673,2033.0,17267.0
2021.011.09.0,17.0,-9.914642,18000.0,0.024657533,2493.0,17424.0
2021.011.010.0,10.0,-7.7012634,18000.0,0.021917805,12863.0,17555.0
2021.011.08.0,0.1000061,-5.470154,19700.0,0.03287673,0.0,17267.0
2021.011.09.0,0.2000122,-4.063446,19700.0,0.024657533,0.0,17424.0
2021.011.010.0,0.1000061,-3.1003418,19700.0,0.021917805,0.0,17555.0
2021.011.08.0,12.0,6.5069275,21000.0,0.35890412,0.0,17116.0
2021.011.09.0,16.0,6.9657288,21000.0,0.35068494,2.0,17263.0
2021.011.010.0,18.0,7.5254517,21000.0,0.3479452,0.0,17390.0
2021.011.08.0,41.5,42.138794,19600.0,0.35890412,1.0,17116.0
2021.011.09.0,56.0,43.41754,19600.0,0.35068494,22.0,17263.0
2021.011.010.0,68.0,45.629547,19600.0,0.3479452,4.0,17390.0
2021.011.08.0,0.3999939,-20.440338,14300.0,0.03287673,35.0,17267.0
2021.011.09.0,0.6000061,-20.775848,14300.0,0.024657533,17.0,17424.0
2021.011.010.0,0.7999878,-22.053314,14300.0,0.021917805,327.0,17555.0
2021.011.08.0,2.7999878,-26.41925,15000.0,0.03287673,565.0,17267.0
2021.011.09.0,0.8999939,-26.341827,15000.0,0.024657533,64.0,17424.0
2021.011.010.0,0.6000061,-25.176453,15000.0,0.021917805,11.0,17555.0
2021.011.08.0,1.1000061,-22.507751,15100.0,0.03287673,52.0,17267.0
2021.011.09.0,2.899994,-22.285461,15100.0,0.024657533,25.0,17424.0
2021.011.010.0,0.7999878,-22.442474,15100.0,0.021917805,2.0,17555.0
2021.011.08.0,3.100006,-6.1878357,15900.0,0.03287673,590.0,17267.0
2021.011.09.0,2.899994,-7.7749634,15900.0,0.024657533,528.0,17424.0
2021.011.010.0,2.100006,-9.916382,15900.0,0.021917805,170.0,17555.0
2021.011.08.0,8.700012,8.565399,16500.0,0.03287673,3690.0,17267.0
2021.011.09.0,6.5,4.5635986,16500.0,0.024657533,2159.0,17424.0
2021.011.010.0,4.600006,-4.544342,16500.0,0.021917805,2441.0,17555.0
2021.011.08.0,19.0,54.867523,16800.0,0.03287673,3993.0,17267.0
2021.011.09.0,11.0,42.982086,16800.0,0.024657533,2904.0,17424.0
2021.011.010.0,9.0,29.171295,16800.0,0.021917805,1813.0,17555.0
2021.011.08.0,35.0,99.06903,17000.0,0.03287673,5621.0,17267.0
2021.011.09.0,19.5,77.19049,17000.0,0.024657533,6862.0,17424.0
2021.011.010.0,15.5,57.16693,17000.0,0.021917805,4267.0,17555.0
2021.011.08.0,163.0,129.67805,17400.0,0.03287673,6066.0,17267.0
2021.011.09.0,232.0,146.48874,17400.0,0.024657533,0.0,17424.0
2021.011.010.0,221.0,177.44492,17400.0,0.021917805,0.0,17555.0
2021.011.08.0,112.0,93.71449,17500.0,0.03287673,10216.0,17267.0
2021.011.09.0,165.0,101.95332,17500.0,0.024657533,5639.0,17424.0
2021.011.010.0,155.0,128.35849,17500.0,0.021917805,0.0,17555.0
2021.011.08.0,46.0,46.948547,17700.0,0.03287673,4149.0,17267.0
2021.011.09.0,72.0,64.103745,17700.0,0.024657533,3778.0,17424.0
2021.011.010.0,60.999985,80.31436,17700.0,0.021917805,8267.999,17555.0
2021.011.08.0,0.5,-0.75686646,19200.0,0.03287673,1.0,17267.0
2021.011.09.0,0.5,0.011505127,19200.0,0.024657533,1.0,17424.0
2021.011.010.0,0.1000061,1.1589661,19200.0,0.021917805,1.0,17555.0
2021.011.08.0,0.2000122,-0.9688721,19300.0,0.03287673,1.0,17267.0
2021.011.09.0,0.2999878,0.3675232,19300.0,0.024657533,0.0,17424.0
2021.011.010.0,0.1000061,1.95578,19300.0,0.021917805,0.0,17555.0
2021.011.08.0,0.2000122,-6.723358,21400.0,0.10958904,0.0,17242.0
2021.011.09.0,0.1000061,-4.5014954,21400.0,0.101369865,0.0,17395.0
2021.011.010.0,0.2000122,-1.8798523,21400.0,0.09863013,1.0,17521.0
2021.011.08.0,16.5,12.639069,20600.0,0.35890412,0.0,17116.0
2021.011.09.0,22.5,13.183838,20600.0,0.35068494,0.0,17263.0
2021.011.010.0,26.0,13.9097595,20600.0,0.3479452,0.0,17390.0
2021.011.08.0,0.5,-23.419403,13900.0,0.03287673,459.0,17267.0
2021.011.09.0,0.7000122,-25.135345,13900.0,0.024657533,525.0,17424.0
2021.011.010.0,0.3999939,-25.741669,13900.0,0.021917805,108.0,17555.0
2021.011.08.0,11.5,22.943481,16600.0,0.03287673,4159.0005,17267.0
2021.011.09.0,7.399994,14.993927,16600.0,0.024657533,3683.9998,17424.0
2021.011.010.0,5.799988,5.883789,16600.0,0.021917805,1278.0,17555.0
2021.011.08.0,3.600006,-1.2044373,18200.0,0.03287673,347.0,17267.0
2021.011.09.0,6.100006,-1.9804688,18200.0,0.024657533,690.0,17424.0
2021.011.010.0,2.899994,-6.168457,18200.0,0.021917805,1705.0,17555.0
2021.011.08.0,2.2999878,1.572052,18300.0,0.03287673,174.0,17267.0
2021.011.09.0,4.0,1.274353,18300.0,0.024657533,432.0,17424.0
2021.011.010.0,1.8999939,-1.8831482,18300.0,0.021917805,1165.0,17555.0
2021.011.08.0,1.1000061,3.321869,18400.0,0.03287673,86.000015,17267.0
2021.011.09.0,2.0,4.6011047,18400.0,0.024657533,264.0,17424.0
2021.011.010.0,1.2999878,3.3059387,18400.0,0.021917805,784.0,17555.0
2021.011.08.0,1.2999878,1.9450378,18500.0,0.03287673,1.0,17267.0
2021.011.09.0,1.0,3.2452393,18500.0,0.024657533,4.0,17424.0
2021.011.010.0,0.7000122,4.6202393,18500.0,0.021917805,324.0,17555.0
2021.011.08.0,256.0,327.18945,17200.0,0.10958904,250.0,17242.0
2021.011.09.0,205.0,289.3527,17200.0,0.101369865,239.0,17395.0
2021.011.010.0,198.0,256.30658,17200.0,0.09863013,321.0,17521.0
2021.011.08.0,70.0,70.184814,13400.0,0.35890412,0.0,17116.0
2021.011.09.0,68.0,68.00937,13400.0,0.35068494,0.0,17263.0
2021.011.010.0,66.0,65.57791,13400.0,0.3479452,1.0,17390.0
2021.011.08.0,231.0,251.0229,15400.0,0.35890412,0.0,17116.0
2021.011.09.0,186.0,243.13773,15400.0,0.35068494,0.0,17263.0
2021.011.010.0,200.0,232.70908,15400.0,0.3479452,8.0,17390.0
2021.011.08.0,23.5,21.229279,20200.0,0.35890412,0.0,17116.0
2021.011.09.0,32.0,21.934998,20200.0,0.35068494,0.0,17263.0
2021.011.010.0,38.0,22.918,20200.0,0.3479452,0.0,17390.0
2021.011.08.0,1.5,-19.712952,15400.0,0.03287673,531.0,17267.0
2021.011.09.0,1.0,-20.40387,15400.0,0.024657533,197.0,17424.0
2021.011.010.0,1.3999939,-20.081635,15400.0,0.021917805,103.999985,17555.0
2021.011.08.0,2.0,-17.894135,15500.0,0.03287673,898.0,17267.0
2021.011.09.0,1.7999878,-19.212646,15500.0,0.024657533,449.0,17424.0
2021.011.010.0,1.6000061,-19.714783,15500.0,0.021917805,62.0,17555.0
2021.011.08.0,0.8999939,2.583435,18600.0,0.03287673,7.0,17267.0
2021.011.09.0,1.2999878,4.4249268,18600.0,0.024657533,2.0,17424.0
2021.011.010.0,0.7000122,5.096588,18600.0,0.021917805,125.0,17555.0
2021.011.08.0,0.1000061,-8.705444,20100.0,0.03287673,0.0,17267.0
2021.011.09.0,0.1000061,-7.7665405,20100.0,0.024657533,0.0,17424.0
2021.011.010.0,0.1000061,-6.6523438,20100.0,0.021917805,0.0,17555.0
2021.011.08.0,2.2999878,-13.835266,15700.0,0.03287673,318.0,17267.0
2021.011.09.0,2.100006,-14.855804,15700.0,0.024657533,618.0,17424.0
2021.011.010.0,1.7000122,-15.843597,15700.0,0.021917805,213.0,17555.0
2021.011.08.0,14.0,36.634888,16700.0,0.03287673,3633.0,17267.0
2021.011.09.0,9.0,23.987091,16700.0,0.024657533,2958.0,17424.0
2021.011.010.0,6.799988,12.203888,16700.0,0.021917805,1628.0,17555.0
2021.011.08.0,69.0,184.97112,17200.0,0.03287673,3168.0,17267.0
2021.011.09.0,38.5,149.00056,17200.0,0.024657533,3787.0,17424.0
2021.011.010.0,31.0,118.41362,17200.0,0.021917805,6075.0,17555.0
2021.011.08.0,222.0,144.32263,17300.0,0.03287673,5065.0,17267.0
2021.011.09.0,304.0,165.62408,17300.0,0.024657533,0.0,17424.0
2021.011.010.0,300.0,213.84026,17300.0,0.021917805,0.0,17555.0
2021.011.08.0,0.7000122,2.3085327,18700.0,0.03287673,0.0,17267.0
2021.011.09.0,1.0,4.303528,18700.0,0.024657533,1.0,17424.0
2021.011.010.0,0.8999939,5.479889,18700.0,0.021917805,0.0,17555.0
2021.011.08.0,0.2999878,-1.5309753,19100.0,0.03287673,2.0,17267.0
2021.011.09.0,0.3999939,0.2888794,19100.0,0.024657533,0.0,17424.0
2021.011.010.0,0.1000061,1.8092957,19100.0,0.021917805,0.0,17555.0
2021.011.08.0,0.1000061,-9.697266,20200.0,0.03287673,3.0,17267.0
2021.011.09.0,0.1000061,-8.790131,20200.0,0.024657533,2.0,17424.0
2021.011.010.0,0.1000061,-7.830414,20200.0,0.021917805,4.0,17555.0
2021.011.08.0,0.2999878,-21.767242,14200.0,0.03287673,5.0,17267.0
2021.011.09.0,0.7000122,-22.204498,14200.0,0.024657533,86.000015,17424.0
2021.011.010.0,0.6000061,-23.479767,14200.0,0.021917805,151.0,17555.0
2021.011.08.0,9.700012,1.9378662,21400.0,0.35890412,5.0,17116.0
2021.011.09.0,12.0,2.3429565,21400.0,0.35068494,0.0,17263.0
2021.011.010.0,12.5,2.7037659,21400.0,0.3479452,0.0,17390.0
2021.011.08.0,50.0,173.30052,17100.0,0.03287673,2535.0,17267.0
2021.011.09.0,27.0,135.5303,17100.0,0.024657533,4265.0,17424.0
2021.011.010.0,22.0,107.90498,17100.0,0.021917805,3673.0,17555.0
2021.011.08.0,125.0,129.40065,14400.0,0.35890412,1.0,17116.0
2021.011.09.0,112.0,125.16724,14400.0,0.35068494,0.0,17263.0
2021.011.010.0,109.0,119.92061,14400.0,0.3479452,30.0,17390.0
2021.011.08.0,25.5,85.139725,16900.0,0.03287673,4899.0,17267.0
2021.011.09.0,15.0,69.028595,16900.0,0.024657533,3391.0,17424.0
2021.011.010.0,11.0,53.20166,16900.0,0.021917805,1698.0,17555.0
2021.011.08.0,97.0,231.70985,17300.0,0.03287673,0.0,17267.0
2021.011.09.0,56.0,195.49152,17300.0,0.024657533,2569.0,17424.0
2021.011.010.0,45.5,146.34706,17300.0,0.021917805,6351.0,17555.0
2021.011.08.0,0.5,-1.1494141,18800.0,0.03287673,4.0,17267.0
2021.011.09.0,0.7999878,0.887146,18800.0,0.024657533,1.0,17424.0
2021.011.010.0,0.2000122,2.2550964,18800.0,0.021917805,0.0,17555.0
2021.011.08.0,0.2000122,-4.640045,19600.0,0.03287673,0.0,17267.0
2021.011.09.0,0.2000122,-3.5462341,19600.0,0.024657533,0.0,17424.0
2021.011.010.0,0.1000061,-2.4256287,19600.0,0.021917805,0.0,17555.0
2021.011.08.0,0.1000061,-8.029816,19900.0,0.03287673,0.0,17267.0
2021.011.09.0,0.1000061,-6.694153,19900.0,0.024657533,0.0,17424.0
2021.011.010.0,0.1000061,-5.132904,19900.0,0.021917805,0.0,17555.0
2021.011.08.0,0.3999939,-20.154327,14400.0,0.03287673,1.0,17267.0
2021.011.09.0,1.8999939,-20.822693,14400.0,0.024657533,5.0,17424.0
2021.011.010.0,0.7000122,-22.341309,14400.0,0.021917805,31.0,17555.0
2021.011.08.0,0.3999939,0.4998169,18900.0,0.03287673,0.0,17267.0
2021.011.09.0,0.6000061,2.7172852,18900.0,0.024657533,1.0,17424.0
2021.011.010.0,0.2000122,4.1352844,18900.0,0.021917805,0.0,17555.0
2021.011.08.0,0.2000122,-2.933899,19500.0,0.03287673,0.0,17267.0
2021.011.09.0,0.1000061,-1.5025024,19500.0,0.024657533,0.0,17424.0
2021.011.010.0,0.1000061,-0.089416504,19500.0,0.021917805,10.0,17555.0
2021.011.08.0,0.1000061,-8.631775,19800.0,0.03287673,0.0,17267.0
2021.011.09.0,0.1000061,-6.8964844,19800.0,0.024657533,0.0,17424.0
2021.011.010.0,0.1000061,-5.290802,19800.0,0.021917805,0.0,17555.0
2021.011.08.0,329.0,452.81165,17400.0,0.10958904,0.0,17242.0
2021.011.09.0,269.0,422.60175,17400.0,0.101369865,0.0,17395.0
2021.011.010.0,268.0,369.38052,17400.0,0.09863013,145.0,17521.0
2021.011.08.0,680.0,789.9774,17200.0,0.35890412,0.0,17116.0
2021.011.09.0,625.0,770.54224,17200.0,0.35068494,0.0,17263.0
2021.011.010.0,620.0,736.90784,17200.0,0.3479452,0.0,17390.0
2021.011.08.0,12.0,3.478119,14300.0,0.10958904,12.0,17242.0
2021.011.09.0,13.0,1.7903137,14300.0,0.101369865,25.0,17395.0
2021.011.010.0,15.0,0.012939453,14300.0,0.09863013,6.0,17521.0
2021.011.08.0,14.5,6.7414856,14500.0,0.10958904,40.0,17242.0
2021.011.09.0,15.0,4.742218,14500.0,0.101369865,53.0,17395.0
2021.011.010.0,16.0,2.6012878,14500.0,0.09863013,23.0,17521.0
2021.011.08.0,18.5,11.100861,14700.0,0.10958904,6.0,17242.0
2021.011.09.0,15.5,8.617859,14700.0,0.101369865,7.0,17395.0
2021.011.010.0,18.0,5.951233,14700.0,0.09863013,4.0,17521.0
2021.011.08.0,20.0,16.169037,14900.0,0.10958904,27.0,17242.0
2021.011.09.0,17.5,13.33252,14900.0,0.101369865,7.0,17395.0
2021.011.010.0,20.0,10.169159,14900.0,0.09863013,4.0,17521.0
2021.011.08.0,21.0,21.942993,15100.0,0.10958904,155.0,17242.0
2021.011.09.0,21.5,18.211456,15100.0,0.101369865,108.0,17395.0
2021.011.010.0,21.0,14.110962,15100.0,0.09863013,258.0,17521.0
2021.011.08.0,25.5,30.52539,15300.0,0.10958904,56.000015,17242.0
2021.011.09.0,22.5,26.282013,15300.0,0.101369865,96.0,17395.0
2021.011.010.0,24.0,21.388672,15300.0,0.09863013,26.0,17521.0
2021.011.08.0,30.0,39.736633,15500.0,0.10958904,87.999985,17242.0
2021.011.09.0,27.5,34.58777,15500.0,0.101369865,87.999985,17395.0
2021.011.010.0,28.0,28.65683,15500.0,0.09863013,18.0,17521.0
2021.011.08.0,41.0,51.526367,15700.0,0.10958904,293.0,17242.0
2021.011.09.0,31.5,45.229248,15700.0,0.101369865,114.0,17395.0
2021.011.010.0,35.0,37.651123,15700.0,0.09863013,698.0,17521.0
2021.011.08.0,48.5,64.99901,15900.0,0.10958904,548.0,17242.0
2021.011.09.0,40.0,56.788574,15900.0,0.101369865,496.0,17395.0
2021.011.010.0,40.0,48.0831,15900.0,0.09863013,37.0,17521.0
2021.011.08.0,58.0,86.16777,16100.0,0.10958904,181.0,17242.0
2021.011.09.0,49.0,76.75374,16100.0,0.101369865,207.0,17395.0
2021.011.010.0,48.5,65.80704,16100.0,0.09863013,87.000015,17521.0
2021.011.08.0,73.0,101.98323,16300.0,0.10958904,239.0,17242.0
2021.011.09.0,62.0,91.07492,16300.0,0.101369865,147.0,17395.0
2021.011.010.0,59.999985,77.63756,16300.0,0.09863013,316.0,17521.0
2021.011.08.0,95.0,126.83661,16500.0,0.10958904,376.0,17242.0
2021.011.09.0,75.0,110.77759,16500.0,0.101369865,861.0,17395.0
2021.011.010.0,76.0,93.66446,16500.0,0.09863013,660.0,17521.0
2021.011.08.0,125.0,164.33482,16700.0,0.10958904,358.0,17242.0
2021.011.09.0,102.0,138.57005,16700.0,0.101369865,1097.0,17395.0
2021.011.010.0,98.0,116.83469,16700.0,0.09863013,470.0,17521.0
2021.011.09.0,131.0,201.62027,16900.0,0.101369865,120.0,17395.0
2021.011.010.0,126.0,163.8451,16900.0,0.09863013,890.0,17521.0
2021.011.08.0,218.0,287.61652,17100.0,0.10958904,168.0,17242.0
2021.011.09.0,170.0,254.41072,17100.0,0.101369865,183.0,17395.0
2021.011.010.0,168.0,223.26007,17100.0,0.09863013,249.0,17521.0
2021.011.08.0,119.0,98.33205,17900.0,0.10958904,1287.0,17242.0
2021.011.09.0,155.0,107.421524,17900.0,0.101369865,541.0,17395.0
2021.011.010.0,149.0,127.637405,17900.0,0.09863013,349.0,17521.0
2021.011.08.0,72.0,65.504135,18100.0,0.10958904,188.0,17242.0
2021.011.09.0,99.0,72.40999,18100.0,0.101369865,170.0,17395.0
2021.011.010.0,95.0,77.871216,18100.0,0.09863013,1091.0,17521.0
2021.011.08.0,44.5,38.067688,18300.0,0.10958904,570.0,17242.0
2021.011.09.0,60.999985,39.109375,18300.0,0.101369865,660.0,17395.0
2021.011.010.0,56.0,41.7153,18300.0,0.09863013,628.0,17521.0
2021.011.08.0,25.5,22.738892,18500.0,0.10958904,178.0,17242.0
2021.011.09.0,37.0,23.85196,18500.0,0.101369865,123.0,17395.0
2021.011.010.0,33.5,24.479492,18500.0,0.09863013,384.0,17521.0
2021.011.08.0,14.0,14.958313,18700.0,0.10958904,45.0,17242.0
2021.011.09.0,23.0,15.734192,18700.0,0.101369865,2.0,17395.0
2021.011.010.0,20.0,15.921112,18700.0,0.09863013,124.0,17521.0
2021.011.08.0,9.899994,9.255157,18900.0,0.10958904,2.0,17242.0
2021.011.09.0,14.0,9.909332,18900.0,0.101369865,53.0,17395.0
2021.011.010.0,11.5,10.544098,18900.0,0.09863013,19.0,17521.0
2021.011.08.0,4.200012,5.8206177,19100.0,0.10958904,0.0,17242.0
2021.011.09.0,9.899994,7.480133,19100.0,0.101369865,3.0,17395.0
2021.011.010.0,8.5,7.9161987,19100.0,0.09863013,2.0,17521.0
2021.011.08.0,44.0,41.467438,14300.0,0.20547946,15.0,17188.0
2021.011.09.0,38.0,38.04886,14300.0,0.19726028,80.0,17341.0
2021.011.010.0,35.0,34.29239,14300.0,0.19452055,24.0,17473.0
2021.011.08.0,50.0,48.41873,14500.0,0.20547946,40.0,17188.0
2021.011.09.0,44.0,44.5242,14500.0,0.19726028,15.0,17341.0
2021.011.010.0,45.0,40.36447,14500.0,0.19452055,6.0,17473.0
2021.011.08.0,52.0,53.079285,14600.0,0.20547946,3.0,17188.0
2021.011.09.0,49.5,48.66339,14600.0,0.19726028,17.0,17341.0
2021.011.010.0,48.0,44.18228,14600.0,0.19452055,0.0,17473.0
2021.011.08.0,67.0,63.112137,14800.0,0.20547946,0.0,17188.0
2021.011.09.0,63.0,58.50595,14800.0,0.19726028,0.0,17341.0
2021.011.010.0,53.0,53.497772,14800.0,0.19452055,2.0,17473.0
2021.011.010.0,59.0,60.035492,14900.0,0.19452055,0.0,17473.0
2021.011.08.0,76.0,76.62677,15000.0,0.20547946,8.0,17188.0
2021.011.09.0,63.0,71.18288,15000.0,0.19726028,2.0,17341.0
2021.011.010.0,63.0,64.71687,15000.0,0.19452055,18.0,17473.0
2021.011.08.0,76.0,84.66922,15100.0,0.20547946,1.0,17188.0
2021.011.09.0,68.0,78.46683,15100.0,0.19726028,1.0,17341.0
2021.011.010.0,67.0,71.40506,15100.0,0.19452055,0.0,17473.0
2021.011.08.0,103.0,109.63588,15400.0,0.20547946,58.999985,17188.0
2021.011.09.0,84.0,101.47092,15400.0,0.19726028,20.0,17341.0
2021.011.010.0,81.0,92.22453,15400.0,0.19452055,22.0,17473.0
2021.011.08.0,111.0,118.89473,15500.0,0.20547946,52.0,17188.0
2021.011.09.0,90.0,110.695786,15500.0,0.19726028,50.0,17341.0
2021.011.010.0,96.0,100.65102,15500.0,0.19452055,4.0,17473.0
2021.011.08.0,122.0,130.89056,15600.0,0.20547946,0.0,17188.0
2021.011.09.0,96.0,122.13083,15600.0,0.19726028,0.0,17341.0
2021.011.010.0,104.0,111.351685,15600.0,0.19452055,30.0,17473.0
2021.011.08.0,134.0,143.49368,15700.0,0.20547946,31.0,17188.0
2021.011.09.0,105.0,133.41614,15700.0,0.19726028,1.0,17341.0
2021.011.010.0,110.0,121.21355,15700.0,0.19452055,87.999985,17473.0
2021.011.09.0,117.0,146.26204,15800.0,0.19726028,7.0,17341.0
2021.011.010.0,122.0,132.48523,15800.0,0.19452055,7.0,17473.0
2021.011.010.0,131.0,146.86195,15900.0,0.19452055,45.0,17473.0
2021.011.08.0,159.0,186.0604,16000.0,0.20547946,45.0,17188.0
2021.011.09.0,140.0,171.32909,16000.0,0.19726028,273.0,17341.0
2021.011.010.0,140.0,153.90463,16000.0,0.19452055,395.0,17473.0
2021.011.08.0,180.0,203.87613,16100.0,0.20547946,76.0,17188.0
2021.011.09.0,150.0,190.32358,16100.0,0.19726028,0.0,17341.0
2021.011.010.0,156.0,173.54645,16100.0,0.19452055,6.0,17473.0
2021.011.08.0,202.0,219.54039,16200.0,0.20547946,55.0,17188.0
2021.011.09.0,168.0,204.05107,16200.0,0.19726028,5.0,17341.0
2021.011.010.0,169.0,186.26923,16200.0,0.19452055,3.0,17473.0
2021.011.08.0,210.0,241.91791,16300.0,0.20547946,23.0,17188.0
2021.011.09.0,182.0,225.04982,16300.0,0.19726028,30.0,17341.0
2021.011.010.0,185.0,203.9898,16300.0,0.19452055,1.0,17473.0
2021.011.010.0,206.0,226.07248,16400.0,0.19452055,8.0,17473.0
2021.011.010.0,225.0,246.2908,16500.0,0.19452055,24.0,17473.0
2021.011.08.0,235.0,194.38484,17900.0,0.20547946,23.0,17188.0
2021.011.09.0,299.0,213.98885,17900.0,0.19726028,10.0,17341.0
2021.011.010.0,295.0,241.79666,17900.0,0.19452055,0.0,17473.0
2021.011.08.0,194.0,165.07968,18000.0,0.20547946,159.0,17188.0
2021.011.09.0,259.0,179.80272,18000.0,0.19726028,8.0,17341.0
2021.011.010.0,267.0,203.28326,18000.0,0.19452055,8.0,17473.0
2021.011.08.0,175.0,140.25703,18100.0,0.20547946,22.0,17188.0
2021.011.09.0,227.0,153.49654,18100.0,0.19726028,18.0,17341.0
2021.011.010.0,219.0,173.50858,18100.0,0.19452055,4.0,17473.0
2021.011.08.0,148.0,119.62184,18200.0,0.20547946,6.0,17188.0
2021.011.09.0,177.0,130.40747,18200.0,0.19726028,7.0,17341.0
2021.011.010.0,188.0,144.57915,18200.0,0.19452055,4.0,17473.0
2021.011.08.0,120.0,101.03354,18300.0,0.20547946,5.0,17188.0
2021.011.09.0,160.0,109.22087,18300.0,0.19726028,1.0,17341.0
2021.011.010.0,157.0,121.45438,18300.0,0.19452055,16.0,17473.0
2021.011.08.0,102.0,85.56616,18400.0,0.20547946,232.0,17188.0
2021.011.09.0,128.0,91.58542,18400.0,0.19726028,16.0,17341.0
2021.011.010.0,136.0,100.36116,18400.0,0.19452055,1.0,17473.0
2021.011.08.0,93.0,73.86917,18500.0,0.20547946,29.0,17188.0
2021.011.09.0,116.0,79.10095,18500.0,0.19726028,14.0,17341.0
2021.011.010.0,115.0,85.835434,18500.0,0.19452055,30.0,17473.0
2021.011.08.0,33.5,30.055573,19000.0,0.20547946,87.000015,17188.0
2021.011.09.0,46.0,31.30545,19000.0,0.19726028,105.0,17341.0
2021.011.010.0,47.5,32.653442,19000.0,0.19452055,4.0,17473.0
2021.011.08.0,28.0,26.063293,19100.0,0.20547946,39.0,17188.0
2021.011.09.0,33.5,27.032349,19100.0,0.19726028,49.0,17341.0
2021.011.010.0,40.0,28.029419,19100.0,0.19452055,7.0,17473.0
2021.011.08.0,20.0,18.042175,19300.0,0.20547946,14.0,17188.0
2021.011.09.0,27.0,18.921417,19300.0,0.19726028,0.0,17341.0
2021.011.010.0,29.0,19.658508,19300.0,0.19452055,9.0,17473.0
2021.011.08.0,18.0,14.8289795,19400.0,0.20547946,21.0,17188.0
2021.011.09.0,23.0,15.737122,19400.0,0.19726028,0.0,17341.0
2021.011.010.0,25.0,16.407288,19400.0,0.19452055,8.0,17473.0
2021.011.08.0,16.5,12.035461,19500.0,0.20547946,34.0,17188.0
2021.011.09.0,18.0,12.935577,19500.0,0.19726028,7.0,17341.0
2021.011.010.0,21.0,13.578796,19500.0,0.19452055,2.0,17473.0
2021.011.08.0,157.0,167.28152,14800.0,0.35890412,1.0,17116.0
2021.011.09.0,138.0,162.00743,14800.0,0.35068494,0.0,17263.0
2021.011.010.0,131.0,155.15402,14800.0,0.3479452,1.0,17390.0
2021.011.08.0,133.0,130.58176,13000.0,0.6082192,16.0,17000.0
2021.011.09.0,111.0,129.23181,13000.0,0.59999996,6.0,17154.0
2021.011.010.0,113.0,127.2997,13000.0,0.5972603,39.0,17282.0
2021.011.08.0,146.0,144.32272,13200.0,0.6082192,0.0,17000.0
2021.011.09.0,138.0,142.54474,13200.0,0.59999996,0.0,17154.0
2021.011.010.0,130.0,140.65083,13200.0,0.5972603,2.0,17282.0
2021.011.08.0,670.0,733.67175,16400.0,0.6082192,41.0,17000.0
2021.011.09.0,605.0,717.2742,16400.0,0.59999996,3.0,17154.0
2021.011.010.0,630.0,695.5775,16400.0,0.5972603,3.0,17282.0
2021.011.08.0,885.0,972.89575,17000.0,0.6082192,11.0,17000.0
2021.011.09.0,800.0,949.4645,17000.0,0.59999996,2.0,17154.0
2021.011.010.0,840.0,919.2423,17000.0,0.5972603,1.0,17282.0
2021.011.08.0,620.0,539.82916,17800.0,0.6082192,1.0,17000.0
2021.011.09.0,700.0,584.6931,17800.0,0.59999996,0.0,17154.0
2021.011.010.0,675.0,649.76025,17800.0,0.5972603,4.0,17282.0
2021.011.08.0,382.0,343.1757,18400.0,0.6082192,7.0,17000.0
2021.011.09.0,421.0,369.23877,18400.0,0.59999996,0.0,17154.0
2021.011.010.0,434.0,405.8572,18400.0,0.5972603,3.0,17282.0
2021.011.08.0,264.0,237.75803,18800.0,0.6082192,2.0,17000.0
2021.011.09.0,320.0,254.78024,18800.0,0.59999996,0.0,17154.0
2021.011.010.0,310.0,280.65387,18800.0,0.5972603,0.0,17282.0
2021.011.08.0,87.0,86.01372,20000.0,0.6082192,0.0,17000.0
2021.011.09.0,107.0,89.22749,20000.0,0.59999996,4.0,17154.0
2021.011.010.0,106.0,94.46883,20000.0,0.5972603,1.0,17282.0
2021.011.08.0,44.0,47.521088,20800.0,0.6082192,0.0,17000.0
2021.011.09.0,52.0,48.821075,20800.0,0.59999996,0.0,17154.0
2021.011.010.0,47.5,50.846954,20800.0,0.5972603,2.0,17282.0
2021.011.08.0,37.0,40.884033,21000.0,0.6082192,6.0,17000.0
2021.011.09.0,36.5,42.011627,21000.0,0.59999996,2.0,17154.0
2021.011.010.0,45.0,43.12616,21000.0,0.5972603,14.0,17282.0
2021.011.08.0,12.0,-1.3415222,13900.0,0.10958904,1.0,17242.0
2021.011.09.0,10.0,-2.6256104,13900.0,0.101369865,2.0,17395.0
2021.011.010.0,12.0,-3.8798218,13900.0,0.09863013,1.0,17521.0
2021.011.08.0,4.399994,3.1152344,19300.0,0.10958904,0.0,17242.0
2021.011.09.0,6.0,4.570587,19300.0,0.101369865,0.0,17395.0
2021.011.010.0,4.799988,5.56546,19300.0,0.09863013,7.0,17521.0
2021.011.08.0,3.0,1.2525024,19500.0,0.10958904,0.0,17242.0
2021.011.09.0,3.899994,3.0075073,19500.0,0.101369865,0.0,17395.0
2021.011.010.0,2.399994,4.429474,19500.0,0.09863013,0.0,17521.0
2021.011.08.0,82.0,92.018814,15200.0,0.20547946,1.0,17188.0
2021.011.09.0,73.0,85.06897,15200.0,0.19726028,1.0,17341.0
2021.011.010.0,73.0,77.45355,15200.0,0.19452055,0.0,17473.0
2021.011.08.0,266.0,223.39192,17800.0,0.20547946,33.0,17188.0
2021.011.09.0,323.0,243.78558,17800.0,0.19726028,300.0,17341.0
2021.011.010.0,346.0,276.99692,17800.0,0.19452055,23.0,17473.0
2021.011.08.0,730.0,657.16614,16700.0,0.03287673,0.0,17267.0
2021.011.09.0,860.0,798.2754,16700.0,0.024657533,0.0,17424.0
2021.011.010.0,860.0,951.9906,16700.0,0.021917805,0.0,17555.0
2021.011.08.0,550.0,480.86096,16900.0,0.03287673,0.0,17267.0
2021.011.09.0,660.0,570.8197,16900.0,0.024657533,0.0,17424.0
2021.011.010.0,660.0,740.0507,16900.0,0.021917805,0.0,17555.0
2021.011.08.0,460.0,415.27472,17000.0,0.03287673,0.0,17267.0
2021.011.09.0,570.0,484.68066,17000.0,0.024657533,0.0,17424.0
2021.011.010.0,570.0,619.4447,17000.0,0.021917805,0.0,17555.0
2021.011.08.0,370.0,277.48068,17100.0,0.03287673,0.0,17267.0
2021.011.09.0,479.0,353.46075,17100.0,0.024657533,0.0,17424.0
2021.011.010.0,475.0,485.6885,17100.0,0.021917805,0.0,17555.0
2021.011.08.0,293.0,224.81781,17200.0,0.03287673,0.0,17267.0
2021.011.09.0,390.0,272.93884,17200.0,0.024657533,0.0,17424.0
2021.011.010.0,385.0,361.82516,17200.0,0.021917805,0.0,17555.0
2021.011.08.0,187.0,161.58385,17700.0,0.10958904,572.0,17242.0
2021.011.09.0,235.0,185.30646,17700.0,0.101369865,75.0,17395.0
2021.011.010.0,229.0,218.63062,17700.0,0.09863013,230.0,17521.0
2021.011.08.0,160.0,159.0965,13400.0,0.6082192,3.0,17000.0
2021.011.09.0,146.0,157.16466,13400.0,0.59999996,9.0,17154.0
2021.011.010.0,143.0,154.84598,13400.0,0.5972603,2.0,17282.0
2021.011.08.0,339.0,365.19073,15000.0,0.6082192,0.0,17000.0
2021.011.09.0,313.0,359.94135,15000.0,0.59999996,8.0,17154.0
2021.011.010.0,312.0,351.83826,15000.0,0.5972603,27.0,17282.0
2021.011.08.0,283.0,296.16144,14600.0,0.6082192,9.0,17000.0
2021.011.09.0,268.0,291.8976,14600.0,0.59999996,0.0,17154.0
2021.011.010.0,252.0,286.50943,14600.0,0.5972603,1.0,17282.0
2021.011.08.0,505.0,475.4011,18000.0,0.6082192,76.0,17000.0
2021.011.09.0,595.0,512.6741,18000.0,0.59999996,8.0,17154.0
2021.011.010.0,585.0,569.20074,18000.0,0.5972603,11.0,17282.0
2021.011.08.0,319.0,285.5507,18600.0,0.6082192,2.0,17000.0
2021.011.09.0,375.0,307.81888,18600.0,0.59999996,1.0,17154.0
2021.011.010.0,370.0,341.14215,18600.0,0.5972603,19.0,17282.0
2021.011.08.0,96.0,100.40344,19800.0,0.6082192,0.0,17000.0
2021.011.09.0,126.0,103.757324,19800.0,0.59999996,1.0,17154.0
2021.011.010.0,129.0,110.0473,19800.0,0.5972603,2.0,17282.0
2021.011.08.0,52.0,54.94162,20600.0,0.6082192,0.0,17000.0
2021.011.09.0,58.0,56.562927,20600.0,0.59999996,0.0,17154.0
2021.011.010.0,59.0,58.691498,20600.0,0.5972603,0.0,17282.0
2021.011.08.0,12.0,0.92181396,14100.0,0.10958904,0.0,17242.0
2021.011.09.0,12.0,-0.52523804,14100.0,0.101369865,4.0,17395.0
2021.011.010.0,13.5,-1.9343567,14100.0,0.09863013,20.0,17521.0
2021.011.08.0,47.0,45.56662,14400.0,0.20547946,1.0,17188.0
2021.011.09.0,41.0,41.899292,14400.0,0.19726028,4.0,17341.0
2021.011.010.0,42.0,37.78647,14400.0,0.19452055,0.0,17473.0
2021.011.08.0,92.0,100.699234,15300.0,0.20547946,0.0,17188.0
2021.011.09.0,78.0,93.05168,15300.0,0.19726028,0.0,17341.0
2021.011.010.0,80.0,84.49843,15300.0,0.19452055,0.0,17473.0
2021.011.08.0,315.0,259.10095,17700.0,0.20547946,22.0,17188.0
2021.011.09.0,389.0,288.01855,17700.0,0.19726028,154.0,17341.0
2021.011.010.0,398.0,328.3953,17700.0,0.19452055,0.0,17473.0
2021.011.08.0,166.0,175.37924,13600.0,0.6082192,0.0,17000.0
2021.011.09.0,158.0,173.14276,13600.0,0.59999996,1.0,17154.0
2021.011.010.0,157.0,170.34428,13600.0,0.5972603,50.0,17282.0
2021.011.08.0,187.0,194.19327,13800.0,0.6082192,11.0,17000.0
2021.011.09.0,175.0,191.84811,13800.0,0.59999996,0.0,17154.0
2021.011.010.0,173.0,188.76518,13800.0,0.5972603,0.0,17282.0
2021.011.08.0,715.0,633.6909,17600.0,0.6082192,20.0,17000.0
2021.011.09.0,785.0,685.356,17600.0,0.59999996,0.0,17154.0
2021.011.010.0,775.0,762.4134,17600.0,0.5972603,0.0,17282.0
2021.011.08.0,452.0,404.46017,18200.0,0.6082192,6.0,17000.0
2021.011.09.0,505.0,437.2462,18200.0,0.59999996,0.0,17154.0
2021.011.010.0,505.0,484.1032,18200.0,0.5972603,6.0,17282.0
2021.011.08.0,215.0,194.28557,19000.0,0.6082192,11.0,17000.0
2021.011.09.0,271.0,206.30249,19000.0,0.59999996,1.0,17154.0
2021.011.010.0,262.0,226.99551,19000.0,0.5972603,33.0,17282.0
2021.011.08.0,62.0,63.583344,20400.0,0.6082192,0.0,17000.0
2021.011.09.0,72.0,65.66611,20400.0,0.59999996,0.0,17154.0
2021.011.010.0,72.0,68.4312,20400.0,0.5972603,87.000015,17282.0
2021.011.08.0,178.0,164.72252,19200.0,0.6082192,2.0,17000.0
2021.011.09.0,224.0,173.38615,19200.0,0.59999996,2.0,17154.0
2021.011.010.0,220.0,188.40283,19200.0,0.5972603,0.0,17282.0
2021.011.08.0,74.0,73.700836,20200.0,0.6082192,2.0,17000.0
2021.011.09.0,85.0,76.41661,20200.0,0.59999996,0.0,17154.0
2021.011.010.0,88.0,80.09706,20200.0,0.5972603,1.0,17282.0
2021.011.08.0,270.0,231.18184,17500.0,0.10958904,269.0,17242.0
2021.011.09.0,337.0,260.93298,17500.0,0.101369865,324.0,17395.0
2021.011.010.0,330.0,312.72357,17500.0,0.09863013,0.0,17521.0
2021.011.08.0,59.0,59.010315,14700.0,0.20547946,6.0,17188.0
2021.011.09.0,56.0,54.389008,14700.0,0.19726028,0.0,17341.0
2021.011.010.0,51.0,49.38263,14700.0,0.19452055,0.0,17473.0
2021.011.08.0,555.0,609.62683,16000.0,0.6082192,7.0,17000.0
2021.011.09.0,505.0,597.22144,16000.0,0.59999996,34.0,17154.0
2021.011.010.0,520.0,579.95215,16000.0,0.5972603,30.0,17282.0
2021.011.08.0,815.0,728.9796,17400.0,0.6082192,62.0,17000.0
2021.011.09.0,875.0,787.82367,17400.0,0.59999996,0.0,17154.0
2021.011.010.0,880.0,870.3572,17400.0,0.5972603,0.0,17282.0
2021.011.08.0,635.0,558.3087,16800.0,0.03287673,0.0,17267.0
2021.011.09.0,760.0,687.37964,16800.0,0.024657533,0.0,17424.0
2021.011.010.0,760.0,859.50745,16800.0,0.021917805,0.0,17555.0
2021.011.08.0,0.1000061,-8.01532,20000.0,0.03287673,0.0,17267.0
2021.011.09.0,0.1000061,-6.8685913,20000.0,0.024657533,0.0,17424.0
2021.011.010.0,0.1000061,-5.521881,20000.0,0.021917805,0.0,17555.0
2021.011.08.0,1130.0,1031.3441,16600.0,0.35890412,0.0,17116.0
2021.011.09.0,1220.0,1110.6428,16600.0,0.35068494,0.0,17263.0
2021.011.010.0,1220.0,1209.3411,16600.0,0.3479452,0.0,17390.0
2021.011.08.0,209.0,215.6543,14000.0,0.6082192,0.0,17000.0
2021.011.09.0,194.0,212.81111,14000.0,0.59999996,0.0,17154.0
2021.011.010.0,187.0,209.20755,14000.0,0.5972603,0.0,17282.0
2021.011.08.0,925.0,830.81384,17200.0,0.6082192,45.0,17000.0
2021.011.09.0,975.0,893.11206,17200.0,0.59999996,0.0,17154.0
2021.011.010.0,985.0,978.7046,17200.0,0.5972603,0.0,17282.0
2021.011.08.0,0.2999878,-21.402222,14100.0,0.03287673,10.0,17267.0
2021.011.09.0,0.7000122,-22.268341,14100.0,0.024657533,320.0,17424.0
2021.011.010.0,0.6000061,-24.003418,14100.0,0.021917805,655.0,17555.0
2021.011.08.0,830.0,756.09753,16600.0,0.03287673,0.0,17267.0
2021.011.09.0,960.0,892.1456,16600.0,0.024657533,0.0,17424.0
2021.011.010.0,960.0,1033.6163,16600.0,0.021917805,0.0,17555.0
2021.011.08.0,825.0,763.7211,16700.0,0.10958904,0.0,17242.0
2021.011.09.0,925.0,858.84326,16700.0,0.101369865,0.0,17395.0
2021.011.010.0,925.0,983.2096,16700.0,0.09863013,0.0,17521.0
2021.011.08.0,460.0,496.62827,15600.0,0.6082192,7.0,17000.0
2021.011.09.0,425.0,490.61322,15600.0,0.59999996,27.0,17154.0
2021.011.010.0,426.0,479.57294,15600.0,0.5972603,2.0,17282.0
2021.011.08.0,1030.0,968.06396,16400.0,0.03287673,0.0,17267.0
2021.011.09.0,1160.0,1083.5237,16400.0,0.024657533,0.0,17424.0
2021.011.010.0,1160.0,1200.9941,16400.0,0.021917805,0.0,17555.0
2021.011.08.0,930.0,872.27576,16500.0,0.03287673,0.0,17267.0
2021.011.09.0,1060.0,997.2423,16500.0,0.024657533,0.0,17424.0
2021.011.010.0,1060.0,1116.9362,16500.0,0.021917805,0.0,17555.0
2021.011.08.0,383.0,340.35373,17300.0,0.10958904,418.0,17242.0
2021.011.09.0,455.0,380.98203,17300.0,0.101369865,0.0,17395.0
2021.011.010.0,446.0,448.76703,17300.0,0.09863013,0.0,17521.0
2021.011.08.0,1160.0,1056.5713,16800.0,0.6082192,0.0,17000.0
2021.011.09.0,1220.0,1132.9437,16800.0,0.59999996,0.0,17154.0
2021.011.010.0,1230.0,1228.0319,16800.0,0.5972603,0.0,17282.0
2021.011.09.0,610.0,509.8919,17300.0,0.19726028,0.0,17341.0
2021.011.010.0,605.0,578.5918,17300.0,0.19452055,0.0,17473.0
2021.011.08.0,491.0,403.49615,17400.0,0.20547946,2.0,17188.0
2021.011.09.0,550.0,450.29654,17400.0,0.19726028,0.0,17341.0
2021.011.010.0,565.0,514.9486,17400.0,0.19452055,0.0,17473.0
2021.011.08.0,429.0,353.03763,17500.0,0.20547946,42.0,17188.0
2021.011.09.0,495.0,391.56696,17500.0,0.19726028,0.0,17341.0
2021.011.010.0,475.0,443.13776,17500.0,0.19452055,6.0,17473.0
2021.011.08.0,348.0,295.28607,17600.0,0.20547946,45.0,17188.0
2021.011.09.0,439.0,331.42596,17600.0,0.19726028,52.0,17341.0
2021.011.010.0,439.0,387.49454,17600.0,0.19452055,3.0,17473.0
2021.011.08.0,234.0,239.0524,14200.0,0.6082192,0.0,17000.0
2021.011.09.0,214.0,236.141,14200.0,0.59999996,0.0,17154.0
2021.011.010.0,202.0,232.05278,14200.0,0.5972603,0.0,17282.0
2021.011.08.0,605.0,669.90576,16200.0,0.6082192,0.0,17000.0
2021.011.09.0,555.0,657.3248,16200.0,0.59999996,9.0,17154.0
2021.011.010.0,575.0,640.8611,16200.0,0.5972603,0.0,17282.0
2021.011.08.0,126.0,117.877426,19600.0,0.6082192,0.0,17000.0
2021.011.09.0,152.0,123.38457,19600.0,0.59999996,0.0,17154.0
2021.011.010.0,155.0,131.94705,19600.0,0.5972603,0.0,17282.0
2021.011.08.0,810.0,873.00085,16800.0,0.6082192,0.0,17000.0
2021.011.09.0,740.0,865.26746,16800.0,0.59999996,0.0,17154.0
2021.011.010.0,765.0,853.06287,16800.0,0.5972603,1.0,17282.0
2021.011.08.0,1280.0,1182.0519,16400.0,0.35890412,0.0,17116.0
2021.011.09.0,1360.0,1260.6962,16400.0,0.35068494,0.0,17263.0
2021.011.010.0,1370.0,1357.8539,16400.0,0.3479452,0.0,17390.0
2021.011.08.0,1290.0,1183.9843,16600.0,0.6082192,0.0,17000.0
2021.011.09.0,1350.0,1255.4468,16600.0,0.59999996,0.0,17154.0
2021.011.010.0,1370.0,1346.2566,16600.0,0.5972603,0.0,17282.0
2021.011.08.0,990.0,943.4734,16500.0,0.10958904,0.0,17242.0
2021.011.09.0,1100.0,1044.5519,16500.0,0.101369865,0.0,17395.0
2021.011.010.0,1100.0,1168.2699,16500.0,0.09863013,0.0,17521.0
2021.011.08.0,665.0,604.6317,16900.0,0.10958904,0.0,17242.0
2021.011.09.0,750.0,679.6327,16900.0,0.101369865,0.0,17395.0
2021.011.010.0,750.0,785.6946,16900.0,0.09863013,0.0,17521.0
2021.011.08.0,515.0,479.66187,17100.0,0.10958904,0.0,17242.0
2021.011.09.0,600.0,544.8067,17100.0,0.101369865,0.0,17395.0
2021.011.010.0,600.0,630.33014,17100.0,0.09863013,0.0,17521.0
2021.011.08.0,371.0,405.06885,15200.0,0.6082192,0.0,17000.0
2021.011.09.0,345.0,399.0604,15200.0,0.59999996,0.0,17154.0
2021.011.010.0,347.0,389.99225,15200.0,0.5972603,0.0,17282.0
2021.011.08.0,150.0,138.97258,19400.0,0.6082192,0.0,17000.0
2021.011.09.0,183.0,145.85378,19400.0,0.59999996,0.0,17154.0
2021.011.010.0,185.0,156.67862,19400.0,0.5972603,52.0,17282.0
2021.011.08.0,305.0,329.86505,14800.0,0.6082192,1.0,17000.0
2021.011.09.0,283.0,323.99005,14800.0,0.59999996,1.0,17154.0
2021.011.010.0,281.0,316.49847,14800.0,0.5972603,9.0,17282.0
2021.011.08.0,1040.0,943.7095,17000.0,0.6082192,42.0,17000.0
2021.011.09.0,1080.0,1009.723,17000.0,0.59999996,0.0,17154.0
2021.011.010.0,1110.0,1097.8049,17000.0,0.5972603,0.0,17282.0
2021.011.08.0,1130.0,1089.3864,16300.0,0.03287673,0.0,17267.0
2021.011.09.0,1260.0,1194.0886,16300.0,0.024657533,0.0,17424.0
2021.011.010.0,1260.0,1304.6874,16300.0,0.021917805,0.0,17555.0
2021.011.08.0,1420.0,1343.9727,16200.0,0.35890412,0.0,17116.0
2021.011.09.0,1510.0,1423.0919,16200.0,0.35068494,0.0,17263.0
2021.011.010.0,1520.0,1513.146,16200.0,0.3479452,0.0,17390.0
2021.011.08.0,2.100006,-0.6916199,19700.0,0.10958904,3.0,17242.0
2021.011.09.0,3.0,1.3701172,19700.0,0.101369865,0.0,17395.0
2021.011.010.0,2.2000122,3.2687378,19700.0,0.09863013,6.0,17521.0
2021.011.08.0,1.3999939,-2.2459412,19900.0,0.10958904,10.0,17242.0
2021.011.09.0,1.5,-0.01864624,19900.0,0.101369865,0.0,17395.0
2021.011.010.0,1.7999878,2.4133606,19900.0,0.09863013,0.0,17521.0
2021.011.08.0,605.0,508.59546,17200.0,0.20547946,5.0,17188.0
2021.011.09.0,675.0,566.6639,17200.0,0.19726028,0.0,17341.0
2021.011.010.0,665.0,649.41113,17200.0,0.19452055,0.0,17473.0
2021.011.08.0,262.0,263.00998,14400.0,0.6082192,1.0,17000.0
2021.011.09.0,237.0,259.863,14400.0,0.59999996,12.0,17154.0
2021.011.010.0,226.0,255.7207,14400.0,0.5972603,1.0,17282.0
2021.011.08.0,427.0,451.5459,15400.0,0.6082192,0.0,17000.0
2021.011.09.0,381.0,448.93213,15400.0,0.59999996,21.0,17154.0
2021.011.010.0,385.0,439.8349,15400.0,0.5972603,6.0,17282.0
2021.011.08.0,505.0,550.21277,15800.0,0.6082192,21.0,17000.0
2021.011.09.0,465.0,541.4364,15800.0,0.59999996,16.0,17154.0
2021.011.010.0,472.0,527.8476,15800.0,0.5972603,15.0,17282.0
2021.011.09.0,805.0,712.74835,17000.0,0.19726028,0.0,17341.0
2021.011.010.0,815.0,807.04254,17000.0,0.19452055,0.0,17473.0
2021.011.08.0,2610.0,2015.1299,14800.0,0.10958904,0.0,17242.0
2021.011.09.0,2740.0,2016.1924,14800.0,0.101369865,0.0,17395.0
2021.011.010.0,2740.0,2017.2605,14800.0,0.09863013,0.0,17521.0
2021.011.08.0,2220.0,1974.4115,15200.0,0.10958904,0.0,17242.0
2021.011.09.0,2340.0,1984.9946,15200.0,0.101369865,0.0,17395.0
2021.011.010.0,2350.0,1995.159,15200.0,0.09863013,0.0,17521.0
2021.011.08.0,1560.0,1447.9,16200.0,0.6082192,0.0,17000.0
2021.011.09.0,1630.0,1509.4193,16200.0,0.59999996,0.0,17154.0
2021.011.010.0,1640.0,1585.5525,16200.0,0.5972603,0.0,17282.0
2021.011.08.0,1170.0,1156.6023,16300.0,0.10958904,0.0,17242.0
2021.011.09.0,1280.0,1256.9642,16300.0,0.101369865,0.0,17395.0
2021.011.010.0,1290.0,1365.108,16300.0,0.09863013,0.0,17521.0
2021.011.08.0,1420.0,1315.979,16400.0,0.6082192,0.0,17000.0
2021.011.09.0,1480.0,1383.9556,16400.0,0.59999996,0.0,17154.0
2021.011.010.0,1500.0,1467.5269,16400.0,0.5972603,0.0,17282.0
2021.011.08.0,895.0,767.99585,16800.0,0.20547946,0.0,17188.0
2021.011.09.0,955.0,850.4678,16800.0,0.19726028,0.0,17341.0
2021.011.010.0,965.0,962.598,16800.0,0.19452055,0.0,17473.0
2021.011.09.0,880.0,776.562,16900.0,0.19726028,0.0,17341.0
2021.011.010.0,870.0,877.55457,16900.0,0.19452055,0.0,17473.0
2021.011.029.0,1.0,-7.689789,12800.0,0.052054793,0.0,17342.0
2021.011.030.0,1.0,-9.375275,12800.0,0.043835625,1.0,17308.0
2021.012.01.0,0.5,-11.073639,12800.0,0.041095898,0.0,17327.0
2021.011.029.0,1.2999878,-7.371887,13000.0,0.052054793,85.0,17342.0
2021.011.030.0,1.3999939,-9.570648,13000.0,0.043835625,128.0,17308.0
2021.012.01.0,0.5,-12.028137,13000.0,0.041095898,3.0,17327.0
2021.011.029.0,2.0,-6.632721,13200.0,0.052054793,1.0,17342.0
2021.011.030.0,1.5,-8.100311,13200.0,0.043835625,38.0,17308.0
2021.012.01.0,0.5,-9.747162,13200.0,0.041095898,0.0,17327.0
2021.011.029.0,2.0,-4.297455,13800.0,0.052054793,24.0,17342.0
2021.011.030.0,0.7000122,-6.4922485,13800.0,0.043835625,31.0,17308.0
2021.012.01.0,1.7999878,-8.600891,13800.0,0.041095898,2.0,17327.0
2021.011.029.0,1350.0,1576.7211,16000.0,0.052054793,0.0,17342.0
2021.011.030.0,1360.0,1401.0865,16000.0,0.043835625,0.0,17308.0
2021.012.01.0,1600.0,1219.569,16000.0,0.041095898,0.0,17327.0
2021.011.029.0,31.5,111.79581,18000.0,0.052054793,10425.0,17342.0
2021.011.030.0,26.5,89.02786,18000.0,0.043835625,4797.0,17308.0
2021.012.01.0,59.999985,73.87541,18000.0,0.041095898,7739.0,17327.0
2021.011.029.0,1.7999878,1.8066711,19000.0,0.052054793,226.0,17342.0
2021.011.030.0,1.5,0.28048706,19000.0,0.043835625,45.0,17308.0
2021.012.01.0,2.2999878,0.10922241,19000.0,0.041095898,7.0,17327.0
2021.011.029.0,2.0,-5.476074,13400.0,0.052054793,1.0,17342.0
2021.011.030.0,1.6000061,-7.2618713,13400.0,0.043835625,14.0,17308.0
2021.012.01.0,0.5,-9.94635,13400.0,0.041095898,20.0,17327.0
2021.011.029.0,2.899994,-2.95224,14000.0,0.052054793,107.0,17342.0
2021.011.030.0,2.0,-5.2568665,14000.0,0.043835625,245.0,17308.0
2021.012.01.0,1.0,-7.770172,14000.0,0.041095898,6.0,17327.0
2021.011.029.0,11.0,5.2406616,15200.0,0.052054793,255.0,17342.0
2021.011.030.0,5.899994,3.3272705,15200.0,0.043835625,841.0,17308.0
2021.012.01.0,4.0,0.66711426,15200.0,0.041095898,572.0,17327.0
2021.011.029.0,0.3999939,3.5223389,20000.0,0.052054793,13.0,17342.0
2021.011.030.0,0.2999878,0.6393738,20000.0,0.043835625,0.0,17308.0
2021.012.01.0,0.2999878,-1.236145,20000.0,0.041095898,0.0,17327.0
2021.011.029.0,635.0,772.28015,16800.0,0.052054793,0.0,17342.0
2021.011.030.0,630.0,696.8855,16800.0,0.043835625,0.0,17308.0
2021.012.01.0,835.0,657.22076,16800.0,0.041095898,0.0,17327.0
2021.011.029.0,219.0,292.80093,17400.0,0.052054793,1246.0,17342.0
2021.011.030.0,208.0,237.32349,17400.0,0.043835625,3432.0,17308.0
2021.012.01.0,340.0,210.85959,17400.0,0.041095898,2156.0,17327.0
2021.011.029.0,0.7000122,4.9612427,19600.0,0.052054793,0.0,17342.0
2021.011.030.0,0.5,1.9907227,19600.0,0.043835625,0.0,17308.0
2021.012.01.0,0.5,0.5899048,19600.0,0.041095898,0.0,17327.0
2021.011.029.0,7.799988,4.3477783,15000.0,0.052054793,360.0,17342.0
2021.011.030.0,8.0,2.1347656,15000.0,0.043835625,728.0,17308.0
2021.012.01.0,2.600006,-1.0817261,15000.0,0.041095898,359.0,17327.0
2021.011.029.0,340.0,448.10608,17200.0,0.052054793,0.0,17342.0
2021.011.030.0,329.0,410.56314,17200.0,0.043835625,0.0,17308.0
2021.012.01.0,495.0,390.87433,17200.0,0.041095898,0.0,17327.0
2021.011.029.0,0.2999878,3.5316467,20200.0,0.052054793,0.0,17342.0
2021.011.030.0,0.2999878,0.51452637,20200.0,0.043835625,0.0,17308.0
2021.012.01.0,0.2999878,-1.6453247,20200.0,0.041095898,0.0,17327.0
2021.011.029.0,6.0,3.6046143,14800.0,0.052054793,9.0,17342.0
2021.011.030.0,3.5,1.6599121,14800.0,0.043835625,143.0,17308.0
2021.012.01.0,2.2000122,-0.49639893,14800.0,0.041095898,1.0,17327.0
2021.011.029.0,7.399994,23.267853,18400.0,0.052054793,2631.0,17342.0
2021.011.030.0,6.0,12.526154,18400.0,0.043835625,869.0,17308.0
2021.012.01.0,12.0,5.2123413,18400.0,0.041095898,425.0,17327.0
2021.011.029.0,26.0,13.584839,15800.0,0.052054793,897.0,17342.0
2021.011.030.0,21.5,12.3029175,15800.0,0.043835625,880.0,17308.0
2021.012.01.0,9.200012,10.556122,15800.0,0.041095898,449.0,17327.0
2021.011.029.0,20.5,11.399139,15600.0,0.052054793,529.0,17342.0
2021.011.030.0,16.0,10.034607,15600.0,0.043835625,236.0,17308.0
2021.012.01.0,7.100006,8.222107,15600.0,0.041095898,391.0,17327.0
2021.011.029.0,482.0,610.32544,17000.0,0.052054793,0.0,17342.0
2021.011.030.0,472.0,548.41327,17000.0,0.043835625,0.0,17308.0
2021.012.01.0,650.0,512.94556,17000.0,0.041095898,0.0,17327.0
2021.011.029.0,65.0,156.06372,17800.0,0.052054793,7320.0,17342.0
2021.011.030.0,57.0,116.63548,17800.0,0.043835625,4696.0,17308.0
2021.012.01.0,121.0,93.253204,17800.0,0.041095898,5317.0,17327.0
2021.011.029.0,37.0,19.07309,16000.0,0.052054793,1356.0,17342.0
2021.011.030.0,30.0,16.339447,16000.0,0.043835625,2618.0,17308.0
2021.012.01.0,13.0,11.276886,16000.0,0.041095898,2199.0,17327.0
2021.011.029.0,0.2999878,2.9259644,20400.0,0.052054793,0.0,17342.0
2021.011.030.0,0.2999878,-0.32644653,20400.0,0.043835625,0.0,17308.0
2021.012.01.0,0.2000122,-2.897644,20400.0,0.041095898,0.0,17327.0
2021.011.029.0,1.0,4.7873535,19400.0,0.052054793,0.0,17342.0
2021.011.030.0,0.7000122,2.0653076,19400.0,0.043835625,31.0,17308.0
2021.012.01.0,0.8999939,0.78582764,19400.0,0.041095898,0.0,17327.0
2021.011.029.0,2.0,-4.63089,13600.0,0.052054793,9.0,17342.0
2021.011.030.0,1.7000122,-6.763397,13600.0,0.043835625,28.0,17308.0
2021.012.01.0,0.6000061,-9.310059,13600.0,0.041095898,0.0,17327.0
2021.011.029.0,67.0,38.239014,16400.0,0.052054793,1582.0,17342.0
2021.011.030.0,53.0,35.562653,16400.0,0.043835625,2693.0,17308.0
2021.012.01.0,26.0,31.69748,16400.0,0.041095898,2832.0,17327.0
2021.011.029.0,0.2000122,1.5054626,20600.0,0.052054793,0.0,17342.0
2021.011.030.0,0.2000122,-1.724884,20600.0,0.043835625,0.0,17308.0
2021.012.01.0,0.2000122,-4.087433,20600.0,0.041095898,0.0,17327.0
2021.011.029.0,14.5,7.8567505,15400.0,0.052054793,262.0,17342.0
2021.011.030.0,12.5,6.0146484,15400.0,0.043835625,273.0,17308.0
2021.012.01.0,5.5,3.500885,15400.0,0.041095898,487.0,17327.0
2021.011.029.0,0.6000061,3.635376,19800.0,0.052054793,3.0,17342.0
2021.011.030.0,0.6000061,0.49829102,19800.0,0.043835625,3.0,17308.0
2021.012.01.0,0.1000061,-1.092041,19800.0,0.041095898,3.0,17327.0
2021.011.029.0,51.0,27.542206,16200.0,0.052054793,957.0,17342.0
2021.011.030.0,41.0,29.579254,16200.0,0.043835625,1035.0,17308.0
2021.012.01.0,18.0,29.364136,16200.0,0.041095898,1232.0,17327.0
2021.011.029.0,129.0,201.47478,17600.0,0.052054793,3344.0002,17342.0
2021.011.030.0,118.0,154.07831,17600.0,0.043835625,3686.0002,17308.0
2021.012.01.0,214.0,133.35683,17600.0,0.041095898,3271.9998,17327.0
2021.011.029.0,4.5,-1.2817078,18600.0,0.052054793,1577.0,17342.0
2021.011.030.0,3.399994,-5.761261,18600.0,0.043835625,280.0,17308.0
2021.012.01.0,5.899994,-7.908264,18600.0,0.041095898,148.0,17327.0
2021.011.029.0,3.600006,-0.7197571,14200.0,0.052054793,29.0,17342.0
2021.011.030.0,2.600006,-2.7680664,14200.0,0.043835625,25.0,17308.0
2021.012.01.0,1.2999878,-5.3698425,14200.0,0.041095898,0.0,17327.0
2021.011.029.0,124.0,54.89215,16800.0,0.052054793,4510.0,17342.0
2021.011.030.0,102.0,55.85623,16800.0,0.043835625,2186.0,17308.0
2021.012.01.0,51.0,51.21521,16800.0,0.041095898,2360.0,17327.0
2021.011.029.0,800.0,940.2246,16600.0,0.052054793,0.0,17342.0
2021.011.030.0,810.0,856.87427,16600.0,0.043835625,0.0,17308.0
2021.012.01.0,1020.0,816.60803,16600.0,0.041095898,0.0,17327.0
2021.011.029.0,1540.0,1772.8252,15800.0,0.052054793,0.0,17342.0
2021.011.030.0,1550.0,1678.2468,15800.0,0.043835625,0.0,17308.0
2021.012.01.0,1790.0,1535.7291,15800.0,0.041095898,0.0,17327.0
2021.011.029.0,15.5,60.137573,18200.0,0.052054793,4875.0,17342.0
2021.011.030.0,12.0,40.807953,18200.0,0.043835625,1893.0,17308.0
2021.012.01.0,26.5,27.970367,18200.0,0.041095898,1512.0,17327.0
2021.011.029.0,980.0,1119.2856,16400.0,0.052054793,0.0,17342.0
2021.011.030.0,985.0,1026.1141,16400.0,0.043835625,0.0,17308.0
2021.012.01.0,1210.0,981.77295,16400.0,0.041095898,0.0,17327.0
2021.011.029.0,1.2999878,4.7672424,19200.0,0.052054793,0.0,17342.0
2021.011.030.0,0.8999939,3.1694336,19200.0,0.043835625,0.0,17308.0
2021.012.01.0,1.3999939,2.31073,19200.0,0.041095898,0.0,17327.0
2021.011.029.0,0.1000061,-1.4776611,21200.0,0.052054793,0.0,17342.0
2021.011.030.0,0.1000061,-5.0787964,21200.0,0.043835625,0.0,17308.0
2021.012.01.0,0.1000061,-7.5043945,21200.0,0.041095898,0.0,17327.0
2021.011.029.0,3.899994,-0.30166626,14400.0,0.052054793,66.0,17342.0
2021.011.030.0,3.2999878,-2.0394592,14400.0,0.043835625,70.0,17308.0
2021.012.01.0,2.5,-4.282593,14400.0,0.041095898,19.0,17327.0
2021.011.029.0,4.799988,1.7236633,14600.0,0.052054793,19.0,17342.0
2021.011.030.0,5.0,-0.19625854,14600.0,0.043835625,84.0,17308.0
2021.012.01.0,4.399994,-2.978302,14600.0,0.041095898,13.0,17327.0
2021.011.029.0,1160.0,1399.4755,16200.0,0.052054793,0.0,17342.0
2021.011.030.0,1170.0,1211.9794,16200.0,0.043835625,0.0,17308.0
2021.012.01.0,1400.0,1035.4606,16200.0,0.041095898,0.0,17327.0
2021.011.029.0,1730.0,1967.6288,15600.0,0.052054793,0.0,17342.0
2021.011.030.0,1750.0,1925.706,15600.0,0.043835625,0.0,17308.0
2021.012.01.0,1990.0,1807.9275,15600.0,0.041095898,0.0,17327.0
2021.011.029.0,2.5,-7.062622,18800.0,0.052054793,468.0,17342.0
2021.011.030.0,2.2000122,-7.2958984,18800.0,0.043835625,65.0,17308.0
2021.012.01.0,3.2000122,-7.0420837,18800.0,0.041095898,86.000015,17327.0
2021.011.029.0,1930.0,2016.5616,15400.0,0.052054793,0.0,17342.0
2021.011.030.0,1940.0,2015.3989,15400.0,0.043835625,0.0,17308.0
2021.012.01.0,2190.0,2010.4048,15400.0,0.041095898,0.0,17327.0
2021.011.029.0,1.0,-8.183411,12600.0,0.052054793,0.0,17342.0
2021.011.030.0,0.7000122,-10.072327,12600.0,0.043835625,1.0,17308.0
2021.012.01.0,0.5,-12.882782,12600.0,0.041095898,0.0,17327.0
2021.011.029.0,2320.0,2018.5851,15000.0,0.052054793,0.0,17342.0
2021.011.030.0,2340.0,2019.0425,15000.0,0.043835625,0.0,17308.0
2021.012.01.0,2590.0,2017.7314,15000.0,0.041095898,0.0,17327.0
2021.011.029.0,0.2000122,0.63464355,20800.0,0.052054793,0.0,17342.0
2021.011.030.0,0.2000122,-2.8338013,20800.0,0.043835625,0.0,17308.0
2021.012.01.0,0.2000122,-5.375244,20800.0,0.041095898,0.0,17327.0
2021.011.029.0,1.1000061,-8.862396,12400.0,0.052054793,2.0,17342.0
2021.011.030.0,0.2000122,-10.471771,12400.0,0.043835625,5.0,17308.0
2021.012.01.0,0.3999939,-12.21521,12400.0,0.041095898,1.0,17327.0
2021.011.029.0,0.2000122,-0.45031738,21000.0,0.052054793,0.0,17342.0
2021.011.030.0,0.1000061,-4.1493225,21000.0,0.043835625,0.0,17308.0
2021.012.01.0,0.1000061,-6.5490417,21000.0,0.041095898,0.0,17327.0
2021.011.029.0,0.7000122,-9.755951,12200.0,0.052054793,119.0,17342.0
2021.011.030.0,0.2999878,-11.0156555,12200.0,0.043835625,153.0,17308.0
2021.012.01.0,0.3999939,-12.4869995,12200.0,0.041095898,121.0,17327.0
2021.011.029.0,88.0,69.808044,14000.0,0.30136988,2.0,17217.0
2021.011.030.0,83.0,71.27136,14000.0,0.2931507,4.0,17188.0
2021.012.01.0,75.0,71.848785,14000.0,0.29041097,0.0,17205.0
2021.011.029.0,177.0,116.266495,15000.0,0.30136988,50.0,17217.0
2021.011.030.0,148.0,121.363754,15000.0,0.2931507,9.0,17188.0
2021.012.01.0,138.0,125.25531,15000.0,0.29041097,3.0,17205.0
2021.011.029.0,375.0,439.96982,17800.0,0.30136988,1.0,17217.0
2021.011.030.0,360.0,406.8941,17800.0,0.2931507,12.0,17188.0
2021.012.01.0,435.0,389.3414,17800.0,0.29041097,2.0,17205.0
2021.011.029.0,76.0,63.849,13800.0,0.30136988,0.0,17217.0
2021.011.030.0,72.0,63.85701,13800.0,0.2931507,0.0,17188.0
2021.012.01.0,68.0,64.05229,13800.0,0.29041097,0.0,17205.0
2021.011.029.0,110.0,77.27568,14200.0,0.30136988,1.0,17217.0
2021.011.030.0,84.0,78.36601,14200.0,0.2931507,2.0,17188.0
2021.012.01.0,92.0,78.87695,14200.0,0.29041097,27.0,17205.0
2021.011.029.0,198.0,130.37076,15200.0,0.30136988,0.0,17217.0
2021.011.030.0,186.0,134.37231,15200.0,0.2931507,0.0,17188.0
2021.012.01.0,181.0,139.92181,15200.0,0.29041097,0.0,17205.0
2021.011.029.0,915.0,1017.34045,16800.0,0.30136988,0.0,17217.0
2021.011.030.0,915.0,966.89185,16800.0,0.2931507,0.0,17188.0
2021.012.01.0,1080.0,943.5864,16800.0,0.29041097,0.0,17205.0
2021.011.029.0,474.0,548.95135,17600.0,0.30136988,13.0,17217.0
2021.011.030.0,500.0,508.8733,17600.0,0.2931507,6.0,17188.0
2021.012.01.0,540.0,487.36755,17600.0,0.29041097,7.0,17205.0
2021.011.029.0,80.0,84.494,19000.0,0.30136988,8.0,17217.0
2021.011.030.0,77.0,79.30705,19000.0,0.2931507,1.0,17188.0
2021.012.01.0,81.0,76.65527,19000.0,0.29041097,2.0,17205.0
2021.011.029.0,10.5,4.4875183,20800.0,0.30136988,0.0,17217.0
2021.011.030.0,13.5,2.960083,20800.0,0.2931507,0.0,17188.0
2021.012.01.0,9.0,2.5646057,20800.0,0.29041097,0.0,17205.0
2021.011.029.0,90.0,50.900513,16600.0,0.052054793,2270.0,17342.0
2021.011.030.0,73.0,54.337555,16600.0,0.043835625,1745.0,17308.0
2021.012.01.0,36.0,52.031647,16600.0,0.041095898,2046.0,17327.0
2021.011.029.0,168.0,46.27719,17000.0,0.052054793,5234.0,17342.0
2021.011.030.0,142.0,45.462067,17000.0,0.043835625,5154.0,17308.0
2021.012.01.0,72.0,42.350006,17000.0,0.041095898,5793.0005,17327.0
2021.011.029.0,65.0,58.41864,13600.0,0.30136988,1.0,17217.0
2021.011.030.0,62.0,58.64966,13600.0,0.2931507,4.0,17188.0
2021.012.01.0,62.0,58.503967,13600.0,0.29041097,18.0,17205.0
2021.011.029.0,605.0,466.61328,17000.0,0.30136988,11.0,17217.0
2021.011.030.0,550.0,487.9796,17000.0,0.2931507,3.0,17188.0
2021.012.01.0,489.0,519.58856,17000.0,0.29041097,9.0,17205.0
2021.011.029.0,187.0,208.94264,18400.0,0.30136988,35.0,17217.0
2021.011.030.0,184.0,191.73671,18400.0,0.2931507,0.0,17188.0
2021.012.01.0,207.0,182.6198,18400.0,0.29041097,0.0,17205.0
2021.011.029.0,0.1000061,-2.88266,21600.0,0.052054793,0.0,17342.0
2021.011.030.0,0.1000061,-6.884369,21600.0,0.043835625,0.0,17308.0
2021.012.01.0,0.1000061,-9.542175,21600.0,0.041095898,0.0,17327.0
2021.011.029.0,307.0,224.34512,16000.0,0.30136988,5.0,17217.0
2021.011.030.0,251.0,229.84634,16000.0,0.2931507,20.0,17188.0
2021.012.01.0,262.0,238.0524,16000.0,0.29041097,2.0,17205.0
2021.011.029.0,8.0,0.7319641,21200.0,0.30136988,23.0,17217.0
2021.011.030.0,9.0,-0.63964844,21200.0,0.2931507,1.0,17188.0
2021.012.01.0,7.5,-0.7939148,21200.0,0.29041097,0.0,17205.0
2021.011.029.0,4.5,-1.283844,21600.0,0.30136988,52.0,17217.0
2021.011.030.0,6.200012,-2.7676086,21600.0,0.2931507,0.0,17188.0
2021.012.01.0,5.0,-3.1628113,21600.0,0.29041097,0.0,17205.0
2021.011.029.0,247.0,168.00975,15600.0,0.30136988,57.000015,17217.0
2021.011.030.0,237.0,172.03801,15600.0,0.2931507,0.0,17188.0
2021.012.01.0,206.0,180.17137,15600.0,0.29041097,0.0,17205.0
2021.011.029.0,142.0,157.28328,18600.0,0.30136988,0.0,17217.0
2021.011.030.0,144.0,144.30035,18600.0,0.2931507,0.0,17188.0
2021.012.01.0,176.0,137.85287,18600.0,0.29041097,1.0,17205.0
2021.011.029.0,20.0,19.532654,20000.0,0.30136988,123.0,17217.0
2021.011.030.0,29.5,17.615051,20000.0,0.2931507,0.0,17188.0
2021.012.01.0,21.5,17.215271,20000.0,0.29041097,1.0,17205.0
2021.011.029.0,590.0,634.5418,17400.0,0.30136988,3.0,17217.0
2021.011.030.0,560.0,579.93964,17400.0,0.2931507,2.0,17188.0
2021.012.01.0,705.0,564.7365,17400.0,0.29041097,5.0,17205.0
2021.011.029.0,131.0,93.50168,14600.0,0.30136988,102.999985,17217.0
2021.011.030.0,127.0,96.504486,14600.0,0.2931507,5.0,17188.0
2021.012.01.0,105.0,98.7596,14600.0,0.29041097,0.0,17205.0
2021.011.029.0,346.0,254.85025,16200.0,0.30136988,1.0,17217.0
2021.011.030.0,343.0,276.40182,16200.0,0.2931507,6.0,17188.0
2021.012.01.0,296.0,290.77838,16200.0,0.29041097,0.0,17205.0
2021.011.029.0,0.1000061,-4.282501,21800.0,0.052054793,0.0,17342.0
2021.011.030.0,0.1000061,-8.232056,21800.0,0.043835625,26.0,17308.0
2021.012.01.0,0.1000061,-11.665558,21800.0,0.041095898,380.0,17327.0
2021.011.029.0,535.0,396.79956,16800.0,0.30136988,1.0,17217.0
2021.011.030.0,449.0,411.50378,16800.0,0.2931507,0.0,17188.0
2021.012.01.0,465.0,453.47528,16800.0,0.29041097,2.0,17205.0
2021.011.029.0,303.0,349.63055,18000.0,0.30136988,27.0,17217.0
2021.011.030.0,325.0,319.16183,18000.0,0.2931507,0.0,17188.0
2021.012.01.0,372.0,304.18365,18000.0,0.29041097,4.0,17205.0
2021.011.029.0,240.0,271.54504,18200.0,0.30136988,3.0,17217.0
2021.011.030.0,253.0,247.58405,18200.0,0.2931507,0.0,17188.0
2021.012.01.0,265.0,235.156,18200.0,0.29041097,2.0,17205.0
2021.011.029.0,3.2999878,-1.5522461,21800.0,0.30136988,0.0,17217.0
2021.011.030.0,5.200012,-3.0910034,21800.0,0.2931507,0.0,17188.0
2021.012.01.0,3.2000122,-3.968628,21800.0,0.29041097,1.0,17205.0
2021.011.029.0,24.0,26.300568,19800.0,0.30136988,60.0,17217.0
2021.011.030.0,32.5,24.22168,19800.0,0.2931507,15.0,17188.0
2021.012.01.0,29.0,23.742859,19800.0,0.29041097,0.0,17205.0
2021.011.029.0,630.0,771.0255,17200.0,0.30136988,0.0,17217.0
2021.011.030.0,665.0,709.038,17200.0,0.2931507,1.0,17188.0
2021.012.01.0,820.0,680.6218,17200.0,0.29041097,0.0,17205.0
2021.011.029.0,277.0,190.8589,15800.0,0.30136988,3.0,17217.0
2021.011.030.0,267.0,198.36801,15800.0,0.2931507,6.0,17188.0
2021.012.01.0,232.0,207.72696,15800.0,0.29041097,0.0,17205.0
2021.011.029.0,495.0,344.7505,16600.0,0.30136988,0.0,17217.0
2021.011.030.0,391.0,356.2983,16600.0,0.2931507,1.0,17188.0
2021.012.01.0,409.0,377.49792,16600.0,0.29041097,1.0,17205.0
2021.011.029.0,384.0,294.7652,16400.0,0.30136988,0.0,17217.0
2021.011.030.0,347.0,318.4167,16400.0,0.2931507,3.0,17188.0
2021.012.01.0,335.0,338.03177,16400.0,0.29041097,2.0,17205.0
2021.011.029.0,106.0,114.472,18800.0,0.30136988,31.0,17217.0
2021.011.030.0,106.0,105.62573,18800.0,0.2931507,5.0,17188.0
2021.012.01.0,118.0,101.37764,18800.0,0.29041097,1.0,17205.0
2021.011.029.0,65.0,65.88023,19200.0,0.30136988,61.0,17217.0
2021.011.030.0,57.0,61.643845,19200.0,0.2931507,3.0,17188.0
2021.012.01.0,69.0,59.614212,19200.0,0.29041097,0.0,17205.0
2021.011.029.0,14.0,9.664886,20400.0,0.30136988,12.0,17217.0
2021.011.030.0,19.5,8.106476,20400.0,0.2931507,56.000015,17188.0
2021.012.01.0,13.0,7.9455566,20400.0,0.29041097,0.0,17205.0
2021.011.029.0,790.0,889.3933,17000.0,0.30136988,0.0,17217.0
2021.011.030.0,785.0,840.0703,17000.0,0.2931507,0.0,17188.0
2021.012.01.0,935.0,816.87305,17000.0,0.29041097,0.0,17205.0
2021.011.029.0,42.0,49.095093,19400.0,0.30136988,64.0,17217.0
2021.011.030.0,41.0,45.71756,19400.0,0.2931507,44.0,17188.0
2021.012.01.0,48.0,43.956177,19400.0,0.29041097,60.0,17205.0
2021.011.029.0,56.0,46.970703,13000.0,0.30136988,19.0,17217.0
2021.011.030.0,56.0,47.246246,13000.0,0.2931507,24.0,17188.0
2021.012.01.0,46.0,47.245544,13000.0,0.29041097,11.0,17205.0
2021.011.029.0,62.0,49.920166,13200.0,0.30136988,5.0,17217.0
2021.011.030.0,58.0,50.26242,13200.0,0.2931507,1.0,17188.0
2021.012.01.0,51.0,50.272827,13200.0,0.29041097,0.0,17205.0
2021.011.029.0,9.100006,2.5416565,21000.0,0.30136988,105.0,17217.0
2021.011.030.0,4.100006,0.7962036,21000.0,0.2931507,0.0,17188.0
2021.012.01.0,8.5,0.1651001,21000.0,0.29041097,1.0,17205.0
2021.011.029.0,34.5,37.381287,19600.0,0.30136988,120.0,17217.0
2021.011.030.0,36.5,34.319214,19600.0,0.2931507,36.0,17188.0
2021.012.01.0,39.0,33.092224,19600.0,0.29041097,0.0,17205.0
2021.011.029.0,0.1000061,-1.8750305,21400.0,0.052054793,0.0,17342.0
2021.011.030.0,0.1000061,-5.778412,21400.0,0.043835625,0.0,17308.0
2021.012.01.0,0.1000061,-8.361969,21400.0,0.041095898,0.0,17327.0
2021.011.029.0,12.0,7.1251526,20600.0,0.30136988,61.0,17217.0
2021.011.030.0,16.0,5.732666,20600.0,0.2931507,0.0,17188.0
2021.012.01.0,9.299988,5.3083496,20600.0,0.29041097,0.0,17205.0
2021.011.029.0,229.0,95.91272,17200.0,0.052054793,3852.0,17342.0
2021.011.030.0,200.0,92.74982,17200.0,0.043835625,2548.0,17308.0
2021.012.01.0,106.0,88.625885,17200.0,0.041095898,3948.0,17327.0
2021.011.029.0,64.0,53.968445,13400.0,0.30136988,0.0,17217.0
2021.011.030.0,50.0,53.74347,13400.0,0.2931507,0.0,17188.0
2021.012.01.0,56.0,53.772614,13400.0,0.29041097,1.0,17205.0
2021.011.029.0,221.0,149.58025,15400.0,0.30136988,5.0,17217.0
2021.011.030.0,210.0,154.08765,15400.0,0.2931507,0.0,17188.0
2021.012.01.0,180.0,159.7488,15400.0,0.29041097,0.0,17205.0
2021.011.029.0,17.0,13.86908,20200.0,0.30136988,9.0,17217.0
2021.011.030.0,24.0,12.289001,20200.0,0.2931507,34.0,17188.0
2021.012.01.0,16.0,12.107971,20200.0,0.29041097,0.0,17205.0
2021.011.029.0,6.0,-0.24865723,21400.0,0.30136988,1.0,17217.0
2021.011.030.0,7.5,-1.6838989,21400.0,0.2931507,0.0,17188.0
2021.012.01.0,6.0,-1.9918518,21400.0,0.29041097,0.0,17205.0
2021.011.029.0,120.0,84.97969,14400.0,0.30136988,2.0,17217.0
2021.011.030.0,110.0,87.906555,14400.0,0.2931507,1.0,17188.0
2021.012.01.0,95.0,89.57579,14400.0,0.29041097,22.0,17205.0
2021.011.029.0,307.0,193.38351,17400.0,0.052054793,0.0,17342.0
2021.011.030.0,282.0,216.63734,17400.0,0.043835625,0.0,17308.0
2021.012.01.0,159.0,234.05824,17400.0,0.041095898,0.0,17327.0
2021.011.029.0,695.0,537.0225,17200.0,0.30136988,9.0,17217.0
2021.011.030.0,660.0,556.73615,17200.0,0.2931507,0.0,17188.0
2021.012.01.0,625.0,595.1792,17200.0,0.29041097,0.0,17205.0
2021.011.030.0,3.0,-2.4040222,14300.0,0.043835625,46.0,17308.0
2021.012.01.0,2.399994,-4.520752,14300.0,0.041095898,10.0,17327.0
2021.011.030.0,4.299988,-2.8594666,14500.0,0.043835625,177.0,17308.0
2021.012.01.0,2.0,-5.172455,14500.0,0.041095898,68.0,17327.0
2021.011.030.0,3.0,-0.8114319,14700.0,0.043835625,108.0,17308.0
2021.012.01.0,3.2999878,-3.0227966,14700.0,0.041095898,1.0,17327.0
2021.011.030.0,6.600006,0.24935913,14900.0,0.043835625,267.0,17308.0
2021.012.01.0,2.7999878,-1.7937622,14900.0,0.041095898,2.0,17327.0
2021.011.030.0,5.700012,2.1986084,15100.0,0.043835625,330.0,17308.0
2021.012.01.0,4.0,0.17892456,15100.0,0.041095898,144.0,17327.0
2021.011.030.0,13.0,3.6707153,15300.0,0.043835625,979.0,17308.0
2021.012.01.0,4.5,1.0135498,15300.0,0.041095898,184.0,17327.0
2021.011.030.0,14.0,4.16745,15500.0,0.043835625,1390.0,17308.0
2021.012.01.0,6.200012,0.8808594,15500.0,0.041095898,720.0,17327.0
2021.011.030.0,17.5,8.5095825,15700.0,0.043835625,270.0,17308.0
2021.012.01.0,8.0,7.578766,15700.0,0.041095898,365.0,17327.0
2021.011.030.0,26.0,12.199738,15900.0,0.043835625,1100.0,17308.0
2021.012.01.0,11.0,11.437683,15900.0,0.041095898,711.0,17327.0
2021.011.030.0,35.0,22.60434,16100.0,0.043835625,956.0,17308.0
2021.012.01.0,15.0,22.729065,16100.0,0.041095898,955.0,17327.0
2021.011.030.0,47.0,29.518188,16300.0,0.043835625,1369.0,17308.0
2021.012.01.0,21.0,27.70697,16300.0,0.041095898,2426.0,17327.0
2021.011.030.0,63.0,41.891754,16500.0,0.043835625,2467.0,17308.0
2021.012.01.0,30.0,40.028717,16500.0,0.041095898,1810.0,17327.0
2021.011.030.0,88.0,37.792755,16700.0,0.043835625,4006.0,17308.0
2021.012.01.0,42.0,34.36801,16700.0,0.041095898,2390.0,17327.0
2021.011.030.0,120.0,55.98947,16900.0,0.043835625,1781.0,17308.0
2021.012.01.0,60.999985,58.15204,16900.0,0.041095898,2135.0,17327.0
2021.011.030.0,168.0,100.95282,17100.0,0.043835625,2311.0,17308.0
2021.012.01.0,89.0,99.2437,17100.0,0.041095898,2810.0,17327.0
2021.011.030.0,236.0,130.28119,17300.0,0.043835625,3190.0,17308.0
2021.012.01.0,129.0,123.3689,17300.0,0.041095898,3447.0,17327.0
2021.011.030.0,330.0,249.25267,17500.0,0.043835625,0.0,17308.0
2021.012.01.0,190.0,275.99323,17500.0,0.041095898,0.0,17327.0
2021.011.030.0,388.0,269.04837,17600.0,0.043835625,0.0,17308.0
2021.012.01.0,231.0,309.42117,17600.0,0.041095898,0.0,17327.0
2021.011.030.0,39.0,113.08067,17900.0,0.043835625,3741.0,17308.0
2021.012.01.0,86.0,86.05673,17900.0,0.041095898,4975.0,17327.0
2021.011.030.0,19.0,64.72066,18100.0,0.043835625,2606.0,17308.0
2021.012.01.0,39.5,46.42575,18100.0,0.041095898,1754.0,17327.0
2021.011.030.0,8.600006,21.009216,18300.0,0.043835625,1141.0,17308.0
2021.012.01.0,17.5,10.469635,18300.0,0.041095898,1441.0,17327.0
2021.011.030.0,4.899994,-1.3952637,18500.0,0.043835625,585.0,17308.0
2021.012.01.0,8.0,-8.913422,18500.0,0.041095898,1867.0,17327.0
2021.011.030.0,2.7000122,-5.8671265,18700.0,0.043835625,147.0,17308.0
2021.012.01.0,3.399994,-5.696228,18700.0,0.041095898,64.0,17327.0
2021.011.030.0,1.7999878,-2.6466675,18900.0,0.043835625,8.0,17308.0
2021.012.01.0,2.899994,-2.3537598,18900.0,0.041095898,85.0,17327.0
2021.011.030.0,1.1000061,-0.46133423,19100.0,0.043835625,0.0,17308.0
2021.012.01.0,1.7999878,-0.56469727,19100.0,0.041095898,16.0,17327.0
2021.011.030.0,34.0,22.77472,14300.0,0.13972603,141.0,17261.0
2021.012.01.0,27.0,22.284424,14300.0,0.1369863,36.0,17280.0
2021.011.030.0,36.0,26.364868,14500.0,0.13972603,17.0,17261.0
2021.012.01.0,30.5,26.263855,14500.0,0.1369863,10.0,17280.0
2021.011.030.0,37.0,27.955078,14600.0,0.13972603,15.0,17261.0
2021.012.01.0,32.0,27.850891,14600.0,0.1369863,13.0,17280.0
2021.011.030.0,38.5,31.067688,14800.0,0.13972603,38.0,17261.0
2021.012.01.0,37.0,31.441772,14800.0,0.1369863,4.0,17280.0
2021.011.030.0,42.0,33.82495,14900.0,0.13972603,10.0,17261.0
2021.012.01.0,44.5,34.422546,14900.0,0.1369863,4.0,17280.0
2021.011.030.0,50.0,36.263397,15000.0,0.13972603,76.0,17261.0
2021.012.01.0,45.0,37.19162,15000.0,0.1369863,66.0,17280.0
2021.011.030.0,48.0,38.801666,15100.0,0.13972603,26.0,17261.0
2021.012.01.0,47.0,39.475037,15100.0,0.1369863,9.0,17280.0
2021.011.030.0,76.0,49.743347,15400.0,0.13972603,37.0,17261.0
2021.012.01.0,63.0,52.11563,15400.0,0.1369863,18.0,17280.0
2021.011.030.0,89.0,54.179504,15500.0,0.13972603,49.0,17261.0
2021.012.01.0,69.0,57.046722,15500.0,0.1369863,48.0,17280.0
2021.011.030.0,99.0,59.370453,15600.0,0.13972603,630.0,17261.0
2021.012.01.0,75.0,62.382767,15600.0,0.1369863,85.0,17280.0
2021.011.030.0,107.0,64.470245,15700.0,0.13972603,22.0,17261.0
2021.012.01.0,83.0,68.36673,15700.0,0.1369863,27.0,17280.0
2021.011.030.0,112.0,71.15541,15800.0,0.13972603,81.0,17261.0
2021.012.01.0,92.0,75.498505,15800.0,0.1369863,38.0,17280.0
2021.011.030.0,124.0,78.36243,15900.0,0.13972603,10.0,17261.0
2021.012.01.0,95.0,83.64406,15900.0,0.1369863,46.0,17280.0
2021.011.030.0,139.0,86.84978,16000.0,0.13972603,165.0,17261.0
2021.012.01.0,105.0,92.377945,16000.0,0.1369863,301.0,17280.0
2021.011.030.0,149.0,95.433334,16100.0,0.13972603,24.0,17261.0
2021.012.01.0,116.0,102.17981,16100.0,0.1369863,65.0,17280.0
2021.011.030.0,163.0,105.82132,16200.0,0.13972603,42.0,17261.0
2021.012.01.0,124.0,113.54407,16200.0,0.1369863,54.0,17280.0
2021.011.030.0,181.0,116.3035,16300.0,0.13972603,22.0,17261.0
2021.012.01.0,137.0,125.27211,16300.0,0.1369863,36.0,17280.0
2021.011.030.0,199.0,129.13844,16400.0,0.13972603,115.0,17261.0
2021.012.01.0,150.0,138.36446,16400.0,0.1369863,33.0,17280.0
2021.011.030.0,211.0,144.242,16500.0,0.13972603,102.000015,17261.0
2021.012.01.0,162.0,154.95947,16500.0,0.1369863,80.0,17280.0
2021.011.030.0,233.0,159.7646,16600.0,0.13972603,38.0,17261.0
2021.012.01.0,180.0,171.88022,16600.0,0.1369863,27.0,17280.0
2021.011.030.0,253.0,178.47308,16700.0,0.13972603,26.0,17261.0
2021.012.01.0,197.0,192.60596,16700.0,0.1369863,72.999985,17280.0
2021.011.030.0,280.0,200.87424,16800.0,0.13972603,35.0,17261.0
2021.012.01.0,216.0,217.3223,16800.0,0.1369863,6.0,17280.0
2021.011.030.0,315.0,225.20966,16900.0,0.13972603,15.0,17261.0
2021.012.01.0,239.0,241.95389,16900.0,0.1369863,23.0,17280.0
2021.011.030.0,346.0,251.30125,17000.0,0.13972603,50.0,17261.0
2021.012.01.0,264.0,270.42297,17000.0,0.1369863,119.0,17280.0
2021.011.030.0,386.0,276.29044,17100.0,0.13972603,30.0,17261.0
2021.012.01.0,292.0,299.03183,17100.0,0.1369863,47.0,17280.0
2021.011.030.0,420.0,307.87656,17200.0,0.13972603,31.0,17261.0
2021.012.01.0,320.0,333.11664,17200.0,0.1369863,56.000015,17280.0
2021.011.030.0,456.0,354.8086,17300.0,0.13972603,0.0,17261.0
2021.012.01.0,345.0,381.3762,17300.0,0.1369863,0.0,17280.0
2021.011.030.0,510.0,387.10147,17400.0,0.13972603,0.0,17261.0
2021.012.01.0,375.0,420.46503,17400.0,0.1369863,0.0,17280.0
2021.012.01.0,460.0,516.7588,17600.0,0.1369863,0.0,17280.0
2021.011.030.0,176.0,206.60696,17900.0,0.13972603,54.0,17261.0
2021.012.01.0,252.0,190.70605,17900.0,0.1369863,210.0,17280.0
2021.011.030.0,146.0,167.38553,18000.0,0.13972603,285.0,17261.0
2021.012.01.0,218.0,154.29391,18000.0,0.1369863,407.0,17280.0
2021.011.030.0,117.0,141.60071,18100.0,0.13972603,163.0,17261.0
2021.012.01.0,183.0,130.03111,18100.0,0.1369863,163.0,17280.0
2021.011.030.0,98.0,116.47131,18200.0,0.13972603,136.0,17261.0
2021.012.01.0,150.0,106.394485,18200.0,0.1369863,288.0,17280.0
2021.011.030.0,81.0,95.708694,18300.0,0.13972603,129.0,17261.0
2021.012.01.0,122.0,87.99585,18300.0,0.1369863,126.0,17280.0
2021.011.030.0,63.0,79.357864,18400.0,0.13972603,47.0,17261.0
2021.012.01.0,101.0,72.99211,18400.0,0.1369863,145.0,17280.0
2021.011.030.0,49.0,63.014587,18500.0,0.13972603,378.0,17261.0
2021.012.01.0,80.0,57.05008,18500.0,0.1369863,270.0,17280.0
2021.011.030.0,39.0,51.015747,18600.0,0.13972603,144.0,17261.0
2021.012.01.0,65.0,46.797638,18600.0,0.1369863,50.0,17280.0
2021.011.030.0,32.0,40.760315,18700.0,0.13972603,115.0,17261.0
2021.012.01.0,48.5,37.086273,18700.0,0.1369863,68.0,17280.0
2021.011.030.0,27.0,32.08008,18800.0,0.13972603,30.0,17261.0
2021.012.01.0,41.5,29.107788,18800.0,0.1369863,123.0,17280.0
2021.011.030.0,20.0,24.384521,18900.0,0.13972603,94.0,17261.0
2021.012.01.0,31.5,22.067413,18900.0,0.1369863,47.0,17280.0
2021.011.030.0,18.0,17.930237,19000.0,0.13972603,164.0,17261.0
2021.012.01.0,26.0,16.116394,19000.0,0.1369863,42.0,17280.0
2021.011.030.0,14.5,13.335693,19100.0,0.13972603,9.0,17261.0
2021.012.01.0,21.0,12.207825,19100.0,0.1369863,23.0,17280.0
2021.011.030.0,12.0,8.785522,19200.0,0.13972603,37.0,17261.0
2021.012.01.0,13.0,8.019226,19200.0,0.1369863,11.0,17280.0
2021.011.030.0,9.100006,6.232544,19300.0,0.13972603,203.0,17261.0
2021.012.01.0,14.0,5.5646973,19300.0,0.1369863,6.0,17280.0
2021.011.030.0,8.100006,4.528412,19400.0,0.13972603,49.0,17261.0
2021.012.01.0,11.0,3.990448,19400.0,0.1369863,2.0,17280.0
2021.011.030.0,8.0,2.2717896,19500.0,0.13972603,5.0,17261.0
2021.012.01.0,8.0,1.7339478,19500.0,0.1369863,0.0,17280.0
2021.011.030.0,9.0,1.3652344,19600.0,0.13972603,1.0,17261.0
2021.012.01.0,7.299988,0.7027893,19600.0,0.1369863,20.0,17280.0
2021.011.030.0,7.600006,0.6434326,19700.0,0.13972603,1.0,17261.0
2021.012.01.0,6.0,-0.07443237,19700.0,0.1369863,0.0,17280.0
2021.011.030.0,6.299988,-1.1568298,20000.0,0.13972603,4.0,17261.0
2021.012.01.0,3.7000122,-2.1126099,20000.0,0.1369863,21.0,17280.0
2021.011.029.0,138.0,104.123505,14800.0,0.30136988,7.0,17217.0
2021.011.030.0,119.0,107.77881,14800.0,0.2931507,3.0,17188.0
2021.012.01.0,125.0,109.95613,14800.0,0.29041097,3.0,17205.0
2021.011.030.0,142.0,112.00632,13000.0,0.54246575,44.0,17080.0
2021.012.01.0,126.0,112.65578,13000.0,0.539726,85.0,17082.0
2021.011.030.0,130.0,121.93399,13200.0,0.54246575,21.0,17080.0
2021.012.01.0,135.0,121.965164,13200.0,0.539726,9.0,17082.0
2021.011.030.0,655.0,596.6067,16400.0,0.54246575,0.0,17080.0
2021.012.01.0,615.0,620.4088,16400.0,0.539726,0.0,17082.0
2021.011.030.0,880.0,798.78845,17000.0,0.54246575,24.0,17080.0
2021.012.01.0,815.0,824.9465,17000.0,0.539726,0.0,17082.0
2021.011.030.0,560.0,630.6814,17800.0,0.54246575,0.0,17080.0
2021.012.01.0,675.0,597.63464,17800.0,0.539726,0.0,17082.0
2021.011.030.0,359.0,394.10663,18400.0,0.54246575,0.0,17080.0
2021.012.01.0,449.0,373.65683,18400.0,0.539726,0.0,17082.0
2021.011.030.0,255.0,268.1734,18800.0,0.54246575,1.0,17080.0
2021.012.01.0,308.0,254.46829,18800.0,0.539726,10.0,17082.0
2021.011.030.0,71.0,81.18771,20000.0,0.54246575,1.0,17080.0
2021.012.01.0,83.0,79.25859,20000.0,0.539726,2.0,17082.0
2021.011.030.0,33.0,41.910095,20800.0,0.54246575,0.0,17080.0
2021.012.01.0,35.5,40.969574,20800.0,0.539726,0.0,17082.0
2021.011.030.0,27.5,35.45514,21000.0,0.54246575,0.0,17080.0
2021.012.01.0,29.5,34.647186,21000.0,0.539726,0.0,17082.0
2021.011.030.0,1.8999939,-6.1553955,13900.0,0.043835625,3.0,17308.0
2021.012.01.0,0.7999878,-9.340851,13900.0,0.041095898,0.0,17327.0
2021.011.030.0,0.7999878,1.8248596,19300.0,0.043835625,0.0,17308.0
2021.012.01.0,1.1000061,0.8234558,19300.0,0.041095898,0.0,17327.0
2021.011.030.0,0.6000061,1.3205261,19500.0,0.043835625,0.0,17308.0
2021.012.01.0,0.6000061,-0.09970093,19500.0,0.041095898,0.0,17327.0
2021.011.030.0,71.0,43.10147,15200.0,0.13972603,51.0,17261.0
2021.012.01.0,52.0,44.908722,15200.0,0.1369863,24.0,17280.0
2021.011.030.0,550.0,427.95364,17500.0,0.13972603,0.0,17261.0
2021.012.01.0,424.0,466.4513,17500.0,0.1369863,0.0,17280.0
2021.011.030.0,215.0,246.72702,17800.0,0.13972603,29.0,17261.0
2021.012.01.0,301.0,230.23315,17800.0,0.1369863,66.0,17280.0
2021.011.030.0,84.0,127.754654,17700.0,0.043835625,4685.0,17308.0
2021.012.01.0,164.0,109.092896,17700.0,0.041095898,4830.0,17327.0
2021.011.030.0,148.0,132.06488,13400.0,0.54246575,0.0,17080.0
2021.012.01.0,155.0,133.37079,13400.0,0.539726,2.0,17082.0
2021.011.030.0,318.0,286.13025,15000.0,0.54246575,124.0,17080.0
2021.012.01.0,310.0,290.34656,15000.0,0.539726,0.0,17082.0
2021.011.030.0,261.0,234.18448,14600.0,0.54246575,1.0,17080.0
2021.012.01.0,260.0,237.19873,14600.0,0.539726,0.0,17082.0
2021.011.030.0,520.0,535.5151,18000.0,0.54246575,2.0,17080.0
2021.012.01.0,580.0,507.23633,18000.0,0.539726,64.0,17082.0
2021.011.030.0,307.0,331.28192,18600.0,0.54246575,5.0,17080.0
2021.012.01.0,365.0,315.9372,18600.0,0.539726,2.0,17082.0
2021.011.030.0,95.0,96.54889,19800.0,0.54246575,47.0,17080.0
2021.012.01.0,111.0,94.42064,19800.0,0.539726,60.0,17082.0
2021.011.030.0,40.5,48.308228,20600.0,0.54246575,0.0,17080.0
2021.012.01.0,42.5,47.41385,20600.0,0.539726,0.0,17082.0
2021.011.030.0,2.2999878,-4.413025,14100.0,0.043835625,23.0,17308.0
2021.012.01.0,1.0,-7.20755,14100.0,0.041095898,0.0,17327.0
2021.011.030.0,33.5,24.755768,14400.0,0.13972603,2.0,17261.0
2021.012.01.0,27.0,24.807068,14400.0,0.1369863,2.0,17280.0
2021.011.030.0,69.0,45.882263,15300.0,0.13972603,5.0,17261.0
2021.012.01.0,59.0,47.589783,15300.0,0.1369863,22.0,17280.0
2021.011.030.0,252.0,288.05344,17700.0,0.13972603,54.0,17261.0
2021.012.01.0,351.0,272.7403,17700.0,0.1369863,84.0,17280.0
2021.011.030.0,160.0,145.10869,13600.0,0.54246575,0.0,17080.0
2021.012.01.0,163.0,146.46062,13600.0,0.539726,0.0,17082.0
2021.011.030.0,177.0,160.13808,13800.0,0.54246575,1.0,17080.0
2021.012.01.0,183.0,160.84142,13800.0,0.539726,0.0,17082.0
2021.011.030.0,650.0,702.2218,17600.0,0.54246575,21.0,17080.0
2021.012.01.0,750.0,669.9601,17600.0,0.539726,1.0,17082.0
2021.011.030.0,417.0,460.07208,18200.0,0.54246575,1.0,17080.0
2021.012.01.0,510.0,438.04102,18200.0,0.539726,0.0,17082.0
2021.011.030.0,201.0,215.76999,19000.0,0.54246575,0.0,17080.0
2021.012.01.0,226.0,205.55872,19000.0,0.539726,0.0,17082.0
2021.011.030.0,44.0,56.615295,20400.0,0.54246575,57.999985,17080.0
2021.012.01.0,51.0,54.860596,20400.0,0.539726,0.0,17082.0
2021.011.030.0,177.0,174.23892,19200.0,0.54246575,0.0,17080.0
2021.012.01.0,212.0,168.53328,19200.0,0.539726,2.0,17082.0
2021.011.030.0,59.0,67.8179,20200.0,0.54246575,0.0,17080.0
2021.012.01.0,60.999985,66.37448,20200.0,0.539726,0.0,17082.0
2021.011.029.0,171.0,235.51111,17500.0,0.052054793,2858.0,17342.0
2021.011.030.0,159.0,188.17719,17500.0,0.043835625,3550.0,17308.0
2021.012.01.0,278.0,162.81827,17500.0,0.041095898,3553.0,17327.0
2021.011.030.0,33.0,30.906433,14700.0,0.13972603,1.0,17261.0
2021.012.01.0,35.5,31.431702,14700.0,0.1369863,8.0,17280.0
2021.011.030.0,6.399994,-0.26419067,19800.0,0.13972603,2.0,17261.0
2021.012.01.0,5.100006,-0.89105225,19800.0,0.1369863,0.0,17280.0
2021.011.030.0,478.0,477.55798,16000.0,0.54246575,4.0,17080.0
2021.012.01.0,490.0,489.26065,16000.0,0.539726,7.0,17082.0
2021.011.029.0,780.0,844.995,17400.0,0.5506849,4.0,17100.0
2021.011.030.0,750.0,766.58356,17400.0,0.54246575,11.0,17080.0
2021.012.01.0,880.0,748.4197,17400.0,0.539726,0.0,17082.0
2021.011.029.0,1050.0,1160.1448,16600.0,0.30136988,0.0,17217.0
2021.011.030.0,1040.0,1106.6749,16600.0,0.2931507,0.0,17188.0
2021.012.01.0,1220.0,1079.9688,16600.0,0.29041097,0.0,17205.0
2021.011.030.0,180.0,175.5259,14000.0,0.54246575,1.0,17080.0
2021.012.01.0,200.0,175.00017,14000.0,0.539726,2.0,17082.0
2021.011.030.0,850.0,945.6929,17200.0,0.54246575,73.999985,17080.0
2021.012.01.0,995.0,887.9236,17200.0,0.539726,0.0,17082.0
2021.011.029.0,720.0,847.29175,16700.0,0.052054793,0.0,17342.0
2021.011.030.0,720.0,764.2302,16700.0,0.043835625,0.0,17308.0
2021.012.01.0,925.0,725.98303,16700.0,0.041095898,0.0,17327.0
2021.011.029.0,458.0,382.60016,15600.0,0.5506849,0.0,17100.0
2021.011.030.0,431.0,389.76105,15600.0,0.54246575,0.0,17080.0
2021.012.01.0,411.0,412.76852,15600.0,0.539726,1.0,17082.0
2021.011.029.0,276.0,373.0939,17300.0,0.052054793,0.0,17342.0
2021.011.030.0,266.0,347.28354,17300.0,0.043835625,0.0,17308.0
2021.012.01.0,413.0,335.82455,17300.0,0.041095898,0.0,17327.0
2021.011.029.0,1100.0,1209.5867,16800.0,0.5506849,0.0,17100.0
2021.011.030.0,1080.0,1150.0736,16800.0,0.54246575,0.0,17080.0
2021.012.01.0,1240.0,1115.6451,16800.0,0.539726,0.0,17082.0
2021.011.030.0,22.5,30.355469,21200.0,0.54246575,2.0,17080.0
2021.012.01.0,24.5,29.566254,21200.0,0.539726,0.0,17082.0
2021.011.030.0,510.0,546.9999,17300.0,0.13972603,49.0,17261.0
2021.012.01.0,585.0,503.55185,17300.0,0.1369863,6.0,17280.0
2021.011.030.0,390.0,482.35117,17400.0,0.13972603,13.0,17261.0
2021.012.01.0,520.0,440.20224,17400.0,0.1369863,57.999985,17280.0
2021.011.030.0,335.0,421.7204,17500.0,0.13972603,49.0,17261.0
2021.012.01.0,462.0,382.31668,17500.0,0.1369863,76.0,17280.0
2021.011.030.0,288.0,366.85602,17600.0,0.13972603,36.0,17261.0
2021.012.01.0,402.0,330.70847,17600.0,0.1369863,67.0,17280.0
2021.011.030.0,215.0,189.66187,14200.0,0.54246575,1.0,17080.0
2021.012.01.0,218.0,190.39911,14200.0,0.539726,0.0,17082.0
2021.011.030.0,595.0,526.053,16200.0,0.54246575,1.0,17080.0
2021.012.01.0,560.0,537.17944,16200.0,0.539726,0.0,17082.0
2021.011.030.0,120.0,122.79085,19600.0,0.54246575,3.0,17080.0
2021.012.01.0,134.0,116.71915,19600.0,0.539726,3.0,17082.0
2021.012.01.0,655.0,704.0094,17400.0,0.29041097,0.0,17205.0
2021.011.030.0,800.0,728.5232,16800.0,0.54246575,0.0,17080.0
2021.012.01.0,705.0,762.38806,16800.0,0.539726,0.0,17082.0
2021.011.029.0,1200.0,1310.9237,16400.0,0.30136988,0.0,17217.0
2021.011.030.0,1190.0,1259.7202,16400.0,0.2931507,0.0,17188.0
2021.012.01.0,1380.0,1233.3109,16400.0,0.29041097,0.0,17205.0
2021.011.029.0,1220.0,1341.6012,16600.0,0.5506849,0.0,17100.0
2021.011.030.0,1210.0,1282.9319,16600.0,0.54246575,0.0,17080.0
2021.012.01.0,1410.0,1246.0867,16600.0,0.539726,0.0,17082.0
2021.011.029.0,890.0,1026.5026,16500.0,0.052054793,0.0,17342.0
2021.011.030.0,900.0,940.4479,16500.0,0.043835625,0.0,17308.0
2021.012.01.0,1110.0,895.72253,16500.0,0.041095898,0.0,17327.0
2021.011.029.0,555.0,686.07855,16900.0,0.052054793,0.0,17342.0
2021.011.030.0,555.0,619.5757,16900.0,0.043835625,0.0,17308.0
2021.012.01.0,740.0,581.577,16900.0,0.041095898,0.0,17327.0
2021.011.029.0,403.0,524.496,17100.0,0.052054793,0.0,17342.0
2021.011.030.0,396.0,475.10046,17100.0,0.043835625,0.0,17308.0
2021.012.01.0,570.0,447.58417,17100.0,0.041095898,0.0,17327.0
2021.011.029.0,382.0,310.33847,15200.0,0.5506849,0.0,17100.0
2021.011.030.0,353.0,315.4186,15200.0,0.54246575,0.0,17080.0
2021.012.01.0,342.0,322.9146,15200.0,0.539726,0.0,17082.0
2021.011.030.0,140.0,150.69775,19400.0,0.54246575,0.0,17080.0
2021.012.01.0,173.0,141.90482,19400.0,0.539726,0.0,17082.0
2021.011.030.0,284.0,256.83945,14800.0,0.54246575,0.0,17080.0
2021.012.01.0,284.0,261.6951,14800.0,0.539726,0.0,17082.0
2021.011.029.0,980.0,1090.2169,17000.0,0.5506849,0.0,17100.0
2021.011.030.0,960.0,1032.7681,17000.0,0.54246575,0.0,17080.0
2021.012.01.0,1120.0,998.29333,17000.0,0.539726,0.0,17082.0
2021.011.029.0,1350.0,1462.4788,16200.0,0.30136988,0.0,17217.0
2021.011.030.0,1350.0,1408.7828,16200.0,0.2931507,0.0,17188.0
2021.012.01.0,1540.0,1378.3826,16200.0,0.29041097,0.0,17205.0
2021.011.030.0,0.5,0.90704346,19700.0,0.043835625,0.0,17308.0
2021.012.01.0,0.5,-0.7586365,19700.0,0.041095898,0.0,17327.0
2021.011.029.0,0.5,3.72464,19900.0,0.052054793,0.0,17342.0
2021.011.030.0,0.3999939,0.6144409,19900.0,0.043835625,0.0,17308.0
2021.012.01.0,0.3999939,-1.1885376,19900.0,0.041095898,0.0,17327.0
2021.011.029.0,510.0,632.76685,17200.0,0.14794521,0.0,17296.0
2021.011.030.0,500.0,586.50256,17200.0,0.13972603,0.0,17261.0
2021.012.01.0,660.0,561.411,17200.0,0.1369863,0.0,17280.0
2021.011.029.0,265.0,208.89944,14400.0,0.5506849,0.0,17100.0
2021.011.030.0,227.0,211.0392,14400.0,0.54246575,0.0,17080.0
2021.012.01.0,238.0,213.56326,14400.0,0.539726,0.0,17082.0
2021.011.029.0,418.0,345.07965,15400.0,0.5506849,0.0,17100.0
2021.011.030.0,393.0,351.00647,15400.0,0.54246575,0.0,17080.0
2021.011.029.0,500.0,424.90173,15800.0,0.5506849,0.0,17100.0
2021.011.030.0,484.0,433.08243,15800.0,0.54246575,0.0,17080.0
2021.012.01.0,449.0,446.448,15800.0,0.539726,0.0,17082.0
2021.011.029.0,635.0,763.71606,17000.0,0.14794521,0.0,17296.0
2021.011.030.0,625.0,718.1865,17000.0,0.13972603,0.0,17261.0
2021.012.01.0,800.0,696.8404,17000.0,0.1369863,0.0,17280.0
2021.011.029.0,570.0,696.47156,17100.0,0.14794521,0.0,17296.0
2021.011.030.0,565.0,649.7783,17100.0,0.13972603,0.0,17261.0
2021.012.01.0,730.0,626.6863,17100.0,0.1369863,0.0,17280.0
2021.011.029.0,740.0,641.4828,16600.0,0.5506849,0.0,17100.0
2021.011.030.0,725.0,662.74194,16600.0,0.54246575,0.0,17080.0
2021.011.030.0,5.399994,1.4924622,19900.0,0.14794521,0.0,17296.0
2021.012.01.0,4.299988,-0.2531128,19900.0,0.1369863,0.0,17280.0
2021.011.030.0,3.7999878,1.2724609,20100.0,0.14794521,0.0,17296.0
2021.012.01.0,3.2000122,-0.6456299,20100.0,0.1369863,0.0,17280.0
2021.011.030.0,3.2000122,0.85720825,20200.0,0.14794521,0.0,17296.0
2021.012.01.0,2.7000122,-0.86047363,20200.0,0.1369863,0.0,17280.0
2021.012.01.0,725.0,806.3542,17600.0,0.29041097,0.0,17205.0
2021.011.029.0,2520.0,2018.6877,14800.0,0.052054793,0.0,17342.0
2021.011.030.0,2540.0,2019.3497,14800.0,0.043835625,0.0,17308.0
2021.012.01.0,2790.0,2018.1761,14800.0,0.041095898,0.0,17327.0
2021.011.029.0,2120.0,2018.7794,15200.0,0.052054793,0.0,17342.0
2021.011.030.0,2140.0,2018.1125,15200.0,0.043835625,0.0,17308.0
2021.012.01.0,2390.0,2015.5586,15200.0,0.041095898,0.0,17327.0
2021.011.029.0,1480.0,1625.1521,16200.0,0.5506849,0.0,17100.0
2021.011.030.0,1470.0,1561.7162,16200.0,0.54246575,0.0,17080.0
2021.012.01.0,1670.0,1513.1322,16200.0,0.539726,0.0,17082.0
2021.011.029.0,1070.0,1210.7756,16300.0,0.052054793,0.0,17342.0
2021.011.030.0,1080.0,1125.4913,16300.0,0.043835625,0.0,17308.0
2021.012.01.0,1300.0,1083.6033,16300.0,0.041095898,0.0,17327.0
2021.011.029.0,1340.0,1475.9268,16400.0,0.5506849,0.0,17100.0
2021.011.030.0,1330.0,1413.9246,16400.0,0.54246575,0.0,17080.0
2021.012.01.0,1530.0,1371.255,16400.0,0.539726,0.0,17082.0
2021.011.029.0,775.0,896.365,16800.0,0.14794521,0.0,17296.0
2021.011.030.0,760.0,850.2538,16800.0,0.13972603,0.0,17261.0
2021.012.01.0,955.0,834.9314,16800.0,0.1369863,0.0,17280.0
2021.011.029.0,705.0,827.50256,16900.0,0.14794521,0.0,17296.0
2021.011.030.0,700.0,783.2446,16900.0,0.13972603,0.0,17261.0
2021.012.01.0,875.0,764.67883,16900.0,0.1369863,0.0,17280.0
2021.012.020.0,57.0,53.527863,14000.0,0.24383561,1.0,17695.0
2021.012.021.0,43.0,51.341583,14000.0,0.23561645,0.0,17504.0
2021.012.022.0,43.5,49.421906,14000.0,0.23287672,2.0,17704.0
2021.012.020.0,104.0,90.55017,15000.0,0.24383561,2.0,17695.0
2021.012.021.0,74.0,86.75748,15000.0,0.23561645,2.0,17504.0
2021.012.022.0,75.0,83.562836,15000.0,0.23287672,78.0,17704.0
2021.012.020.0,445.0,448.44403,17800.0,0.24383561,7.0,17695.0
2021.012.021.0,505.0,446.8246,17800.0,0.23561645,4.0,17504.0
2021.012.022.0,515.0,452.35327,17800.0,0.23287672,0.0,17704.0
2021.012.020.0,50.0,49.47415,13800.0,0.24383561,0.0,17695.0
2021.012.021.0,40.0,47.384644,13800.0,0.23561645,0.0,17504.0
2021.012.022.0,39.0,45.26996,13800.0,0.23287672,1.0,17704.0
2021.012.020.0,64.0,59.98909,14200.0,0.24383561,18.0,17695.0
2021.012.021.0,48.0,57.039154,14200.0,0.23561645,0.0,17504.0
2021.012.022.0,48.0,54.67032,14200.0,0.23287672,0.0,17704.0
2021.012.020.0,108.0,102.795944,15200.0,0.24383561,1.0,17695.0
2021.012.021.0,84.0,98.5083,15200.0,0.23561645,12.0,17504.0
2021.012.022.0,85.0,94.89349,15200.0,0.23287672,0.0,17704.0
2021.012.020.0,1040.0,1095.0958,16800.0,0.24383561,0.0,17695.0
2021.012.021.0,1190.0,1118.6711,16800.0,0.23561645,0.0,17504.0
2021.012.022.0,1210.0,1115.2855,16800.0,0.23287672,0.0,17704.0
2021.012.020.0,545.0,582.5495,17600.0,0.24383561,0.0,17695.0
2021.012.021.0,625.0,584.46204,17600.0,0.23561645,1.0,17504.0
2021.012.022.0,630.0,582.5006,17600.0,0.23287672,0.0,17704.0
2021.012.020.0,72.0,69.54094,19000.0,0.24383561,1.0,17695.0
2021.012.021.0,89.0,66.44278,19000.0,0.23561645,24.0,17504.0
2021.012.022.0,92.0,65.237274,19000.0,0.23287672,61.0,17704.0
2021.012.020.0,8.899994,3.2196045,20800.0,0.24383561,0.0,17695.0
2021.012.021.0,8.5,2.5593872,20800.0,0.23561645,0.0,17504.0
2021.012.022.0,8.600006,2.772522,20800.0,0.23287672,0.0,17704.0
2021.012.020.0,44.5,44.231293,13600.0,0.24383561,0.0,17695.0
2021.012.021.0,40.0,43.285217,13600.0,0.23561645,1.0,17504.0
2021.012.022.0,35.5,41.989075,13600.0,0.23287672,2.0,17704.0
2021.012.020.0,408.0,407.81665,17000.0,0.24383561,1.0,17695.0
2021.012.021.0,350.0,384.48337,17000.0,0.23561645,5.0,17504.0
2021.012.022.0,304.0,375.9206,17000.0,0.23287672,2.0,17704.0
2021.012.020.0,203.0,192.4046,18400.0,0.24383561,0.0,17695.0
2021.012.021.0,232.0,186.54204,18400.0,0.23561645,0.0,17504.0
2021.012.022.0,245.0,184.59175,18400.0,0.23287672,8.0,17704.0
2021.012.020.0,199.0,177.42545,16000.0,0.24383561,2.0,17695.0
2021.012.021.0,143.0,170.89098,16000.0,0.23561645,40.0,17504.0
2021.012.022.0,143.0,166.26605,16000.0,0.23287672,8.0,17704.0
2021.012.020.0,6.899994,1.6152039,21200.0,0.24383561,0.0,17695.0
2021.012.021.0,5.700012,1.0403137,21200.0,0.23561645,0.0,17504.0
2021.012.022.0,5.899994,1.2569885,21200.0,0.23287672,0.0,17704.0
2021.012.020.0,5.5,0.52557373,21600.0,0.24383561,0.0,17695.0
2021.012.021.0,3.899994,-0.13418579,21600.0,0.23561645,0.0,17504.0
2021.012.022.0,4.100006,0.16571045,21600.0,0.23287672,0.0,17704.0
2021.012.020.0,153.0,139.75218,15600.0,0.24383561,1.0,17695.0
2021.012.021.0,115.0,134.72246,15600.0,0.23561645,0.0,17504.0
2021.012.022.0,116.0,127.911255,15600.0,0.23287672,21.0,17704.0
2021.012.020.0,152.0,136.30421,18600.0,0.24383561,0.0,17695.0
2021.012.021.0,177.0,132.63979,18600.0,0.23561645,0.0,17504.0
2021.012.022.0,184.0,131.44974,18600.0,0.23287672,11.0,17704.0
2021.012.020.0,16.5,12.371277,20000.0,0.24383561,0.0,17695.0
2021.012.021.0,20.5,11.233398,20000.0,0.23561645,84.0,17504.0
2021.012.022.0,20.0,10.907867,20000.0,0.23287672,2.0,17704.0
2021.012.020.0,625.0,708.6289,17400.0,0.24383561,0.0,17695.0
2021.012.021.0,750.0,712.01495,17400.0,0.23561645,0.0,17504.0
2021.012.022.0,775.0,706.13934,17400.0,0.23287672,0.0,17704.0
2021.012.020.0,81.0,72.03461,14600.0,0.24383561,0.0,17695.0
2021.012.021.0,59.0,69.09161,14600.0,0.23561645,0.0,17504.0
2021.012.022.0,59.0,66.441055,14600.0,0.23287672,0.0,17704.0
2021.012.020.0,212.0,206.12794,16200.0,0.24383561,8.0,17695.0
2021.012.021.0,188.0,197.57285,16200.0,0.23561645,1.0,17504.0
2021.012.022.0,174.0,192.15588,16200.0,0.23287672,2.0,17704.0
2021.012.020.0,305.0,337.4022,16800.0,0.24383561,10.0,17695.0
2021.012.021.0,284.0,322.55304,16800.0,0.23561645,2.0,17504.0
2021.012.022.0,268.0,314.2203,16800.0,0.23287672,25.0,17704.0
2021.012.020.0,370.0,357.10913,18000.0,0.24383561,5.0,17695.0
2021.012.021.0,400.0,352.24423,18000.0,0.23561645,2.0,17504.0
2021.012.022.0,404.0,349.18723,18000.0,0.23287672,1.0,17704.0
2021.012.020.0,266.0,263.0791,18200.0,0.24383561,1.0,17695.0
2021.012.021.0,318.0,257.49277,18200.0,0.23561645,0.0,17504.0
2021.012.022.0,318.0,256.42654,18200.0,0.23287672,7.0,17704.0
2021.012.020.0,5.0,-0.4776001,21800.0,0.24383561,1.0,17695.0
2021.012.021.0,3.2999878,-1.1704407,21800.0,0.23561645,11.0,17504.0
2021.012.022.0,3.5,-1.0683899,21800.0,0.23287672,194.0,17704.0
2021.012.020.0,23.0,17.559753,19800.0,0.24383561,0.0,17695.0
2021.012.021.0,26.5,16.039429,19800.0,0.23561645,100.0,17504.0
2021.012.022.0,25.0,15.464233,19800.0,0.23287672,0.0,17704.0
2021.012.020.0,750.0,835.24243,17200.0,0.24383561,0.0,17695.0
2021.012.021.0,880.0,845.057,17200.0,0.23561645,0.0,17504.0
2021.012.022.0,895.0,839.3508,17200.0,0.23287672,0.0,17704.0
2021.012.020.0,170.0,155.12193,15800.0,0.24383561,51.0,17695.0
2021.012.021.0,128.0,147.68344,15800.0,0.23561645,10.0,17504.0
2021.012.022.0,123.0,142.90852,15800.0,0.23287672,0.0,17704.0
2021.012.020.0,290.0,304.4899,16600.0,0.24383561,1.0,17695.0
2021.012.021.0,244.0,293.98727,16600.0,0.23561645,1.0,17504.0
2021.012.022.0,229.0,277.31366,16600.0,0.23287672,0.0,17704.0
2021.012.020.0,249.0,243.92642,16400.0,0.24383561,0.0,17695.0
2021.012.021.0,210.0,235.40372,16400.0,0.23561645,4.0,17504.0
2021.012.022.0,195.0,228.91776,16400.0,0.23287672,0.0,17704.0
2021.012.020.0,110.0,97.197815,18800.0,0.24383561,0.0,17695.0
2021.012.021.0,120.0,94.49606,18800.0,0.23561645,1.0,17504.0
2021.012.022.0,125.0,93.05998,18800.0,0.23287672,7.0,17704.0
2021.012.020.0,55.0,48.610504,19200.0,0.24383561,0.0,17695.0
2021.012.021.0,49.5,46.559296,19200.0,0.23561645,12.0,17504.0
2021.012.022.0,65.0,44.872986,19200.0,0.23287672,26.0,17704.0
2021.012.020.0,12.0,6.43985,20400.0,0.24383561,13.0,17695.0
2021.012.021.0,13.0,5.7902527,20400.0,0.23561645,0.0,17504.0
2021.012.022.0,13.0,5.566986,20400.0,0.23287672,0.0,17704.0
2021.012.020.0,900.0,965.33167,17000.0,0.24383561,0.0,17695.0
2021.012.021.0,1020.0,980.94946,17000.0,0.23561645,0.0,17504.0
2021.012.022.0,1040.0,974.9783,17000.0,0.23287672,0.0,17704.0
2021.012.020.0,40.0,35.229706,19400.0,0.24383561,0.0,17695.0
2021.012.021.0,45.0,33.189453,19400.0,0.23561645,0.0,17504.0
2021.012.022.0,45.0,32.171753,19400.0,0.23287672,0.0,17704.0
2021.012.020.0,35.5,35.09439,13000.0,0.24383561,8.0,17695.0
2021.012.021.0,26.0,33.65686,13000.0,0.23561645,13.0,17504.0
2021.012.022.0,26.5,32.272858,13000.0,0.23287672,36.0,17704.0
2021.012.020.0,40.5,38.15207,13200.0,0.24383561,6.0,17695.0
2021.012.021.0,28.5,36.58371,13200.0,0.23561645,3.0,17504.0
2021.012.022.0,29.0,35.09204,13200.0,0.23287672,3.0,17704.0
2021.012.020.0,7.799988,2.1497498,21000.0,0.24383561,0.0,17695.0
2021.012.021.0,6.899994,1.6283264,21000.0,0.23561645,0.0,17504.0
2021.012.022.0,7.0,1.8407593,21000.0,0.23287672,0.0,17704.0
2021.012.020.0,29.0,24.31076,19600.0,0.24383561,0.0,17695.0
2021.012.021.0,27.5,22.566864,19600.0,0.23561645,82.0,17504.0
2021.012.022.0,32.0,21.704376,19600.0,0.23287672,2.0,17704.0
2021.012.020.0,10.5,4.862152,20600.0,0.24383561,6.0,17695.0
2021.012.021.0,10.5,4.2227783,20600.0,0.23561645,0.0,17504.0
2021.012.022.0,10.5,4.235443,20600.0,0.23287672,0.0,17704.0
2021.012.020.0,40.5,41.34784,13400.0,0.24383561,1.0,17695.0
2021.012.021.0,30.0,39.500793,13400.0,0.23561645,1.0,17504.0
2021.012.022.0,32.0,37.92102,13400.0,0.23287672,6.0,17704.0
2021.012.020.0,132.0,121.853226,15400.0,0.24383561,2.0,17695.0
2021.012.021.0,96.0,115.69481,15400.0,0.23561645,0.0,17504.0
2021.012.022.0,103.0,110.05939,15400.0,0.23287672,0.0,17704.0
2021.012.020.0,14.0,8.724365,20200.0,0.24383561,0.0,17695.0
2021.012.021.0,9.799988,8.002777,20200.0,0.23561645,0.0,17504.0
2021.012.022.0,16.0,8.04129,20200.0,0.23287672,4.0,17704.0
2021.012.020.0,6.200012,0.9107971,21400.0,0.24383561,0.0,17695.0
2021.012.021.0,4.700012,0.25238037,21400.0,0.23561645,0.0,17504.0
2021.012.022.0,4.899994,0.5364685,21400.0,0.23287672,0.0,17704.0
2021.012.020.0,72.0,64.578476,14400.0,0.24383561,0.0,17695.0
2021.012.021.0,53.0,62.072693,14400.0,0.23561645,0.0,17504.0
2021.012.022.0,53.0,59.67891,14400.0,0.23287672,0.0,17704.0
2021.012.020.0,440.0,508.924,17200.0,0.24383561,6.0,17695.0
2021.012.021.0,378.0,471.826,17200.0,0.23561645,1.0,17504.0
2021.012.022.0,357.0,446.495,17200.0,0.23287672,22.0,17704.0
2021.012.020.0,5.0,9.049011,14300.0,0.09041095,458.0,17786.0
2021.012.021.0,3.0,6.3953247,14300.0,0.08219178,62.0,17580.0
2021.012.022.0,2.399994,4.2933655,14300.0,0.07945205,395.0,17796.0
2021.012.020.0,6.899994,12.021606,14500.0,0.09041095,55.0,17786.0
2021.012.021.0,3.7999878,9.601593,14500.0,0.08219178,29.0,17580.0
2021.012.022.0,2.600006,7.2381287,14500.0,0.07945205,42.0,17796.0
2021.012.020.0,8.0,12.632385,14600.0,0.09041095,29.0,17786.0
2021.012.021.0,4.299988,10.339233,14600.0,0.08219178,30.0,17580.0
2021.012.022.0,2.899994,8.139008,14600.0,0.07945205,4.0,17796.0
2021.012.020.0,10.5,15.05957,14800.0,0.09041095,331.0,17786.0
2021.012.021.0,4.600006,12.1206665,14800.0,0.08219178,470.0,17580.0
2021.012.022.0,3.7999878,9.700317,14800.0,0.07945205,184.0,17796.0
2021.012.020.0,12.0,15.815979,14900.0,0.09041095,217.0,17786.0
2021.012.021.0,5.799988,12.884613,14900.0,0.08219178,24.0,17580.0
2021.012.022.0,4.200012,10.856293,14900.0,0.07945205,317.0,17796.0
2021.012.020.0,14.0,18.344543,15000.0,0.09041095,282.0,17786.0
2021.012.021.0,7.0,15.216644,15000.0,0.08219178,174.0,17580.0
2021.012.022.0,5.0,12.900482,15000.0,0.07945205,251.0,17796.0
2021.012.020.0,15.0,20.01178,15100.0,0.09041095,36.0,17786.0
2021.012.021.0,8.0,17.13852,15100.0,0.08219178,366.0,17580.0
2021.012.022.0,5.0,14.78656,15100.0,0.07945205,396.0,17796.0
2021.012.020.0,22.0,26.048248,15400.0,0.09041095,75.0,17786.0
2021.012.021.0,11.0,22.546997,15400.0,0.08219178,56.000015,17580.0
2021.012.022.0,8.5,20.265808,15400.0,0.07945205,406.0,17796.0
2021.012.020.0,26.0,26.906036,15500.0,0.09041095,276.0,17786.0
2021.012.021.0,13.0,23.272522,15500.0,0.08219178,218.0,17580.0
2021.012.022.0,10.0,21.081024,15500.0,0.07945205,154.0,17796.0
2021.012.020.0,26.5,31.207642,15600.0,0.09041095,156.0,17786.0
2021.012.021.0,14.5,27.655182,15600.0,0.08219178,54.0,17580.0
2021.012.022.0,11.5,25.224548,15600.0,0.07945205,106.0,17796.0
2021.012.020.0,32.5,35.05533,15700.0,0.09041095,123.0,17786.0
2021.012.021.0,16.0,31.063812,15700.0,0.08219178,105.0,17580.0
2021.012.022.0,12.0,28.395355,15700.0,0.07945205,119.0,17796.0
2021.012.020.0,32.0,38.296265,15800.0,0.09041095,195.0,17786.0
2021.012.021.0,19.0,34.07129,15800.0,0.08219178,141.0,17580.0
2021.012.022.0,14.0,31.251709,15800.0,0.07945205,159.0,17796.0
2021.012.020.0,41.0,43.408295,15900.0,0.09041095,121.0,17786.0
2021.012.021.0,21.0,39.009857,15900.0,0.08219178,213.0,17580.0
2021.012.022.0,17.0,36.237793,15900.0,0.07945205,272.0,17796.0
2021.012.020.0,46.0,44.97769,16000.0,0.09041095,477.0,17786.0
2021.012.021.0,25.0,39.331116,16000.0,0.08219178,1394.0,17580.0
2021.012.022.0,19.0,34.957397,16000.0,0.07945205,1869.0,17796.0
2021.012.020.0,52.0,51.851562,16100.0,0.09041095,210.0,17786.0
2021.012.021.0,29.5,46.940674,16100.0,0.08219178,388.0,17580.0
2021.012.022.0,22.0,43.768158,16100.0,0.07945205,512.0,17796.0
2021.012.020.0,58.0,60.207123,16200.0,0.09041095,288.0,17786.0
2021.012.021.0,31.0,54.822906,16200.0,0.08219178,300.0,17580.0
2021.012.022.0,25.5,51.177246,16200.0,0.07945205,545.0,17796.0
2021.012.020.0,64.0,67.71991,16300.0,0.09041095,266.0,17786.0
2021.012.021.0,35.5,61.92491,16300.0,0.08219178,328.0,17580.0
2021.012.022.0,28.5,57.85486,16300.0,0.07945205,475.0,17796.0
2021.012.020.0,74.0,75.231064,16400.0,0.09041095,479.0,17786.0
2021.012.021.0,40.5,68.90758,16400.0,0.08219178,461.0,17580.0
2021.012.022.0,34.0,64.39867,16400.0,0.07945205,874.0,17796.0
2021.012.020.0,83.0,84.70958,16500.0,0.09041095,626.0,17786.0
2021.012.021.0,46.0,76.661285,16500.0,0.08219178,1088.0,17580.0
2021.012.022.0,37.5,70.76131,16500.0,0.07945205,1148.0,17796.0
2021.012.020.0,91.0,97.03558,16600.0,0.09041095,248.0,17786.0
2021.012.021.0,54.0,89.2038,16600.0,0.08219178,898.0,17580.0
2021.012.022.0,44.0,83.19682,16600.0,0.07945205,942.0,17796.0
2021.012.020.0,105.0,108.40398,16700.0,0.09041095,596.0,17786.0
2021.012.021.0,59.999985,99.65073,16700.0,0.08219178,1020.0,17580.0
2021.012.022.0,51.0,93.14847,16700.0,0.07945205,887.0,17796.0
2021.012.020.0,120.0,116.14081,16800.0,0.09041095,456.0,17786.0
2021.012.021.0,68.0,107.42418,16800.0,0.08219178,969.0,17580.0
2021.012.022.0,59.0,98.04579,16800.0,0.07945205,1562.0,17796.0
2021.012.020.0,132.0,137.43965,16900.0,0.09041095,429.0,17786.0
2021.012.021.0,78.0,127.103516,16900.0,0.08219178,1201.0,17580.0
2021.012.022.0,68.0,116.78552,16900.0,0.07945205,1691.0002,17796.0
2021.012.020.0,153.0,133.35272,17000.0,0.09041095,1320.0,17786.0
2021.012.021.0,90.0,117.03696,17000.0,0.08219178,2367.0,17580.0
2021.012.022.0,77.0,102.310074,17000.0,0.07945205,2404.0,17796.0
2021.012.020.0,174.0,165.17398,17100.0,0.09041095,748.0,17786.0
2021.012.021.0,102.0,155.45609,17100.0,0.08219178,1207.0,17580.0
2021.012.022.0,90.0,149.71715,17100.0,0.07945205,943.0,17796.0
2021.012.020.0,193.0,186.70152,17200.0,0.09041095,1230.0,17786.0
2021.012.021.0,119.0,172.44566,17200.0,0.08219178,1362.0,17580.0
2021.012.022.0,105.0,163.15565,17200.0,0.07945205,1352.0,17796.0
2021.012.020.0,220.0,211.66519,17300.0,0.09041095,1187.0,17786.0
2021.012.021.0,136.0,195.66064,17300.0,0.08219178,1306.0,17580.0
2021.012.022.0,119.0,181.82007,17300.0,0.07945205,1842.0,17796.0
2021.012.020.0,254.0,237.31592,17400.0,0.09041095,726.0,17786.0
2021.012.021.0,158.0,220.9656,17400.0,0.08219178,1361.0,17580.0
2021.012.022.0,138.0,212.95926,17400.0,0.07945205,1255.0,17796.0
2021.012.020.0,330.0,303.32114,17600.0,0.09041095,684.0,17786.0
2021.012.021.0,210.0,295.52463,17600.0,0.08219178,0.0,17580.0
2021.012.022.0,191.0,292.42505,17600.0,0.07945205,1165.0,17796.0
2021.012.020.0,370.0,320.30203,17700.0,0.09041095,1382.0,17786.0
2021.012.021.0,245.0,308.8163,17700.0,0.08219178,0.0,17580.0
2021.012.022.0,225.0,302.96027,17700.0,0.07945205,1855.0,17796.0
2021.012.020.0,161.0,205.52545,17900.0,0.09041095,1259.0,17786.0
2021.012.021.0,227.0,197.66818,17900.0,0.08219178,2914.0,17580.0
2021.012.022.0,239.0,200.28558,17900.0,0.07945205,1890.0,17796.0
2021.012.020.0,123.0,156.9129,18000.0,0.09041095,1754.0,17786.0
2021.012.021.0,179.0,153.31331,18000.0,0.08219178,3840.0002,17580.0
2021.012.022.0,189.0,152.04874,18000.0,0.07945205,3767.0,17796.0
2021.012.020.0,92.0,131.7686,18100.0,0.09041095,1423.0,17786.0
2021.012.021.0,138.0,132.54381,18100.0,0.08219178,2796.0,17580.0
2021.012.022.0,145.0,135.92685,18100.0,0.07945205,2559.0,17796.0
2021.012.020.0,69.0,105.84923,18200.0,0.09041095,2102.0,17786.0
2021.012.021.0,104.0,98.34743,18200.0,0.08219178,3448.0,17580.0
2021.012.022.0,107.0,95.54443,18200.0,0.07945205,3429.0,17796.0
2021.012.020.0,50.0,74.04091,18300.0,0.09041095,1926.0,17786.0
2021.012.021.0,76.0,68.10129,18300.0,0.08219178,4070.9998,17580.0
2021.012.022.0,77.0,70.03082,18300.0,0.07945205,2456.0,17796.0
2021.012.020.0,36.5,56.646942,18400.0,0.09041095,1661.0,17786.0
2021.012.021.0,52.0,51.287262,18400.0,0.08219178,2423.0,17580.0
2021.012.022.0,53.0,50.16925,18400.0,0.07945205,1949.0002,17796.0
2021.012.020.0,26.5,37.549805,18500.0,0.09041095,1096.0,17786.0
2021.012.021.0,39.5,32.528564,18500.0,0.08219178,1947.0,17580.0
2021.012.022.0,38.0,30.346588,18500.0,0.07945205,1660.0,17796.0
2021.012.020.0,19.0,24.330933,18600.0,0.09041095,820.0,17786.0
2021.012.021.0,28.0,20.032349,18600.0,0.08219178,1087.0,17580.0
2021.012.022.0,26.5,17.59018,18600.0,0.07945205,1173.0,17796.0
2021.012.020.0,14.0,18.924011,18700.0,0.09041095,494.0,17786.0
2021.012.021.0,19.5,15.01062,18700.0,0.08219178,489.0,17580.0
2021.012.022.0,18.5,12.307495,18700.0,0.07945205,457.0,17796.0
2021.012.020.0,11.0,8.420166,18800.0,0.09041095,237.0,17786.0
2021.012.021.0,14.5,5.659363,18800.0,0.08219178,641.0,17580.0
2021.012.022.0,13.5,3.3287659,18800.0,0.07945205,688.0,17796.0
2021.012.020.0,8.200012,7.7466736,18900.0,0.09041095,442.0,17786.0
2021.012.021.0,10.5,4.879944,18900.0,0.08219178,578.0,17580.0
2021.012.022.0,9.5,3.522461,18900.0,0.07945205,276.0,17796.0
2021.012.020.0,6.600006,3.3490906,19000.0,0.09041095,357.0,17786.0
2021.012.021.0,8.399994,1.0428772,19000.0,0.08219178,773.0,17580.0
2021.012.022.0,7.299988,0.22921753,19000.0,0.07945205,213.0,17796.0
2021.012.020.0,5.5,6.063202,19100.0,0.09041095,197.0,17786.0
2021.012.021.0,8.100006,4.9877014,19100.0,0.08219178,39.0,17580.0
2021.012.022.0,5.5,4.5789185,19100.0,0.07945205,129.0,17796.0
2021.012.020.0,5.0,5.37558,19200.0,0.09041095,16.0,17786.0
2021.012.021.0,5.5,4.4150085,19200.0,0.08219178,86.000015,17580.0
2021.012.022.0,4.600006,4.7537537,19200.0,0.07945205,26.0,17796.0
2021.012.020.0,5.0,6.4122314,19300.0,0.09041095,64.0,17786.0
2021.012.021.0,4.399994,5.2799683,19300.0,0.08219178,15.0,17580.0
2021.012.022.0,3.899994,5.610504,19300.0,0.07945205,3.0,17796.0
2021.012.020.0,4.700012,6.173004,19400.0,0.09041095,22.0,17786.0
2021.012.021.0,4.0,5.3013,19400.0,0.08219178,1.0,17580.0
2021.012.022.0,3.2999878,5.640167,19400.0,0.07945205,4.0,17796.0
2021.012.020.0,3.5,6.2569885,19500.0,0.09041095,3.0,17786.0
2021.012.021.0,3.0,5.3103943,19500.0,0.08219178,131.99998,17580.0
2021.012.022.0,2.7999878,5.7019043,19500.0,0.07945205,102.000015,17796.0
2021.012.020.0,3.0,6.3226013,19600.0,0.09041095,2.0,17786.0
2021.012.021.0,2.600006,5.5744934,19600.0,0.08219178,3.0,17580.0
2021.012.022.0,2.399994,6.177063,19600.0,0.07945205,0.0,17796.0
2021.012.020.0,3.2000122,7.1636047,19700.0,0.09041095,0.0,17786.0
2021.012.021.0,2.2999878,6.0360413,19700.0,0.08219178,10.0,17580.0
2021.012.022.0,2.100006,6.344391,19700.0,0.07945205,0.0,17796.0
2021.012.020.0,1.2000122,5.525543,20000.0,0.09041095,8.0,17786.0
2021.012.021.0,1.6000061,5.3619995,20000.0,0.08219178,1.0,17580.0
2021.012.022.0,1.5,5.9661255,20000.0,0.07945205,4.0,17796.0
2021.012.020.0,48.0,47.889587,15000.0,0.16712329,42.0,17759.0
2021.012.021.0,31.5,44.717926,15000.0,0.1589041,27.0,17549.0
2021.012.022.0,30.0,42.107758,15000.0,0.15616438,30.0,17766.0
2021.012.020.0,95.0,86.71767,15800.0,0.16712329,46.0,17759.0
2021.012.021.0,62.0,81.36949,15800.0,0.1589041,10.0,17549.0
2021.012.022.0,63.0,77.19269,15800.0,0.15616438,11.0,17766.0
2021.012.020.0,171.0,165.12813,16500.0,0.16712329,15.0,17759.0
2021.012.021.0,119.0,155.96837,16500.0,0.1589041,46.0,17549.0
2021.012.022.0,115.0,148.52693,16500.0,0.15616438,19.0,17766.0
2021.012.020.0,399.0,402.95724,17400.0,0.16712329,1.0,17759.0
2021.012.021.0,293.0,382.2262,17400.0,0.1589041,34.0,17549.0
2021.012.022.0,283.0,373.50476,17400.0,0.15616438,8.0,17766.0
2021.012.020.0,49.5,52.668365,18800.0,0.16712329,20.0,17759.0
2021.012.021.0,63.0,49.527527,18800.0,0.1589041,34.0,17549.0
2021.012.022.0,59.999985,48.160675,18800.0,0.15616438,113.0,17766.0
2021.012.020.0,17.5,16.121277,19300.0,0.16712329,77.0,17759.0
2021.012.021.0,21.0,14.225616,19300.0,0.1589041,214.0,17549.0
2021.012.022.0,20.0,13.313629,19300.0,0.15616438,4.0,17766.0
2021.012.020.0,92.0,81.397995,14800.0,0.24383561,0.0,17695.0
2021.012.021.0,75.0,77.90411,14800.0,0.23561645,0.0,17504.0
2021.012.022.0,67.0,74.88394,14800.0,0.23287672,2.0,17704.0
2021.012.020.0,109.0,103.00293,13000.0,0.4931507,15.0,17580.0
2021.012.021.0,96.0,100.90292,13000.0,0.48493153,41.0,17397.0
2021.012.022.0,90.0,99.56712,13000.0,0.4821918,25.0,17600.0
2021.012.020.0,121.0,111.243774,13200.0,0.4931507,1.0,17580.0
2021.012.021.0,107.0,109.12738,13200.0,0.48493153,0.0,17397.0
2021.012.022.0,98.0,107.89253,13200.0,0.4821918,2.0,17600.0
2021.012.020.0,540.0,554.84644,16400.0,0.4931507,0.0,17580.0
2021.012.021.0,525.0,546.4997,16400.0,0.48493153,0.0,17397.0
2021.012.022.0,451.0,546.00964,16400.0,0.4821918,1.0,17600.0
2021.012.020.0,725.0,754.19885,17000.0,0.4931507,1.0,17580.0
2021.012.021.0,640.0,739.1683,17000.0,0.48493153,0.0,17397.0
2021.012.022.0,620.0,732.2103,17000.0,0.4821918,0.0,17600.0
2021.012.020.0,665.0,711.81335,17800.0,0.4931507,0.0,17580.0
2021.012.021.0,745.0,712.7124,17800.0,0.48493153,1.0,17397.0
2021.012.022.0,745.0,724.05475,17800.0,0.4821918,0.0,17600.0
2021.012.020.0,436.0,451.40826,18400.0,0.4931507,3.0,17580.0
2021.012.021.0,460.0,442.23608,18400.0,0.48493153,1.0,17397.0
2021.012.022.0,459.0,442.03687,18400.0,0.4821918,4.0,17600.0
2021.012.020.0,295.0,301.39246,18800.0,0.4931507,0.0,17580.0
2021.012.021.0,318.0,294.1817,18800.0,0.48493153,3.0,17397.0
2021.012.022.0,320.0,292.20166,18800.0,0.4821918,0.0,17600.0
2021.012.020.0,77.0,78.053085,20000.0,0.4931507,0.0,17580.0
2021.012.021.0,82.0,75.83821,20000.0,0.48493153,0.0,17397.0
2021.012.022.0,82.0,74.78906,20000.0,0.4821918,1.0,17600.0
2021.012.020.0,36.5,36.986816,20800.0,0.4931507,0.0,17580.0
2021.012.021.0,40.0,35.67505,20800.0,0.48493153,1.0,17397.0
2021.012.022.0,36.5,35.295685,20800.0,0.4821918,14.0,17600.0
2021.012.020.0,24.0,30.473755,21000.0,0.4931507,0.0,17580.0
2021.012.021.0,27.5,29.09317,21000.0,0.48493153,10.0,17397.0
2021.012.022.0,30.5,28.423615,21000.0,0.4821918,11.0,17600.0
2021.012.020.0,15.5,21.850464,15200.0,0.09041095,84.0,17786.0
2021.012.021.0,8.200012,18.861908,15200.0,0.08219178,137.0,17580.0
2021.012.022.0,6.299988,16.519318,15200.0,0.07945205,25.0,17796.0
2021.012.020.0,288.0,264.12903,17500.0,0.09041095,1153.0,17786.0
2021.012.021.0,182.0,242.76869,17500.0,0.08219178,1457.0,17580.0
2021.012.022.0,163.0,225.1608,17500.0,0.07945205,1959.0,17796.0
2021.012.020.0,207.0,257.43222,17800.0,0.09041095,2234.0,17786.0
2021.012.021.0,283.0,236.00793,17800.0,0.08219178,2921.0,17580.0
2021.012.022.0,295.0,224.56546,17800.0,0.07945205,1928.0,17796.0
2021.012.020.0,181.0,179.29121,16600.0,0.16712329,3.0,17759.0
2021.012.021.0,136.0,170.42142,16600.0,0.1589041,9.0,17549.0
2021.012.022.0,127.0,164.03738,16600.0,0.15616438,6.0,17766.0
2021.012.020.0,276.0,268.2727,17000.0,0.16712329,329.0,17759.0
2021.012.021.0,201.0,252.385,17000.0,0.1589041,229.0,17549.0
2021.012.022.0,188.0,243.02554,17000.0,0.15616438,82.0,17766.0
2021.012.020.0,116.0,125.99489,18400.0,0.16712329,8.0,17759.0
2021.012.021.0,148.0,120.08519,18400.0,0.1589041,64.0,17549.0
2021.012.022.0,152.0,118.277054,18400.0,0.15616438,29.0,17766.0
2021.012.020.0,125.0,120.79555,13400.0,0.4931507,4.0,17580.0
2021.012.021.0,110.0,118.04309,13400.0,0.48493153,8.0,17397.0
2021.012.022.0,105.0,116.44046,13400.0,0.4821918,9.0,17600.0
2021.012.020.0,272.0,258.22745,15000.0,0.4931507,2.0,17580.0
2021.012.021.0,236.0,251.55962,15000.0,0.48493153,0.0,17397.0
2021.012.022.0,236.0,248.11806,15000.0,0.4821918,2.0,17600.0
2021.012.020.0,59.999985,64.83438,18700.0,0.16712329,32.0,17759.0
2021.012.021.0,80.0,63.361725,18700.0,0.1589041,85.0,17549.0
2021.012.022.0,75.0,62.725357,18700.0,0.15616438,261.0,17766.0
2021.012.020.0,34.5,32.806854,19000.0,0.16712329,30.0,17759.0
2021.012.021.0,39.5,30.371246,19000.0,0.1589041,34.0,17549.0
2021.012.022.0,40.0,28.95871,19000.0,0.15616438,113.0,17766.0
2021.012.020.0,12.0,11.03598,19500.0,0.16712329,5.0,17759.0
2021.012.021.0,14.0,9.923401,19500.0,0.1589041,7.0,17549.0
2021.012.022.0,13.0,9.558258,19500.0,0.15616438,52.0,17766.0
2021.012.020.0,6.399994,6.238312,20000.0,0.16712329,0.0,17759.0
2021.012.021.0,6.399994,5.5069885,20000.0,0.1589041,0.0,17549.0
2021.012.022.0,4.200012,5.807495,20000.0,0.15616438,3.0,17766.0
2021.012.020.0,5.700012,6.0038147,20100.0,0.16712329,0.0,17759.0
2021.012.021.0,7.5,5.2807617,20100.0,0.1589041,2.0,17549.0
2021.012.022.0,3.2000122,5.456238,20100.0,0.15616438,1.0,17766.0
2021.012.020.0,224.0,212.23494,14600.0,0.4931507,0.0,17580.0
2021.012.021.0,187.0,208.46178,14600.0,0.48493153,0.0,17397.0
2021.012.022.0,193.0,205.50722,14600.0,0.4821918,293.0,17600.0
2021.012.020.0,575.0,616.9835,18000.0,0.4931507,3.0,17580.0
2021.012.021.0,615.0,617.07404,18000.0,0.48493153,2.0,17397.0
2021.012.022.0,630.0,620.9401,18000.0,0.4821918,1.0,17600.0
2021.012.020.0,353.0,370.45667,18600.0,0.4931507,0.0,17580.0
2021.012.021.0,381.0,363.0525,18600.0,0.48493153,0.0,17397.0
2021.012.022.0,386.0,362.43353,18600.0,0.4821918,2.0,17600.0
2021.012.020.0,95.0,95.24138,19800.0,0.4931507,1.0,17580.0
2021.012.021.0,94.0,92.31868,19800.0,0.48493153,0.0,17397.0
2021.012.022.0,102.0,90.25818,19800.0,0.4821918,33.0,17600.0
2021.012.020.0,48.0,45.061768,20600.0,0.4931507,0.0,17580.0
2021.012.021.0,44.0,43.757446,20600.0,0.48493153,17.0,17397.0
2021.012.022.0,44.5,42.944946,20600.0,0.4821918,34.0,17600.0
2021.012.020.0,13.0,16.827148,21600.0,0.4931507,8.0,17580.0
2021.012.021.0,17.0,16.075073,21600.0,0.48493153,0.0,17397.0
2021.012.022.0,17.0,15.909424,21600.0,0.4821918,5.0,17600.0
2021.012.020.0,5.799988,11.892822,14400.0,0.09041095,101.000015,17786.0
2021.012.021.0,2.0,9.637543,14400.0,0.08219178,303.0,17580.0
2021.012.022.0,2.399994,7.121155,14400.0,0.07945205,7.0,17796.0
2021.012.020.0,20.0,23.395538,15300.0,0.09041095,39.0,17786.0
2021.012.021.0,10.0,20.266968,15300.0,0.08219178,21.0,17580.0
2021.012.022.0,7.200012,18.174408,15300.0,0.07945205,39.0,17796.0
2021.012.020.0,256.0,327.68173,17700.0,0.09041095,0.0,17786.0
2021.012.021.0,342.0,315.3039,17700.0,0.08219178,1943.0,17580.0
2021.012.022.0,356.0,311.01294,17700.0,0.07945205,0.0,17796.0
2021.012.020.0,230.0,220.30309,16800.0,0.16712329,4.0,17759.0
2021.012.021.0,162.0,209.61267,16800.0,0.1589041,12.0,17549.0
2021.012.022.0,161.0,202.19579,16800.0,0.15616438,48.0,17766.0
2021.012.020.0,295.0,298.5315,17100.0,0.16712329,1.0,17759.0
2021.012.021.0,209.0,282.53995,17100.0,0.1589041,3.0,17549.0
2021.012.022.0,210.0,273.55124,17100.0,0.15616438,6.0,17766.0
2021.012.020.0,397.0,434.74008,17700.0,0.16712329,0.0,17759.0
2021.012.021.0,458.0,426.06647,17700.0,0.1589041,4.0,17549.0
2021.012.022.0,485.0,420.95023,17700.0,0.15616438,0.0,17766.0
2021.012.020.0,80.0,82.749954,18600.0,0.16712329,24.0,17759.0
2021.012.021.0,95.0,79.3481,18600.0,0.1589041,21.0,17549.0
2021.012.022.0,98.0,76.9182,18600.0,0.15616438,349.0,17766.0
2021.012.020.0,149.0,133.00177,13600.0,0.4931507,4.0,17580.0
2021.012.021.0,124.0,130.43349,13600.0,0.48493153,8.0,17397.0
2021.012.022.0,117.0,128.7683,13600.0,0.4821918,1.0,17600.0
2021.012.020.0,158.0,145.08212,13800.0,0.4931507,0.0,17580.0
2021.012.021.0,130.0,142.2534,13800.0,0.48493153,0.0,17397.0
2021.012.022.0,128.0,140.29895,13800.0,0.4821918,2.0,17600.0
2021.012.020.0,780.0,825.0818,17600.0,0.4931507,2.0,17580.0
2021.012.021.0,850.0,828.78625,17600.0,0.48493153,9.0,17397.0
2021.012.022.0,865.0,842.3988,17600.0,0.4821918,0.0,17600.0
2021.012.020.0,490.0,536.8472,18200.0,0.4931507,0.0,17580.0
2021.012.021.0,550.0,528.6739,18200.0,0.48493153,2.0,17397.0
2021.012.022.0,540.0,531.52185,18200.0,0.4821918,0.0,17600.0
2021.012.020.0,240.0,234.7161,19000.0,0.4931507,2.0,17580.0
2021.012.021.0,235.0,230.57602,19000.0,0.48493153,0.0,17397.0
2021.012.022.0,262.0,227.74957,19000.0,0.4821918,1.0,17600.0
2021.012.020.0,49.5,53.97522,20400.0,0.4931507,0.0,17580.0
2021.012.021.0,48.0,52.056305,20400.0,0.48493153,0.0,17397.0
2021.012.022.0,54.0,50.651337,20400.0,0.4821918,10.0,17600.0
2021.012.020.0,340.0,367.8387,17300.0,0.16712329,4.0,17759.0
2021.012.021.0,263.0,349.20276,17300.0,0.1589041,14.0,17549.0
2021.012.022.0,254.0,338.42178,17300.0,0.15616438,8.0,17766.0
2021.012.020.0,245.0,264.814,18000.0,0.16712329,2.0,17759.0
2021.012.021.0,304.0,257.70477,18000.0,0.1589041,65.0,17549.0
2021.012.022.0,305.0,255.48851,18000.0,0.15616438,22.0,17766.0
2021.012.020.0,800.0,821.0326,17200.0,0.4931507,0.0,17580.0
2021.012.021.0,710.0,816.16315,17200.0,0.48493153,3.0,17397.0
2021.012.022.0,690.0,815.86255,17200.0,0.4821918,3.0,17600.0
2021.012.020.0,192.0,185.70915,19200.0,0.4931507,6.0,17580.0
2021.012.021.0,215.0,180.19637,19200.0,0.48493153,0.0,17397.0
2021.012.022.0,212.0,179.4455,19200.0,0.4821918,3.0,17600.0
2021.012.020.0,62.0,65.22089,20200.0,0.4931507,0.0,17580.0
2021.012.021.0,60.999985,63.016968,20200.0,0.48493153,0.0,17397.0
2021.012.022.0,65.0,61.42598,20200.0,0.4821918,7.0,17600.0
2021.012.020.0,8.5,13.206177,14700.0,0.09041095,70.0,17786.0
2021.012.021.0,4.799988,10.215698,14700.0,0.08219178,156.0,17580.0
2021.012.022.0,3.2999878,8.064362,14700.0,0.07945205,125.0,17796.0
2021.012.020.0,2.2000122,7.084503,19800.0,0.09041095,0.0,17786.0
2021.012.021.0,2.0,6.1485596,19800.0,0.08219178,13.0,17580.0
2021.012.022.0,1.8999939,6.589203,19800.0,0.07945205,0.0,17796.0
2021.012.020.0,0.1000061,-0.90756226,20600.0,0.09041095,1.0,17786.0
2021.012.021.0,0.6000061,0.24716187,20600.0,0.08219178,20.0,17580.0
2021.012.022.0,0.6000061,2.0213013,20600.0,0.07945205,1.0,17796.0
2021.012.020.0,43.0,44.49652,14900.0,0.16712329,9.0,17759.0
2021.012.021.0,29.0,41.62201,14900.0,0.1589041,5.0,17549.0
2021.012.022.0,31.0,39.47342,14900.0,0.15616438,36.0,17766.0
2021.012.020.0,52.0,58.717163,15300.0,0.16712329,0.0,17759.0
2021.012.021.0,41.0,54.89029,15300.0,0.1589041,5.0,17549.0
2021.012.022.0,38.0,51.84204,15300.0,0.15616438,7.0,17766.0
2021.012.020.0,70.0,68.91724,15500.0,0.16712329,126.0,17759.0
2021.012.021.0,50.0,64.73514,15500.0,0.1589041,16.0,17549.0
2021.012.022.0,45.0,61.235138,15500.0,0.15616438,26.0,17766.0
2021.012.020.0,89.0,80.372406,15700.0,0.16712329,6.0,17759.0
2021.012.021.0,55.0,75.749985,15700.0,0.1589041,11.0,17549.0
2021.012.022.0,53.0,72.121735,15700.0,0.15616438,2.0,17766.0
2021.012.020.0,102.0,93.222534,15900.0,0.16712329,7.0,17759.0
2021.012.021.0,70.0,88.57567,15900.0,0.1589041,9.0,17549.0
2021.012.022.0,67.0,85.00348,15900.0,0.15616438,41.0,17766.0
2021.012.020.0,136.0,121.33981,16200.0,0.16712329,23.0,17759.0
2021.012.021.0,98.0,115.03691,16200.0,0.1589041,10.0,17549.0
2021.012.022.0,88.0,110.29834,16200.0,0.15616438,6.0,17766.0
2021.012.020.0,238.0,241.47835,16900.0,0.16712329,11.0,17759.0
2021.012.021.0,174.0,229.92902,16900.0,0.1589041,10.0,17549.0
2021.012.022.0,171.0,222.23318,16900.0,0.15616438,9.0,17766.0
2021.012.020.0,330.0,327.70416,17200.0,0.16712329,1.0,17759.0
2021.012.021.0,241.0,312.48376,17200.0,0.1589041,14.0,17549.0
2021.012.022.0,234.0,302.97604,17200.0,0.15616438,66.0,17766.0
2021.012.020.0,465.0,499.44632,17600.0,0.16712329,0.0,17759.0
2021.012.021.0,520.0,490.71326,17600.0,0.1589041,25.0,17549.0
2021.012.022.0,535.0,484.56104,17600.0,0.15616438,0.0,17766.0
2021.012.020.0,293.0,312.02945,17900.0,0.16712329,40.0,17759.0
2021.012.021.0,330.0,305.2707,17900.0,0.1589041,100.0,17549.0
2021.012.022.0,349.0,301.93854,17900.0,0.15616438,56.000015,17766.0
2021.012.020.0,91.0,100.882,18500.0,0.16712329,88.999985,17759.0
2021.012.021.0,124.0,96.75882,18500.0,0.1589041,28.0,17549.0
2021.012.022.0,123.0,96.55472,18500.0,0.15616438,41.0,17766.0
2021.012.020.0,28.0,25.477234,19100.0,0.16712329,75.0,17759.0
2021.012.021.0,32.0,23.233246,19100.0,0.1589041,92.0,17549.0
2021.012.022.0,27.5,22.024261,19100.0,0.15616438,14.0,17766.0
2021.012.020.0,10.5,9.195068,19600.0,0.16712329,57.000015,17759.0
2021.012.021.0,12.0,8.209717,19600.0,0.1589041,0.0,17549.0
2021.012.022.0,12.0,8.140442,19600.0,0.15616438,0.0,17766.0
2021.012.020.0,442.0,443.96362,16000.0,0.4931507,0.0,17580.0
2021.012.021.0,415.0,438.04535,16000.0,0.48493153,0.0,17397.0
2021.012.022.0,388.0,437.117,16000.0,0.4821918,1.0,17600.0
2021.012.020.0,870.0,934.4811,17400.0,0.4931507,0.0,17580.0
2021.012.021.0,965.0,935.9331,17400.0,0.48493153,0.0,17397.0
2021.012.022.0,980.0,936.9354,17400.0,0.4821918,0.0,17600.0
2021.012.020.0,1180.0,1223.9502,16600.0,0.24383561,0.0,17695.0
2021.012.021.0,1350.0,1252.3086,16600.0,0.23561645,0.0,17504.0
2021.012.022.0,1370.0,1252.141,16600.0,0.23287672,0.0,17704.0
2021.012.020.0,168.0,158.59688,14000.0,0.4931507,6.0,17580.0
2021.012.021.0,147.0,155.69167,14000.0,0.48493153,9.0,17397.0
2021.012.022.0,142.0,153.60713,14000.0,0.4821918,13.0,17600.0
2021.012.020.0,970.0,1048.799,17200.0,0.4931507,0.0,17580.0
2021.012.021.0,1090.0,1050.7102,17200.0,0.48493153,0.0,17397.0
2021.012.022.0,1100.0,1048.2461,17200.0,0.4821918,0.0,17600.0
2021.012.020.0,363.0,359.58655,15600.0,0.4931507,0.0,17580.0
2021.012.021.0,320.0,353.78983,15600.0,0.48493153,0.0,17397.0
2021.012.022.0,318.0,350.45575,15600.0,0.4821918,0.0,17600.0
2021.012.020.0,1230.0,1285.8785,16800.0,0.4931507,0.0,17580.0
2021.012.021.0,1360.0,1297.7919,16800.0,0.48493153,0.0,17397.0
2021.012.022.0,1370.0,1297.1028,16800.0,0.4821918,0.0,17600.0
2021.012.020.0,19.0,24.724243,21200.0,0.4931507,0.0,17580.0
2021.012.021.0,24.0,23.470154,21200.0,0.48493153,0.0,17397.0
2021.012.022.0,25.0,23.149323,21200.0,0.4821918,1.0,17600.0
2021.012.020.0,510.0,583.3027,17300.0,0.09041095,0.0,17786.0
2021.012.021.0,635.0,591.0902,17300.0,0.08219178,0.0,17580.0
2021.012.022.0,655.0,581.1791,17300.0,0.07945205,0.0,17796.0
2021.012.020.0,443.0,508.61548,17400.0,0.09041095,0.0,17786.0
2021.012.021.0,555.0,511.60956,17400.0,0.08219178,0.0,17580.0
2021.012.022.0,570.0,502.7741,17400.0,0.07945205,0.0,17796.0
2021.012.020.0,367.0,440.1423,17500.0,0.09041095,0.0,17786.0
2021.012.021.0,475.0,439.3064,17500.0,0.08219178,0.0,17580.0
2021.012.022.0,497.0,431.9775,17500.0,0.07945205,0.0,17796.0
2021.012.020.0,310.0,381.2353,17600.0,0.09041095,0.0,17786.0
2021.012.021.0,411.0,382.06757,17600.0,0.08219178,878.0,17580.0
2021.012.022.0,423.0,383.10767,17600.0,0.07945205,0.0,17796.0
2021.012.020.0,124.0,112.37033,16100.0,0.16712329,11.0,17759.0
2021.012.021.0,85.0,106.45578,16100.0,0.1589041,19.0,17549.0
2021.012.022.0,79.0,101.90674,16100.0,0.15616438,8.0,17766.0
2021.012.020.0,158.0,146.22533,16400.0,0.16712329,13.0,17759.0
2021.012.021.0,112.0,138.2632,16400.0,0.1589041,12.0,17549.0
2021.012.022.0,104.0,132.75206,16400.0,0.15616438,10.0,17766.0
2021.012.020.0,491.0,563.12805,17500.0,0.16712329,0.0,17759.0
2021.012.021.0,580.0,559.43945,17500.0,0.1589041,0.0,17549.0
2021.012.022.0,620.0,550.9236,17500.0,0.15616438,0.0,17766.0
2021.012.020.0,212.0,225.03574,18100.0,0.16712329,8.0,17759.0
2021.012.021.0,251.0,216.19897,18100.0,0.1589041,38.0,17549.0
2021.012.022.0,269.0,212.7254,18100.0,0.15616438,28.0,17766.0
2021.012.020.0,184.0,174.248,14200.0,0.4931507,0.0,17580.0
2021.012.021.0,148.0,171.01736,14200.0,0.48493153,3.0,17397.0
2021.012.022.0,157.0,168.38496,14200.0,0.4821918,3.0,17600.0
2021.012.020.0,489.0,496.77914,16200.0,0.4931507,0.0,17580.0
2021.012.021.0,464.0,489.57892,16200.0,0.48493153,0.0,17397.0
2021.012.022.0,405.0,488.51398,16200.0,0.4821918,1.0,17600.0
2021.012.020.0,117.0,115.91188,19600.0,0.4931507,21.0,17580.0
2021.012.021.0,122.0,112.26039,19600.0,0.48493153,67.0,17397.0
2021.012.022.0,127.0,110.672485,19600.0,0.4821918,15.0,17600.0
2021.012.020.0,39.0,39.29596,14700.0,0.16712329,36.0,17759.0
2021.012.021.0,27.0,36.649475,14700.0,0.1589041,142.0,17549.0
2021.012.022.0,24.0,34.456146,14700.0,0.15616438,27.0,17766.0
2021.012.020.0,65.0,63.2881,15400.0,0.16712329,28.0,17759.0
2021.012.021.0,47.0,59.391235,15400.0,0.1589041,8.0,17549.0
2021.012.022.0,42.5,56.06787,15400.0,0.15616438,35.0,17766.0
2021.012.020.0,83.0,74.44147,15600.0,0.16712329,9.0,17759.0
2021.012.021.0,57.0,69.85283,15600.0,0.1589041,38.0,17549.0
2021.012.022.0,48.0,66.05287,15600.0,0.15616438,25.0,17766.0
2021.012.020.0,110.0,102.49249,16000.0,0.16712329,14.0,17759.0
2021.012.021.0,79.0,96.84178,16000.0,0.1589041,25.0,17549.0
2021.012.022.0,72.0,92.41589,16000.0,0.15616438,29.0,17766.0
2021.012.020.0,625.0,703.9604,17300.0,0.16712329,0.0,17759.0
2021.012.021.0,730.0,707.45135,17300.0,0.1589041,0.0,17549.0
2021.012.022.0,755.0,699.9415,17300.0,0.15616438,0.0,17766.0
2021.012.020.0,550.0,632.431,17400.0,0.16712329,0.0,17759.0
2021.012.021.0,655.0,631.5255,17400.0,0.1589041,0.0,17549.0
2021.012.022.0,680.0,622.61816,17400.0,0.15616438,0.0,17766.0
2021.012.020.0,181.0,187.41827,18200.0,0.16712329,6.0,17759.0
2021.012.021.0,211.0,180.53304,18200.0,0.1589041,4.0,17549.0
2021.012.022.0,216.0,176.81796,18200.0,0.15616438,56.000015,17766.0
2021.012.020.0,139.0,153.54951,18300.0,0.16712329,26.0,17759.0
2021.012.021.0,180.0,147.80576,18300.0,0.1589041,9.0,17549.0
2021.012.022.0,186.0,146.24254,18300.0,0.15616438,16.0,17766.0
2021.012.020.0,143.0,134.09555,16300.0,0.16712329,21.0,17759.0
2021.012.021.0,99.0,127.221634,16300.0,0.1589041,18.0,17549.0
2021.012.022.0,96.0,121.94469,16300.0,0.15616438,57.999985,17766.0
2021.012.020.0,535.0,570.3504,17400.0,0.24383561,3.0,17695.0
2021.012.021.0,445.0,549.2105,17400.0,0.23561645,4.0,17504.0
2021.012.022.0,433.0,540.9437,17400.0,0.23287672,0.0,17704.0
2021.012.020.0,660.0,688.2013,16800.0,0.4931507,0.0,17580.0
2021.012.021.0,580.0,666.26666,16800.0,0.48493153,0.0,17397.0
2021.012.022.0,560.0,656.9636,16800.0,0.4821918,0.0,17600.0
2021.012.020.0,1340.0,1370.7855,16400.0,0.24383561,0.0,17695.0
2021.012.021.0,1510.0,1402.9565,16400.0,0.23561645,0.0,17504.0
2021.012.022.0,1530.0,1406.0698,16400.0,0.23287672,0.0,17704.0
2021.012.020.0,1360.0,1412.5074,16600.0,0.4931507,0.0,17580.0
2021.012.021.0,1500.0,1427.2089,16600.0,0.48493153,0.0,17397.0
2021.012.022.0,1510.0,1425.4214,16600.0,0.4821918,0.0,17600.0
2021.012.020.0,299.0,289.62473,15200.0,0.4931507,0.0,17580.0
2021.012.021.0,261.0,284.92947,15200.0,0.48493153,0.0,17397.0
2021.012.022.0,261.0,282.00223,15200.0,0.4821918,0.0,17600.0
2021.012.020.0,152.0,149.2004,19400.0,0.4931507,0.0,17580.0
2021.012.021.0,164.0,144.06888,19400.0,0.48493153,0.0,17397.0
2021.012.022.0,166.0,142.00008,19400.0,0.4821918,0.0,17600.0
2021.012.020.0,247.0,234.29694,14800.0,0.4931507,0.0,17580.0
2021.012.021.0,210.0,230.26532,14800.0,0.48493153,0.0,17397.0
2021.012.022.0,214.0,227.5892,14800.0,0.4821918,0.0,17600.0
2021.012.020.0,1090.0,1165.7682,17000.0,0.4931507,0.0,17580.0
2021.012.021.0,1220.0,1172.6794,17000.0,0.48493153,0.0,17397.0
2021.012.022.0,1230.0,1169.6417,17000.0,0.4821918,0.0,17600.0
2021.012.020.0,1500.0,1509.2217,16200.0,0.24383561,0.0,17695.0
2021.012.021.0,1670.0,1542.9839,16200.0,0.23561645,0.0,17504.0
2021.012.022.0,1710.0,1550.3965,16200.0,0.23287672,0.0,17704.0
2021.012.020.0,580.0,655.39453,17200.0,0.09041095,0.0,17786.0
2021.012.021.0,715.0,666.64795,17200.0,0.08219178,0.0,17580.0
2021.012.022.0,735.0,655.8734,17200.0,0.07945205,0.0,17796.0
2021.012.020.0,184.0,188.37486,14400.0,0.4931507,34.0,17580.0
2021.012.021.0,170.0,184.09727,14400.0,0.48493153,6.0,17397.0
2021.012.022.0,174.0,181.51413,14400.0,0.4821918,408.0,17600.0
2021.012.020.0,329.0,325.408,15400.0,0.4931507,0.0,17580.0
2021.012.021.0,289.0,317.6452,15400.0,0.48493153,0.0,17397.0
2021.012.022.0,288.0,313.00223,15400.0,0.4821918,0.0,17600.0
2021.012.020.0,399.0,399.51874,15800.0,0.4931507,0.0,17580.0
2021.012.021.0,354.0,392.52472,15800.0,0.48493153,1.0,17397.0
2021.012.022.0,352.0,388.28247,15800.0,0.4821918,0.0,17600.0
2021.012.020.0,735.0,810.0131,17000.0,0.09041095,0.0,17786.0
2021.012.021.0,885.0,833.93604,17000.0,0.08219178,0.0,17580.0
2021.012.022.0,905.0,825.4823,17000.0,0.07945205,0.0,17796.0
2021.012.020.0,655.0,734.56976,17100.0,0.09041095,0.0,17786.0
2021.012.021.0,800.0,751.60095,17100.0,0.08219178,0.0,17580.0
2021.012.022.0,820.0,741.1305,17100.0,0.07945205,0.0,17796.0
2021.012.020.0,595.0,615.82385,16600.0,0.4931507,0.0,17580.0
2021.012.021.0,545.0,604.69727,16600.0,0.48493153,0.0,17397.0
2021.012.022.0,500.0,601.9808,16600.0,0.4821918,1.0,17600.0
2021.012.020.0,1.6000061,6.234192,19900.0,0.09041095,0.0,17786.0
2021.012.021.0,1.7999878,5.810547,19900.0,0.08219178,0.0,17580.0
2021.012.022.0,1.7000122,6.3009644,19900.0,0.07945205,0.0,17796.0
2021.012.020.0,1.1000061,4.5621033,20100.0,0.09041095,0.0,17786.0
2021.012.021.0,1.6000061,4.2417297,20100.0,0.08219178,0.0,17580.0
2021.012.022.0,1.2999878,5.015045,20100.0,0.07945205,1.0,17796.0
2021.012.020.0,1.0,6.799652,20200.0,0.09041095,1.0,17786.0
2021.012.021.0,1.2999878,6.249634,20200.0,0.08219178,0.0,17580.0
2021.012.022.0,1.2000122,6.5886536,20200.0,0.07945205,0.0,17796.0
2021.012.020.0,0.8999939,6.3179626,20300.0,0.09041095,1.0,17786.0
2021.012.021.0,1.1000061,5.8291016,20300.0,0.08219178,0.0,17580.0
2021.012.022.0,1.0,6.3691406,20300.0,0.07945205,0.0,17796.0
2021.012.020.0,0.7000122,4.995056,20500.0,0.09041095,1.0,17786.0
2021.012.021.0,0.7000122,4.559326,20500.0,0.08219178,0.0,17580.0
2021.012.022.0,0.7000122,5.3235474,20500.0,0.07945205,0.0,17796.0
2021.012.020.0,406.0,453.59995,17500.0,0.16712329,5.0,17759.0
2021.012.021.0,315.0,431.6303,17500.0,0.1589041,30.0,17549.0
2021.012.022.0,320.0,419.4807,17500.0,0.15616438,6.0,17766.0
2021.012.020.0,488.0,501.8925,17600.0,0.16712329,1.0,17759.0
2021.012.021.0,355.0,488.04413,17600.0,0.1589041,0.0,17549.0
2021.012.022.0,352.0,477.6192,17600.0,0.15616438,2.0,17766.0
2021.012.020.0,43.0,41.003693,18900.0,0.16712329,100.0,17759.0
2021.012.021.0,51.0,38.27768,18900.0,0.1589041,47.0,17549.0
2021.012.022.0,49.5,37.243866,18900.0,0.15616438,65.0,17766.0
2021.012.020.0,21.0,20.505585,19200.0,0.16712329,14.0,17759.0
2021.012.021.0,26.0,18.64798,19200.0,0.1589041,12.0,17549.0
2021.012.022.0,25.0,17.663666,19200.0,0.15616438,3.0,17766.0
2021.012.020.0,14.5,13.854614,19400.0,0.16712329,1.0,17759.0
2021.012.021.0,17.0,12.463501,19400.0,0.1589041,0.0,17549.0
2021.012.022.0,16.0,11.927887,19400.0,0.15616438,0.0,17766.0
2021.012.021.0,0.8999939,5.167877,20400.0,0.08219178,0.0,17580.0
2021.012.022.0,0.7999878,5.826782,20400.0,0.07945205,0.0,17796.0
2021.012.021.0,28.0,40.083588,14800.0,0.1589041,13.0,17549.0
2021.012.022.0,26.0,37.654602,14800.0,0.15616438,6.0,17766.0
2021.012.021.0,38.5,51.764587,15200.0,0.1589041,6.0,17549.0
2021.012.022.0,35.0,48.832275,15200.0,0.15616438,38.0,17766.0
2021.012.020.0,203.0,197.10269,16700.0,0.16712329,7.0,17759.0
2021.012.021.0,146.0,187.39117,16700.0,0.1589041,9.0,17549.0
2021.012.022.0,146.0,180.9832,16700.0,0.15616438,20.0,17766.0
2021.012.020.0,331.0,372.05542,17800.0,0.16712329,4.0,17759.0
2021.012.021.0,369.0,365.6972,17800.0,0.1589041,28.0,17549.0
2021.012.022.0,420.0,360.1129,17800.0,0.15616438,24.0,17766.0
2021.012.020.0,8.0,7.3950195,19800.0,0.16712329,3.0,17759.0
2021.012.021.0,9.0,6.517914,19800.0,0.1589041,21.0,17549.0
2021.012.022.0,6.0,6.4849243,19800.0,0.15616438,0.0,17766.0
2021.012.020.0,7.100006,6.811676,19900.0,0.16712329,0.0,17759.0
2021.012.021.0,8.5,5.9449463,19900.0,0.1589041,0.0,17549.0
2021.012.022.0,5.5,6.0080566,19900.0,0.15616438,0.0,17766.0
2021.012.020.0,424.0,396.18353,17800.0,0.09041095,0.0,17786.0
2021.012.021.0,288.0,385.92172,17800.0,0.08219178,0.0,17580.0
2021.012.022.0,261.0,403.29095,17800.0,0.07945205,0.0,17796.0
2021.012.020.0,53.0,50.875824,15100.0,0.16712329,11.0,17759.0
2021.012.021.0,36.0,47.791534,15100.0,0.1589041,9.0,17549.0
2021.012.022.0,33.0,45.44928,15100.0,0.15616438,63.0,17766.0
2021.012.021.0,392.0,550.8988,17700.0,0.1589041,0.0,17549.0
2021.012.022.0,385.0,548.44446,17700.0,0.15616438,0.0,17766.0
2021.012.021.0,10.0,6.8076477,19700.0,0.1589041,0.0,17549.0
2021.012.022.0,6.5,6.9423523,19700.0,0.15616438,0.0,17766.0
2021.012.021.0,520.0,667.1264,17600.0,0.23561645,0.0,17504.0
2021.012.022.0,499.0,660.6914,17600.0,0.23287672,4.0,17704.0
2021.012.020.0,5.0,5.834656,20200.0,0.16712329,0.0,17759.0
2021.012.021.0,5.0,5.144867,20200.0,0.1589041,0.0,17549.0
2021.012.022.0,2.399994,5.4248962,20200.0,0.15616438,1.0,17766.0
2021.012.020.0,1.7000122,5.712158,20600.0,0.16712329,0.0,17759.0
2021.012.021.0,6.100006,5.2215576,20600.0,0.1589041,0.0,17549.0
2021.012.022.0,0.7000122,5.1438293,20600.0,0.15616438,0.0,17766.0
2021.012.020.0,895.0,906.9204,17400.0,0.4931507,0.0,17580.0
2021.012.021.0,785.0,889.1564,17400.0,0.48493153,0.0,17397.0
2021.012.022.0,770.0,882.9658,17400.0,0.4821918,0.0,17600.0
2021.012.020.0,3.600006,5.9259644,20300.0,0.16712329,0.0,17759.0
2021.012.021.0,6.799988,5.2950134,20300.0,0.1589041,0.0,17549.0
2021.012.022.0,1.7999878,5.263855,20300.0,0.15616438,0.0,17766.0
2021.012.020.0,1660.0,1669.4775,16200.0,0.4931507,0.0,17580.0
2021.012.021.0,1810.0,1682.4413,16200.0,0.48493153,0.0,17397.0
2021.012.022.0,1810.0,1682.8602,16200.0,0.4821918,0.0,17600.0
2021.012.020.0,1510.0,1535.7908,16400.0,0.4931507,0.0,17580.0
2021.012.021.0,1650.0,1554.8329,16400.0,0.48493153,0.0,17397.0
2021.012.022.0,1660.0,1556.5156,16400.0,0.4821918,0.0,17600.0
2021.012.020.0,900.0,940.4429,16800.0,0.09041095,0.0,17786.0
2021.012.021.0,1060.0,978.625,16800.0,0.08219178,0.0,17580.0
2021.012.022.0,1090.0,979.0615,16800.0,0.07945205,0.0,17796.0
2021.012.020.0,815.0,879.78577,16900.0,0.09041095,0.0,17786.0
2021.012.021.0,975.0,910.0647,16900.0,0.08219178,0.0,17580.0
2021.012.022.0,1000.0,904.49243,16900.0,0.07945205,0.0,17796.0
