timestamp,true_price,estimated_price,moneyness,time_to_maturity,volume,underlying_price,cp_flag
2021.05.024.0,234.00005,206.27235,-0.87820464,0.32054794,6.0,9.667766,0.0
2021.012.024.0,13.500001,12.207083,-1.7798202,0.15068494,20.0,9.793784,0.0
2021.09.07.0,200.00002,208.60214,-0.960951,0.2739726,3.0,9.761579,1.0
2021.06.015.0,62.999992,114.4345,-0.894864,0.10958904,552.0,9.747067,1.0
2021.05.03.0,1200.0001,1591.7786,1.7824824,0.05479452,0.0,9.774005,0.0
2021.09.030.0,5.1,4.812737,-2.2549272,0.13424657,0.0,9.728479,0.0
2021.01.022.0,685.00006,777.146,0.34427845,0.15068494,0.0,9.683339,0.0
2021.02.023.0,253.00002,180.32095,-0.5482982,0.1589041,1341.0,9.700147,1.0
2021.07.027.0,102.99999,119.031075,-1.1790801,0.3890411,0.0,9.741792,0.0
2021.03.017.0,260.00006,232.13841,-0.5533756,0.17534247,10.0,9.691593,1.0
2021.03.017.0,180.99995,133.57338,-0.54634786,0.09863014,577.0,9.695232,1.0
2021.06.015.0,135.00002,167.94254,-0.9321991,0.2630137,69.0,9.725855,1.0
2021.012.024.0,1100.0001,833.711,1.297992,0.07397261,0.0,9.795568,0.0
2021.09.030.0,585.0001,518.315,-0.32107532,0.46027398,2.0,9.715953,1.0
2021.01.022.0,278.00003,296.0685,-0.8128507,0.64931506,19.0,9.644652,0.0
2021.08.017.0,38.0,21.100563,-1.6904609,0.08219178,93.0,9.720646,1.0
2021.07.027.0,4.6,3.5108593,-2.1957653,0.0630137,23.0,9.752781,0.0
2021.03.017.0,236.00003,170.11668,-0.35329366,0.09863014,903.0,9.695232,1.0
2021.09.07.0,89.00001,95.49304,-1.0889398,0.12054794,201.0,9.76612,1.0
2021.09.030.0,36.999996,25.937965,-1.2972629,0.057534248,332.0,9.730502,1.0
2021.010.022.0,333.00006,400.0044,0.01719749,0.07397261,0.0,9.729908,0.0
2021.06.015.0,880.0001,809.7433,0.5893934,0.10958904,0.0,9.747067,0.0
2021.07.027.0,964.99945,974.92773,0.9328587,0.0630137,0.0,9.752781,0.0
2021.01.022.0,450.00006,503.76807,-0.49471408,0.64931506,64.0,9.644652,0.0
2021.012.024.0,26.499998,24.056704,-1.6430765,0.22739726,0.0,9.790207,0.0
2021.011.012.0,16.500002,26.909428,-1.2042905,0.01643835,14988.0,9.76824,0.0
2021.09.030.0,248.99995,256.69418,-0.5546751,0.13424657,54.0,9.728479,0.0
2021.01.022.0,3.6000001,4.2563977,-2.400703,0.07397261,85.0,9.6883745,1.0
2021.09.07.0,100.00001,117.88208,-1.2521515,0.52328765,12.999985,9.754756,0.0
2021.09.030.0,477.0001,523.7253,-0.09197372,0.13424657,35.0,9.728479,0.0
2021.05.03.0,510.00003,822.93506,0.90833855,0.05479452,0.0,9.774005,0.0
2021.010.022.0,241.00002,261.76913,-0.8619531,0.4,0.0,9.721366,1.0
2021.012.024.0,4.999999,4.09421,-2.370514,0.22739726,1.0,9.790207,0.0
2021.05.03.0,32.5,20.840767,-1.7026039,0.05479452,663.0,9.774005,1.0
2021.010.022.0,320.99994,284.925,0.113795996,0.07397261,0.0,9.729908,1.0
2021.08.017.0,2.0,1.0493522,-2.6222897,0.08219178,205.0,9.720646,0.0
2021.05.024.0,695.00006,818.6615,0.5293324,0.071232885,0.0,9.696279,1.0
2021.011.012.0,188.99998,161.5626,-0.29609764,0.093150675,236.0,9.7668085,1.0
2021.07.027.0,710.0001,781.05273,0.33825624,0.13972603,0.0,9.748178,0.0
2021.07.06.0,132.99997,150.33383,-0.79949164,0.12054794,20.0,9.77985,1.0
2021.05.03.0,1250.0001,1581.9916,1.1361356,0.13150683,0.0,9.77087,0.0
2021.07.06.0,34.5,62.48323,-1.2897651,0.04383561,1370.0,9.792444,1.0
2021.07.027.0,1429.9998,1502.1754,0.9358375,0.13972603,0.0,9.748178,0.0
2021.02.023.0,45.000004,40.498024,-1.558175,0.1589041,2.0,9.700147,1.0
2021.05.03.0,1399.9999,1688.5692,0.43128157,0.63013697,0.0,9.731512,0.0
2021.012.024.0,64.0,96.67685,-1.3853867,0.22739726,98.0,9.790207,1.0
2021.01.022.0,455.0,385.0881,-0.63247997,0.64931506,0.0,9.644652,1.0
2021.011.012.0,0.19999999,0.17268467,-3.2313619,0.093150675,301.0,9.7668085,0.0
2021.05.024.0,312.00006,294.62637,-0.5212836,0.16712329,3.0,9.689117,1.0
2021.011.012.0,7.699999,12.004845,-1.8945485,0.093150675,104.0,9.7668085,0.0
2021.05.024.0,229.0,278.57712,-0.6986326,0.16712329,0.0,9.689117,1.0
2021.012.024.0,22.000002,17.5924,-1.6515821,0.15068494,0.0,9.793784,0.0
2021.011.012.0,373.0,397.607,-0.66644484,0.5917808,0.0,9.752257,1.0
2021.01.022.0,21.000008,19.005228,-1.9356152,0.15068494,95.0,9.683339,1.0
2021.012.03.0,1490.0,1411.7999,0.6307883,0.2849315,0.0,9.773322,0.0
2021.09.030.0,190.0,179.6272,-0.87627923,0.2109589,2.0,9.72669,1.0
2021.012.024.0,230.00002,202.40822,-0.80489546,0.47671232,1.0,9.783013,0.0
2021.02.023.0,465.99997,419.82895,-0.13670844,0.1589041,122.0,9.700147,0.0
2021.012.03.0,1659.9998,1568.7437,0.71584404,0.2849315,0.0,9.773322,0.0
2021.04.09.0,7.300001,8.060531,-2.426727,0.1890411,0.0,9.730621,1.0
2021.07.027.0,386.99994,368.6822,-0.17722654,0.13972603,0.0,9.748178,1.0
2021.011.012.0,125.999985,151.1307,-0.8958021,0.1890411,0.0,9.763651,0.0
2021.07.06.0,25.5,25.346296,-1.7572881,0.12054794,6.0,9.77985,1.0
2021.06.015.0,51.0,67.42689,-1.4945803,0.2630137,1.0,9.725855,1.0
2021.09.030.0,2.0999997,1.5518847,-2.604094,0.057534248,11.0,9.730502,0.0
2021.09.07.0,650.0001,751.19336,1.3509574,0.024657533,0.0,9.769728,0.0
2021.05.024.0,36.0,12.917929,-1.3073165,0.071232885,1307.0,9.696279,0.0
2021.05.03.0,14.000001,16.501158,-1.7351545,0.13150683,21.0,9.77087,0.0
2021.07.06.0,118.000015,140.13435,-1.0379294,0.19726028,4.0,9.773948,1.0
2021.03.017.0,12.500001,19.024902,-1.8387548,0.17534247,0.0,9.691593,0.0
2021.09.07.0,57.999996,102.2428,-0.49571592,0.024657533,6700.0,9.769728,0.0
2021.02.023.0,100.999985,88.66525,-1.1053071,0.1589041,22.0,9.700147,1.0
2021.07.027.0,178.00002,186.03166,-1.0676925,0.3890411,0.0,9.741792,1.0
2021.04.09.0,1289.9999,1397.1389,0.9009552,0.1890411,0.0,9.730621,0.0
2021.06.015.0,381.00006,332.7929,-0.10313195,0.10958904,535.0,9.747067,0.0
2021.07.06.0,11.000001,8.9771,-1.9862621,0.19726028,2.0,9.773948,0.0
2021.06.015.0,108.00001,78.107765,-0.8984385,0.10958904,243.0,9.747067,0.0
2021.09.07.0,8.0,10.974398,-2.1951792,0.2739726,0.0,9.761579,0.0
2021.05.03.0,104.999985,141.61858,-1.1289243,0.3808219,5.0,9.74367,0.0
2021.06.015.0,725.0,643.53516,0.41823053,0.10958904,0.0,9.747067,0.0
2021.011.012.0,4.999999,10.644663,-2.105113,0.093150675,0.0,9.7668085,1.0
2021.011.012.0,24.499996,39.13917,-0.55444306,0.01643835,13932.0,9.76824,1.0
2021.05.024.0,7.100001,3.2204883,-1.9566019,0.071232885,14.0,9.696279,0.0
2021.08.017.0,260.00006,204.90384,-0.5459525,0.1780822,0.0,9.71776,1.0
2021.05.024.0,490.0001,603.3056,-0.5545761,0.569863,0.0,9.654449,1.0
2021.012.024.0,60.000004,97.33033,-1.2423042,0.15068494,77.0,9.793784,1.0
2021.012.03.0,0.19999999,0.14794193,-3.315228,0.035616443,0.0,9.781602,0.0
2021.09.030.0,2040.0001,2036.3856,0.92745304,0.2109589,0.0,9.72669,0.0
2021.010.022.0,27.000002,30.21941,-1.6068927,0.15068494,102.0,9.72836,0.0
2021.05.024.0,282.99997,220.56187,-0.5586603,0.16712329,18.0,9.689117,0.0
2021.05.03.0,46.0,89.88267,-0.99966353,0.13150683,186.0,9.77087,0.0
2021.07.027.0,580.0,629.15936,0.18343437,0.13972603,0.0,9.748178,0.0
2021.07.06.0,11.5,8.480357,-1.9368902,0.12054794,4.0,9.77985,0.0
2021.03.017.0,235.00003,204.41638,-0.98770237,0.50136983,17.0,9.660141,1.0
2021.010.022.0,414.00003,412.5752,-0.07098144,0.15068494,29.0,9.72836,1.0
2021.09.030.0,1.6999999,1.106277,-2.729012,0.057534248,1.0,9.730502,0.0
2021.05.03.0,550.00006,706.2572,-0.08636296,0.3808219,3.0,9.74367,0.0
2021.05.024.0,17.0,11.681528,-2.0016222,0.16712329,0.0,9.689117,0.0
2021.011.012.0,1.5999999,4.533517,-2.4892862,0.093150675,54.0,9.7668085,1.0
2021.09.030.0,0.5,0.7111026,-2.8178854,0.057534248,0.0,9.730502,0.0
2021.03.017.0,171.0,255.71501,-0.6110141,0.17534247,1.0,9.691593,0.0
2021.012.024.0,6.2999988,5.429328,-2.1897306,0.15068494,0.0,9.793784,0.0
2021.02.023.0,1.5,1.0356314,-2.7909393,0.0630137,4.0,9.704122,1.0
2021.01.022.0,4.4,4.5327754,-2.347035,0.07397261,204.0,9.6883745,1.0
2021.07.06.0,66.00001,50.122604,-0.7352534,0.04383561,3340.0,9.792444,0.0
2021.02.023.0,8.5,7.6864367,-1.9590112,0.0630137,88.0,9.704122,0.0
2021.07.027.0,137.00002,139.3467,-1.2359369,0.3890411,0.0,9.741792,1.0
2021.03.017.0,380.0,445.6084,-0.5313629,0.50136983,5.0,9.660141,0.0
2021.012.024.0,9.0,7.746338,-2.1227353,0.22739726,3.0,9.790207,0.0
2021.011.012.0,5.9000006,9.844883,-1.9335538,0.093150675,214.0,9.7668085,0.0
2021.010.022.0,292.99994,313.92648,-0.7745066,0.64931506,0.0,9.715651,0.0
2021.05.024.0,1219.9999,1442.0568,0.14873576,0.569863,0.0,9.654449,1.0
2021.01.022.0,80.0,61.47185,-1.2802317,0.15068494,132.0,9.683339,1.0
2021.07.027.0,125.00001,127.85878,-1.289742,0.3890411,0.0,9.741792,1.0
2021.09.030.0,310.0,287.7089,-0.5394354,0.2109589,5.0,9.72669,1.0
2021.03.017.0,78.000015,76.56127,-1.2236897,0.17534247,0.0,9.691593,1.0
2021.08.017.0,740.0001,652.1603,-0.1897468,0.58082193,4.0,9.709964,1.0
2021.05.03.0,46.999992,132.16559,-0.55421597,0.05479452,3377.0,9.774005,0.0
2021.011.012.0,594.9999,630.16907,0.07247436,0.1890411,0.0,9.763651,0.0
2021.07.06.0,69.99999,82.913155,-1.2106204,0.12054794,150.0,9.77985,1.0
2021.07.06.0,28.000002,33.671494,-1.6753197,0.12054794,21.0,9.77985,1.0
2021.09.030.0,1.0,0.7042155,-2.4845402,0.057534248,1.0,9.730502,0.0
2021.05.03.0,4.4,3.4465396,-2.408542,0.05479452,23.0,9.774005,1.0
2021.09.07.0,1119.9999,1162.0571,0.19166207,0.52328765,0.0,9.754756,0.0
2021.010.022.0,205.0,223.46889,-1.101687,0.64931506,8.0,9.715651,1.0
2021.05.024.0,65.000015,64.73922,-1.4964536,0.32054794,1.0,9.667766,0.0
2021.012.024.0,1.0,3.047714,-2.6996007,0.07397261,529.0,9.795568,1.0
2021.012.024.0,1800.0002,1658.3937,1.0557516,0.22739726,0.0,9.790207,0.0
2021.03.017.0,5.7,11.682458,-1.9392391,0.09863014,167.0,9.695232,0.0
2021.07.06.0,48.0,60.984516,-1.3809979,0.12054794,1.0,9.77985,1.0
2021.08.017.0,125.999985,107.532135,-1.2748518,0.33150685,0.0,9.71396,1.0
2021.09.07.0,41.0,43.741913,-1.5998225,0.12054794,14.0,9.76612,1.0
2021.04.09.0,1049.9999,1144.2004,0.72043204,0.1890411,0.0,9.730621,0.0
2021.011.012.0,337.00006,360.80328,-0.7323402,0.5917808,0.0,9.752257,1.0
2021.06.015.0,182.99997,216.18837,-0.7461382,0.2630137,5.0,9.725855,1.0
2021.06.015.0,25.999998,26.2924,-1.7695827,0.2630137,6.0,9.725855,0.0
2021.05.03.0,16.500002,12.442234,-1.9530354,0.05479452,288.0,9.774005,1.0
2021.07.06.0,16.500002,19.112665,-2.1335754,0.19726028,50.0,9.773948,1.0
2021.07.06.0,3220.0012,3279.1853,1.7574127,0.19726028,0.0,9.773948,0.0
2021.07.06.0,277.00006,293.13382,-0.8029905,0.44657534,0.0,9.76319,1.0
2021.06.015.0,765.00006,728.0066,0.09299731,0.2630137,0.0,9.725855,0.0
2021.010.022.0,4.5,4.512296,-2.2525768,0.07397261,202.0,9.729908,1.0
2021.011.012.0,321.99994,341.78546,-0.57108223,0.34246576,10.0,9.758808,0.0
2021.07.06.0,18.0,18.541218,-2.0560446,0.19726028,0.0,9.773948,1.0
2021.09.07.0,259.0,240.5448,-1.0057065,0.52328765,2.0,9.754756,1.0
2021.08.017.0,174.99997,244.29158,-0.5618046,0.1780822,16.0,9.71776,0.0
2021.09.030.0,65.000015,67.07379,-1.3519493,0.2109589,32.0,9.72669,0.0
2021.08.017.0,32.0,48.081573,-1.4332716,0.1780822,4.0,9.71776,0.0
2021.08.017.0,18.0,11.304654,-2.0182834,0.08219178,53.0,9.720646,1.0
2021.05.03.0,1670.0,1972.8011,0.59852433,0.63013697,0.0,9.731512,0.0
2021.05.024.0,75.00001,76.48775,-1.4805084,0.569863,0.0,9.654449,0.0
2021.03.017.0,1800.0002,1930.9904,0.63552773,0.50136983,0.0,9.660141,0.0
2021.09.030.0,40.500004,38.34136,-1.5459241,0.2109589,82.0,9.72669,0.0
2021.08.017.0,2.0,1.4641254,-2.518532,0.08219178,0.0,9.720646,0.0
2021.07.06.0,3.0,2.4991615,-2.4765754,0.04383561,127.0,9.792444,1.0
2021.012.024.0,39.500004,68.394516,-1.4119952,0.15068494,3.0,9.793784,1.0
2021.012.024.0,5.799999,13.930357,-2.0900126,0.07397261,100.0,9.795568,1.0
2021.09.030.0,6.1000004,5.4847136,-2.0056758,0.057534248,44.0,9.730502,1.0
2021.02.023.0,484.99994,396.28662,0.21015882,0.0630137,0.0,9.704122,0.0
2021.09.07.0,1.5999999,3.9105563,-2.1155777,0.024657533,693.0,9.769728,0.0
2021.09.030.0,176.00002,134.08446,-0.73573357,0.13424657,4.0,9.728479,1.0
2021.011.012.0,1520.0,1466.8445,0.5880978,0.34246576,0.0,9.758808,0.0
2021.07.027.0,295.00003,292.91824,-0.8914535,0.63835615,0.0,9.733647,1.0
2021.09.030.0,132.00002,96.203,-0.9545346,0.13424657,27.0,9.728479,1.0
2021.011.012.0,35.000004,40.86588,-1.5121734,0.1890411,8.0,9.763651,0.0
2021.09.07.0,125.999985,132.90976,-1.2327074,0.2739726,0.0,9.761579,1.0
2021.012.024.0,416.00006,358.50882,-0.4649992,0.47671232,0.0,9.783013,0.0
2021.010.022.0,24.499996,25.731237,-1.9349344,0.4,0.0,9.721366,0.0
2021.06.015.0,45.000004,38.39617,-1.328167,0.10958904,174.0,9.747067,0.0
2021.012.024.0,7.700001,6.61663,-2.190246,0.22739726,0.0,9.790207,0.0
2021.011.012.0,620.0,613.6077,-0.17852211,0.34246576,0.0,9.758808,0.0
2021.01.022.0,220.00003,219.06595,-0.9622884,0.64931506,0.0,9.644652,0.0
2021.09.030.0,1.0,1.347312,-2.570843,0.057534248,67.0,9.730502,0.0
2021.012.024.0,59.000008,49.169556,-1.1169121,0.15068494,19.0,9.793784,0.0
2021.07.027.0,71.000015,65.207886,-1.1182382,0.0630137,1543.0,9.752781,1.0
2021.08.017.0,216.00002,261.2068,-0.76812565,0.33150685,40.0,9.71396,0.0
2021.011.012.0,132.00002,146.65353,-1.1434536,0.34246576,5.0,9.758808,1.0
2021.02.023.0,38.0,39.252453,-1.7880538,0.31232876,0.0,9.692149,1.0
2021.03.017.0,22.000002,28.670189,-1.7896357,0.25205478,0.0,9.687444,0.0
2021.010.022.0,54.000004,56.62275,-1.4534507,0.15068494,20.0,9.72836,1.0
2021.09.07.0,2.4,2.2408664,-2.2641714,0.024657533,92.0,9.769728,1.0
2021.011.012.0,443.0,512.0503,0.18245077,0.093150675,0.0,9.7668085,0.0
2021.06.015.0,76.0,99.187546,-1.2579689,0.2630137,54.0,9.725855,1.0
2021.03.017.0,370.00006,341.47107,-0.42069685,0.25205478,10.0,9.687444,1.0
2021.011.012.0,0.3,0.48956633,-2.7509773,0.01643835,18.0,9.76824,1.0
2021.010.022.0,265.99994,279.96793,-0.83260113,0.4,30.0,9.721366,1.0
2021.01.022.0,10.0,11.068041,-2.2045267,0.15068494,124.0,9.683339,1.0
2021.06.015.0,515.0,540.2048,-0.32587636,0.51232874,12.999985,9.714867,1.0
2021.06.015.0,795.0002,725.20154,0.24965787,0.18630137,0.0,9.736488,0.0
2021.011.012.0,9.299999,18.663734,-1.1119437,0.01643835,7857.0,9.76824,1.0
2021.07.06.0,2099.9998,1979.1677,0.7896004,0.44657534,0.0,9.76319,0.0
2021.010.022.0,333.00006,348.41574,-0.6634489,0.4,5.0,9.721366,1.0
2021.012.024.0,236.00003,317.09427,-0.36578965,0.15068494,8.0,9.793784,1.0
2021.07.06.0,54.000004,90.17548,-1.0300461,0.04383561,1992.0,9.792444,1.0
2021.09.030.0,360.00003,344.38974,-0.66377264,0.46027398,6.0,9.715953,0.0
2021.01.022.0,365.0001,411.94574,-0.123016894,0.15068494,181.0,9.683339,0.0
2021.06.015.0,200.00002,278.76474,-0.20447397,0.10958904,568.0,9.747067,1.0
2021.09.030.0,145.0,104.55922,-0.8617098,0.13424657,26.0,9.728479,1.0
2021.02.023.0,211.0,218.89543,-1.0230596,0.56164384,4.0,9.666055,0.0
2021.010.022.0,17.500002,15.423191,-2.0198376,0.15068494,5.0,9.72836,1.0
2021.08.017.0,2.0999997,0.99097484,-2.6230543,0.08219178,1630.0,9.720646,0.0
2021.04.09.0,1130.0001,1230.3126,0.7941352,0.1890411,0.0,9.730621,0.0
2021.09.07.0,1119.9999,1229.2571,0.58205736,0.19726028,0.0,9.763938,0.0
2021.09.07.0,0.39999998,0.99544185,-2.7512288,0.024657533,85.0,9.769728,0.0
2021.08.017.0,82.999985,117.56693,-1.340836,0.58082193,16.0,9.709964,0.0
2021.03.017.0,200.00002,183.1731,-1.048494,0.50136983,6.0,9.660141,1.0
2021.07.06.0,1110.0002,974.1173,1.4260097,0.04383561,0.0,9.792444,0.0
2021.05.03.0,1280.0,1554.8406,0.34749663,0.63013697,0.0,9.731512,0.0
2021.07.027.0,162.99997,159.01096,-1.1727513,0.3890411,1.0,9.741792,1.0
2021.010.022.0,167.0,181.884,-0.90497017,0.4,1.0,9.721366,0.0
2021.08.017.0,15.000001,18.315598,-1.8007218,0.1780822,0.0,9.71776,0.0
2021.07.027.0,216.99995,208.96054,-0.34355974,0.0630137,604.0,9.752781,1.0
2021.07.027.0,1.8999999,1.5739306,-2.4534013,0.0630137,1.0,9.752781,0.0
2021.012.03.0,1.5999999,1.3597516,-2.6213589,0.035616443,0.0,9.781602,1.0
2021.01.022.0,8.0,11.102251,-2.2744884,0.15068494,7.0,9.683339,1.0
2021.07.027.0,894.9998,946.0441,0.10993147,0.3890411,0.0,9.741792,0.0
2021.010.022.0,447.99994,415.46957,-0.3932588,0.4,21.0,9.721366,0.0
2021.09.030.0,644.99994,564.55084,-0.24024683,0.46027398,0.0,9.715953,1.0
2021.02.023.0,235.00003,200.27869,-0.5997698,0.1589041,4.0,9.700147,0.0
2021.07.027.0,2540.0005,2573.608,1.64713,0.13972603,0.0,9.748178,0.0
2021.08.017.0,6.1000004,8.572125,-1.9411776,0.08219178,289.0,9.720646,0.0
2021.09.07.0,1.5,3.1505883,-2.200099,0.024657533,343.0,9.769728,0.0
2021.011.012.0,270.00003,283.12927,0.56666887,0.01643835,0.0,9.76824,0.0
2021.05.03.0,2.2,1.5577996,-2.4067583,0.05479452,23.0,9.774005,0.0
2021.012.024.0,24.499996,35.84924,-1.8636727,0.22739726,2.0,9.790207,1.0
2021.07.06.0,80.0,65.01151,-1.1622188,0.19726028,27.0,9.773948,0.0
2021.07.027.0,235.00003,240.28549,-0.9176641,0.3890411,2.0,9.741792,1.0
2021.02.023.0,15.499999,10.949261,-1.7951161,0.0630137,227.0,9.704122,0.0
2021.09.030.0,48.999992,34.0457,-1.1674049,0.057534248,7749.0,9.730502,1.0
2021.05.024.0,28.000002,25.230711,-1.6446514,0.071232885,278.0,9.696279,1.0
2021.011.012.0,268.00006,290.83072,-0.42522597,0.1890411,3.0,9.763651,1.0
2021.06.015.0,62.999992,69.048615,-1.5514514,0.51232874,3.0,9.714867,0.0
2021.012.024.0,14.499999,13.549174,-1.8702567,0.22739726,1.0,9.790207,0.0
2021.09.07.0,426.0001,397.8655,-0.41392946,0.2739726,0.0,9.761579,1.0
2021.05.024.0,46.5,33.251278,-1.4893517,0.16712329,25.0,9.689117,0.0
2021.011.012.0,377.99997,437.88608,0.05728352,0.093150675,0.0,9.7668085,0.0
2021.011.012.0,130.00003,145.06853,-1.0674101,0.34246576,4.0,9.758808,0.0
2021.02.023.0,340.0,304.4234,-0.5824454,0.31232876,30.0,9.692149,1.0
2021.09.030.0,384.99997,383.21255,-0.27155054,0.13424657,65.0,9.728479,0.0
2021.09.07.0,0.19999999,0.33623618,-3.2111943,0.024657533,302.0,9.769728,1.0
2021.012.03.0,1339.9998,1199.3223,0.24964905,0.53424656,0.0,9.7648,0.0
2021.05.03.0,835.0,1134.3038,0.7928238,0.13150683,0.0,9.77087,0.0
2021.07.027.0,358.0001,348.73154,-0.7719814,0.63835615,0.0,9.733647,1.0
2021.05.024.0,769.99994,909.4643,0.23197031,0.16712329,0.0,9.689117,1.0
2021.06.015.0,270.00003,354.73273,-0.004075527,0.10958904,529.0,9.747067,1.0
2021.08.017.0,1350.0002,1726.4674,0.57944834,0.33150685,0.0,9.71396,0.0
2021.08.017.0,844.9999,551.39734,0.30405068,0.1780822,0.0,9.71776,1.0
2021.012.024.0,3.0999997,2.3115344,-2.3042374,0.07397261,0.0,9.795568,0.0
2021.01.022.0,1150.0001,1237.8962,0.17610729,0.64931506,0.0,9.644652,0.0
2021.04.09.0,43.000004,48.481125,-1.7697712,0.43835616,27.0,9.70186,1.0
2021.010.022.0,1920.0001,1908.7012,1.2267134,0.15068494,0.0,9.72836,0.0
2021.09.030.0,51.0,51.94228,-1.6496241,0.46027398,0.0,9.715953,0.0
2021.012.03.0,18.0,19.54574,-1.7414439,0.20821919,0.0,9.776676,0.0
2021.09.030.0,209.99997,220.5626,-0.7402533,0.2109589,2.0,9.72669,0.0
2021.07.06.0,1920.0001,1948.3257,1.4518692,0.12054794,0.0,9.77985,0.0
2021.08.017.0,18.499998,20.651237,-1.8964151,0.33150685,0.0,9.71396,0.0
2021.012.03.0,12.500001,7.3452725,-1.441572,0.035616443,1500.0,9.781602,0.0
2021.09.07.0,205.99998,247.93991,-0.6558555,0.2739726,7.0,9.761579,0.0
2021.06.015.0,36.0,32.915478,-1.4274274,0.10958904,130.99998,9.747067,0.0
2021.09.07.0,27.000002,26.80529,-1.7746426,0.12054794,17.0,9.76612,1.0
2021.09.07.0,850.0,829.1482,-0.09624094,0.52328765,6.0,9.754756,1.0
2021.03.017.0,424.00006,381.19943,-0.5734384,0.50136983,0.0,9.660141,1.0
2021.05.03.0,995.0001,1297.2175,0.9419868,0.13150683,0.0,9.77087,0.0
2021.09.07.0,21.000008,21.394058,-1.8694217,0.2739726,0.0,9.761579,0.0
2021.010.022.0,600.00006,602.0541,-0.24541855,0.4,1.0,9.721366,1.0
2021.011.012.0,117.00002,107.47154,-0.6223261,0.093150675,1093.0,9.7668085,1.0
2021.010.022.0,55.000008,70.92983,-1.4767253,0.4,96.0,9.721366,0.0
2021.012.024.0,96.0,79.30318,-0.8771717,0.15068494,75.0,9.793784,0.0
2021.010.022.0,669.9999,685.91266,-0.13510251,0.4,1.0,9.721366,1.0
2021.05.024.0,730.0002,615.8613,-0.2551654,0.569863,5.0,9.654449,0.0
2021.01.022.0,50.000004,23.118896,-1.3938305,0.07397261,3157.0,9.6883745,1.0
2021.012.03.0,754.9999,690.6347,1.0490868,0.035616443,0.0,9.781602,0.0
2021.07.027.0,238.99994,233.05765,-0.1242013,0.0630137,1480.0002,9.752781,0.0
2021.03.017.0,26.499998,52.887615,-1.2683969,0.09863014,365.0,9.695232,0.0
2021.03.017.0,162.00002,153.43764,-1.1644557,0.50136983,2.0,9.660141,1.0
2021.07.06.0,2679.9995,2549.6135,2.159923,0.04383561,0.0,9.792444,0.0
2021.012.03.0,170.0,150.03986,-0.8636187,0.2849315,6.0,9.773322,0.0
2021.05.024.0,167.99997,214.07968,-0.68675303,0.071232885,772.0,9.696279,1.0
2021.09.07.0,0.19999999,0.32902664,-2.9627192,0.024657533,0.0,9.769728,0.0
2021.05.03.0,120.00001,108.08548,-1.3182123,0.3808219,0.0,9.74367,1.0
2021.09.030.0,60.000004,49.73577,-1.6155267,0.2109589,1.0,9.72669,1.0
2021.012.024.0,30.500002,27.487797,-1.4563693,0.15068494,74.0,9.793784,0.0
2021.03.017.0,3.7000012,8.399349,-2.0568628,0.09863014,34.0,9.695232,0.0
2021.012.03.0,1219.9999,1158.8788,1.5441947,0.035616443,0.0,9.781602,0.0
2021.08.017.0,12.999999,13.873305,-1.905642,0.1780822,6.0,9.71776,0.0
2021.09.07.0,30.500002,35.362026,-1.6562505,0.12054794,3.0,9.76612,1.0
2021.011.012.0,48.500004,61.408367,-1.6531022,0.34246576,29.0,9.758808,1.0
2021.011.012.0,153.0,167.8901,-1.1949962,0.5917808,30.0,9.752257,1.0
2021.09.07.0,13.500001,24.429962,-1.7734836,0.12054794,8.0,9.76612,0.0
2021.09.030.0,12.0,10.733604,-2.009594,0.2109589,39.0,9.72669,0.0
2021.03.017.0,135.00002,161.30289,-1.1551336,0.50136983,0.0,9.660141,0.0
2021.01.022.0,15.000001,13.040401,-2.051239,0.15068494,9.0,9.683339,1.0
2021.02.023.0,51.0,35.308453,-1.2293593,0.0630137,1097.0,9.704122,0.0
2021.011.012.0,315.99994,375.60797,-0.07106811,0.093150675,602.0,9.7668085,0.0
2021.05.03.0,12.0,16.127432,-2.0757437,0.13150683,15.0,9.77087,1.0
2021.05.024.0,820.0,662.21277,0.0,0.32054794,1.0,9.667766,0.0
2021.05.024.0,1210.0002,1342.2079,0.72698927,0.16712329,0.0,9.689117,1.0
2021.07.06.0,1.0,0.5666715,-2.6279905,0.04383561,0.0,9.792444,0.0
2021.012.03.0,1030.0,965.24243,1.3466485,0.035616443,0.0,9.781602,0.0
2021.011.012.0,0.79999995,0.68382937,-2.5447197,0.01643835,120.0,9.76824,1.0
2021.010.022.0,279.0,227.19614,-0.016817212,0.07397261,1606.0,9.729908,1.0
2021.012.03.0,935.00006,857.1071,1.2579806,0.035616443,0.0,9.781602,0.0
2021.03.017.0,315.99994,471.44806,0.044542193,0.09863014,0.0,9.695232,0.0
2021.07.027.0,192.0,184.04459,-0.25684696,0.0630137,1610.0,9.752781,0.0
2021.08.017.0,515.0,408.04495,-0.5508482,0.58082193,1.0,9.709964,1.0
2021.012.024.0,1130.0001,990.57245,0.6011554,0.22739726,0.0,9.790207,0.0
2021.04.09.0,262.00003,290.04425,-0.8307954,0.68767124,0.0,9.690975,0.0
2021.04.09.0,15.499999,14.854371,-2.0839913,0.1890411,0.0,9.730621,1.0
2021.04.09.0,55.999992,61.137085,-1.6500236,0.43835616,0.0,9.70186,1.0
2021.02.023.0,635.0001,612.3661,0.09078169,0.1589041,0.0,9.700147,0.0
2021.05.03.0,438.99997,732.07324,0.8101187,0.05479452,0.0,9.774005,0.0
2021.07.027.0,2.3,2.164774,-2.3205333,0.0630137,1.0,9.752781,0.0
2021.010.022.0,20.0,16.532133,-2.0240142,0.15068494,1.0,9.72836,1.0
2021.05.03.0,9.0,9.251064,-2.3586164,0.13150683,118.0,9.77087,1.0
2021.08.017.0,615.0,387.70532,-0.008544385,0.1780822,8.0,9.71776,1.0
2021.09.07.0,620.0,788.1476,0.40810752,0.12054794,0.0,9.76612,0.0
2021.011.012.0,1069.9999,1055.3099,0.2835958,0.34246576,0.0,9.758808,0.0
2021.012.03.0,0.19999999,0.16109811,-2.8769603,0.035616443,3.0,9.781602,0.0
2021.04.09.0,1160.0,1291.9155,0.15619063,0.68767124,0.0,9.690975,0.0
2021.04.09.0,1480.0002,1611.3838,0.5706985,0.43835616,0.0,9.70186,0.0
2021.04.09.0,1409.9996,1527.3716,0.31820285,0.68767124,0.0,9.690975,0.0
2021.07.06.0,30.000002,29.488483,-1.450466,0.12054794,4.0,9.77985,0.0
2021.09.07.0,408.0,491.21588,-0.27796435,0.2739726,1.0,9.761579,0.0
2021.010.022.0,9.0,10.093121,-2.0625436,0.15068494,14.0,9.72836,0.0
2021.07.06.0,11.000001,11.378992,-1.9061992,0.04383561,231.0,9.792444,1.0
2021.09.07.0,4.1,3.542327,-2.159788,0.024657533,718.0,9.769728,1.0
2021.07.06.0,524.99994,572.5762,-0.34434247,0.44657534,0.0,9.76319,1.0
2021.07.06.0,8.1,8.505055,-2.0414038,0.04383561,74.0,9.792444,1.0
2021.012.024.0,34.5,53.299877,-1.7168946,0.22739726,1.0,9.790207,1.0
2021.06.015.0,248.99995,249.31325,-0.8822233,0.51232874,0.0,9.714867,0.0
2021.012.024.0,1.2,1.5692638,-2.7956457,0.15068494,0.0,9.793784,0.0
2021.05.024.0,605.0001,401.3464,0.2279675,0.071232885,0.0,9.696279,0.0
2021.09.07.0,0.19999999,0.20982659,-3.1232512,0.024657533,0.0,9.769728,0.0
2021.02.023.0,243.99995,252.74957,-0.91142327,0.56164384,1.0,9.666055,0.0
2021.09.07.0,76.0,82.037346,-1.1974094,0.12054794,32.0,9.76612,1.0
2021.09.07.0,4.6,7.6069045,-2.387789,0.2739726,0.0,9.761579,0.0
2021.05.024.0,894.9998,630.3771,0.5518863,0.071232885,0.0,9.696279,0.0
2021.09.030.0,545.0001,481.57135,-0.09396398,0.2109589,7.0,9.72669,1.0
2021.09.030.0,31.500004,22.279835,-1.3533541,0.057534248,456.0,9.730502,1.0
2021.06.015.0,34.0,39.98099,-1.7749089,0.2630137,1.0,9.725855,1.0
2021.06.015.0,135.00002,153.54002,-1.1872798,0.51232874,0.0,9.714867,1.0
2021.05.024.0,7.100001,6.914423,-2.1710126,0.16712329,1.0,9.689117,0.0
2021.05.024.0,1.5999999,0.5737623,-2.7398145,0.071232885,148.0,9.696279,0.0
2021.011.012.0,222.99998,226.87688,-0.55679363,0.1890411,7.0,9.763651,1.0
2021.05.024.0,664.9999,785.2112,-0.353432,0.569863,0.0,9.654449,1.0
2021.09.07.0,182.99997,276.90628,-0.39780414,0.12054794,88.0,9.76612,0.0
2021.09.07.0,310.99997,286.82468,-0.88069284,0.52328765,0.0,9.754756,1.0
2021.08.017.0,920.00006,593.7783,0.38413358,0.1780822,0.0,9.71776,1.0
2021.08.017.0,42.000004,69.08445,-1.2843161,0.1780822,34.0,9.71776,0.0
2021.05.024.0,510.00003,437.55627,-0.48821405,0.569863,1.0,9.654449,0.0
2021.08.017.0,740.0001,927.16266,0.083513975,0.33150685,0.0,9.71396,0.0
2021.05.024.0,880.0001,1091.0574,0.09561658,0.32054794,0.0,9.667766,1.0
2021.09.07.0,310.99997,398.60608,-0.41666108,0.2739726,0.0,9.761579,0.0
2021.07.06.0,62.999992,95.44379,-0.9409458,0.04383561,3693.0,9.792444,1.0
2021.08.017.0,472.99994,250.8878,0.047688246,0.08219178,0.0,9.720646,1.0
2021.012.03.0,100.00001,82.40471,-1.1765074,0.2849315,3.0,9.773322,0.0
2021.08.017.0,98.000015,197.20665,-0.5442252,0.08219178,763.0,9.720646,0.0
2021.012.024.0,1310.0001,1117.6274,0.34406376,0.47671232,0.0,9.783013,0.0
2021.06.015.0,1509.9998,1467.0012,1.1828187,0.10958904,0.0,9.747067,0.0
2021.09.07.0,376.00006,488.19916,0.03358805,0.12054794,0.0,9.76612,0.0
2021.03.017.0,10.0,7.8400455,-2.1172576,0.09863014,53.0,9.695232,1.0
2021.07.06.0,242.00003,281.48187,-0.9617259,0.6958904,0.0,9.753769,1.0
2021.02.023.0,7.699999,5.3759127,-2.111897,0.0630137,876.0,9.704122,1.0
2021.02.023.0,364.0,378.32257,-0.6815039,0.56164384,0.0,9.666055,0.0
2021.07.06.0,1470.0002,1373.7806,0.45925188,0.44657534,0.0,9.76319,0.0
2021.05.03.0,64.0,52.393784,-1.4888744,0.13150683,17.0,9.77087,1.0
2021.03.017.0,207.00002,148.6286,-0.45225066,0.09863014,1538.0,9.695232,1.0
2021.09.07.0,62.999992,65.965836,-1.6371256,0.2739726,10.0,9.761579,1.0
2021.02.023.0,123.0,95.008286,-0.7018866,0.0630137,1273.0,9.704122,1.0
2021.06.015.0,4.0,4.946283,-2.2426481,0.10958904,0.0,9.747067,0.0
2021.03.017.0,358.99994,266.45963,-0.043139577,0.09863014,488.0,9.695232,1.0
2021.06.015.0,2290.0,2224.4297,1.8694992,0.10958904,0.0,9.747067,0.0
2021.010.022.0,590.00006,612.4531,-0.42025042,0.64931506,0.0,9.715651,1.0
2021.09.07.0,4.2000003,7.370216,-2.1608791,0.12054794,0.0,9.76612,0.0
2021.010.022.0,246.0,263.91656,-1.0089715,0.64931506,0.0,9.715651,1.0
2021.05.03.0,13.500001,16.283154,-2.1214216,0.13150683,16.0,9.77087,1.0
2021.09.030.0,25.000002,22.183855,-1.971188,0.46027398,0.0,9.715953,0.0
2021.06.015.0,131.00002,109.55575,-0.7810096,0.10958904,627.0,9.747067,0.0
2021.01.022.0,100.00001,86.70748,-1.3597589,0.4,74.0,9.670672,1.0
2021.03.017.0,1500.0002,1632.488,0.47195303,0.50136983,0.0,9.660141,0.0
2021.03.017.0,57.999996,121.66495,-0.9086563,0.09863014,1697.0,9.695232,0.0
2021.09.07.0,28.999998,52.07112,-1.4268376,0.12054794,23.0,9.76612,0.0
2021.012.024.0,964.99945,847.7196,0.4640566,0.22739726,0.0,9.790207,0.0
2021.04.09.0,1049.9999,1132.2288,1.946902,0.035616443,0.0,9.736842,0.0
2021.05.03.0,51.999996,47.737656,-1.5281057,0.13150683,39.0,9.77087,1.0
2021.011.012.0,46.999992,70.25735,-1.1956553,0.093150675,2268.0,9.7668085,0.0
2021.011.012.0,364.0,395.31766,-0.2554795,0.1890411,2.0,9.763651,0.0
2021.06.015.0,20.0,24.787294,-1.981586,0.2630137,117.0,9.725855,1.0
2021.03.017.0,9.0,6.6477504,-2.1675777,0.09863014,376.0,9.695232,1.0
2021.03.017.0,28.999998,33.220016,-1.8488606,0.25205478,1.0,9.687444,1.0
2021.012.024.0,33.5,77.49505,-1.2907028,0.07397261,1067.0,9.795568,1.0
2021.08.017.0,2.3,1.8350748,-2.447424,0.08219178,0.0,9.720646,0.0
2021.02.023.0,625.00006,560.6211,-0.36896336,0.56164384,5.0,9.666055,1.0
2021.07.027.0,356.00006,376.17975,-0.5116371,0.3890411,3.0,9.741792,0.0
2021.02.023.0,1240.0,1320.7286,0.1539669,0.56164384,0.0,9.666055,0.0
2021.010.022.0,5.7,9.221923,-2.0408008,0.15068494,6.0,9.72836,0.0
2021.07.06.0,198.00003,216.66785,-1.0037599,0.44657534,0.0,9.76319,1.0
2021.07.06.0,8.400001,7.673934,-2.0712893,0.04383561,35.0,9.792444,1.0
2021.08.017.0,1329.9998,1043.4689,0.21423864,0.58082193,0.0,9.709964,1.0
2021.012.024.0,8.199998,17.15919,-1.996881,0.07397261,174.0,9.795568,1.0
2021.02.023.0,1119.9999,1134.0713,0.56788445,0.1589041,0.0,9.700147,0.0
2021.08.017.0,524.99994,802.00415,0.47264802,0.08219178,0.0,9.720646,0.0
2021.05.024.0,20.0,10.462447,-2.0370672,0.16712329,4.0,9.689117,0.0
2021.07.06.0,30.000002,36.25567,-1.6533943,0.12054794,7.0,9.77985,1.0
2021.06.015.0,1040.0002,1027.2865,0.07664442,0.51232874,0.0,9.714867,0.0
2021.05.03.0,4.4,4.65345,-2.613409,0.13150683,0.0,9.77087,1.0
2021.010.022.0,0.099999994,0.21824975,-3.3672853,0.07397261,3.0,9.729908,0.0
2021.05.03.0,10.0,7.955506,-2.144228,0.05479452,97.0,9.774005,1.0
2021.02.023.0,4.999999,3.02291,-2.3111894,0.0630137,17.0,9.704122,1.0
2021.07.027.0,62.999992,68.690895,-1.4401555,0.3890411,0.0,9.741792,0.0
2021.07.027.0,90.00001,110.01349,-0.6810422,0.0630137,3206.0,9.752781,0.0
2021.011.012.0,83.999985,88.429054,-1.4155433,0.5917808,78.0,9.752257,0.0
2021.06.015.0,308.99997,330.64993,-0.68755776,0.51232874,0.0,9.714867,1.0
2021.010.022.0,23.0,27.733032,-1.6828978,0.15068494,55.0,9.72836,0.0
2021.05.024.0,487.99994,558.8063,-0.14165759,0.16712329,1.0,9.689117,1.0
2021.06.015.0,69.99999,57.370872,-1.1236835,0.10958904,496.0,9.747067,0.0
2021.012.03.0,0.19999999,0.5254199,-3.1202216,0.035616443,0.0,9.781602,1.0
2021.01.022.0,43.499996,20.120937,-1.4157642,0.07397261,5265.0,9.6883745,1.0
2021.09.030.0,669.9999,800.619,0.47665977,0.057534248,0.0,9.730502,0.0
2021.07.027.0,710.0001,740.05444,0.6542591,0.0630137,0.0,9.752781,0.0
2021.05.024.0,935.00006,766.3834,-0.08866352,0.569863,4.0,9.654449,0.0
2021.06.015.0,500.00006,433.7262,0.11068046,0.10958904,0.0,9.747067,0.0
2021.08.017.0,170.0,225.23929,-0.9942088,0.58082193,3.0,9.709964,0.0
2021.02.023.0,394.99997,344.0149,-0.48998514,0.31232876,0.0,9.692149,1.0
2021.04.09.0,178.00002,193.49084,-1.049564,0.68767124,0.0,9.690975,0.0
2021.012.03.0,1180.0001,1112.2689,0.42473173,0.2849315,0.0,9.773322,0.0
2021.010.022.0,98.000015,101.32439,-1.0950305,0.15068494,21.0,9.72836,1.0
2021.011.012.0,455.0,518.083,1.0999415,0.01643835,0.0,9.76824,0.0
2021.05.024.0,30.999998,25.661499,-1.631446,0.16712329,20.0,9.689117,0.0
2021.06.015.0,14.499999,26.522469,-1.7160083,0.10958904,15.0,9.747067,1.0
2021.09.030.0,6.9,5.4309297,-2.1612926,0.057534248,882.0,9.730502,0.0
2021.012.024.0,342.0,300.9201,-0.57840097,0.47671232,0.0,9.783013,0.0
2021.07.027.0,250.00003,225.70332,-0.23276114,0.0630137,2506.0,9.752781,1.0
2021.03.017.0,19.0,43.208282,-1.3778429,0.09863014,614.0,9.695232,0.0
2021.012.03.0,969.9999,857.1251,0.0042647123,0.53424656,0.0,9.7648,0.0
2021.011.012.0,0.099999994,0.2559049,-3.0894961,0.01643835,403.0,9.76824,1.0
2021.09.030.0,19.0,15.161478,-1.571787,0.057534248,305.0,9.730502,1.0
2021.011.012.0,1219.9999,1189.12,0.16891932,0.5917808,0.0,9.752257,0.0
2021.05.03.0,203.00005,328.74014,-0.18322313,0.13150683,460.0,9.77087,0.0
2021.09.07.0,0.19999999,0.3608225,-3.319336,0.024657533,156.0,9.769728,1.0
2021.05.03.0,3.3999999,3.826923,-2.4010854,0.05479452,0.0,9.774005,1.0
2021.010.022.0,83.999985,111.976006,-0.8495843,0.07397261,3848.0,9.729908,0.0
2021.011.012.0,114.0,121.246574,-1.0117172,0.1890411,8.0,9.763651,1.0
2021.02.023.0,570.0,590.1675,-0.22374934,0.31232876,0.0,9.692149,0.0
2021.07.027.0,95.0,102.882385,-0.9047564,0.13972603,23.0,9.748178,0.0
2021.02.023.0,188.99998,133.4794,-0.49438363,0.0630137,3365.0,9.704122,0.0
2021.011.012.0,0.099999994,0.110315055,-3.266158,0.01643835,0.0,9.76824,0.0
2021.05.024.0,277.00006,260.43198,-0.66096544,0.32054794,3.0,9.667766,0.0
2021.07.06.0,740.0001,591.9758,1.0068247,0.04383561,0.0,9.792444,0.0
2021.010.022.0,789.9995,751.9072,0.53192496,0.15068494,0.0,9.72836,1.0
2021.09.07.0,46.999992,44.46946,-1.7713375,0.2739726,9.0,9.761579,1.0
2021.09.030.0,800.00006,816.7992,0.09785867,0.2109589,0.0,9.72669,0.0
2021.09.030.0,515.0,658.66614,0.2653278,0.057534248,0.0,9.730502,0.0
2021.012.024.0,515.0,417.32806,0.22310627,0.15068494,0.0,9.793784,0.0
2021.011.012.0,1.8999999,1.8244921,-2.1462226,0.01643835,1283.0,9.76824,1.0
2021.011.012.0,10.500001,15.553217,-1.8220134,0.093150675,440.0,9.7668085,0.0
2021.012.03.0,545.0001,608.19135,-0.19961983,0.2849315,0.0,9.773322,1.0
2021.06.015.0,28.000002,27.584751,-1.5160867,0.10958904,216.0,9.747067,0.0
2021.011.012.0,1.3999997,1.2230203,-2.6766157,0.093150675,0.0,9.7668085,0.0
2021.012.024.0,486.00006,361.17422,-0.11251211,0.22739726,1.0,9.790207,0.0
2021.011.012.0,0.39999998,0.47089443,-2.7632823,0.01643835,45.0,9.76824,1.0
2021.010.022.0,33.5,28.72228,-1.7293644,0.15068494,38.0,9.72836,1.0
2021.04.09.0,40.500004,35.25355,-1.5762254,0.1890411,19.0,9.730621,1.0
2021.05.024.0,11.5,7.699823,-2.163068,0.071232885,192.0,9.696279,1.0
2021.06.015.0,275.00003,263.16284,-0.5738087,0.2630137,0.0,9.725855,0.0
2021.02.023.0,314.0,226.3937,-0.13419986,0.0630137,3766.0,9.704122,0.0
2021.05.024.0,360.00003,210.81084,-0.13495874,0.071232885,2173.0,9.696279,0.0
2021.09.030.0,121.99998,214.2201,-0.6847901,0.057534248,4414.0,9.730502,0.0
2021.09.07.0,100.00001,181.43488,-0.7376843,0.12054794,145.0,9.76612,0.0
2021.09.030.0,814.9999,820.8579,0.28296065,0.13424657,0.0,9.728479,0.0
2021.04.09.0,950.0,1033.7858,1.9185264,0.035616443,0.0,9.736842,0.0
2021.09.07.0,159.00003,164.76242,-1.1040809,0.2739726,0.0,9.761579,1.0
2021.011.012.0,118.99998,103.874825,-0.10751021,0.01643835,19339.0,9.76824,0.0
2021.012.03.0,690.00006,748.7116,0.023693621,0.2849315,0.0,9.773322,1.0
2021.09.030.0,1110.0002,1035.0198,0.28946638,0.46027398,0.0,9.715953,1.0
2021.02.023.0,6.3999996,4.8542113,-2.1527364,0.0630137,24.0,9.704122,0.0
2021.07.06.0,699.99994,669.23096,0.4498837,0.12054794,0.0,9.77985,0.0
2021.05.024.0,710.0001,845.2195,-0.091047704,0.32054794,0.0,9.667766,1.0
2021.06.015.0,1329.9998,1273.973,1.0297259,0.10958904,0.0,9.747067,0.0
2021.012.024.0,620.0,728.34204,-0.23133457,0.47671232,1.0,9.783013,1.0
2021.03.017.0,3.0,5.0982227,-2.2501976,0.09863014,0.0,9.695232,0.0
2021.011.012.0,45.000004,48.183857,-1.4493018,0.1890411,7.0,9.763651,0.0
2021.010.022.0,289.0,310.66663,-0.3776679,0.15068494,7.0,9.72836,1.0
2021.07.06.0,187.00002,162.76393,-0.6701426,0.19726028,5.0,9.773948,0.0
2021.03.017.0,55.999992,82.86659,-1.4600656,0.50136983,0.0,9.660141,0.0
2021.09.030.0,64.0,40.59629,-1.0323896,0.057534248,1496.0,9.730502,1.0
2021.07.06.0,555.0001,526.9203,0.27451348,0.12054794,0.0,9.77985,0.0
2021.07.027.0,1150.0001,1183.1768,1.0879538,0.0630137,0.0,9.752781,0.0
2021.012.024.0,48.0,75.16351,-1.5216495,0.22739726,0.0,9.790207,1.0
2021.06.015.0,894.9998,882.1461,0.22089922,0.2630137,0.0,9.725855,0.0
2021.012.024.0,121.99998,179.5747,-0.8252775,0.15068494,19.0,9.793784,1.0
2021.05.024.0,655.00006,594.65643,-0.3413924,0.569863,2.0,9.654449,0.0
2021.06.015.0,4.999999,8.537188,-2.3203979,0.2630137,0.0,9.725855,0.0
2021.07.027.0,6.9,7.238246,-2.2756343,0.0630137,250.0,9.752781,1.0
2021.012.024.0,14.000001,30.684797,-1.7260879,0.07397261,370.0,9.795568,1.0
2021.012.024.0,1.1,4.3033233,-2.6219804,0.07397261,67.0,9.795568,1.0
2021.06.015.0,1679.9998,1704.613,0.80280566,0.2630137,0.0,9.725855,0.0
2021.08.017.0,4.1,4.3043985,-2.162756,0.08219178,0.0,9.720646,0.0
2021.011.012.0,885.0001,839.28644,-0.09340036,0.5917808,8.0,9.752257,0.0
2021.011.012.0,139.99998,200.50734,-0.620664,0.093150675,1047.0,9.7668085,0.0
2021.011.012.0,0.099999994,0.117763355,-3.3150127,0.01643835,3.0,9.76824,0.0
2021.07.027.0,780.0002,830.9966,0.007319689,0.3890411,0.0,9.741792,0.0
2021.08.017.0,290.0,402.65198,-0.51066345,0.33150685,0.0,9.71396,0.0
2021.09.07.0,196.99997,189.91385,-1.1412611,0.52328765,0.0,9.754756,1.0
2021.05.03.0,2649.9995,3052.15,1.446862,0.3808219,0.0,9.74367,0.0
2021.011.012.0,0.3,0.35953593,-2.9349017,0.01643835,64.0,9.76824,1.0
2021.02.023.0,699.99994,610.7042,0.5268669,0.0630137,0.0,9.704122,0.0
2021.011.012.0,8.1,14.129787,-1.9573107,0.093150675,12.0,9.7668085,1.0
2021.012.024.0,214.99997,295.90732,-0.45091778,0.15068494,6.0,9.793784,1.0
2021.05.03.0,60.000004,37.93041,-1.4290967,0.05479452,2145.0,9.774005,1.0
2021.03.017.0,80.0,102.28654,-1.3543044,0.50136983,0.0,9.660141,0.0
2021.07.027.0,900.0001,845.7057,0.09066737,0.3890411,0.0,9.741792,1.0
2021.08.017.0,127.00002,230.08711,-0.4252869,0.08219178,1807.0,9.720646,0.0
2021.05.03.0,487.99994,631.5703,-0.33517706,0.63013697,0.0,9.731512,0.0
2021.03.017.0,160.0,143.75398,-0.8631386,0.17534247,3.0,9.691593,1.0
2021.08.017.0,469.00003,372.1233,-0.6197888,0.58082193,0.0,9.709964,1.0
2021.07.06.0,115.00001,124.68213,-1.3147008,0.44657534,3.0,9.76319,1.0
2021.07.027.0,288.0,270.77463,-0.4354747,0.13972603,7.0,9.748178,1.0
2021.010.022.0,1100.0001,1138.9503,0.08525932,0.64931506,0.0,9.715651,1.0
2021.012.024.0,82.0,132.22643,-1.2167926,0.22739726,0.0,9.790207,1.0
2021.011.012.0,256.0,224.34566,-0.055369854,0.093150675,273.0,9.7668085,1.0
2021.03.017.0,80.0,63.827778,-1.051324,0.09863014,451.0,9.695232,1.0
2021.011.012.0,0.39999998,0.4511204,-2.7750254,0.01643835,36.0,9.76824,1.0
2021.08.017.0,7.799999,7.5125813,-2.2012262,0.1780822,0.0,9.71776,0.0
2021.012.024.0,820.0,665.742,0.5619061,0.15068494,0.0,9.793784,0.0
2021.06.015.0,1230.0,1172.9207,0.9578965,0.10958904,0.0,9.747067,0.0
2021.05.024.0,318.00006,334.19788,-0.7367905,0.32054794,0.0,9.667766,1.0
2021.07.027.0,2400.0002,2552.0498,1.031304,0.3890411,0.0,9.741792,0.0
2021.08.017.0,955.0002,699.8114,0.1350832,0.33150685,0.0,9.71396,1.0
2021.07.06.0,935.00006,887.0775,0.089659214,0.44657534,0.0,9.76319,0.0
2021.09.030.0,196.00003,115.89688,-0.25694382,0.057534248,3796.0,9.730502,1.0
2021.02.023.0,6.5000024,5.7554674,-2.0612237,0.0630137,45.0,9.704122,0.0
2021.09.030.0,839.9999,992.06146,0.66582847,0.057534248,0.0,9.730502,0.0
2021.03.017.0,61.999996,100.51982,-1.1015576,0.17534247,10.0,9.691593,0.0
2021.010.022.0,660.0001,640.98224,0.35195827,0.15068494,0.0,9.72836,1.0
2021.02.023.0,660.0001,692.1658,-0.11430049,0.31232876,0.0,9.692149,0.0
2021.010.022.0,25.999998,25.979445,-1.8394213,0.15068494,4.0,9.72836,1.0
2021.04.09.0,398.00006,532.1955,0.9523016,0.035616443,0.0,9.736842,0.0
2021.05.024.0,935.00006,792.1353,0.0953846,0.32054794,0.0,9.667766,0.0
2021.07.06.0,68.0,63.510033,-1.0964736,0.12054794,33.0,9.77985,0.0
2021.01.022.0,910.0,1064.6296,0.93414116,0.07397261,0.0,9.6883745,0.0
2021.09.030.0,9.5,10.768635,-1.9615324,0.057534248,1454.0,9.730502,0.0
2021.09.030.0,0.6999995,0.45462132,-2.9349895,0.057534248,0.0,9.730502,0.0
2021.07.027.0,27.000002,27.589184,-1.2871871,0.0630137,2286.0,9.752781,0.0
2021.01.022.0,132.00002,108.14621,-1.2410665,0.4,30.0,9.670672,1.0
2021.02.023.0,218.00005,167.66953,-0.6679298,0.1589041,652.0,9.700147,1.0
2021.07.06.0,30.500002,26.959368,-1.0946218,0.04383561,2857.0,9.792444,0.0
2021.09.07.0,1200.0001,1310.7769,0.65175664,0.19726028,0.0,9.763938,0.0
2021.011.012.0,1550.0,1670.7249,1.4348509,0.093150675,0.0,9.7668085,0.0
2021.010.022.0,2099.9998,2080.1223,1.3116007,0.15068494,0.0,9.72836,0.0
2021.07.06.0,1889.9999,1751.282,1.7660382,0.04383561,0.0,9.792444,0.0
2021.06.015.0,109.00002,105.4756,-1.3357465,0.51232874,1.0,9.714867,0.0
2021.05.024.0,60.000004,21.660725,-1.0860962,0.071232885,1367.0,9.696279,0.0
2021.04.09.0,944.99994,1072.4435,-0.012130022,0.68767124,0.0,9.690975,0.0
2021.05.03.0,1069.9999,1342.98,0.46348512,0.3808219,0.0,9.74367,0.0
2021.09.07.0,940.0001,1060.7202,1.6931472,0.024657533,0.0,9.769728,0.0
2021.05.03.0,38.999996,47.183228,-1.6314398,0.3808219,0.0,9.74367,0.0
2021.08.017.0,2.0,1.2750996,-2.5364623,0.08219178,0.0,9.720646,0.0
2021.08.017.0,25.000002,44.658585,-1.4692402,0.1780822,2.0,9.71776,0.0
2021.012.03.0,1480.0002,1319.33,0.32249832,0.53424656,0.0,9.7648,0.0
2021.09.030.0,314.0,439.82175,-0.09892422,0.057534248,3277.0,9.730502,0.0
2021.01.022.0,600.00006,660.972,0.53560805,0.07397261,0.0,9.6883745,0.0
2021.011.012.0,20.0,24.38281,-1.736231,0.1890411,2.0,9.763651,0.0
2021.07.027.0,180.00002,175.63474,-0.793489,0.13972603,195.0,9.748178,1.0
2021.02.023.0,12.0,7.6435823,-1.891291,0.0630137,706.0,9.704122,0.0
2021.01.022.0,1259.9999,1326.4467,0.25605297,0.64931506,0.0,9.644652,0.0
2021.010.022.0,1.3000002,2.0950692,-2.5314739,0.15068494,2.0,9.72836,0.0
2021.02.023.0,9.0,6.9167724,-2.0386217,0.0630137,225.0,9.704122,1.0
2021.09.07.0,132.99997,159.00087,-1.0768645,0.52328765,1.0,9.754756,0.0
2021.02.023.0,64.0,67.68533,-1.4805605,0.31232876,0.0,9.692149,0.0
2021.05.03.0,914.9999,1200.1609,0.35217702,0.3808219,0.0,9.74367,0.0
2021.01.022.0,6.1000004,6.4215493,-2.130203,0.07397261,16.0,9.6883745,1.0
2021.011.012.0,150.99997,172.67596,-0.80799115,0.1890411,33.0,9.763651,0.0
2021.09.07.0,1.0,1.2476901,-2.3765857,0.024657533,57.0,9.769728,1.0
2021.012.024.0,28.000002,40.562256,-1.8265034,0.22739726,7.0,9.790207,1.0
2021.07.06.0,51.0,66.94154,-1.3459728,0.12054794,8.0,9.77985,1.0
2021.012.024.0,89.00001,148.88374,-0.7351372,0.07397261,1788.0,9.795568,1.0
2021.06.015.0,22.000002,21.254105,-1.876368,0.2630137,0.0,9.725855,0.0
2021.08.017.0,8.899999,13.984571,-1.8307426,0.08219178,240.0,9.720646,0.0
2021.012.03.0,1049.9999,967.95953,0.6737653,0.13150683,0.0,9.778435,0.0
2021.02.023.0,360.00003,302.34244,-0.77901375,0.56164384,0.0,9.666055,1.0
2021.011.012.0,0.39999998,0.33845505,-3.0129423,0.093150675,0.0,9.7668085,0.0
2021.07.06.0,44.499992,45.39682,-1.2779629,0.12054794,3.0,9.77985,0.0
2021.02.023.0,1360.0,1412.2322,0.23836851,0.56164384,0.0,9.666055,0.0
2021.03.017.0,196.99997,158.76328,-0.74985456,0.17534247,3.0,9.691593,1.0
2021.07.06.0,2.5999997,1.1329858,-2.3807287,0.04383561,1.0,9.792444,0.0
2021.08.017.0,25.5,15.7698145,-1.8926156,0.08219178,75.0,9.720646,1.0
2021.010.022.0,10.500001,12.728897,-2.2457998,0.4,11.0,9.721366,0.0
2021.012.03.0,2909.9998,2725.6323,2.7800505,0.035616443,0.0,9.781602,0.0
2021.012.024.0,106.000015,159.79048,-0.6142072,0.07397261,2221.0,9.795568,1.0
2021.02.023.0,76.99999,83.32765,-1.3281698,0.31232876,1.0,9.692149,0.0
2021.012.024.0,345.00003,231.11665,0.23474944,0.07397261,0.0,9.795568,0.0
2021.01.022.0,259.0,240.6298,-0.7918821,0.4,2.0,9.670672,0.0
2021.06.015.0,12.500001,22.08488,-1.7939281,0.10958904,123.0,9.747067,1.0
2021.08.017.0,660.0001,441.94696,0.06754184,0.1780822,0.0,9.71776,1.0
2021.03.017.0,4.5,6.5859838,-2.1586807,0.09863014,55.0,9.695232,0.0
2021.05.03.0,5.799999,7.714096,-2.4240413,0.13150683,0.0,9.77087,1.0
2021.03.017.0,90.00001,91.54625,-1.1632624,0.17534247,1.0,9.691593,1.0
2021.07.027.0,27.500004,27.070698,-1.8406293,0.13972603,10.0,9.748178,1.0
2021.012.024.0,497.9999,426.11954,-0.3578481,0.47671232,0.0,9.783013,0.0
2021.05.03.0,1800.0002,2179.2876,0.9723036,0.3808219,0.0,9.74367,0.0
2021.07.027.0,440.00006,433.72018,-0.06566787,0.13972603,28.0,9.748178,0.0
2021.07.027.0,7.2000003,10.015063,-2.070373,0.0630137,522.0,9.752781,1.0
2021.03.017.0,104.000015,79.37581,-0.89211214,0.09863014,728.0,9.695232,1.0
2021.04.09.0,745.0,836.61816,0.7814492,0.11232877,0.0,9.734181,0.0
2021.02.023.0,51.999996,46.291233,-1.4851849,0.1589041,4.0,9.700147,1.0
2021.09.030.0,86.99999,103.56764,-1.3461701,0.46027398,0.0,9.715953,0.0
2021.07.06.0,1110.0002,1115.46,0.6307323,0.19726028,0.0,9.773948,0.0
2021.07.027.0,7.5999975,6.9587646,-2.1214855,0.13972603,5.0,9.748178,0.0
2021.09.030.0,488.9999,405.38492,0.08725858,0.13424657,0.0,9.728479,1.0
2021.06.015.0,35.499996,43.444298,-1.7349637,0.2630137,0.0,9.725855,1.0
2021.06.015.0,227.00003,247.42734,-0.8921552,0.51232874,5.0,9.714867,1.0
2021.01.022.0,625.00006,518.12103,-0.37239444,0.64931506,1.0,9.644652,1.0
2021.01.022.0,504.99997,414.23578,-0.58031225,0.64931506,0.0,9.644652,1.0
2021.011.012.0,162.99997,133.24068,-0.40684807,0.093150675,358.0,9.7668085,1.0
2021.02.023.0,57.0,52.547115,-1.3928727,0.1589041,4.0,9.700147,1.0
2021.05.024.0,118.000015,142.85071,-0.88794243,0.071232885,660.0,9.696279,1.0
2021.09.030.0,213.00005,200.10666,-1.0269223,0.46027398,1.0,9.715953,1.0
2021.012.03.0,0.39999998,0.798474,-2.7865756,0.035616443,0.0,9.781602,1.0
2021.03.017.0,8.6,16.43045,-1.9097722,0.17534247,1.0,9.691593,0.0
2021.012.024.0,148.00002,185.78009,-1.1819407,0.47671232,0.0,9.783013,1.0
2021.07.027.0,5.4,6.2466145,-2.2714696,0.0630137,253.0,9.752781,1.0
2021.09.07.0,72.0,125.916374,-0.99497384,0.12054794,79.0,9.76612,0.0
2021.07.06.0,11.5,15.714398,-1.8081975,0.04383561,188.0,9.792444,1.0
2021.010.022.0,12.0,12.706846,-1.9243594,0.15068494,94.0,9.72836,0.0
2021.05.024.0,1160.0,1316.8286,1.1855853,0.071232885,0.0,9.696279,1.0
2021.09.030.0,51.0,66.5847,-1.352885,0.13424657,11.0,9.728479,0.0
2021.012.024.0,59.000008,55.864506,-1.4758868,0.47671232,4.0,9.783013,0.0
2021.07.06.0,118.99998,137.84822,-0.866643,0.12054794,50.0,9.77985,1.0
2021.012.03.0,268.00006,154.49307,0.18549812,0.035616443,0.0,9.781602,0.0
2021.02.023.0,3.7000012,2.2644439,-2.4735165,0.0630137,33.0,9.704122,1.0
2021.05.03.0,69.99999,132.72388,-0.79639286,0.13150683,199.0,9.77087,0.0
2021.05.024.0,829.9999,708.63403,-0.1610738,0.569863,1.0,9.654449,0.0
2021.05.024.0,48.500004,44.499973,-1.7317463,0.569863,0.0,9.654449,0.0
2021.09.030.0,930.0,953.2385,0.2222991,0.2109589,0.0,9.72669,0.0
2021.08.017.0,167.0,131.58775,-0.87472177,0.1780822,12.999985,9.71776,1.0
2021.07.06.0,25.999998,29.318008,-1.886982,0.19726028,0.0,9.773948,1.0
2021.02.023.0,108.00001,116.43834,-1.2000455,0.31232876,0.0,9.692149,0.0
2021.010.022.0,86.99999,99.452194,-1.4110583,0.64931506,12.999985,9.715651,0.0
2021.05.03.0,144.0,110.19699,-1.0618622,0.13150683,79.0,9.77087,1.0
2021.07.027.0,40.0,43.82659,-1.3690202,0.13972603,51.0,9.748178,0.0
2021.08.017.0,2300.0002,2912.8525,1.9286087,0.08219178,0.0,9.720646,0.0
2021.07.027.0,358.99994,372.06226,-0.6141413,0.3890411,0.0,9.741792,1.0
2021.06.015.0,2029.9995,2083.1865,1.0148964,0.2630137,0.0,9.725855,0.0
2021.01.022.0,301.99994,266.50485,-0.84929156,0.64931506,6.0,9.644652,1.0
2021.03.017.0,12.999999,11.000546,-1.9686525,0.09863014,27.0,9.695232,1.0
2021.05.024.0,440.00006,520.9546,-0.6197686,0.569863,0.0,9.654449,1.0
2021.011.012.0,64.0,68.925064,-0.9900132,0.093150675,964.0,9.7668085,1.0
2021.012.03.0,839.9999,788.15063,1.1716266,0.035616443,0.0,9.781602,0.0
2021.02.023.0,1579.9999,1638.3743,0.60962355,0.31232876,0.0,9.692149,0.0
2021.06.015.0,25.000002,43.2081,-1.4233401,0.10958904,106.0,9.747067,1.0
2021.012.024.0,96.999985,86.9055,-0.59139144,0.07397261,2764.0,9.795568,0.0
2021.07.06.0,180.00002,192.89003,-0.58866197,0.12054794,222.0,9.77985,1.0
2021.09.030.0,78.000015,70.55681,-1.3942035,0.2109589,1.0,9.72669,1.0
2021.09.07.0,267.00003,256.62894,0.24111152,0.024657533,0.0,9.769728,1.0
2021.03.017.0,265.99994,340.80396,-0.72675407,0.50136983,5.0,9.660141,0.0
2021.05.024.0,31.500004,33.223145,-1.8623368,0.569863,10.0,9.654449,0.0
2021.02.023.0,32.0,30.69095,-1.9087722,0.31232876,1.0,9.692149,1.0
2021.011.012.0,1749.9999,1869.6819,1.5975859,0.093150675,0.0,9.7668085,0.0
2021.09.07.0,625.00006,723.3346,0.14077568,0.19726028,0.0,9.763938,0.0
2021.05.024.0,38.0,31.69351,-1.5113895,0.071232885,1123.0,9.696279,1.0
2021.08.017.0,349.99997,303.0624,-0.6465946,0.33150685,21.0,9.71396,1.0
2021.02.023.0,1629.9998,1685.9133,0.39726567,0.56164384,0.0,9.666055,0.0
2021.05.024.0,196.99997,198.60727,-1.0196923,0.32054794,8.0,9.667766,1.0
2021.05.03.0,814.9999,1046.4795,0.018139422,0.63013697,0.0,9.731512,0.0
2021.09.07.0,340.0,313.07666,-0.81717956,0.52328765,1.0,9.754756,1.0
2021.09.07.0,0.19999999,0.21435924,-3.1423175,0.024657533,0.0,9.769728,0.0
2021.09.030.0,685.00006,600.8234,0.4352852,0.13424657,0.0,9.728479,1.0
2021.06.015.0,38.499996,37.972855,-1.6177571,0.2630137,0.0,9.725855,0.0
2021.012.024.0,565.00006,471.002,0.044125438,0.22739726,0.0,9.790207,0.0
2021.04.09.0,16.500002,16.841541,-2.0208106,0.1890411,1.0,9.730621,1.0
2021.03.017.0,421.0001,482.20258,-0.19377637,0.25205478,1.0,9.687444,0.0
2021.09.07.0,1.0,0.4888826,-2.8406575,0.024657533,4.0,9.769728,1.0
2021.011.012.0,2530.0002,2695.8193,2.2842355,0.093150675,0.0,9.7668085,0.0
2021.05.03.0,100.00001,131.03006,-1.2474656,0.63013697,0.0,9.731512,0.0
2021.01.022.0,3.4999995,3.1800504,-2.4199426,0.07397261,593.0,9.6883745,1.0
2021.05.03.0,40.500004,107.68216,-0.72426647,0.05479452,7074.0,9.774005,0.0
2021.07.027.0,231.99998,234.55302,-0.41237485,0.13972603,118.0,9.748178,0.0
2021.010.022.0,98.000015,125.867874,-1.2029591,0.4,0.0,9.721366,0.0
2021.010.022.0,60.000004,44.877357,-1.0726343,0.07397261,2012.0,9.729908,1.0
2021.05.03.0,24.0,16.082365,-1.8014652,0.05479452,305.0,9.774005,1.0
2021.05.03.0,754.9999,1100.2063,1.2216141,0.05479452,0.0,9.774005,0.0
2021.01.022.0,8.5,9.576244,-2.0215244,0.07397261,334.0,9.6883745,1.0
2021.06.015.0,5.9000006,9.216465,-2.1768355,0.10958904,99.0,9.747067,1.0
2021.012.024.0,102.0,156.053,-0.9445692,0.15068494,6.0,9.793784,1.0
2021.09.07.0,3.4999995,6.912814,-2.1971765,0.12054794,3.0,9.76612,0.0
2021.07.06.0,5.799999,5.6311917,-1.9250882,0.04383561,79.0,9.792444,0.0
2021.011.012.0,50.000004,58.916985,-1.1401509,0.093150675,133.0,9.7668085,1.0
2021.09.030.0,15.499999,31.952938,-1.7269089,0.057534248,4891.0,9.730502,0.0
2021.011.012.0,173.99998,241.00656,-0.48174432,0.093150675,779.0,9.7668085,0.0
2021.012.024.0,212.00003,157.88678,-0.624748,0.22739726,0.0,9.790207,0.0
2021.012.024.0,6.0,11.971989,-2.1629536,0.07397261,126.0,9.795568,1.0
2021.06.015.0,1509.9998,1504.3315,0.68990254,0.2630137,0.0,9.725855,0.0
2021.012.024.0,1.0,3.2821822,-2.672923,0.07397261,442.0,9.795568,1.0
2021.05.03.0,245.00005,362.9582,-0.5592541,0.3808219,7.0,9.74367,0.0
2021.07.06.0,1350.0002,1380.0034,0.79156923,0.19726028,0.0,9.773948,0.0
2021.07.06.0,20.0,20.463413,-1.8830318,0.12054794,0.0,9.77985,1.0
2021.01.022.0,314.0,336.4784,-0.2733978,0.15068494,163.0,9.683339,0.0
2021.09.07.0,555.0001,512.65765,-0.20940447,0.2739726,1.0,9.761579,1.0
2021.011.012.0,33.5,44.197243,-1.3393997,0.093150675,830.0,9.7668085,1.0
2021.012.024.0,60.99999,81.49652,-1.4517676,0.22739726,109.0,9.790207,1.0
2021.011.012.0,530.0001,567.44025,-0.008252323,0.1890411,2.0,9.763651,0.0
2021.010.022.0,1.1,1.1519456,-2.8891952,0.15068494,0.0,9.72836,0.0
2021.010.022.0,65.000015,60.855106,-1.3860186,0.15068494,16.0,9.72836,1.0
2021.011.012.0,64.0,91.52538,-1.0521194,0.093150675,1075.0,9.7668085,0.0
2021.012.03.0,2.4,5.0705404,-2.2483141,0.035616443,529.0,9.781602,1.0
2021.07.027.0,81.00001,87.617935,-1.5341153,0.3890411,0.0,9.741792,1.0
2021.09.07.0,5.1,8.542546,-2.1169212,0.12054794,0.0,9.76612,0.0
2021.05.03.0,24.499996,66.33615,-0.9025412,0.05479452,4038.0,9.774005,0.0
2021.08.017.0,78.999985,41.725323,-1.2968612,0.08219178,257.0,9.720646,1.0
2021.011.012.0,286.00006,291.5333,-0.4288742,0.1890411,12.999985,9.763651,0.0
2021.011.012.0,164.0,190.96542,-0.9843489,0.34246576,0.0,9.758808,1.0
2021.010.022.0,4.8,5.415051,-2.216196,0.07397261,320.0,9.729908,1.0
2021.02.023.0,160.0,131.66194,-0.8414493,0.1589041,77.0,9.700147,1.0
2021.03.017.0,137.00002,111.59936,-0.7268293,0.09863014,665.0,9.695232,1.0
2021.012.024.0,36.0,58.393272,-1.5358613,0.15068494,0.0,9.793784,1.0
2021.06.015.0,575.00006,600.61835,-0.24041247,0.51232874,1.0,9.714867,1.0
2021.012.024.0,213.99997,280.9428,-0.95623034,0.47671232,0.0,9.783013,1.0
2021.08.017.0,594.9999,302.1882,0.28817046,0.08219178,0.0,9.720646,1.0
2021.05.024.0,18.0,16.356182,-2.0775151,0.32054794,0.0,9.667766,0.0
2021.09.07.0,477.0001,550.93976,1.0008178,0.024657533,0.0,9.769728,0.0
2021.02.023.0,64.0,54.595158,-1.3521557,0.1589041,101.0,9.700147,1.0
2021.09.07.0,59.000008,76.15889,-1.3365031,0.2739726,2.0,9.761579,0.0
2021.05.024.0,1480.0002,1234.4073,0.4607674,0.32054794,0.0,9.667766,0.0
2021.010.022.0,104.000015,118.69673,-1.3543593,0.4,83.0,9.721366,1.0
2021.07.06.0,3.0,1.8600552,-2.3656402,0.04383561,3.0,9.792444,0.0
2021.011.012.0,139.99998,115.959175,-0.5168061,0.093150675,857.0,9.7668085,1.0
2021.08.017.0,236.99997,118.82239,-0.56523025,0.08219178,1143.0,9.720646,1.0
2021.02.023.0,115.00001,108.84924,-0.91587377,0.1589041,5.0,9.700147,0.0
2021.07.06.0,18.0,18.475443,-1.9304589,0.12054794,0.0,9.77985,1.0
2021.05.03.0,176.00002,161.781,-1.2161257,0.63013697,2.0,9.731512,1.0
2021.03.017.0,17.0,21.622465,-1.9115759,0.25205478,0.0,9.687444,0.0
2021.09.07.0,159.00003,142.74081,-0.7762133,0.12054794,237.0,9.76612,1.0
2021.012.03.0,555.0001,496.84528,-0.14872235,0.2849315,0.0,9.773322,0.0
2021.05.024.0,100.999985,72.19686,-1.1260815,0.16712329,43.0,9.689117,0.0
2021.03.017.0,488.9999,682.94116,0.3691752,0.09863014,0.0,9.695232,0.0
2021.01.022.0,44.000004,34.808884,-1.5779537,0.15068494,173.0,9.683339,1.0
2021.07.06.0,4.6,4.159091,-2.3064256,0.04383561,0.0,9.792444,1.0
2021.07.06.0,136.0,157.11061,-0.963178,0.19726028,9.0,9.773948,1.0
2021.011.012.0,226.00002,244.03545,-0.9705661,0.5917808,0.0,9.752257,1.0
2021.012.03.0,60.000004,65.272995,-1.584056,0.2849315,0.0,9.773322,1.0
2021.08.017.0,1679.9998,2099.1938,0.771425,0.33150685,0.0,9.71396,0.0
2021.09.07.0,173.00002,197.4432,-0.79183084,0.2739726,23.0,9.761579,0.0
2021.08.017.0,214.99997,144.20834,-0.7765222,0.1780822,4.0,9.71776,1.0
2021.07.027.0,270.00003,271.50125,-0.48829758,0.13972603,6.0,9.748178,1.0
2021.05.03.0,9.800001,7.502433,-2.1264713,0.05479452,269.0,9.774005,1.0
2021.05.024.0,12.0,9.425162,-2.0790365,0.071232885,227.0,9.696279,1.0
2021.011.012.0,180.00002,199.16463,-0.6721331,0.1890411,4.0,9.763651,1.0
2021.02.023.0,590.00006,646.2643,-0.3562513,0.56164384,4.0,9.666055,0.0
2021.012.03.0,7.2000003,4.4247146,-2.5679157,0.2849315,0.0,9.773322,0.0
2021.09.030.0,132.99997,77.579124,-0.5526693,0.057534248,1998.0002,9.730502,1.0
2021.03.017.0,1370.0001,1480.7825,0.38708842,0.50136983,0.0,9.660141,0.0
2021.05.03.0,550.00006,802.7808,0.47035408,0.13150683,0.0,9.77087,0.0
2021.08.017.0,705.0001,932.0941,-0.14004993,0.58082193,2.0,9.709964,0.0
2021.07.06.0,615.0,606.08405,0.13274157,0.19726028,0.0,9.773948,0.0
2021.09.030.0,165.00002,165.57956,-0.9089903,0.2109589,15.0,9.72669,0.0
2021.05.03.0,316.99994,210.43732,-0.53113145,0.13150683,132.0,9.77087,1.0
2021.010.022.0,11.5,13.209171,-1.8182657,0.07397261,1234.0,9.729908,0.0
2021.012.024.0,89.00001,139.11969,-1.0223099,0.15068494,32.0,9.793784,1.0
2021.011.012.0,20.0,20.756536,-1.804117,0.1890411,6.0,9.763651,0.0
2021.08.017.0,4.4,4.9297886,-2.446678,0.08219178,33.0,9.720646,1.0
2021.05.024.0,1570.0,1232.6262,1.0810201,0.071232885,0.0,9.696279,0.0
2021.09.07.0,115.00001,132.26324,-1.1984011,0.52328765,0.0,9.754756,0.0
2021.07.06.0,925.0002,917.2155,0.71908593,0.12054794,0.0,9.77985,0.0
2021.03.017.0,980.0002,1101.4897,0.12970567,0.50136983,0.0,9.660141,0.0
2021.06.015.0,278.00003,298.43954,-0.75844383,0.51232874,0.0,9.714867,1.0
2021.012.024.0,1640.0,1483.2749,0.9318986,0.22739726,0.0,9.790207,0.0
2021.08.017.0,46.999992,58.74774,-1.6438388,0.58082193,5.0,9.709964,0.0
2021.06.015.0,11.000001,11.923836,-2.155222,0.2630137,0.0,9.725855,0.0
2021.07.06.0,740.0001,731.6321,0.27650738,0.19726028,0.0,9.773948,0.0
2021.05.024.0,222.00003,108.03961,-0.43103993,0.071232885,1658.0,9.696279,0.0
2021.07.027.0,580.0,624.87524,-0.2064169,0.3890411,0.0,9.741792,0.0
2021.011.012.0,0.39999998,0.3847494,-2.796986,0.01643835,1.0,9.76824,1.0
2021.02.023.0,12.0,10.357332,-1.8664359,0.0630137,70.0,9.704122,1.0
2021.09.030.0,0.39999998,0.32246426,-3.0175695,0.057534248,0.0,9.730502,0.0
2021.09.07.0,0.6,0.4105258,-3.007999,0.024657533,26.0,9.769728,1.0
2021.07.027.0,3.0,2.5081391,-2.347444,0.0630137,7.0,9.752781,0.0
2021.011.012.0,32.5,40.9096,-1.6668208,0.1890411,105.0,9.763651,1.0
2021.07.027.0,18.499998,17.56017,-2.0344338,0.13972603,0.0,9.748178,1.0
2021.07.06.0,1270.0002,1267.5693,1.0178573,0.12054794,0.0,9.77985,0.0
2021.09.07.0,18.0,17.849316,-1.935409,0.2739726,0.0,9.761579,0.0
2021.02.023.0,19.499998,15.694528,-1.6382816,0.0630137,315.0,9.704122,1.0
2021.09.07.0,52.999996,101.15239,-1.0978953,0.12054794,108.0,9.76612,0.0
2021.010.022.0,27.000002,29.952618,-1.8774076,0.4,0.0,9.721366,0.0
2021.06.015.0,1280.0,1299.1458,0.2629907,0.51232874,0.0,9.714867,0.0
2021.02.023.0,422.0,344.8482,0.097276926,0.0630137,0.0,9.704122,0.0
2021.06.015.0,910.0,938.8691,0.10377121,0.51232874,0.0,9.714867,1.0
2021.011.012.0,100.999985,91.54031,-0.7218494,0.093150675,1344.0,9.7668085,1.0
2021.07.027.0,2.0,1.5069642,-2.5757797,0.0630137,4.0,9.752781,0.0
2021.09.030.0,66.00001,72.31921,-1.5167382,0.46027398,0.0,9.715953,0.0
2021.011.012.0,27.500004,36.255306,-1.7649552,0.34246576,0.0,9.758808,0.0
2021.05.024.0,61.999996,46.125088,-1.339604,0.16712329,88.0,9.689117,0.0
2021.08.017.0,330.00006,169.12024,-0.27812666,0.08219178,552.0,9.720646,1.0
2021.011.012.0,123.0,127.25869,-1.2099087,0.5917808,0.0,9.752257,0.0
2021.05.024.0,594.9999,713.85486,-0.025705397,0.16712329,0.0,9.689117,1.0
2021.07.027.0,314.99997,322.69995,-0.23256671,0.13972603,24.0,9.748178,0.0
2021.02.023.0,325.00006,275.59744,-0.8440464,0.56164384,0.0,9.666055,1.0
2021.09.030.0,1200.0001,1247.689,0.45502734,0.2109589,0.0,9.72669,0.0
2021.012.03.0,17.0,13.905284,-2.033459,0.2849315,1.0,9.773322,0.0
2021.06.015.0,35.000004,61.11913,-1.2403796,0.10958904,517.0,9.747067,1.0
2021.08.017.0,7.4000006,11.364086,-1.8991697,0.08219178,195.0,9.720646,0.0
2021.05.03.0,1.0,1.9159261,-2.3916106,0.05479452,38.0,9.774005,0.0
2021.05.024.0,1329.9998,1108.2412,0.36717534,0.32054794,0.0,9.667766,0.0
2021.09.07.0,1189.9998,1378.997,0.9658849,0.12054794,0.0,9.76612,0.0
2021.09.07.0,0.099999994,0.3801522,-3.2364764,0.024657533,960.0,9.769728,1.0
2021.06.015.0,874.99994,806.0074,0.32141948,0.18630137,0.0,9.736488,0.0
2021.010.022.0,89.00001,91.22461,-1.0425128,0.15068494,24.0,9.72836,0.0
2021.09.030.0,23.499996,21.943216,-1.7711706,0.2109589,1.0,9.72669,0.0
2021.05.03.0,139.99998,120.29207,-1.2612172,0.3808219,4.0,9.74367,1.0
2021.07.027.0,46.0,45.51651,-1.7501107,0.63835615,0.0,9.733647,0.0
2021.08.017.0,4.8,3.8620365,-2.1810722,0.08219178,3.0,9.720646,0.0
2021.012.024.0,51.0,42.821915,-1.3407323,0.22739726,0.0,9.790207,0.0
2021.09.07.0,33.000004,38.515373,-1.6409454,0.2739726,2.0,9.761579,0.0
2021.01.022.0,137.00002,119.84218,-1.2961373,0.64931506,1.0,9.644652,1.0
2021.08.017.0,6.0,6.1007595,-2.2843237,0.1780822,0.0,9.71776,0.0
2021.08.017.0,313.00006,241.49767,-0.44804227,0.1780822,17.0,9.71776,1.0
2021.010.022.0,132.99997,141.12877,-1.2571617,0.4,5.0,9.721366,1.0
2021.09.07.0,1.0,1.102447,-2.5820656,0.024657533,141.0,9.769728,1.0
2021.05.024.0,83.999985,84.743904,-1.501069,0.32054794,3.0,9.667766,1.0
2021.09.030.0,78.000015,90.11415,-1.1865282,0.13424657,52.0,9.728479,0.0
2021.07.027.0,55.999992,56.068443,-1.4863269,0.13972603,10.0,9.748178,1.0
2021.09.07.0,250.00003,256.76776,-0.7934747,0.2739726,2.0,9.761579,1.0
2021.012.024.0,356.00006,463.97275,-0.3062358,0.22739726,0.0,9.790207,1.0
2021.012.024.0,2.2,6.041447,-2.444241,0.07397261,678.0,9.795568,1.0
2021.011.012.0,0.9,2.0135267,-2.2504933,0.01643835,197.0,9.76824,0.0
2021.05.03.0,76.99999,99.79732,-1.3896846,0.63013697,0.0,9.731512,0.0
2021.07.06.0,66.00001,67.25558,-1.4854875,0.44657534,0.0,9.76319,0.0
2021.06.015.0,170.0,178.09528,-1.0723647,0.51232874,0.0,9.714867,0.0
2021.07.06.0,1500.0002,1318.9991,1.6901538,0.04383561,0.0,9.792444,0.0
2021.09.07.0,310.0,367.359,-0.62867373,0.52328765,0.0,9.754756,0.0
2021.03.017.0,68.0,94.08682,-1.2277434,0.25205478,0.0,9.687444,0.0
2021.05.03.0,214.99997,218.00244,-1.0528105,0.63013697,3.0,9.731512,1.0
2021.07.06.0,90.00001,79.82742,-0.54764193,0.04383561,3982.0,9.792444,0.0
2021.02.023.0,419.99994,402.38998,-0.45439363,0.31232876,18.0,9.692149,0.0
2021.011.012.0,1490.0,1428.6992,0.33860314,0.5917808,0.0,9.752257,0.0
2021.05.03.0,273.0,363.75345,-0.69207317,0.63013697,0.0,9.731512,0.0
2021.05.024.0,69.99999,67.825806,-1.1926934,0.071232885,473.0,9.696279,1.0
2021.09.030.0,115.00001,145.01492,-1.1589936,0.46027398,0.0,9.715953,0.0
2021.07.06.0,81.00001,79.94643,-1.4734837,0.6958904,0.0,9.753769,0.0
2021.07.06.0,21.000008,21.928051,-1.8529556,0.12054794,0.0,9.77985,1.0
2021.07.06.0,1300.0002,1139.468,1.4827797,0.04383561,0.0,9.792444,0.0
2021.01.022.0,68.0,50.08807,-1.3732446,0.15068494,230.0,9.683339,1.0
2021.07.06.0,9.0,8.24119,-1.8968229,0.12054794,0.0,9.77985,0.0
2021.08.017.0,3.7000012,2.7846177,-2.346529,0.08219178,0.0,9.720646,0.0
2021.07.06.0,1100.0001,1090.398,0.8570893,0.12054794,0.0,9.77985,0.0
2021.02.023.0,180.00002,161.03821,-0.7615654,0.1589041,12.999985,9.700147,0.0
2021.012.03.0,290.0,331.1632,-0.68590784,0.2849315,10.0,9.773322,1.0
2021.07.06.0,3409.9985,3412.2432,1.9163535,0.19726028,0.0,9.773948,0.0
2021.012.024.0,5.7,4.799571,-2.3159683,0.22739726,0.0,9.790207,0.0
2021.09.07.0,432.00003,566.0782,0.1319561,0.12054794,0.0,9.76612,0.0
2021.012.03.0,0.19999999,0.15682445,-3.296875,0.035616443,0.0,9.781602,0.0
2021.09.07.0,226.00002,314.39297,-0.29289234,0.12054794,244.0,9.76612,0.0
2021.05.03.0,19.0,21.602657,-1.9591355,0.13150683,70.0,9.77087,1.0
2021.03.017.0,170.0,140.6886,-0.80124,0.17534247,32.0,9.691593,1.0
2021.06.015.0,6.0,9.299835,-2.243669,0.10958904,1.0,9.747067,1.0
2021.05.03.0,1189.9998,1493.017,0.5647242,0.3808219,0.0,9.74367,0.0
2021.08.017.0,238.99994,397.5164,-0.04849577,0.08219178,682.0,9.720646,0.0
2021.05.03.0,115.00001,274.2481,-0.047104537,0.05479452,5223.0,9.774005,0.0
2021.08.017.0,1329.9998,1032.0072,0.47517538,0.33150685,0.0,9.71396,1.0
2021.01.022.0,504.99997,386.31152,-0.4066007,0.4,25.0,9.670672,1.0
2021.02.023.0,820.0,801.73724,0.3001958,0.1589041,0.0,9.700147,0.0
2021.03.017.0,226.00002,297.36337,-0.8084372,0.50136983,0.0,9.660141,0.0
2021.05.024.0,8.5,5.495832,-2.2995927,0.071232885,11.0,9.696279,1.0
2021.01.022.0,1160.0,1373.1008,1.1656005,0.07397261,0.0,9.6883745,0.0
2021.02.023.0,35.499996,42.64542,-1.7485503,0.31232876,0.0,9.692149,1.0
2021.09.030.0,230.00002,293.4797,-0.5505602,0.2109589,1.0,9.72669,0.0
2021.02.023.0,45.000004,46.409985,-1.6557264,0.31232876,5.0,9.692149,0.0
2021.08.017.0,92.0,90.09863,-1.4356273,0.33150685,2.0,9.71396,1.0
2021.07.06.0,4.1999993,3.4767413,-2.379209,0.04383561,25.0,9.792444,1.0
2021.03.017.0,29.500002,49.688896,-1.465394,0.17534247,1.0,9.691593,0.0
2021.07.027.0,118.99998,126.635925,-0.5387523,0.0630137,2768.0,9.752781,0.0
2021.05.03.0,74.00001,55.701954,-1.4467736,0.13150683,102.0,9.77087,1.0
2021.06.015.0,12.0,20.664349,-1.8308734,0.10958904,83.0,9.747067,1.0
2021.06.015.0,11.5,11.744759,-1.8854673,0.10958904,108.0,9.747067,0.0
2021.011.012.0,455.0,485.80914,-0.52960736,0.5917808,4.0,9.752257,1.0
2021.04.09.0,1250.0001,1433.9272,0.43352532,0.035616443,0.0,9.736842,0.0
2021.01.022.0,35.499996,38.65927,-1.6489985,0.15068494,53.0,9.683339,1.0
2021.07.06.0,47.5,54.51771,-1.5924615,0.19726028,0.0,9.773948,1.0
2021.010.022.0,3.300001,4.694504,-2.3861017,0.15068494,12.0,9.72836,0.0
2021.03.017.0,1000.0001,1127.8823,0.44447732,0.25205478,0.0,9.687444,0.0
2021.03.017.0,74.00001,131.6008,-0.78348136,0.09863014,627.0,9.695232,0.0
2021.08.017.0,1539.9999,1998.595,1.4022863,0.08219178,0.0,9.720646,0.0
2021.03.017.0,16.500002,14.55834,-1.8472277,0.09863014,44.0,9.695232,1.0
2021.07.06.0,30.500002,36.212215,-1.7449121,0.44657534,0.0,9.76319,0.0
2021.011.012.0,465.99997,506.5558,-0.09234536,0.1890411,11.0,9.763651,0.0
2021.07.06.0,28.5,32.09568,-1.8564233,0.19726028,23.0,9.773948,1.0
2021.011.012.0,3.4999995,8.734245,-2.1928012,0.093150675,5.0,9.7668085,1.0
2021.03.017.0,180.99995,232.99254,-0.7338708,0.25205478,1.0,9.687444,0.0
2021.05.024.0,102.0,114.52971,-1.3442464,0.32054794,4.0,9.667766,1.0
2021.09.07.0,173.99998,160.68988,-0.70188636,0.12054794,304.0,9.76612,1.0
2021.01.022.0,75.00001,69.51283,-1.4890186,0.4,1.0,9.670672,1.0
2021.010.022.0,164.0,155.34183,-0.8256711,0.15068494,16.0,9.72836,1.0
2021.012.024.0,8.1,6.136406,-1.8899686,0.07397261,300.0,9.795568,0.0
2021.09.030.0,39.500004,38.691036,-1.7693337,0.46027398,0.0,9.715953,0.0
2021.09.030.0,4.9000006,5.0865536,-2.0730102,0.057534248,401.0,9.730502,1.0
2021.08.017.0,20.5,23.598179,-1.8538588,0.33150685,0.0,9.71396,0.0
2021.08.017.0,65.000015,32.97894,-1.4127599,0.08219178,116.0,9.720646,1.0
2021.05.024.0,185.00003,235.04543,-0.6166004,0.071232885,1531.0,9.696279,1.0
2021.012.03.0,135.00002,109.52749,-1.0041794,0.2849315,3.0,9.773322,0.0
2021.01.022.0,1000.0001,1063.4778,0.22233868,0.4,0.0,9.670672,0.0
2021.09.030.0,36.5,76.54521,-1.3224947,0.057534248,3201.0,9.730502,0.0
2021.08.017.0,789.9995,502.9858,0.22400498,0.1780822,0.0,9.71776,1.0
2021.09.030.0,193.99997,182.31018,-1.0838866,0.46027398,0.0,9.715953,1.0
2021.08.017.0,40.0,56.184223,-1.3774931,0.1780822,3.0,9.71776,0.0
2021.05.024.0,314.0,369.3151,-0.8483963,0.569863,0.0,9.654449,1.0
2021.02.023.0,5.6000004,2.9216886,-2.288603,0.0630137,182.0,9.704122,1.0
2021.05.03.0,43.000004,44.337784,-1.591365,0.13150683,11.0,9.77087,1.0
2021.07.027.0,65.000015,64.849556,-1.407501,0.13972603,0.0,9.748178,1.0
2021.09.030.0,411.99997,359.90393,-0.064421,0.13424657,19.0,9.728479,1.0
2021.05.03.0,173.99998,91.11393,-0.7674511,0.05479452,3561.0,9.774005,1.0
2021.04.09.0,10.500001,10.13674,-2.2280934,0.1890411,3.0,9.730621,1.0
2021.011.012.0,150.99997,166.00891,-0.8121019,0.1890411,5.0,9.763651,1.0
2021.01.022.0,46.999992,44.843933,-1.7569838,0.4,2.0,9.670672,1.0
2021.07.06.0,203.00005,217.11525,-0.69226944,0.19726028,1.0,9.773948,1.0
2021.05.03.0,925.0002,1281.8978,1.5072439,0.05479452,0.0,9.774005,0.0
2021.05.03.0,64.0,67.75612,-1.6202868,0.3808219,0.0,9.74367,1.0
2021.01.022.0,182.0,215.85216,-0.5896402,0.15068494,610.0,9.683339,0.0
2021.07.06.0,35.000004,44.264038,-1.5391893,0.12054794,0.0,9.77985,1.0
2021.08.017.0,1840.0001,2302.5327,0.85468674,0.33150685,0.0,9.71396,0.0
2021.05.03.0,16.0,19.082779,-2.0483208,0.13150683,37.0,9.77087,1.0
2021.05.024.0,104.999985,105.36366,-1.3654743,0.569863,2.0,9.654449,0.0
2021.09.030.0,285.0,311.4241,-0.4526112,0.13424657,56.0,9.728479,0.0
2021.07.06.0,24.499996,28.01834,-1.9117782,0.19726028,0.0,9.773948,1.0
2021.07.027.0,67.000015,76.83411,-0.8376511,0.0630137,2707.0,9.752781,0.0
2021.010.022.0,20.5,18.149876,-1.9305727,0.15068494,4.0,9.72836,1.0
2021.07.027.0,29.500002,26.493309,-1.6081231,0.0630137,66.0,9.752781,1.0
2021.08.017.0,699.99994,548.3464,-0.3394109,0.58082193,0.0,9.709964,1.0
2021.05.024.0,675.0001,804.1018,0.10076082,0.16712329,0.0,9.689117,1.0
2021.09.07.0,35.000004,37.441772,-1.6592922,0.12054794,6.0,9.76612,1.0
2021.02.023.0,30.000002,35.235764,-1.8452532,0.31232876,0.0,9.692149,1.0
2021.012.024.0,910.0,787.343,0.063624024,0.47671232,0.0,9.783013,0.0
2021.07.06.0,714.9999,675.2129,-0.10906398,0.44657534,2.0,9.76319,0.0
2021.010.022.0,15.000001,13.301186,-1.7821095,0.07397261,552.0,9.729908,1.0
2021.06.015.0,24.0,22.526497,-1.6086762,0.10958904,473.0,9.747067,0.0
2021.05.024.0,3.7999997,1.5843339,-2.4923801,0.071232885,0.0,9.696279,0.0
2021.07.06.0,15.499999,22.671984,-1.7010787,0.04383561,268.0,9.792444,1.0
2021.05.03.0,75.00001,75.74941,-1.5254494,0.3808219,1.0,9.74367,1.0
2021.09.030.0,222.99998,139.88034,-0.14631724,0.057534248,1126.0,9.730502,1.0
2021.06.015.0,33.000004,33.771687,-1.9492588,0.51232874,0.0,9.714867,0.0
2021.011.012.0,18.499998,28.568602,-1.6129993,0.093150675,104.0,9.7668085,1.0
2021.012.024.0,19.0,41.295605,-1.6077894,0.07397261,339.0,9.795568,1.0
2021.02.023.0,1.3999997,0.88998353,-2.8328836,0.0630137,0.0,9.704122,1.0
2021.03.017.0,60.000004,55.26363,-1.3660991,0.17534247,6.0,9.691593,1.0
2021.05.03.0,2439.9998,2865.1372,2.078665,0.13150683,0.0,9.77087,0.0
2021.05.024.0,615.0,479.57724,-0.20516175,0.32054794,10.0,9.667766,0.0
2021.011.012.0,23.0,34.4371,-1.4778817,0.093150675,51.0,9.7668085,1.0
2021.09.030.0,68.0,61.870552,-1.3013611,0.13424657,5.0,9.728479,1.0
2021.07.06.0,69.99999,77.99477,-1.3791071,0.19726028,3.0,9.773948,1.0
2021.01.022.0,102.99999,83.96675,-1.1389008,0.15068494,52.0,9.683339,1.0
2021.09.030.0,534.99994,492.47012,0.17437327,0.13424657,0.0,9.728479,1.0
2021.07.027.0,310.99997,333.7265,-0.69168144,0.3890411,0.0,9.741792,1.0
2021.09.030.0,35.000004,33.690075,-1.8218712,0.46027398,0.0,9.715953,0.0
2021.09.030.0,356.99994,333.36865,-0.2016738,0.13424657,30.0,9.728479,1.0
2021.012.03.0,1320.0002,1267.4049,1.7932765,0.035616443,0.0,9.781602,0.0
2021.07.06.0,540.00006,513.4821,-0.31700253,0.44657534,2.0,9.76319,0.0
2021.012.03.0,1620.0002,1453.4722,0.40654898,0.53424656,0.0,9.7648,0.0
2021.012.024.0,234.00005,310.8873,-0.8941372,0.47671232,0.0,9.783013,1.0
2021.02.023.0,178.00002,165.48135,-0.9923135,0.31232876,7.0,9.692149,1.0
2021.06.015.0,545.0001,589.9371,0.034511328,0.2630137,0.0,9.725855,1.0
2021.05.024.0,545.0001,337.58472,0.14163351,0.071232885,0.0,9.696279,0.0
2021.011.012.0,1.6999999,3.609453,-2.1857662,0.01643835,1495.0,9.76824,0.0
2021.010.022.0,69.0,75.287766,-1.2818985,0.15068494,20.0,9.72836,1.0
2021.02.023.0,2.4,1.2654845,-2.6482422,0.0630137,41.0,9.704122,1.0
2021.03.017.0,27.500004,35.150303,-1.824533,0.25205478,0.0,9.687444,1.0
2021.011.012.0,188.99998,183.51291,-1.0323178,0.5917808,70.0,9.752257,0.0
2021.07.06.0,69.99999,79.2467,-1.5804737,0.44657534,0.0,9.76319,1.0
2021.012.024.0,180.99995,260.91214,-0.7714489,0.22739726,0.0,9.790207,1.0
2021.03.017.0,10.0,8.223209,-2.09202,0.09863014,62.0,9.695232,1.0
2021.09.07.0,55.000008,57.149765,-1.4059736,0.12054794,63.0,9.76612,1.0
2021.09.07.0,30.000002,29.039787,-1.7836596,0.12054794,2.0,9.76612,1.0
2021.03.017.0,27.500004,21.484901,-1.6230545,0.09863014,418.0,9.695232,1.0
2021.07.06.0,23.0,26.099045,-1.9425128,0.19726028,0.0,9.773948,1.0
2021.011.012.0,59.000008,72.90244,-1.3259271,0.1890411,2.0,9.763651,1.0
2021.02.023.0,1030.0,1006.88104,0.91766286,0.0630137,0.0,9.704122,0.0
2021.010.022.0,545.0001,529.7121,-0.43889678,0.64931506,0.0,9.715651,0.0
2021.02.023.0,237.99995,197.12814,-1.0254065,0.56164384,0.0,9.666055,1.0
2021.05.03.0,605.0001,815.3823,0.025422573,0.3808219,0.0,9.74367,0.0
2021.03.017.0,820.0,867.5355,-0.054970384,0.50136983,0.0,9.660141,0.0
2021.09.07.0,236.99997,221.86469,-1.0535129,0.52328765,0.0,9.754756,1.0
2021.02.023.0,142.00003,114.87756,-0.6040845,0.0630137,1477.0,9.704122,1.0
2021.02.023.0,570.0,458.04938,-0.3077522,0.31232876,8.0,9.692149,1.0
2021.07.027.0,78.999985,79.7821,-1.2536521,0.13972603,20.0,9.748178,1.0
2021.08.017.0,292.00006,246.68858,-0.91039675,0.58082193,1.0,9.709964,1.0
2021.09.030.0,5.7,5.397547,-2.2248418,0.13424657,0.0,9.728479,0.0
2021.03.017.0,504.99997,620.8683,0.062478065,0.17534247,0.0,9.691593,0.0
2021.02.023.0,57.0,45.466057,-1.1337756,0.0630137,2061.0,9.704122,1.0
2021.011.012.0,232.99998,229.61856,-0.6087668,0.1890411,2.0,9.763651,0.0
2021.05.024.0,44.000004,40.677208,-1.6613866,0.32054794,0.0,9.667766,0.0
2021.07.027.0,440.00006,403.38147,-0.107678175,0.13972603,2.0,9.748178,1.0
2021.05.024.0,6.1000004,3.0972137,-2.4886732,0.071232885,100.0,9.696279,1.0
2021.05.024.0,7.9000006,4.0098386,-1.8997481,0.071232885,160.0,9.696279,0.0
2021.011.012.0,865.0001,894.2149,0.3816867,0.1890411,0.0,9.763651,0.0
2021.03.017.0,94.000015,116.3425,-1.2983288,0.50136983,0.0,9.660141,0.0
2021.03.017.0,19.499998,17.1745,-1.7517971,0.09863014,103.0,9.695232,1.0
2021.012.024.0,1450.0,1309.3057,0.8381407,0.22739726,0.0,9.790207,0.0
2021.05.024.0,22.000002,12.612904,-1.9453871,0.16712329,2.0,9.689117,0.0
2021.010.022.0,745.0,734.1875,0.31136966,0.15068494,0.0,9.72836,0.0
2021.010.022.0,750.0001,763.1903,-0.0362069,0.4,1.0,9.721366,1.0
2021.010.022.0,48.0,47.276443,-1.494471,0.15068494,9.0,9.72836,1.0
2021.01.022.0,188.00003,169.9064,-1.1331787,0.64931506,3.0,9.644652,0.0
2021.07.027.0,96.0,97.56755,-1.470158,0.3890411,1.0,9.741792,1.0
2021.08.017.0,69.0,87.30619,-1.4632999,0.58082193,2.0,9.709964,0.0
2021.01.022.0,425.0,457.76727,-0.40067887,0.4,38.0,9.670672,0.0
2021.05.03.0,59.000008,63.431767,-1.6649263,0.3808219,0.0,9.74367,1.0
2021.09.07.0,36.999996,70.548706,-0.7496404,0.024657533,6602.0,9.769728,0.0
2021.02.023.0,397.0,325.4667,-0.7133077,0.56164384,0.0,9.666055,1.0
2021.04.09.0,6.0,7.199013,-2.4625406,0.1890411,1.0,9.730621,1.0
2021.05.024.0,1360.0,1529.3947,0.4965124,0.32054794,0.0,9.667766,1.0
2021.06.015.0,1189.9998,1177.522,0.46616137,0.2630137,0.0,9.725855,0.0
2021.010.022.0,1240.0,1230.1625,0.1514808,0.64931506,0.0,9.715651,0.0
2021.02.023.0,25.5,18.139122,-1.5759203,0.0630137,359.0,9.704122,0.0
2021.06.015.0,230.00002,227.25204,-0.720933,0.2630137,1.0,9.725855,0.0
2021.09.07.0,0.19999999,0.38728625,-3.1925876,0.024657533,701.0,9.769728,1.0
2021.09.07.0,490.0001,469.29376,-0.31340027,0.2739726,2.0,9.761579,1.0
2021.012.03.0,475.0,528.89813,-0.3076464,0.2849315,12.0,9.773322,1.0
2021.02.023.0,1110.0002,1105.2141,1.014827,0.0630137,0.0,9.704122,0.0
2021.09.030.0,24.0,19.579927,-1.4775443,0.057534248,7205.0,9.730502,1.0
2021.01.022.0,69.0,31.104126,-1.2059106,0.07397261,3792.0002,9.6883745,1.0
2021.05.024.0,22.000002,8.011746,-1.5221938,0.071232885,426.0,9.696279,0.0
2021.012.024.0,1.0,0.627732,-2.6885438,0.07397261,0.0,9.795568,0.0
2021.012.03.0,575.00006,477.85062,0.82127476,0.035616443,0.0,9.781602,0.0
2021.06.015.0,4.999999,5.508071,-2.2141101,0.10958904,0.0,9.747067,0.0
2021.07.027.0,28.000002,30.639845,-1.5436745,0.13972603,128.0,9.748178,0.0
2021.08.017.0,315.99994,256.92636,-0.37788868,0.1780822,1.0,9.71776,1.0
2021.03.017.0,48.500004,43.251312,-1.2557181,0.09863014,762.0,9.695232,1.0
2021.01.022.0,1110.0002,1279.4459,0.7586628,0.15068494,0.0,9.683339,0.0
2021.012.024.0,10.500001,9.460606,-2.0387595,0.22739726,0.0,9.790207,0.0
2021.03.017.0,9.800001,23.0509,-1.6856972,0.09863014,90.0,9.695232,0.0
2021.09.07.0,50.000004,60.978905,-1.435456,0.2739726,0.0,9.761579,0.0
2021.07.06.0,104.000015,91.89596,-1.006343,0.19726028,19.0,9.773948,0.0
2021.012.03.0,0.39999998,0.5722726,-3.0885954,0.035616443,0.0,9.781602,1.0
2021.02.023.0,69.99999,64.44505,-1.5483216,0.31232876,0.0,9.692149,1.0
2021.02.023.0,490.99994,490.10336,-0.51251686,0.56164384,2.0,9.666055,0.0
2021.07.06.0,5.6000004,5.1635923,-2.204111,0.04383561,1.0,9.792444,1.0
2021.05.03.0,640.0,815.4858,-0.1607486,0.63013697,0.0,9.731512,0.0
2021.03.017.0,171.99997,216.35132,-0.9845062,0.50136983,0.0,9.660141,0.0
2021.07.06.0,17.500002,17.709854,-1.9548408,0.12054794,0.0,9.77985,1.0
2021.08.017.0,1250.0001,795.41614,1.2825007,0.08219178,0.0,9.720646,1.0
2021.011.012.0,65.000015,76.48166,-1.2963083,0.1890411,3.0,9.763651,1.0
2021.011.012.0,61.999996,68.200874,-1.4730324,0.34246576,1.0,9.758808,0.0
2021.09.07.0,15.499999,28.409275,-1.7024344,0.12054794,179.0,9.76612,0.0
2021.012.024.0,236.00003,151.10988,-0.4047488,0.15068494,34.0,9.793784,0.0
2021.09.030.0,345.00003,321.547,-0.4341998,0.2109589,181.0,9.72669,1.0
2021.011.012.0,710.0001,719.2253,-0.05644411,0.34246576,0.0,9.758808,0.0
2021.07.06.0,4.6,4.807652,-1.9220941,0.04383561,15.0,9.792444,0.0
2021.09.07.0,69.99999,75.76015,-1.2621503,0.12054794,47.0,9.76612,1.0
2021.05.024.0,100.00001,97.91617,-1.367864,0.569863,0.0,9.654449,0.0
2021.011.012.0,1.8,1.8369776,-2.607118,0.093150675,0.0,9.7668085,0.0
2021.02.023.0,96.999985,93.801025,-1.3252394,0.31232876,18.0,9.692149,1.0
2021.07.06.0,160.0,177.04189,-0.67437315,0.12054794,50.0,9.77985,1.0
2021.05.024.0,450.00006,336.3018,-0.37553787,0.16712329,14.0,9.689117,1.0
2021.09.07.0,48.999992,50.935425,-1.7087381,0.2739726,1.0,9.761579,1.0
2021.06.015.0,86.99999,69.08992,-1.0047256,0.10958904,510.0,9.747067,0.0
2021.012.024.0,1189.9998,896.33234,1.4391749,0.07397261,0.0,9.795568,0.0
2021.012.024.0,179.00003,225.37392,-1.0785561,0.47671232,347.0,9.783013,1.0
2021.06.015.0,11.5,19.980022,-1.86013,0.10958904,22.0,9.747067,1.0
2021.06.015.0,307.99997,416.6548,0.09913993,0.10958904,0.0,9.747067,1.0
2021.09.07.0,272.0,308.4275,-0.72409976,0.52328765,0.0,9.754756,0.0
2021.07.06.0,292.00006,243.11557,-0.23881668,0.12054794,88.0,9.77985,0.0
2021.012.03.0,67.000015,148.52919,-0.7739756,0.035616443,4068.0,9.781602,1.0
2021.06.015.0,288.0,322.92975,-0.4368285,0.2630137,91.0,9.725855,1.0
2021.05.024.0,1170.0002,978.71497,0.07559872,0.569863,0.0,9.654449,0.0
2021.05.024.0,629.99994,745.6781,0.42271507,0.071232885,0.0,9.696279,1.0
2021.07.06.0,220.00003,234.59038,-0.6429189,0.19726028,3.0,9.773948,1.0
2021.012.024.0,1.3000002,0.744659,-2.6260033,0.07397261,0.0,9.795568,0.0
2021.07.027.0,2160.0002,2266.483,1.362076,0.13972603,0.0,9.748178,0.0
2021.08.017.0,160.0,112.78399,-1.0063089,0.1780822,10.0,9.71776,1.0
2021.09.07.0,14.000001,14.742984,-1.9978284,0.2739726,3.0,9.761579,0.0
2021.07.027.0,11.000001,10.379261,-2.0597498,0.0630137,406.0,9.752781,1.0
2021.02.023.0,30.500002,24.077728,-1.4382869,0.0630137,840.0,9.704122,1.0
2021.08.017.0,570.0,439.15344,-0.2813884,0.33150685,0.0,9.71396,1.0
2021.011.012.0,12.500001,19.04903,-1.76834,0.093150675,140.0,9.7668085,1.0
2021.03.017.0,635.0001,855.7758,0.5635381,0.09863014,0.0,9.695232,0.0
2021.02.023.0,115.99999,95.567474,-1.0918429,0.1589041,2.0,9.700147,1.0
2021.08.017.0,935.00006,713.2792,-0.11613828,0.58082193,3.0,9.709964,1.0
2021.09.030.0,18.0,17.545568,-1.8708886,0.2109589,1.0,9.72669,0.0
2021.09.07.0,3019.9995,2594.1382,1.2401936,0.024657533,0.0,9.769728,0.0
2021.07.06.0,580.0,636.7275,-0.25900054,0.44657534,0.0,9.76319,1.0
2021.010.022.0,47.5,56.7473,-1.1560795,0.07397261,5550.0,9.729908,0.0
2021.012.024.0,36.5,31.143188,-1.4932452,0.22739726,0.0,9.790207,0.0
2021.07.027.0,213.00005,219.64511,-0.9598751,0.3890411,0.0,9.741792,1.0
2021.05.03.0,1009.99994,1379.2759,1.5347083,0.05479452,0.0,9.774005,0.0
2021.05.024.0,17.500002,11.904711,-1.9025127,0.071232885,1408.0,9.696279,1.0
2021.08.017.0,330.00006,225.8113,-0.4849063,0.1780822,0.0,9.71776,1.0
2021.05.024.0,730.0002,814.30066,-0.28421807,0.569863,1.0,9.654449,1.0
2021.05.024.0,829.9999,979.71564,0.75108075,0.071232885,0.0,9.696279,1.0
2021.01.022.0,22.000002,17.70139,-1.9510157,0.15068494,4.0,9.683339,1.0
2021.08.017.0,48.999992,29.656797,-1.5483341,0.08219178,99.0,9.720646,1.0
2021.07.027.0,7.9000006,8.2755,-2.1627126,0.0630137,515.0,9.752781,1.0
2021.010.022.0,37.500004,31.199648,-1.3158511,0.07397261,758.0,9.729908,1.0
2021.011.012.0,0.099999994,0.1572362,-2.7371993,0.01643835,1.0,9.76824,0.0
2021.06.015.0,102.99999,117.440025,-1.3497858,0.51232874,0.0,9.714867,1.0
2021.05.024.0,1060.0002,863.17236,0.186782,0.32054794,0.0,9.667766,0.0
2021.09.07.0,216.00002,206.02493,-1.0981944,0.52328765,0.0,9.754756,1.0
2021.01.022.0,5.6000004,5.8346577,-2.2411876,0.07397261,152.0,9.6883745,1.0
2021.08.017.0,904.9998,1170.0181,0.035802007,0.58082193,0.0,9.709964,0.0
2021.09.07.0,495.99997,635.3457,0.23344183,0.12054794,0.0,9.76612,0.0
2021.012.024.0,38.499996,32.19419,-1.3608518,0.15068494,37.0,9.793784,0.0
2021.07.027.0,48.0,48.082333,-1.5554523,0.13972603,1.0,9.748178,1.0
2021.07.06.0,157.99997,159.22545,-1.033655,0.44657534,0.0,9.76319,0.0
2021.011.012.0,57.999996,64.245316,-1.0664586,0.093150675,526.0,9.7668085,1.0
2021.03.017.0,33.000004,69.07743,-1.1529915,0.09863014,780.0,9.695232,0.0
2021.07.06.0,180.99995,197.0867,-1.0652106,0.44657534,0.0,9.76319,1.0
2021.012.024.0,44.000004,75.99775,-1.3823347,0.15068494,7.0,9.793784,1.0
2021.08.017.0,5.6000004,5.394633,-2.3018937,0.1780822,11.0,9.71776,0.0
2021.02.023.0,4.999999,4.957097,-2.1796198,0.0630137,167.0,9.704122,1.0
2021.010.022.0,148.00002,144.52322,-0.909518,0.15068494,53.0,9.72836,1.0
2021.02.023.0,111.999985,98.4604,-1.4049447,0.56164384,9.0,9.666055,1.0
2021.09.07.0,100.00001,93.45325,-1.387104,0.2739726,80.0,9.761579,1.0
2021.011.012.0,10.0,16.593225,-1.8604275,0.093150675,12.999985,9.7668085,1.0
2021.012.024.0,162.99997,206.20883,-1.1307043,0.47671232,296.0,9.783013,1.0
2021.05.024.0,28.5,23.93584,-1.6193007,0.16712329,3.0,9.689117,0.0
2021.06.015.0,640.0,690.89557,0.16020799,0.2630137,0.0,9.725855,1.0
2021.011.012.0,944.99994,939.65466,0.17797887,0.34246576,0.0,9.758808,0.0
2021.09.07.0,1259.9999,1316.3137,0.52804136,0.2739726,0.0,9.761579,0.0
2021.08.017.0,5.3000007,6.341708,-2.023381,0.08219178,130.99998,9.720646,0.0
2021.09.030.0,177.00002,168.08548,-0.6954431,0.13424657,4.0,9.728479,1.0
2021.08.017.0,28.5,17.44043,-1.7850134,0.08219178,83.0,9.720646,1.0
2021.03.017.0,51.999996,74.28624,-1.3725456,0.25205478,1.0,9.687444,0.0
2021.09.07.0,705.0001,678.1233,-0.25483298,0.52328765,7.0,9.754756,1.0
2021.07.027.0,68.0,77.958405,-1.5799649,0.3890411,20.0,9.741792,1.0
2021.010.022.0,492.99994,511.9353,-0.56645274,0.64931506,12.0,9.715651,1.0
2021.012.03.0,1.8,1.8566525,-2.5689335,0.035616443,2.0,9.781602,1.0
2021.09.07.0,1570.0,1640.312,0.7068205,0.2739726,0.0,9.761579,0.0
2021.012.03.0,38.0,32.670174,-1.6345774,0.2849315,2.0,9.773322,0.0
2021.01.022.0,7.9000006,9.434202,-2.0652156,0.07397261,134.0,9.6883745,1.0
2021.05.03.0,835.0,1181.7294,1.2555807,0.05479452,0.0,9.774005,0.0
2021.07.06.0,43.499996,51.26409,-1.6443169,0.19726028,5.0,9.773948,1.0
2021.06.015.0,173.00002,246.53043,-0.30045307,0.10958904,445.0,9.747067,1.0
2021.07.06.0,96.999985,118.231155,-1.1304932,0.19726028,0.0,9.773948,1.0
2021.02.023.0,236.99997,226.63522,-0.7753025,0.31232876,1.0,9.692149,0.0
2021.010.022.0,36.0,34.74589,-1.6624368,0.15068494,33.0,9.72836,1.0
2021.010.022.0,423.00006,424.56717,-0.4828768,0.4,0.0,9.721366,1.0
2021.010.022.0,22.000002,22.2626,-1.9887788,0.4,0.0,9.721366,0.0
2021.02.023.0,3.0999997,3.3813605,-2.248744,0.0630137,33.0,9.704122,0.0
2021.09.07.0,115.99999,109.33499,-0.4156083,0.024657533,4098.0,9.769728,1.0
2021.011.012.0,106.999985,118.343,-1.258076,0.34246576,32.0,9.758808,1.0
2021.09.07.0,3.4999995,2.6362243,-2.243119,0.024657533,747.0,9.769728,1.0
2021.02.023.0,4.7000003,2.125182,-2.4371629,0.0630137,139.0,9.704122,1.0
2021.09.07.0,0.3,0.4451942,-2.859521,0.024657533,0.0,9.769728,0.0
2021.010.022.0,128.99998,148.17995,-1.1787329,0.64931506,0.0,9.715651,0.0
2021.06.015.0,379.0,400.37402,-0.5517018,0.51232874,1.0,9.714867,1.0
2021.05.03.0,85.0,82.33821,-1.4759592,0.3808219,0.0,9.74367,1.0
2021.05.03.0,441.00006,651.24854,0.29836512,0.13150683,0.0,9.77087,0.0
2021.010.022.0,534.99994,540.26764,-0.314883,0.4,3.0,9.721366,1.0
2021.010.022.0,9.900001,9.8464575,-1.9350562,0.07397261,301.0,9.729908,0.0
2021.08.017.0,735.0001,382.62152,0.5518954,0.08219178,0.0,9.720646,1.0
2021.07.06.0,21.500002,25.397884,-1.9736719,0.19726028,0.0,9.773948,1.0
2021.02.023.0,162.99997,139.05165,-0.83106,0.1589041,5.0,9.700147,0.0
2021.06.015.0,337.00006,331.10828,-0.6923722,0.51232874,0.0,9.714867,0.0
2021.05.03.0,477.99988,427.1644,-0.6163218,0.63013697,0.0,9.731512,1.0
2021.01.022.0,41.0,42.704475,-1.7665812,0.4,5.0,9.670672,1.0
2021.05.03.0,559.99994,722.07056,-0.24826574,0.63013697,0.0,9.731512,0.0
2021.07.06.0,96.0,104.223915,-1.4283502,0.44657534,2.0,9.76319,1.0
2021.010.022.0,42.5,34.820522,-1.2468579,0.07397261,1402.0,9.729908,1.0
2021.012.024.0,12.999999,10.276284,-1.6203836,0.07397261,390.0,9.795568,0.0
2021.012.03.0,14.499999,11.664718,-2.107326,0.2849315,1.0,9.773322,0.0
2021.07.027.0,465.99997,499.57013,0.019476056,0.13972603,0.0,9.748178,0.0
2021.09.030.0,8.3,7.8678937,-2.1142998,0.13424657,3.0,9.728479,0.0
2021.09.030.0,555.0001,567.89233,-0.38134414,0.46027398,2.0,9.715953,0.0
2021.03.017.0,45.000004,88.82352,-1.0280563,0.09863014,647.0,9.695232,0.0
2021.06.015.0,39.500004,50.902126,-1.6537744,0.2630137,0.0,9.725855,1.0
2021.06.015.0,820.0,801.7556,-0.113773584,0.51232874,0.0,9.714867,0.0
2021.07.06.0,7.2000003,7.669892,-1.7335427,0.04383561,134.0,9.792444,0.0
2021.07.027.0,1240.0,1374.4673,0.19402015,0.63835615,0.0,9.733647,0.0
2021.03.017.0,55.000008,54.529655,-1.4029963,0.17534247,0.0,9.691593,1.0
2021.03.017.0,690.00006,821.761,0.28685904,0.17534247,0.0,9.691593,0.0
2021.06.015.0,1880.0002,1917.2555,0.6147015,0.51232874,0.0,9.714867,0.0
2021.05.03.0,534.99994,471.9269,-0.54418373,0.63013697,0.0,9.731512,1.0
2021.07.06.0,1789.9996,1575.1561,1.7488368,0.04383561,0.0,9.792444,0.0
2021.07.027.0,15.000001,14.013429,-2.1871436,0.13972603,2.0,9.748178,1.0
2021.010.022.0,1.5,1.5094723,-2.778148,0.15068494,0.0,9.72836,0.0
2021.011.012.0,810.0001,822.0961,0.30438018,0.1890411,0.0,9.763651,0.0
2021.012.024.0,48.0,81.89965,-1.3402569,0.15068494,17.0,9.793784,1.0
2021.05.024.0,255.00002,260.87195,-0.8764869,0.32054794,3.0,9.667766,1.0
2021.09.07.0,216.00002,180.91031,-0.56526184,0.12054794,503.0,9.76612,1.0
2021.08.017.0,980.0002,647.11725,0.46825063,0.1780822,0.0,9.71776,1.0
2021.07.027.0,40.500004,32.618046,-1.7632474,0.3890411,0.0,9.741792,0.0
2021.03.017.0,25.000002,38.292282,-1.6124794,0.17534247,3.0,9.691593,0.0
2021.05.03.0,7.4000006,17.757368,-1.5527549,0.05479452,1544.0,9.774005,0.0
2021.09.030.0,111.999985,91.16756,-1.0347086,0.13424657,62.0,9.728479,1.0
2021.011.012.0,216.00002,274.24548,-0.33943665,0.093150675,424.0,9.7668085,0.0
2021.07.027.0,30.000002,28.97701,-1.8055294,0.3890411,0.0,9.741792,0.0
2021.07.06.0,330.00006,285.5011,-0.12811542,0.12054794,211.0,9.77985,0.0
2021.012.03.0,32.0,17.51763,-1.0216758,0.035616443,7111.0,9.781602,0.0
2021.011.012.0,3.6000001,4.3145304,-1.724347,0.01643835,4071.0,9.76824,1.0
2021.011.012.0,1.1,0.6265191,-2.7944138,0.093150675,0.0,9.7668085,0.0
2021.03.017.0,4.3,4.048889,-2.3390396,0.09863014,0.0,9.695232,0.0
2021.06.015.0,1100.0001,1070.3856,0.5278462,0.18630137,0.0,9.736488,0.0
2021.08.017.0,15.000001,13.928358,-2.1098428,0.33150685,1.0,9.71396,0.0
2021.08.017.0,358.99994,442.5161,-0.6110343,0.58082193,0.0,9.709964,0.0
2021.04.09.0,705.0001,678.0984,-0.28966165,0.68767124,0.0,9.690975,1.0
2021.09.07.0,187.00002,228.46774,-0.906887,0.52328765,0.0,9.754756,0.0
2021.05.03.0,1170.0002,1492.4042,1.0691254,0.13150683,0.0,9.77087,0.0
2021.06.015.0,12.999999,24.461266,-1.7506994,0.10958904,37.0,9.747067,1.0
2021.09.030.0,372.0,364.64224,-0.13821709,0.13424657,67.0,9.728479,1.0
2021.012.03.0,412.99997,468.27356,-0.40843976,0.2849315,0.0,9.773322,1.0
2021.01.022.0,1219.9999,1268.2568,0.4297067,0.4,0.0,9.670672,0.0
2021.07.027.0,21.500002,22.606565,-1.8786525,0.13972603,6.0,9.748178,1.0
2021.05.03.0,969.9999,1171.8674,0.10852814,0.63013697,0.0,9.731512,0.0
2021.04.09.0,257.0,255.60529,-0.78553325,0.43835616,0.0,9.70186,1.0
2021.04.09.0,940.0001,1090.1156,0.17715383,0.43835616,0.0,9.70186,0.0
2021.09.07.0,284.00006,263.3269,-0.9426503,0.52328765,0.0,9.754756,1.0
2021.011.012.0,8.899999,12.843518,-2.1643844,0.34246576,0.0,9.758808,0.0
2021.01.022.0,60.000004,27.578465,-1.2739427,0.07397261,3759.0,9.6883745,1.0
2021.03.017.0,218.00005,195.86774,-0.6225449,0.17534247,3.0,9.691593,1.0
2021.012.024.0,10.500001,7.8946514,-2.0149088,0.15068494,0.0,9.793784,0.0
2021.09.030.0,157.0,254.80565,-0.52680296,0.057534248,3993.0,9.730502,0.0
2021.09.030.0,22.500002,19.440483,-2.011259,0.46027398,0.0,9.715953,0.0
2021.07.06.0,121.000015,112.05885,-0.7873441,0.12054794,63.0,9.77985,0.0
2021.02.023.0,814.9999,845.74646,-0.17930532,0.56164384,0.0,9.666055,0.0
2021.05.024.0,1040.0002,1226.2146,0.0033431053,0.569863,0.0,9.654449,1.0
2021.09.07.0,278.00003,289.56418,-0.7097367,0.2739726,21.0,9.761579,1.0
2021.07.027.0,12.0,12.937004,-1.9674077,0.0630137,793.0,9.752781,1.0
2021.07.06.0,45.000004,37.88495,-0.91328937,0.04383561,1617.0,9.792444,0.0
2021.09.07.0,2630.0,2687.2166,1.2031176,0.2739726,0.0,9.761579,0.0
2021.011.012.0,6.0,10.863822,-2.0681257,0.093150675,87.0,9.7668085,1.0
2021.05.03.0,1.6999999,4.398316,-2.0960507,0.05479452,14.0,9.774005,0.0
2021.010.022.0,241.00002,253.67458,-0.5236085,0.15068494,16.0,9.72836,1.0
2021.07.06.0,145.0,164.04504,-0.73737603,0.12054794,38.0,9.77985,1.0
2021.07.027.0,284.00006,298.15833,-0.76627284,0.3890411,1.0,9.741792,1.0
2021.01.022.0,150.00002,118.5578,-1.1746718,0.4,135.0,9.670672,1.0
2021.01.022.0,9.5,10.285875,-1.9962165,0.07397261,324.0,9.6883745,1.0
2021.09.030.0,620.0,547.5414,0.024438202,0.2109589,0.0,9.72669,1.0
2021.01.022.0,334.99994,318.59396,-0.7794913,0.64931506,5.0,9.644652,1.0
2021.09.07.0,0.19999999,0.26516348,-2.9870834,0.024657533,0.0,9.769728,0.0
2021.05.024.0,30.999998,25.511822,-1.908105,0.32054794,8.0,9.667766,0.0
2021.04.09.0,1289.9999,1414.7097,0.23723221,0.68767124,0.0,9.690975,0.0
2021.010.022.0,7.799999,7.5620193,-2.046343,0.07397261,456.0,9.729908,1.0
2021.06.015.0,699.99994,695.8802,-0.20213461,0.51232874,2.0,9.714867,0.0
2021.07.06.0,17.500002,27.584698,-1.6488589,0.04383561,697.0,9.792444,1.0
2021.03.017.0,3.3999999,5.722769,-2.206162,0.09863014,0.0,9.695232,0.0
2021.012.024.0,720.00006,595.28174,-0.13653284,0.47671232,0.0,9.783013,0.0
2021.08.017.0,655.00006,345.47614,0.40864897,0.08219178,0.0,9.720646,1.0
2021.07.06.0,455.0,436.53265,-0.42169833,0.44657534,0.0,9.76319,0.0
2021.05.03.0,292.00006,288.9428,-0.8809607,0.63013697,0.0,9.731512,1.0
2021.010.022.0,67.000015,84.445206,-1.4036705,0.4,6.0,9.721366,0.0
2021.011.012.0,585.0001,668.7072,0.42273223,0.093150675,0.0,9.7668085,0.0
2021.07.06.0,570.0,633.38556,-0.42234647,0.6958904,4.0,9.753769,1.0
2021.05.03.0,223.99997,238.53314,-0.99734706,0.63013697,1.0,9.731512,1.0
2021.09.030.0,545.0001,549.0696,-0.009067774,0.13424657,8.0,9.728479,0.0
2021.08.017.0,400.00003,527.91797,-0.5146343,0.58082193,0.0,9.709964,0.0
2021.02.023.0,153.99998,102.82235,-0.6150268,0.0630137,1772.0,9.704122,0.0
2021.05.03.0,398.99994,318.45166,-0.5982194,0.3808219,6.0,9.74367,1.0
2021.09.030.0,11.5,11.154083,-2.010581,0.13424657,4.0,9.728479,0.0
2021.07.06.0,2450.0005,2538.7715,1.3653154,0.19726028,0.0,9.773948,0.0
2021.04.09.0,25.999998,23.727055,-1.8023171,0.1890411,42.0,9.730621,1.0
2021.09.07.0,0.19999999,0.2355731,-3.102511,0.024657533,0.0,9.769728,0.0
2021.07.06.0,80.0,88.24826,-1.3202603,0.19726028,1.0,9.773948,1.0
2021.011.012.0,275.00003,298.42047,-0.8561787,0.5917808,0.0,9.752257,1.0
2021.09.030.0,61.999996,56.048958,-1.4970518,0.2109589,42.0,9.72669,1.0
2021.010.022.0,204.0,207.25522,-0.65726316,0.15068494,189.0,9.72836,1.0
2021.08.017.0,8.8,8.612724,-2.154456,0.1780822,0.0,9.71776,0.0
2021.09.030.0,374.00003,538.645,0.0287143,0.057534248,0.0,9.730502,0.0
2021.05.024.0,185.00003,86.286575,-0.5390948,0.071232885,2518.0,9.696279,0.0
2021.09.030.0,2.8999996,3.1584854,-2.3733408,0.13424657,4.0,9.728479,0.0
2021.07.06.0,95.0,95.27055,-1.3106613,0.44657534,4.0,9.76319,0.0
2021.010.022.0,73.000015,74.34311,-1.24256,0.15068494,7.0,9.72836,1.0
2021.012.03.0,0.39999998,0.9132197,-2.6532643,0.035616443,8.0,9.781602,1.0
2021.012.024.0,6.999999,4.6757812,-2.0080445,0.07397261,100.0,9.795568,0.0
2021.05.03.0,55.000008,57.583195,-1.7115715,0.3808219,1.0,9.74367,1.0
2021.012.024.0,73.000015,60.884712,-0.99824727,0.15068494,38.0,9.793784,0.0
2021.05.03.0,44.499992,71.94399,-1.0957122,0.13150683,646.0,9.77087,0.0
2021.06.015.0,4.0,2.541932,-2.4650645,0.10958904,0.0,9.747067,0.0
2021.06.015.0,234.00005,194.85959,-0.43882126,0.10958904,357.0,9.747067,0.0
2021.03.017.0,495.00006,492.2283,-0.1870969,0.25205478,0.0,9.687444,1.0
2021.05.024.0,36.0,29.252405,-1.5611762,0.16712329,2.0,9.689117,0.0
2021.011.012.0,1100.0001,1071.0458,0.083666205,0.5917808,0.0,9.752257,0.0
2021.05.024.0,814.9999,964.9958,-0.2139759,0.569863,10.0,9.654449,1.0
2021.012.03.0,775.0,708.3746,0.09364641,0.2849315,0.0,9.773322,0.0
2021.07.06.0,424.00006,482.37848,-0.6186451,0.6958904,0.0,9.753769,1.0
2021.012.03.0,24.0,20.567549,-1.8468279,0.2849315,0.0,9.773322,0.0
2021.05.03.0,1049.9999,1289.5884,0.1977179,0.63013697,0.0,9.731512,0.0
2021.09.030.0,609.99994,619.1648,0.07027447,0.13424657,0.0,9.728479,0.0
2021.03.017.0,1310.0001,1439.5793,0.6520307,0.25205478,0.0,9.687444,0.0
2021.09.07.0,1929.9999,1961.629,0.8938402,0.2739726,0.0,9.761579,0.0
2021.010.022.0,342.0,351.96765,-0.23146307,0.15068494,60.000015,9.72836,1.0
2021.012.03.0,5.5000005,13.987387,-1.8927863,0.035616443,723.0,9.781602,1.0
2021.08.017.0,52.999996,70.38319,-1.5376915,0.58082193,1.0,9.709964,0.0
2021.02.023.0,272.0,285.825,-0.85136515,0.56164384,0.0,9.666055,0.0
2021.03.017.0,16.500002,20.365904,-2.072405,0.25205478,5.0,9.687444,1.0
2021.012.03.0,104.999985,248.11023,-0.4933459,0.035616443,3564.0,9.781602,1.0
2021.02.023.0,32.0,23.378836,-1.4512674,0.0630137,529.0,9.704122,0.0
2021.09.07.0,6.1000004,9.481327,-2.2915175,0.2739726,0.0,9.761579,0.0
2021.09.07.0,0.3,0.3478858,-3.0430787,0.024657533,0.0,9.769728,1.0
2021.05.024.0,1069.9999,1229.813,1.0490205,0.071232885,0.0,9.696279,1.0
2021.09.07.0,2430.0002,2650.7578,2.670233,0.024657533,0.0,9.769728,0.0
2021.07.027.0,414.99994,457.1434,0.23805022,0.0630137,0.0,9.752781,0.0
2021.011.012.0,1180.0001,1292.5471,1.1028812,0.093150675,0.0,9.7668085,0.0
2021.05.03.0,4.1999993,2.8790092,-2.4919763,0.05479452,6.0,9.774005,1.0
2021.07.06.0,25.999998,47.26854,-1.4155664,0.04383561,956.0,9.792444,1.0
2021.012.024.0,315.99994,416.77103,-0.69422376,0.47671232,0.0,9.783013,1.0
2021.03.017.0,804.9999,743.10156,-0.11777282,0.50136983,0.0,9.660141,1.0
2021.04.09.0,1829.9998,1940.5327,1.2940352,0.1890411,0.0,9.730621,0.0
2021.012.03.0,364.0,318.63483,-0.41446579,0.2849315,0.0,9.773322,0.0
2021.02.023.0,82.0,65.16614,-1.2483041,0.1589041,19.0,9.700147,1.0
2021.06.015.0,438.0001,421.63934,-0.29876065,0.2630137,12.0,9.725855,0.0
2021.012.024.0,1170.0002,1004.7746,0.25127912,0.47671232,0.0,9.783013,0.0
2021.06.015.0,391.0,433.56677,-0.20912397,0.2630137,4.0,9.725855,1.0
2021.02.023.0,530.0001,466.59943,-0.06025642,0.1589041,415.0,9.700147,0.0
2021.09.07.0,1429.9998,1517.3713,2.5813918,0.024657533,0.0,9.769728,0.0
2021.07.06.0,1399.9999,1229.9138,1.5077796,0.04383561,0.0,9.792444,0.0
2021.04.09.0,109.00002,113.86619,-1.2803754,0.43835616,0.0,9.70186,1.0
2021.011.012.0,0.19999999,0.19960147,-2.9801693,0.01643835,2.0,9.76824,0.0
2021.08.017.0,23.0,23.03542,-1.7676814,0.33150685,1.0,9.71396,0.0
2021.09.030.0,28.5,35.13487,-1.6115502,0.13424657,92.0,9.728479,0.0
2021.010.022.0,28.5,26.597837,-1.8140976,0.15068494,3.0,9.72836,1.0
2021.06.015.0,27.500004,33.396385,-1.8638328,0.2630137,0.0,9.725855,1.0
2021.01.022.0,35.000004,29.286934,-1.6790755,0.15068494,222.0,9.683339,1.0
2021.011.012.0,14.499999,21.70682,-1.7022451,0.093150675,163.0,9.7668085,0.0
2021.06.015.0,30.500002,34.980297,-1.8402238,0.2630137,1.0,9.725855,1.0
2021.011.012.0,251.99997,259.554,-0.52858603,0.1890411,28.0,9.763651,0.0
2021.03.017.0,30.000002,40.501896,-1.8046769,0.25205478,12.0,9.687444,1.0
2021.07.027.0,37.500004,35.90246,-1.6595381,0.13972603,22.0,9.748178,1.0
2021.012.024.0,3.7000012,3.516265,-2.418728,0.15068494,0.0,9.793784,0.0
2021.012.024.0,121.99998,158.0911,-1.281585,0.47671232,11.0,9.783013,1.0
2021.02.023.0,4.5,2.6992373,-2.3808336,0.0630137,24.0,9.704122,1.0
2021.08.017.0,42.000004,52.425034,-1.6960677,0.58082193,2.0,9.709964,0.0
2021.05.03.0,128.0,72.60898,-0.97919965,0.05479452,2868.0,9.774005,1.0
2021.05.024.0,7.2000003,5.0021524,-2.3643668,0.071232885,214.0,9.696279,1.0
2021.03.017.0,384.99997,345.5127,-0.64360595,0.50136983,2.0,9.660141,1.0
2021.011.012.0,0.19999999,0.27790934,-2.9249802,0.01643835,11.0,9.76824,1.0
2021.010.022.0,0.19999999,0.42394182,-2.7606626,0.07397261,1.0,9.729908,0.0
2021.011.012.0,34.5,45.368614,-1.5922152,0.1890411,34.0,9.763651,1.0
2021.05.03.0,111.000015,64.80933,-1.0769964,0.05479452,2318.0,9.774005,1.0
2021.04.09.0,4.7000003,5.5244436,-2.5420475,0.1890411,115.0,9.730621,1.0
2021.06.015.0,15.000001,15.400938,-1.777332,0.10958904,17.0,9.747067,0.0
2021.01.022.0,1530.0001,1532.0266,0.455315,0.64931506,0.0,9.644652,0.0
2021.02.023.0,2.0,1.1252656,-2.7731886,0.0630137,3.0,9.704122,1.0
2021.05.024.0,789.9995,958.6474,0.0,0.32054794,3.0,9.667766,1.0
2021.09.030.0,1230.0,1209.0803,0.1600895,0.46027398,0.0,9.715953,0.0
2021.03.017.0,570.0,764.9446,0.46609676,0.09863014,0.0,9.695232,0.0
2021.07.027.0,9.6,8.695964,-1.9820002,0.13972603,10.0,9.748178,0.0
2021.08.017.0,14.000001,10.616367,-2.1722631,0.33150685,0.0,9.71396,0.0
2021.05.024.0,400.00003,465.63345,-0.6793985,0.569863,0.0,9.654449,1.0
2021.010.022.0,412.99997,432.43262,-0.6780425,0.64931506,2.0,9.715651,1.0
2021.06.015.0,186.0,200.36513,-1.0243478,0.51232874,0.0,9.714867,1.0
2021.010.022.0,19.0,19.405373,-2.046633,0.4,0.0,9.721366,0.0
2021.08.017.0,222.00003,156.42528,-0.72047985,0.1780822,0.0,9.71776,1.0
2021.011.012.0,8.899999,10.986961,-2.2106373,0.34246576,0.0,9.758808,0.0
2021.08.017.0,400.99997,636.57263,0.28591275,0.08219178,0.0,9.720646,0.0
2021.06.015.0,5.5000005,10.751769,-2.1664097,0.10958904,0.0,9.747067,1.0
2021.010.022.0,8.0,7.851952,-2.0493011,0.07397261,166.0,9.729908,0.0
2021.07.06.0,31.500004,36.494534,-1.6171376,0.12054794,26.0,9.77985,1.0
2021.09.030.0,440.00006,603.65265,0.15021431,0.057534248,0.0,9.730502,0.0
2021.09.07.0,50.000004,56.811222,-1.6842929,0.2739726,0.0,9.761579,1.0
2021.09.030.0,6.2999988,6.3354607,-2.1863675,0.13424657,0.0,9.728479,0.0
2021.02.023.0,296.00003,262.49924,-0.44614792,0.1589041,9.0,9.700147,0.0
2021.07.027.0,13.500001,13.222897,-1.9553547,0.0630137,5.0,9.752781,1.0
2021.07.027.0,36.0,46.121834,-1.1396892,0.0630137,4049.0,9.752781,0.0
2021.09.07.0,12.0,13.155644,-1.6389029,0.024657533,2185.0,9.769728,1.0
2021.07.027.0,50.000004,51.909607,-0.98583907,0.0630137,2433.0,9.752781,0.0
2021.010.022.0,30.000002,34.780704,-1.8115478,0.4,0.0,9.721366,0.0
2021.03.017.0,42.000004,57.184467,-1.5948126,0.25205478,2.0,9.687444,1.0
2021.08.017.0,95.0,144.9845,-0.86794215,0.1780822,5.0,9.71776,0.0
2021.09.07.0,10.500001,10.646031,-1.7627294,0.024657533,2262.0,9.769728,1.0
2021.03.017.0,530.0001,482.52274,-0.42829114,0.50136983,0.0,9.660141,1.0
2021.07.027.0,128.99998,143.54417,-1.0978302,0.3890411,2.0,9.741792,0.0
2021.05.03.0,349.00003,317.43768,-0.8183584,0.63013697,0.0,9.731512,1.0
2021.09.030.0,35.499996,42.988213,-1.5656979,0.13424657,25.0,9.728479,0.0
2021.02.023.0,18.499998,14.23402,-1.6997495,0.0630137,364.0,9.704122,1.0
2021.02.023.0,164.0,132.91248,-0.51411664,0.0630137,1127.0,9.704122,1.0
2021.06.015.0,102.0,133.38123,-1.0922943,0.2630137,2.0,9.725855,1.0
2021.011.012.0,148.00002,154.01385,-1.1147449,0.5917808,0.0,9.752257,0.0
2021.09.07.0,1550.0,1533.9989,0.42952347,0.52328765,0.0,9.754756,0.0
2021.01.022.0,152.0,128.144,-1.2492667,0.64931506,0.0,9.644652,1.0
2021.09.07.0,0.19999999,0.19003314,-3.1599889,0.024657533,1.0,9.769728,0.0
2021.09.07.0,7.5000005,6.895693,-1.9009552,0.024657533,745.0,9.769728,1.0
2021.010.022.0,82.0,64.56381,-0.89592165,0.07397261,3630.0,9.729908,1.0
2021.04.09.0,123.0,129.10379,-1.2139684,0.43835616,0.0,9.70186,1.0
2021.012.03.0,0.19999999,0.5468942,-3.2722085,0.035616443,1.0,9.781602,1.0
2021.02.023.0,4.5,3.2610066,-2.2815378,0.0630137,114.0,9.704122,1.0
2021.08.017.0,118.000015,83.19446,-1.2047669,0.1780822,10.0,9.71776,1.0
2021.02.023.0,96.0,92.56929,-1.4173243,0.56164384,0.0,9.666055,0.0
2021.02.023.0,825.0001,771.9815,-0.14319634,0.56164384,0.0,9.666055,1.0
2021.011.012.0,423.00006,429.05206,-0.43070996,0.34246576,1.0,9.758808,0.0
2021.06.015.0,1030.0,979.2215,0.46025276,0.18630137,0.0,9.736488,0.0
2021.010.022.0,176.00002,136.40123,-0.37758744,0.07397261,1746.0,9.729908,1.0
2021.07.027.0,1100.0001,1174.5918,0.6909572,0.13972603,0.0,9.748178,0.0
2021.07.027.0,426.0001,443.44507,-0.42606604,0.3890411,0.0,9.741792,0.0
2021.09.030.0,223.99997,197.09818,-0.5764965,0.13424657,37.0,9.728479,1.0
2021.08.017.0,60.000004,76.13115,-1.5101566,0.58082193,2.0,9.709964,0.0
2021.012.03.0,12.500001,8.633493,-2.224942,0.2849315,0.0,9.773322,0.0
2021.05.03.0,35.499996,36.653664,-1.8940284,0.3808219,80.0,9.74367,1.0
2021.05.024.0,4.999999,2.3742435,-2.1640615,0.071232885,0.0,9.696279,0.0
2021.011.012.0,114.0,129.58203,-0.98466825,0.1890411,39.0,9.763651,0.0
2021.03.017.0,995.0001,941.3283,0.050194502,0.50136983,0.0,9.660141,1.0
2021.04.09.0,1470.0002,1572.7283,1.0751214,0.1890411,0.0,9.730621,0.0
2021.05.03.0,81.00001,61.514313,-1.389189,0.13150683,180.0,9.77087,1.0
2021.09.07.0,980.0002,1045.6007,0.32228935,0.2739726,0.0,9.761579,0.0
2021.05.024.0,327.00006,304.71692,-0.6521622,0.32054794,2.0,9.667766,0.0
2021.03.017.0,720.00006,944.56476,0.6538476,0.09863014,0.0,9.695232,0.0
2021.05.03.0,3.7000012,3.9663064,-2.6573648,0.13150683,584.0,9.77087,1.0
2021.06.015.0,8.899999,10.701166,-1.9295543,0.10958904,21.0,9.747067,0.0
2021.05.03.0,191.00003,179.21056,-1.1622281,0.63013697,0.0,9.731512,1.0
2021.03.017.0,1480.0002,1621.9619,0.75858665,0.25205478,0.0,9.687444,0.0
2021.08.017.0,890.0001,486.86615,0.87491786,0.08219178,0.0,9.720646,1.0
2021.02.023.0,320.0,333.40027,-0.7656822,0.56164384,0.0,9.666055,0.0
2021.09.030.0,14.499999,13.746605,-2.001926,0.2109589,7.0,9.72669,0.0
2021.07.027.0,115.00001,116.47216,-1.3400112,0.3890411,0.0,9.741792,1.0
2021.011.012.0,106.999985,156.58267,-0.76710016,0.093150675,1407.0,9.7668085,0.0
2021.02.023.0,24.0,19.352419,-1.5744777,0.0630137,2507.0,9.704122,1.0
2021.09.030.0,118.99998,101.877266,-0.9897542,0.13424657,23.0,9.728479,1.0
2021.09.07.0,3220.0012,2584.0725,1.3292625,0.024657533,0.0,9.769728,0.0
2021.010.022.0,1730.0002,1740.1277,1.1049044,0.15068494,0.0,9.72836,0.0
2021.012.024.0,422.0,557.154,-0.4758116,0.47671232,0.0,9.783013,1.0
2021.05.024.0,17.0,6.5446024,-1.6138749,0.071232885,404.0,9.696279,0.0
2021.07.06.0,829.9999,650.7488,1.0532322,0.04383561,0.0,9.792444,0.0
2021.05.03.0,6.0,8.266788,-2.3668299,0.13150683,35.0,9.77087,1.0
2021.07.06.0,138.0,123.41442,-0.83487415,0.19726028,3.0,9.773948,0.0
2021.011.012.0,555.0001,576.96405,-0.38240647,0.5917808,40.0,9.752257,1.0
2021.01.022.0,955.0002,1112.3293,0.6404953,0.15068494,0.0,9.683339,0.0
2021.04.09.0,60.99999,65.85128,-1.6054906,0.43835616,12.999985,9.70186,1.0
2021.03.017.0,640.0,607.39264,-0.28338444,0.50136983,21.0,9.660141,1.0
2021.07.027.0,6.3,4.7311945,-2.017944,0.0630137,422.0,9.752781,0.0
2021.011.012.0,0.19999999,0.22795127,-3.212633,0.01643835,6.0,9.76824,1.0
2021.05.03.0,115.00001,149.82045,-1.1827304,0.63013697,1.0,9.731512,0.0
2021.012.03.0,486.99988,364.83182,0.6512656,0.035616443,0.0,9.781602,0.0
2021.03.017.0,419.99994,400.5354,-0.20543045,0.17534247,12.999985,9.691593,1.0
2021.05.024.0,23.0,13.840159,-1.9036666,0.16712329,20.0,9.689117,0.0
2021.02.023.0,1.0,0.53395545,-2.9973032,0.0630137,1383.0,9.704122,1.0
2021.07.06.0,11.5,13.896223,-1.8442464,0.04383561,150.0,9.792444,1.0
2021.06.015.0,342.0,369.66693,-0.3251021,0.2630137,0.0,9.725855,1.0
2021.010.022.0,0.5,0.6448335,-2.8305745,0.07397261,0.0,9.729908,0.0
2021.011.012.0,316.99994,301.98425,-0.7494367,0.5917808,0.0,9.752257,0.0
2021.07.06.0,9.2,7.543154,-2.1715991,0.19726028,0.0,9.773948,0.0
2021.06.015.0,1350.0002,1327.8857,0.5819087,0.2630137,0.0,9.725855,0.0
2021.012.03.0,334.99994,203.58545,0.35231078,0.035616443,0.0,9.781602,0.0
2021.07.027.0,364.0,348.99338,-0.2639253,0.13972603,17.0,9.748178,1.0
2021.09.030.0,222.99998,208.63577,-0.7916898,0.2109589,1.0,9.72669,1.0
2021.06.015.0,343.99994,364.26807,-0.61607957,0.51232874,87.0,9.714867,1.0
2021.06.015.0,1140.0,1078.8595,0.85604763,0.10958904,0.0,9.747067,0.0
2021.08.017.0,2.0,1.6071237,-2.4829345,0.08219178,0.0,9.720646,0.0
2021.07.06.0,1590.0004,1425.1149,1.7110322,0.04383561,0.0,9.792444,0.0
2021.04.09.0,23.0,19.741703,-1.8826857,0.1890411,0.0,9.730621,1.0
2021.06.015.0,463.99997,443.0224,-0.47006348,0.51232874,2.0,9.714867,1.0
2021.010.022.0,3.9000006,4.1124487,-2.2169182,0.07397261,31.0,9.729908,0.0
2021.08.017.0,106.000015,99.77315,-1.32453,0.33150685,1.0,9.71396,1.0
2021.07.06.0,222.99998,259.8709,-1.0092903,0.6958904,0.0,9.753769,1.0
2021.06.015.0,32.0,31.368572,-1.6931947,0.2630137,0.0,9.725855,0.0
2021.05.024.0,76.0,27.365002,-0.9790366,0.071232885,1531.0,9.696279,0.0
2021.08.017.0,88.00001,135.63997,-0.91112536,0.1780822,9.0,9.71776,0.0
2021.04.09.0,67.000015,71.27396,-1.5623631,0.43835616,0.0,9.70186,1.0
2021.07.027.0,1579.9999,1683.8229,0.59041977,0.3890411,0.0,9.741792,0.0
2021.09.07.0,143.00003,136.44742,-0.8408613,0.12054794,67.0,9.76612,1.0
2021.05.024.0,825.0001,971.4969,0.30158198,0.16712329,0.0,9.689117,1.0
2021.05.024.0,230.99998,200.81516,-0.98682016,0.569863,241.0,9.654449,0.0
2021.010.022.0,387.99994,480.49008,0.14547825,0.07397261,0.0,9.729908,0.0
2021.07.06.0,240.00002,225.84726,-0.34527624,0.12054794,198.0,9.77985,0.0
2021.05.03.0,4.999999,4.8545537,-2.336746,0.05479452,7.0,9.774005,1.0
2021.07.027.0,292.99994,303.94318,-0.64888334,0.3890411,0.0,9.741792,0.0
2021.05.024.0,955.0002,1086.0215,0.42716646,0.16712329,0.0,9.689117,1.0
2021.01.022.0,32.0,23.92688,-1.7306257,0.15068494,32.0,9.683339,1.0
2021.05.03.0,7.100001,4.9348183,-2.3405995,0.05479452,4.0,9.774005,1.0
2021.012.024.0,54.000004,107.67585,-1.0335034,0.07397261,1171.0,9.795568,1.0
2021.03.017.0,209.0,177.81152,-0.6823483,0.17534247,8.0,9.691593,1.0
2021.05.024.0,28.000002,22.430468,-1.6788458,0.071232885,192.0,9.696279,1.0
2021.05.03.0,190.0,146.35593,-0.87651753,0.13150683,107.0,9.77087,1.0
2021.06.015.0,195.00005,147.56467,-0.5520675,0.10958904,473.0,9.747067,0.0
2021.07.06.0,16.0,12.056162,-1.9798292,0.19726028,0.0,9.773948,0.0
2021.01.022.0,5.1,4.519,-2.3705177,0.07397261,12.999985,9.6883745,1.0
2021.07.027.0,260.00006,274.9299,-0.80699855,0.3890411,0.0,9.741792,1.0
2021.03.017.0,260.00006,225.9343,-0.9165516,0.50136983,0.0,9.660141,1.0
2021.07.06.0,292.00006,339.2541,-0.85388756,0.6958904,0.0,9.753769,1.0
2021.09.07.0,100.00001,107.63653,-1.3468413,0.2739726,9.0,9.761579,1.0
2021.05.024.0,1069.9999,1216.3885,0.5692272,0.16712329,0.0,9.689117,1.0
2021.012.024.0,355.00006,457.99673,-0.623637,0.47671232,2.0,9.783013,1.0
2021.012.024.0,26.499998,42.664997,-1.6687,0.15068494,12.0,9.793784,1.0
2021.04.09.0,12.999999,12.820552,-2.1938598,0.1890411,7.0,9.730621,1.0
2021.09.07.0,102.99999,104.95003,-1.0450834,0.12054794,144.0,9.76612,1.0
2021.02.023.0,150.00002,125.11707,-1.2800308,0.56164384,0.0,9.666055,1.0
2021.04.09.0,575.00006,690.6709,1.4152615,0.035616443,0.0,9.736842,0.0
2021.012.024.0,1289.9999,1147.985,0.7097286,0.22739726,0.0,9.790207,0.0
2021.09.030.0,6.2999988,4.4129076,-2.3160193,0.2109589,0.0,9.72669,0.0
2021.010.022.0,419.99994,410.88953,-0.6020367,0.64931506,1.0,9.715651,0.0
2021.05.03.0,243.00003,446.73578,0.40321183,0.05479452,0.0,9.774005,0.0
2021.09.07.0,1.2,0.8620235,-2.629768,0.024657533,14.0,9.769728,1.0
2021.07.06.0,104.999985,112.43834,-1.3907481,0.44657534,2.0,9.76319,1.0
2021.011.012.0,106.000015,114.34515,-1.0528952,0.1890411,2.0,9.763651,1.0
2021.07.06.0,2260.0002,2339.2441,1.2878993,0.19726028,0.0,9.773948,0.0
2021.06.015.0,150.99997,225.55614,-0.39528245,0.10958904,260.0,9.747067,1.0
2021.05.03.0,102.99999,182.29062,-0.5948819,0.13150683,250.0,9.77087,0.0
2021.09.07.0,3.3999999,5.4121723,-2.3460858,0.12054794,1.0,9.76612,0.0
2021.07.06.0,46.5,74.77136,-1.1204257,0.04383561,3543.0,9.792444,1.0
2021.01.022.0,371.0,327.05386,-0.72572505,0.64931506,5.0,9.644652,1.0
2021.07.027.0,480.9999,515.04395,0.35148215,0.0630137,0.0,9.752781,0.0
2021.06.015.0,10.500001,16.896877,-1.9301329,0.10958904,28.0,9.747067,1.0
2021.05.03.0,15.000001,19.274448,-1.684219,0.13150683,20.0,9.77087,0.0
2021.012.024.0,20.0,36.58553,-1.7596412,0.15068494,0.0,9.793784,1.0
2021.02.023.0,25.5,22.804707,-2.015021,0.31232876,18.0,9.692149,1.0
2021.01.022.0,27.000002,26.578705,-1.7721705,0.15068494,5.0,9.683339,1.0
2021.01.022.0,1189.9998,1360.6558,0.80811596,0.15068494,0.0,9.683339,0.0
2021.012.024.0,25.000002,20.129038,-1.3154032,0.07397261,1798.0,9.795568,0.0
2021.02.023.0,85.0,73.268814,-1.2153926,0.1589041,6.0,9.700147,1.0
2021.010.022.0,223.99997,297.8626,-0.25181234,0.07397261,2857.0,9.729908,0.0
2021.010.022.0,21.000008,18.888023,-1.5911993,0.07397261,523.0,9.729908,1.0
2021.05.024.0,6.3999996,3.9830768,-2.4280944,0.071232885,109.0,9.696279,1.0
2021.011.012.0,1000.0001,1111.9847,0.956341,0.093150675,0.0,9.7668085,0.0
2021.011.012.0,6.3999996,9.953524,-1.363414,0.01643835,10123.0,9.76824,1.0
2021.07.027.0,30.000002,31.223557,-1.7331903,0.13972603,0.0,9.748178,1.0
2021.03.017.0,18.0,15.86487,-1.781545,0.09863014,67.0,9.695232,1.0
2021.01.022.0,6.0,6.109853,-2.1919415,0.07397261,183.0,9.6883745,1.0
2021.012.03.0,50.000004,55.89344,-1.6977235,0.2849315,16.0,9.773322,1.0
2021.06.015.0,1180.0001,1146.1707,0.60325503,0.18630137,0.0,9.736488,0.0
2021.02.023.0,1170.0002,1185.2079,0.31139553,0.31232876,0.0,9.692149,0.0
2021.02.023.0,205.0,189.15974,-0.9135294,0.31232876,0.0,9.692149,1.0
2021.03.017.0,23.499996,20.491009,-1.6392515,0.09863014,62.0,9.695232,1.0
2021.011.012.0,740.0001,842.9157,0.64856136,0.093150675,0.0,9.7668085,0.0
2021.07.06.0,1360.0,1358.8955,1.0862129,0.12054794,0.0,9.77985,0.0
2021.011.012.0,14.000001,20.86862,-1.9997399,0.34246576,10.0,9.758808,0.0
2021.04.09.0,890.0001,987.7632,0.57961977,0.1890411,0.0,9.730621,0.0
2021.05.03.0,6.0,12.377043,-1.697614,0.05479452,1534.0,9.774005,0.0
2021.02.023.0,152.0,164.53584,-1.0049571,0.31232876,4.0,9.692149,0.0
2021.011.012.0,69.99999,74.96157,-1.5022053,0.5917808,5.0,9.752257,0.0
2021.03.017.0,515.0,581.8118,-0.33795965,0.50136983,0.0,9.660141,0.0
2021.01.022.0,30.500002,25.977573,-1.7009398,0.15068494,4.0,9.683339,1.0
2021.05.024.0,250.00003,197.8964,-0.59655774,0.16712329,122.0,9.689117,0.0
2021.07.027.0,73.000015,66.40305,-1.5631092,0.63835615,0.0,9.733647,0.0
2021.07.027.0,5.200001,4.2491865,-2.0993204,0.0630137,134.0,9.752781,0.0
2021.012.03.0,409.00006,273.1065,0.509573,0.035616443,0.0,9.781602,0.0
2021.09.07.0,605.0001,642.10095,-0.25539887,0.52328765,0.0,9.754756,0.0
2021.03.017.0,69.99999,69.3141,-1.3939455,0.25205478,0.0,9.687444,1.0
2021.05.024.0,19.0,8.760127,-2.1861148,0.16712329,0.0,9.689117,0.0
2021.012.024.0,45.000004,40.24942,-1.2273068,0.15068494,92.0,9.793784,0.0
2021.012.03.0,405.00006,429.89764,-0.6485879,0.53424656,0.0,9.7648,1.0
2021.012.03.0,2310.0,2434.9949,2.7775357,0.035616443,0.0,9.781602,0.0
2021.07.06.0,14.499999,14.229155,-1.4429213,0.04383561,638.0,9.792444,0.0
2021.05.03.0,6.0,3.9554238,-2.407269,0.05479452,130.0,9.774005,1.0
2021.05.024.0,27.000002,9.553879,-1.4292842,0.071232885,536.0,9.696279,0.0
2021.012.024.0,165.00002,230.68858,-0.86922646,0.22739726,2.0,9.790207,1.0
2021.01.022.0,44.000004,45.228096,-1.7422042,0.4,3.0,9.670672,1.0
2021.01.022.0,132.99997,130.36478,-0.48715466,0.07397261,4604.0,9.6883745,0.0
2021.01.022.0,4.7000003,4.607067,-2.3301222,0.07397261,106.0,9.6883745,1.0
2021.07.06.0,2439.9998,2341.9407,0.9591241,0.44657534,0.0,9.76319,0.0
2021.07.06.0,4.999999,3.895641,-2.339898,0.04383561,1.0,9.792444,1.0
2021.06.015.0,18.499998,19.331396,-1.6972575,0.10958904,28.0,9.747067,0.0
2021.09.07.0,0.3,0.39345998,-2.8978093,0.024657533,0.0,9.769728,1.0
2021.07.06.0,1509.9998,1435.4227,0.32192278,0.6958904,0.0,9.753769,0.0
2021.06.015.0,6.7999997,13.518186,-2.040812,0.10958904,5.0,9.747067,1.0
2021.02.023.0,110.000015,106.26166,-1.3572154,0.56164384,0.0,9.666055,0.0
2021.012.03.0,72.0,57.634262,-1.3294191,0.2849315,0.0,9.773322,0.0
2021.010.022.0,16.500002,17.037151,-2.0994666,0.4,0.0,9.721366,0.0
2021.07.027.0,46.0,51.739517,-1.3150373,0.13972603,108.0,9.748178,0.0
2021.07.06.0,844.9999,829.0834,0.61676097,0.12054794,0.0,9.77985,0.0
2021.012.024.0,110.000015,173.37617,-1.0613151,0.22739726,5.0,9.790207,1.0
2021.08.017.0,83.999985,85.447136,-1.491338,0.33150685,0.0,9.71396,1.0
2021.011.012.0,369.0,377.72736,-0.46197706,0.34246576,0.0,9.758808,1.0
2021.04.09.0,14.000001,14.007317,-2.1426127,0.1890411,19.0,9.730621,1.0
2021.05.024.0,69.99999,75.038315,-1.4075693,0.32054794,3.0,9.667766,0.0
2021.05.03.0,1329.9998,1680.1544,1.2071359,0.13150683,0.0,9.77087,0.0
2021.07.027.0,1289.9999,1360.7454,0.40226328,0.3890411,0.0,9.741792,0.0
2021.08.017.0,104.000015,86.32448,-1.1372215,0.1780822,6.0,9.71776,1.0
2021.09.030.0,171.99997,100.410164,-0.36281157,0.057534248,2587.0,9.730502,1.0
2021.09.07.0,1040.0002,1125.24,1.7244232,0.024657533,0.0,9.769728,0.0
2021.05.03.0,174.99997,129.32918,-0.9472897,0.13150683,267.0,9.77087,1.0
2021.07.06.0,820.0,786.07654,-0.008919954,0.44657534,6.0,9.76319,0.0
2021.07.027.0,195.00005,203.34407,-1.0036193,0.3890411,0.0,9.741792,1.0
2021.02.023.0,76.99999,76.92399,-1.4421574,0.31232876,0.0,9.692149,1.0
2021.011.012.0,78.000015,75.00605,-0.9034705,0.093150675,529.0,9.7668085,1.0
2021.010.022.0,2.7,2.2043867,-2.5191483,0.07397261,31.0,9.729908,0.0
2021.09.07.0,153.0,188.06548,-1.0035422,0.52328765,0.0,9.754756,0.0
2021.09.07.0,1.8999999,1.4869032,-2.4851341,0.024657533,32.0,9.769728,1.0
2021.012.024.0,498.99994,604.8651,-0.39863205,0.47671232,0.0,9.783013,1.0
2021.012.024.0,223.99997,159.04196,-0.07357472,0.07397261,2919.0002,9.795568,0.0
2021.04.09.0,176.00002,184.08206,-0.9938549,0.43835616,1.0,9.70186,1.0
2021.07.06.0,165.99997,179.20517,-1.1270614,0.44657534,0.0,9.76319,1.0
2021.08.017.0,6.5000024,6.623897,-2.26675,0.1780822,0.0,9.71776,0.0
2021.01.022.0,36.999996,17.97782,-1.4914091,0.07397261,1557.0,9.6883745,1.0
2021.03.017.0,288.0,253.81699,-0.48024443,0.17534247,8.0,9.691593,1.0
2021.010.022.0,480.00003,456.8867,-0.5211611,0.64931506,0.0,9.715651,0.0
2021.05.03.0,5.5000005,4.3072863,-2.3641155,0.05479452,56.0,9.774005,1.0
2021.07.06.0,66.00001,59.35929,-1.2707596,0.19726028,9.0,9.773948,0.0
2021.010.022.0,145.0,186.62961,-0.537844,0.07397261,2007.0,9.729908,0.0
2021.05.024.0,1119.9999,1330.3619,0.07696283,0.569863,0.0,9.654449,1.0
2021.07.06.0,76.0,76.3349,-1.0128118,0.12054794,32.0,9.77985,0.0
2021.09.030.0,51.999996,60.538273,-1.5884852,0.46027398,9.0,9.715953,0.0
2021.01.022.0,25.999998,24.686409,-1.8654242,0.15068494,9.0,9.683339,1.0
2021.09.030.0,4.0,3.5525973,-2.264539,0.057534248,424.0,9.730502,0.0
2021.07.027.0,16.0,15.639008,-1.5506625,0.0630137,1309.0,9.752781,0.0
2021.012.024.0,289.0,205.60783,-0.4581753,0.22739726,1.0,9.790207,0.0
2021.012.024.0,17.500002,32.021202,-1.7959323,0.15068494,1.0,9.793784,1.0
2021.06.015.0,640.0,566.6472,0.31487608,0.10958904,0.0,9.747067,0.0
2021.03.017.0,18.499998,22.799444,-1.9888355,0.25205478,0.0,9.687444,1.0
2021.05.03.0,27.000002,27.308983,-1.8318429,0.13150683,80.0,9.77087,1.0
2021.06.015.0,278.00003,216.44728,-0.3248428,0.10958904,331.0,9.747067,0.0
2021.011.012.0,1210.0002,1186.943,0.38862026,0.34246576,0.0,9.758808,0.0
2021.07.06.0,11.5,12.353237,-1.8481599,0.04383561,114.0,9.792444,1.0
2021.05.024.0,5.200001,2.6924694,-2.5291433,0.071232885,205.0,9.696279,1.0
2021.06.015.0,7.5000005,10.513608,-2.1614728,0.10958904,1.0,9.747067,1.0
2021.010.022.0,320.0,331.77222,-0.8405964,0.64931506,1.0,9.715651,1.0
2021.011.012.0,0.19999999,0.15663485,-3.2436545,0.093150675,361.0,9.7668085,0.0
2021.07.06.0,343.0,313.0144,-0.72945154,0.6958904,0.0,9.753769,0.0
2021.09.030.0,21.000008,16.310997,-1.5143402,0.057534248,385.0,9.730502,1.0
2021.010.022.0,71.000015,86.13324,-1.477499,0.64931506,0.0,9.715651,0.0
2021.012.024.0,38.999996,85.24426,-1.2152182,0.07397261,685.0,9.795568,1.0
2021.07.027.0,6.2999988,4.311461,-2.334659,0.13972603,0.0,9.748178,0.0
2021.07.06.0,55.000008,52.32708,-1.217353,0.12054794,42.0,9.77985,0.0
2021.09.030.0,438.99997,243.11418,0.5012537,0.057534248,0.0,9.730502,1.0
2021.010.022.0,135.00002,147.37488,-1.0884093,0.4,0.0,9.721366,0.0
2021.06.015.0,64.0,67.87347,-1.3689862,0.2630137,1.0,9.725855,0.0
2021.05.024.0,421.0001,530.86285,0.038979888,0.071232885,0.0,9.696279,1.0
2021.05.03.0,286.00006,194.0009,-0.6050156,0.13150683,331.0,9.77087,1.0
2021.08.017.0,11.000001,13.195715,-1.8831748,0.1780822,0.0,9.71776,0.0
2021.08.017.0,975.00024,559.96497,0.92316175,0.08219178,0.0,9.720646,1.0
2021.09.030.0,1060.0002,1108.1904,0.33964288,0.2109589,0.0,9.72669,0.0
2021.011.012.0,3.0,7.6648955,-2.2662177,0.093150675,0.0,9.7668085,1.0
2021.07.027.0,1150.0001,1212.4392,0.30784392,0.3890411,0.0,9.741792,0.0
2021.02.023.0,78.000015,60.210228,-0.96303654,0.0630137,1584.0,9.704122,1.0
2021.05.024.0,5.3000007,2.9096365,-2.0492687,0.071232885,221.0,9.696279,0.0
2021.08.017.0,159.00003,149.49532,-1.0844394,0.33150685,8.0,9.71396,1.0
2021.05.03.0,9.0,9.079515,-1.9737433,0.13150683,242.0,9.77087,0.0
2021.05.03.0,104.000015,79.26794,-1.2280531,0.13150683,561.0,9.77087,1.0
2021.07.027.0,7.4000006,6.3711133,-2.1822178,0.13972603,0.0,9.748178,0.0
2021.07.027.0,55.000008,61.889763,-1.1829393,0.13972603,42.0,9.748178,0.0
2021.06.015.0,28.5,29.30283,-2.021103,0.51232874,0.0,9.714867,0.0
2021.011.012.0,1.0,0.9195754,-2.6872149,0.093150675,46.0,9.7668085,0.0
2021.07.027.0,1240.0,1239.858,1.1711273,0.0630137,0.0,9.752781,0.0
2021.05.03.0,669.9999,562.8255,-0.39546692,0.63013697,0.0,9.731512,1.0
2021.07.027.0,88.00001,100.57457,-1.2580329,0.3890411,4.0,9.741792,0.0
2021.09.030.0,3.300001,3.361706,-2.345329,0.13424657,0.0,9.728479,0.0
2021.012.024.0,173.99998,135.96323,-0.24192715,0.07397261,2093.0,9.795568,0.0
2021.05.03.0,7.9000006,7.1161804,-2.18898,0.05479452,115.0,9.774005,1.0
2021.07.027.0,68.0,75.72797,-1.1241316,0.13972603,15.0,9.748178,0.0
2021.07.027.0,18.0,15.620323,-1.7939249,0.13972603,0.0,9.748178,0.0
2021.08.017.0,2110.0,2802.956,1.904382,0.08219178,0.0,9.720646,0.0
2021.06.015.0,6.3,13.266155,-2.1005485,0.10958904,15.0,9.747067,1.0
2021.05.03.0,725.0,929.24866,-0.07211614,0.63013697,0.0,9.731512,0.0
2021.012.03.0,9.400001,6.508052,-2.4556155,0.2849315,0.0,9.773322,0.0
2021.07.06.0,15.000001,12.710762,-1.7811471,0.12054794,4.0,9.77985,0.0
2021.08.017.0,96.0,50.199852,-1.1746347,0.08219178,269.0,9.720646,1.0
2021.010.022.0,0.6,0.8129574,-2.752805,0.07397261,5.0,9.729908,0.0
2021.03.017.0,3.7999997,7.4422383,-2.113564,0.09863014,3.0,9.695232,0.0
2021.02.023.0,148.00002,132.22081,-1.1202071,0.31232876,7.0,9.692149,1.0
2021.09.07.0,1040.0002,1146.8147,0.5359533,0.19726028,0.0,9.763938,0.0
2021.07.06.0,301.00003,326.10193,-0.7298717,0.44657534,7.0,9.76319,1.0
2021.09.030.0,42.000004,28.677967,-1.2251992,0.057534248,828.0,9.730502,1.0
2021.01.022.0,1670.0,1641.7917,0.57302535,0.64931506,0.0,9.644652,0.0
2021.010.022.0,96.0,69.12986,-0.7970494,0.07397261,1700.0,9.729908,1.0
2021.01.022.0,54.000004,53.892532,-1.6744335,0.4,0.0,9.670672,1.0
2021.012.03.0,3.3999999,1.6062212,-2.1445377,0.035616443,607.0,9.781602,0.0
2021.06.015.0,644.99994,614.52454,-0.034778416,0.2630137,1.0,9.725855,0.0
2021.05.03.0,478.99994,364.12567,-0.50885594,0.3808219,3.0,9.74367,1.0
2021.03.017.0,894.9998,843.57837,-0.0323295,0.50136983,1.0,9.660141,1.0
2021.09.030.0,1100.0001,1077.1097,0.0757525,0.46027398,0.0,9.715953,0.0
2021.07.027.0,88.00001,92.702156,-1.4861443,0.3890411,0.0,9.741792,1.0
2021.011.012.0,3.4999995,9.694378,-1.7840557,0.01643835,7388.0,9.76824,0.0
2021.06.015.0,109.00002,163.98419,-0.5738251,0.10958904,432.0,9.747067,1.0
2021.09.07.0,55.999992,60.90437,-1.6593976,0.2739726,0.0,9.761579,1.0
2021.09.030.0,102.0,94.098495,-1.2015395,0.2109589,14.0,9.72669,1.0
2021.05.03.0,2480.0,2913.247,1.3284798,0.3808219,0.0,9.74367,0.0
2021.06.015.0,234.00005,306.86182,-0.10591811,0.10958904,691.0,9.747067,1.0
2021.011.012.0,43.499996,55.21274,-1.2107146,0.093150675,265.0,9.7668085,1.0
2021.09.07.0,243.00003,292.9699,0.4264648,0.024657533,0.0,9.769728,0.0
2021.08.017.0,635.0001,492.81287,-0.41286755,0.58082193,0.0,9.709964,1.0
2021.09.030.0,20.5,42.941853,-1.6122761,0.057534248,2995.0,9.730502,0.0
2021.03.017.0,16.0,12.940265,-1.8893783,0.09863014,123.0,9.695232,1.0
2021.011.012.0,0.5,0.4915375,-2.7015796,0.01643835,58.0,9.76824,1.0
2021.06.015.0,247.99998,298.13345,-0.5432664,0.2630137,0.0,9.725855,1.0
2021.09.07.0,2820.0005,2829.8472,1.152353,0.024657533,0.0,9.769728,0.0
2021.09.07.0,334.0,325.53937,0.477934,0.024657533,0.0,9.769728,1.0
2021.07.06.0,320.0,333.62198,-0.391573,0.19726028,37.0,9.773948,1.0
2021.03.017.0,286.99994,254.49237,-0.84444404,0.50136983,0.0,9.660141,1.0
2021.05.024.0,9.900001,6.022497,-2.2168186,0.071232885,69.0,9.696279,1.0
2021.09.07.0,30.500002,33.75512,-1.8549982,0.52328765,1.0,9.754756,0.0
2021.07.06.0,21.000008,19.586838,-1.2758622,0.04383561,489.0,9.792444,0.0
2021.02.023.0,2.5999997,1.6821872,-2.6269417,0.0630137,27.0,9.704122,1.0
2021.09.030.0,3.9000006,3.8856971,-2.3181047,0.13424657,3.0,9.728479,0.0
2021.02.023.0,1.1,0.8212188,-2.9306269,0.0630137,407.0,9.704122,1.0
2021.02.023.0,36.5,36.456314,-1.492225,0.1589041,1.0,9.700147,0.0
2021.05.03.0,11.5,12.429159,-2.2705607,0.13150683,156.0,9.77087,1.0
2021.01.022.0,38.0,36.80031,-1.8552597,0.4,2.0,9.670672,1.0
2021.010.022.0,2.4,2.3652196,-2.566611,0.15068494,2.0,9.72836,0.0
2021.08.017.0,165.99997,136.06467,-1.1542794,0.33150685,0.0,9.71396,1.0
2021.02.023.0,192.0,194.6294,-0.88202006,0.31232876,4.0,9.692149,0.0
2021.07.06.0,81.00001,89.80675,-1.5049256,0.44657534,0.0,9.76319,1.0
2021.02.023.0,20.0,13.843915,-1.6811517,0.0630137,632.0,9.704122,0.0
2021.011.012.0,142.00003,157.6792,-0.8454338,0.1890411,2.0,9.763651,1.0
2021.07.06.0,199.00003,221.91345,-1.0869375,0.6958904,1.0,9.753769,1.0
2021.011.012.0,50.000004,65.7273,-1.4060657,0.1890411,2.0,9.763651,1.0
2021.012.024.0,414.00003,289.69232,0.37896872,0.07397261,0.0,9.795568,0.0
2021.03.017.0,96.999985,100.292206,-1.4186194,0.50136983,12.0,9.660141,1.0
2021.011.012.0,2730.0,2864.767,2.2974372,0.093150675,0.0,9.7668085,0.0
2021.011.012.0,825.0001,828.23694,0.062910914,0.34246576,0.0,9.758808,0.0
2021.010.022.0,10.500001,14.8964615,-2.1567507,0.4,0.0,9.721366,0.0
2021.02.023.0,263.0,229.20583,-0.5141383,0.1589041,53.0,9.700147,0.0
2021.05.03.0,745.0,620.0683,-0.31922215,0.63013697,1.0,9.731512,1.0
2021.09.07.0,15.000001,15.413552,-1.5726361,0.024657533,1517.0,9.769728,1.0
2021.010.022.0,0.099999994,0.27912104,-3.189309,0.07397261,0.0,9.729908,0.0
2021.012.03.0,29.500002,62.297234,-1.2146645,0.035616443,1744.0,9.781602,1.0
2021.05.03.0,83.999985,155.9224,-0.69560254,0.13150683,120.0,9.77087,0.0
2021.08.017.0,540.00006,694.27734,-0.1429928,0.33150685,1.0,9.71396,0.0
2021.01.022.0,167.0,141.4591,-1.2015042,0.64931506,5.0,9.644652,1.0
2021.03.017.0,1219.9999,1347.537,0.30324793,0.50136983,0.0,9.660141,0.0
2021.010.022.0,975.00024,869.5972,0.13805103,0.4,0.0,9.721366,0.0
2021.09.07.0,1119.9999,1179.1306,0.432284,0.2739726,0.0,9.761579,0.0
2021.08.017.0,13.500001,7.240309,-2.288664,0.33150685,21.0,9.71396,0.0
2021.012.024.0,2.8000002,2.9009573,-2.5218742,0.15068494,0.0,9.793784,0.0
2021.05.03.0,132.00002,176.27878,-1.0927471,0.63013697,0.0,9.731512,0.0
2021.09.07.0,318.00006,335.45917,-0.6186092,0.2739726,11.0,9.761579,1.0
2021.08.017.0,223.99997,215.405,-0.87416375,0.33150685,0.0,9.71396,1.0
2021.01.022.0,24.0,13.835151,-1.6762832,0.07397261,2210.0,9.6883745,1.0
2021.09.07.0,1280.0,1406.6996,0.7107594,0.19726028,0.0,9.763938,0.0
2021.09.030.0,167.99997,197.18117,-0.7429795,0.13424657,40.0,9.728479,0.0
2021.09.07.0,0.19999999,0.29153925,-2.9752147,0.024657533,0.0,9.769728,0.0
2021.011.012.0,10.0,17.833178,-1.8385096,0.093150675,40.0,9.7668085,1.0
2021.04.09.0,2200.0002,2332.7668,1.4890878,0.1890411,0.0,9.730621,0.0
2021.02.023.0,69.0,62.463062,-1.2898496,0.1589041,6.0,9.700147,1.0
2021.011.012.0,62.999992,83.91904,-1.2452186,0.1890411,2.0,9.763651,1.0
2021.07.027.0,6.1000004,4.6828365,-2.2433815,0.13972603,2.0,9.748178,0.0
2021.09.030.0,7.2000003,6.8064976,-2.153836,0.13424657,0.0,9.728479,0.0
2021.012.024.0,910.0,683.1701,1.0737119,0.07397261,0.0,9.795568,0.0
2021.05.03.0,6.0,6.618907,-2.2137227,0.05479452,133.0,9.774005,1.0
2021.07.06.0,1780.0002,1658.207,0.6338316,0.44657534,0.0,9.76319,0.0
2021.011.012.0,72.0,86.12802,-1.4494529,0.34246576,0.0,9.758808,1.0
2021.08.017.0,600.00006,812.68427,-0.027595282,0.33150685,1.0,9.71396,0.0
2021.012.024.0,69.0,62.966534,-0.7823111,0.07397261,2025.0,9.795568,0.0
2021.010.022.0,16.500002,18.429956,-1.7755228,0.15068494,165.0,9.72836,0.0
2021.01.022.0,83.999985,86.36672,-1.0175742,0.15068494,39.0,9.683339,0.0
2021.09.030.0,50.000004,110.206345,-1.174754,0.057534248,3445.0,9.730502,0.0
2021.011.012.0,0.9,1.1127064,-2.4272406,0.01643835,507.0,9.76824,1.0
2021.03.017.0,315.99994,279.93948,-0.80208355,0.50136983,10.0,9.660141,1.0
2021.05.03.0,85.999985,68.06118,-1.3291405,0.13150683,315.0,9.77087,1.0
2021.011.012.0,285.0,300.52118,-0.64488864,0.34246576,36.0,9.758808,1.0
2021.010.022.0,11.000001,10.872042,-1.8662031,0.07397261,186.0,9.729908,1.0
2021.09.07.0,3.0,2.321664,-2.3184347,0.024657533,662.0,9.769728,1.0
2021.09.030.0,152.0,91.2844,-0.461385,0.057534248,1837.0,9.730502,1.0
2021.010.022.0,50.000004,52.655132,-1.5017341,0.15068494,5.0,9.72836,1.0
2021.07.027.0,4.999999,7.0694194,-2.2309632,0.0630137,65.0,9.752781,1.0
2021.08.017.0,232.99998,326.9547,-0.61331207,0.33150685,4.0,9.71396,0.0
2021.07.027.0,2.6000004,2.1218722,-2.4321308,0.0630137,0.0,9.752781,0.0
2021.05.024.0,123.0,98.62298,-0.9929483,0.16712329,5.0,9.689117,0.0
2021.09.07.0,1409.9996,1474.688,0.62275076,0.2739726,0.0,9.761579,0.0
2021.011.012.0,102.0,106.66896,-1.3120434,0.5917808,0.0,9.752257,0.0
2021.07.06.0,196.99997,185.60468,-0.4603963,0.12054794,530.0,9.77985,0.0
2021.08.017.0,4.8,3.4893353,-2.591146,0.08219178,331.0,9.720646,1.0
2021.012.024.0,660.0001,533.7496,0.40910292,0.15068494,0.0,9.793784,0.0
2021.03.017.0,8.199998,17.482382,-1.7835877,0.09863014,148.0,9.695232,0.0
2021.02.023.0,3.4999995,2.8549094,-2.3364341,0.0630137,25.0,9.704122,0.0
2021.09.07.0,21.500002,42.26038,-1.517159,0.12054794,11.0,9.76612,0.0
2021.09.030.0,42.000004,37.19693,-1.7006248,0.2109589,130.0,9.72669,1.0
2021.03.017.0,67.000015,89.8573,-1.40831,0.50136983,0.0,9.660141,0.0
2021.012.024.0,2.5999997,6.834856,-2.3778288,0.07397261,297.0,9.795568,1.0
2021.09.030.0,294.00006,190.46234,0.09562063,0.057534248,0.0,9.730502,1.0
2021.08.017.0,14.499999,13.604179,-2.0416226,0.33150685,1.0,9.71396,0.0
2021.07.06.0,57.999996,70.71781,-1.3164175,0.12054794,64.0,9.77985,1.0
2021.011.012.0,83.999985,120.467834,-0.90688396,0.093150675,723.0,9.7668085,0.0
2021.05.03.0,1969.9998,2375.417,1.0527077,0.3808219,0.0,9.74367,0.0
2021.07.027.0,12.999999,14.192076,-2.151506,0.13972603,0.0,9.748178,1.0
2021.09.030.0,27.000002,61.931034,-1.4684291,0.057534248,3930.0,9.730502,0.0
2021.09.07.0,85.999985,90.793816,-0.60100925,0.024657533,3831.0,9.769728,1.0
2021.05.024.0,41.0,38.262142,-1.4725586,0.071232885,289.0,9.696279,1.0
2021.07.06.0,955.0002,960.2853,0.49247098,0.19726028,0.0,9.773948,0.0
2021.011.012.0,17.0,24.69727,-1.9441348,0.34246576,5.0,9.758808,0.0
2021.06.015.0,290.99997,285.78357,-0.78643787,0.51232874,0.0,9.714867,0.0
2021.011.012.0,0.099999994,0.112781875,-3.276804,0.01643835,0.0,9.76824,0.0
2021.05.024.0,635.0001,776.9422,-0.17252958,0.32054794,5.0,9.667766,1.0
2021.011.012.0,190.0,183.67111,0.24440491,0.01643835,0.0,9.76824,0.0
2021.011.012.0,0.19999999,0.26679128,-3.0818334,0.01643835,0.0,9.76824,1.0
2021.07.027.0,62.999992,58.417446,-1.1879972,0.0630137,304.0,9.752781,1.0
2021.011.012.0,13.500001,21.923319,-1.7379363,0.093150675,39.0,9.7668085,1.0
2021.012.024.0,51.999996,92.343346,-1.2621846,0.15068494,1.0,9.793784,1.0
2021.08.017.0,925.0002,1219.3037,0.29920888,0.33150685,0.0,9.71396,0.0
2021.07.027.0,115.00001,100.5998,-1.3655286,0.63835615,0.0,9.733647,0.0
2021.011.012.0,44.000004,57.043423,-1.4482353,0.1890411,1.0,9.763651,1.0
2021.05.024.0,310.0,274.26498,-0.6005806,0.16712329,21.0,9.689117,1.0
2021.09.07.0,2230.0,2596.4883,2.6571102,0.024657533,0.0,9.769728,0.0
2021.07.06.0,30.000002,52.829987,-1.3523538,0.04383561,1143.0,9.792444,1.0
2021.012.024.0,18.499998,17.170006,-1.9844133,0.47671232,8.0,9.783013,0.0
2021.011.012.0,11.5,17.252312,-2.0587697,0.34246576,0.0,9.758808,0.0
2021.010.022.0,740.0001,667.83856,-0.06828648,0.4,1.0,9.721366,0.0
2021.011.012.0,550.00006,603.0128,1.3818111,0.01643835,0.0,9.76824,0.0
2021.07.027.0,20.5,23.739368,-1.8909388,0.3890411,0.0,9.741792,0.0
2021.08.017.0,5.799999,4.867101,-2.4614303,0.08219178,10.0,9.720646,1.0
2021.09.07.0,850.0,923.334,0.20837295,0.2739726,0.0,9.761579,0.0
2021.010.022.0,208.00003,154.49734,-0.26536238,0.07397261,2904.0,9.729908,1.0
2021.010.022.0,427.00006,364.22293,0.3851323,0.07397261,0.0,9.729908,1.0
2021.01.022.0,304.0,250.48401,-0.7205683,0.4,55.0,9.670672,1.0
2021.08.017.0,30.000002,33.841858,-1.8792729,0.58082193,1.0,9.709964,0.0
2021.09.07.0,4.5,4.732279,-2.2559118,0.12054794,3.0,9.76612,0.0
2021.010.022.0,23.499996,22.016582,-1.5209374,0.07397261,266.0,9.729908,1.0
2021.03.017.0,15.000001,22.097769,-1.8003991,0.17534247,0.0,9.691593,0.0
2021.08.017.0,15.000001,9.155242,-2.1072643,0.08219178,37.0,9.720646,1.0
2021.08.017.0,121.99998,60.204742,-1.0291651,0.08219178,491.0,9.720646,1.0
2021.011.012.0,7.799999,13.671108,-1.956936,0.093150675,16.0,9.7668085,1.0
2021.08.017.0,769.99994,588.60376,-0.28055388,0.58082193,1.0,9.709964,1.0
2021.05.024.0,98.000015,106.620346,-1.014245,0.071232885,1404.0,9.696279,1.0
2021.07.06.0,160.99997,139.39766,-0.1794821,0.04383561,10026.0,9.792444,0.0
2021.07.027.0,1969.9998,2031.886,1.2762129,0.13972603,0.0,9.748178,0.0
2021.09.07.0,28.999998,29.996483,-1.2355492,0.024657533,2264.0,9.769728,1.0
2021.02.023.0,530.0001,450.82068,-0.5109926,0.56164384,0.0,9.666055,1.0
2021.09.030.0,36.0,51.932594,-1.4455774,0.13424657,46.0,9.728479,0.0
2021.04.09.0,825.0001,919.4308,0.8777665,0.11232877,0.0,9.734181,0.0
2021.06.015.0,180.00002,179.0949,-0.8486191,0.2630137,1.0,9.725855,0.0
2021.09.07.0,442.00006,502.9736,-0.4391089,0.52328765,0.0,9.754756,0.0
2021.09.030.0,177.00002,167.00232,-1.1396155,0.46027398,2.0,9.715953,1.0
2021.05.03.0,88.00001,119.33785,-1.1831508,0.3808219,0.0,9.74367,0.0
2021.07.06.0,9.900001,9.210517,-1.9825939,0.04383561,57.0,9.792444,1.0
2021.03.017.0,4.999999,9.993644,-1.9884313,0.09863014,43.0,9.695232,0.0
2021.07.06.0,247.00003,229.3684,-0.49408892,0.19726028,15.0,9.773948,0.0
2021.09.030.0,7.4000006,6.7783904,-1.9126153,0.057534248,56.0,9.730502,1.0
2021.07.06.0,40.0,46.470085,-1.6741294,0.19726028,0.0,9.773948,1.0
2021.07.027.0,152.0,143.7971,-0.9026073,0.13972603,4.0,9.748178,1.0
2021.07.027.0,1259.9999,1345.2103,0.81083417,0.13972603,0.0,9.748178,0.0
2021.09.07.0,130.00003,123.488174,-0.909306,0.12054794,256.0,9.76612,1.0
2021.011.012.0,660.0001,755.82544,0.5339134,0.093150675,0.0,9.7668085,0.0
2021.05.024.0,8.6,6.41658,-2.2078934,0.071232885,8.0,9.696279,1.0
2021.05.03.0,162.00002,145.93063,-1.2652823,0.63013697,1.0,9.731512,1.0
2021.09.07.0,1740.0,1791.3496,0.79088354,0.2739726,0.0,9.761579,0.0
2021.08.017.0,16.500002,21.160656,-1.7304672,0.1780822,5.0,9.71776,0.0
2021.07.027.0,75.00001,82.68787,-1.3507293,0.3890411,0.0,9.741792,0.0
2021.03.017.0,600.00006,552.5575,-0.35380363,0.50136983,0.0,9.660141,1.0
2021.07.06.0,121.99998,99.318886,-0.36072528,0.04383561,3869.0,9.792444,0.0
2021.011.012.0,94.000015,113.749405,-1.196794,0.34246576,0.0,9.758808,0.0
2021.09.030.0,55.999992,51.60208,-1.3946025,0.13424657,9.0,9.728479,1.0
2021.05.03.0,15.000001,17.91381,-2.0681436,0.13150683,351.0,9.77087,1.0
2021.02.023.0,910.0,922.8731,-0.09392929,0.56164384,0.0,9.666055,0.0
2021.07.06.0,366.99994,398.4727,-0.5803558,0.44657534,4.0,9.76319,1.0
2021.011.012.0,411.99997,440.00842,-0.5994831,0.5917808,5.0,9.752257,1.0
2021.012.024.0,1.0,3.7608242,-2.7041793,0.07397261,20.0,9.795568,1.0
2021.07.027.0,38.499996,34.413578,-1.4534049,0.0630137,233.0,9.752781,1.0
2021.05.03.0,171.99997,277.06967,-0.28843296,0.13150683,353.0,9.77087,0.0
2021.012.03.0,0.099999994,0.17317414,-3.3767352,0.035616443,0.0,9.781602,0.0
2021.05.024.0,146.00003,140.4465,-1.1857973,0.569863,0.0,9.654449,0.0
2021.012.024.0,690.00006,590.7134,0.185848,0.22739726,0.0,9.790207,0.0
2021.012.024.0,1.8999999,1.4351015,-2.4876015,0.07397261,0.0,9.795568,0.0
2021.012.024.0,19.0,17.38626,-1.7859538,0.22739726,0.0,9.790207,0.0
2021.03.017.0,33.000004,56.886337,-1.3846409,0.17534247,1.0,9.691593,0.0
2021.012.024.0,157.0,220.35152,-0.6916739,0.15068494,60.000015,9.793784,1.0
2021.07.06.0,51.999996,59.39754,-1.5356765,0.19726028,0.0,9.773948,1.0
2021.05.024.0,1760.0002,1397.3615,1.2072093,0.071232885,0.0,9.696279,0.0
2021.03.017.0,235.00003,319.506,-0.43121374,0.17534247,0.0,9.691593,0.0
2021.05.024.0,12.500001,7.341503,-2.2619789,0.16712329,0.0,9.689117,0.0
2021.05.024.0,1700.0,1809.929,0.4543172,0.569863,0.0,9.654449,1.0
2021.06.015.0,925.0002,914.04834,-0.018098056,0.51232874,0.0,9.714867,0.0
2021.01.022.0,145.0,135.32956,-1.2311612,0.64931506,0.0,9.644652,0.0
2021.06.015.0,55.000008,93.54553,-0.96284837,0.10958904,2440.0,9.747067,1.0
2021.012.024.0,461.99997,349.1655,0.1214844,0.15068494,0.0,9.793784,0.0
2021.08.017.0,1350.0002,1779.0881,1.2857625,0.08219178,0.0,9.720646,0.0
2021.09.07.0,227.00003,262.6724,-0.814146,0.52328765,0.0,9.754756,0.0
2021.012.024.0,45.000004,66.084404,-1.5897505,0.22739726,0.0,9.790207,1.0
2021.04.09.0,664.9999,764.66925,1.8105097,0.035616443,0.0,9.736842,0.0
2021.01.022.0,349.99997,381.3967,-0.68445116,0.64931506,3.0,9.644652,0.0
2021.07.06.0,20.5,18.540684,-1.6224518,0.12054794,0.0,9.77985,0.0
2021.012.024.0,83.999985,109.62076,-1.4842273,0.47671232,0.0,9.783013,1.0
2021.01.022.0,17.500002,18.42543,-1.9580388,0.15068494,2.0,9.683339,1.0
2021.06.015.0,1160.0,1161.1316,0.17166221,0.51232874,0.0,9.714867,0.0
2021.012.024.0,294.00006,401.28458,-0.43331176,0.22739726,0.0,9.790207,1.0
2021.05.024.0,159.00003,132.78339,-0.82683957,0.16712329,217.0,9.689117,0.0
2021.04.09.0,575.00006,636.47125,0.1952275,0.1890411,0.0,9.730621,0.0
2021.05.03.0,12.999999,32.493248,-1.2479312,0.05479452,2063.0,9.774005,0.0
2021.05.03.0,229.0,164.85248,-0.7522057,0.13150683,159.0,9.77087,1.0
2021.07.06.0,1250.0001,1203.6328,0.16762245,0.6958904,0.0,9.753769,0.0
2021.09.07.0,5.4,4.8942246,-2.04494,0.024657533,231.0,9.769728,1.0
2021.011.012.0,14.000001,13.480664,-1.9551654,0.1890411,53.0,9.763651,0.0
2021.05.03.0,1880.0002,2279.8381,1.6201086,0.13150683,0.0,9.77087,0.0
2021.07.06.0,6.5000024,5.9176974,-2.1635315,0.04383561,96.0,9.792444,1.0
2021.02.023.0,111.999985,102.72449,-1.2638317,0.31232876,14.0,9.692149,1.0
2021.01.022.0,99.00001,77.14299,-1.1408049,0.15068494,33.0,9.683339,1.0
2021.01.022.0,313.00006,224.63864,-0.82216084,0.4,18.0,9.670672,1.0
2021.07.06.0,625.00006,583.5372,-0.21475798,0.44657534,2.0,9.76319,0.0
2021.05.024.0,274.00003,281.86197,-0.80735,0.32054794,1.0,9.667766,1.0
2021.07.06.0,1929.9999,1812.0662,0.7162591,0.44657534,0.0,9.76319,0.0
2021.09.030.0,980.0002,955.6498,-0.008845091,0.46027398,1.0,9.715953,0.0
2021.011.012.0,850.0,873.33673,1.714452,0.01643835,0.0,9.76824,0.0
2021.05.024.0,57.0,55.067947,-1.6405632,0.569863,0.0,9.654449,0.0
2021.09.07.0,19.0,17.5509,-1.4678646,0.024657533,1801.0,9.769728,1.0
2021.02.023.0,570.0,496.49216,-0.43953967,0.56164384,0.0,9.666055,1.0
2021.011.012.0,1.0,0.41070634,-2.9381382,0.093150675,0.0,9.7668085,0.0
2021.010.022.0,530.0001,629.84735,0.38596344,0.07397261,0.0,9.729908,0.0
2021.09.030.0,167.99997,119.26072,-0.8893685,0.13424657,12.0,9.728479,1.0
2021.03.017.0,874.99994,980.03754,0.3194716,0.25205478,0.0,9.687444,0.0
2021.07.027.0,2350.0005,2438.3633,1.4533045,0.13972603,0.0,9.748178,0.0
2021.011.012.0,21.000008,29.721289,-1.8596176,0.34246576,0.0,9.758808,0.0
2021.011.012.0,0.099999994,0.11182622,-3.2966907,0.01643835,0.0,9.76824,0.0
2021.06.015.0,9.900001,15.152361,-1.9617367,0.10958904,429.0,9.747067,1.0
2021.09.07.0,0.19999999,0.35972047,-3.1826744,0.024657533,951.0,9.769728,1.0
2021.011.012.0,452.9999,451.71628,-0.17500693,0.1890411,9.0,9.763651,0.0
2021.011.012.0,123.0,138.58783,-1.2897903,0.5917808,2.0,9.752257,1.0
2021.08.017.0,1920.0001,2388.4272,1.6870933,0.08219178,0.0,9.720646,0.0
2021.09.07.0,78.000015,96.27698,-1.2109574,0.2739726,0.0,9.761579,0.0
2021.02.023.0,123.99999,107.28609,-1.3632042,0.56164384,0.0,9.666055,1.0
2021.010.022.0,218.00005,237.48958,-0.9337337,0.4,0.0,9.721366,1.0
2021.05.03.0,4.999999,9.329309,-1.8195816,0.05479452,637.0,9.774005,0.0
2021.07.06.0,37.500004,42.78975,-1.7032518,0.19726028,1.0,9.773948,1.0
2021.05.024.0,984.9999,1153.57,0.93453836,0.071232885,0.0,9.696279,1.0
2021.05.024.0,337.00006,304.7425,-0.44666284,0.16712329,0.0,9.689117,1.0
2021.07.06.0,83.999985,95.341896,-1.2462956,0.19726028,1.0,9.773948,1.0
2021.04.09.0,11.5,11.145667,-2.2579322,0.1890411,0.0,9.730621,1.0
2021.05.03.0,7.9000006,11.772692,-2.2458103,0.13150683,21.0,9.77087,1.0
2021.05.03.0,2130.0005,2567.8943,1.1665647,0.3808219,0.0,9.74367,0.0
2021.08.017.0,69.0,102.4125,-1.0355947,0.1780822,34.0,9.71776,0.0
2021.09.030.0,55.999992,36.62348,-1.0920101,0.057534248,2436.0,9.730502,1.0
2021.09.030.0,859.9999,847.6068,-0.09648442,0.46027398,1.0,9.715953,0.0
2021.08.017.0,4.1999993,4.6403055,-2.1386943,0.08219178,101.0,9.720646,0.0
2021.09.07.0,179.00003,186.36559,-1.0403329,0.2739726,6.0,9.761579,1.0
2021.07.06.0,1689.9998,1527.4575,1.7305503,0.04383561,0.0,9.792444,0.0
2021.03.017.0,515.0,590.2328,-0.054251432,0.25205478,0.0,9.687444,0.0
2021.07.06.0,10.500001,9.176475,-1.86956,0.12054794,0.0,9.77985,0.0
2021.04.09.0,2280.0,2435.4907,1.0144361,0.43835616,0.0,9.70186,0.0
2021.07.06.0,65.000015,79.40598,-1.254997,0.12054794,87.0,9.77985,1.0
2021.08.017.0,570.0,446.06613,-0.4824186,0.58082193,20.0,9.709964,1.0
2021.02.023.0,294.00006,249.49092,-0.9070274,0.56164384,0.0,9.666055,1.0
2021.09.030.0,232.99998,225.50742,-0.5346477,0.13424657,68.0,9.728479,1.0
2021.09.07.0,0.19999999,0.17697257,-3.1917918,0.024657533,0.0,9.769728,0.0
2021.012.024.0,78.999985,101.64145,-1.5269117,0.47671232,23.0,9.783013,1.0
2021.04.09.0,22.500002,22.859556,-1.7222298,0.1890411,0.0,9.730621,0.0
2021.07.06.0,211.0,185.42342,-0.0034548044,0.04383561,2733.0,9.792444,0.0
2021.011.012.0,52.999996,67.1931,-1.6060389,0.34246576,1.0,9.758808,1.0
2021.012.024.0,730.0002,540.7661,0.9008274,0.07397261,0.0,9.795568,0.0
2021.010.022.0,295.00003,314.74893,-0.7387094,0.4,2.0,9.721366,1.0
2021.07.06.0,9.900001,9.895201,-1.5987475,0.04383561,227.0,9.792444,0.0
2021.03.017.0,795.0002,1033.1304,0.7464882,0.09863014,0.0,9.695232,0.0
2021.010.022.0,11.5,11.86191,-1.993821,0.15068494,0.0,9.72836,0.0
2021.02.023.0,57.0,51.7836,-1.3424208,0.1589041,0.0,9.700147,0.0
2021.07.027.0,15.000001,14.261093,-1.9183887,0.0630137,380.0,9.752781,1.0
2021.01.022.0,4.9000006,5.607292,-2.2910686,0.07397261,10.0,9.6883745,1.0
2021.06.015.0,1609.9998,1562.656,1.2681911,0.10958904,0.0,9.747067,0.0
2021.07.027.0,789.9995,855.06323,0.4094088,0.13972603,0.0,9.748178,0.0
2021.012.03.0,2110.0,2030.1448,2.7763307,0.035616443,0.0,9.781602,0.0
2021.09.030.0,306.0,287.15735,-0.3396008,0.13424657,4.0,9.728479,1.0
2021.09.07.0,0.19999999,0.22142965,-3.1131058,0.024657533,0.0,9.769728,0.0
2021.010.022.0,257.99997,279.3565,-0.4529944,0.15068494,26.0,9.72836,1.0
2021.010.022.0,8.8,8.108972,-2.1200562,0.15068494,36.0,9.72836,0.0
2021.012.03.0,66.00001,72.60925,-1.5260458,0.2849315,1.0,9.773322,1.0
2021.05.03.0,301.00003,484.686,0.56617975,0.05479452,0.0,9.774005,0.0
2021.07.06.0,41.0,50.93058,-1.4833064,0.12054794,22.0,9.77985,1.0
2021.010.022.0,34.0,38.760292,-1.4594138,0.15068494,67.0,9.72836,0.0
2021.05.024.0,885.0001,1027.1332,-0.14403993,0.569863,10.0,9.654449,1.0
2021.09.07.0,265.00006,226.80505,-0.39370686,0.12054794,164.0,9.76612,1.0
2021.01.022.0,585.0001,638.14636,-0.3347268,0.64931506,46.0,9.644652,0.0
2021.02.023.0,282.99997,208.81541,-0.4887046,0.1589041,141.0,9.700147,1.0
2021.02.023.0,62.999992,55.76167,-1.287885,0.1589041,34.0,9.700147,0.0
2021.02.023.0,1749.9999,1810.8396,0.6782564,0.31232876,0.0,9.692149,0.0
2021.010.022.0,110.000015,84.89647,-0.6993186,0.07397261,2431.0,9.729908,1.0
2021.05.024.0,50.000004,46.98394,-1.3706994,0.071232885,1813.0,9.696279,1.0
2021.05.024.0,171.0,157.97655,-1.1215837,0.569863,1.0,9.654449,0.0
2021.01.022.0,201.99997,155.86284,-1.0152488,0.4,12.0,9.670672,1.0
2021.011.012.0,609.99994,633.16815,-0.30871463,0.5917808,47.0,9.752257,1.0
2021.08.017.0,57.0,121.49515,-0.8131137,0.08219178,1394.0,9.720646,0.0
2021.05.03.0,11.5,9.766203,-2.0914135,0.05479452,719.0,9.774005,1.0
2021.011.012.0,49.500004,54.193417,-1.6495224,0.5917808,0.0,9.752257,0.0
2021.03.017.0,310.99997,388.6232,-0.6288466,0.50136983,1.0,9.660141,0.0
2021.05.024.0,61.999996,75.31222,-1.5863513,0.32054794,217.0,9.667766,1.0
2021.08.017.0,115.99999,96.33678,-1.0898842,0.1780822,3.0,9.71776,1.0
2021.01.022.0,20.5,17.321678,-1.8774195,0.15068494,1.0,9.683339,1.0
2021.06.015.0,21.500002,40.135536,-1.4838314,0.10958904,1915.0,9.747067,1.0
2021.012.03.0,454.00006,397.52966,-0.27834558,0.2849315,0.0,9.773322,0.0
2021.03.017.0,274.00003,203.31023,-0.2532357,0.09863014,965.0,9.695232,1.0
2021.012.024.0,36.0,59.811813,-1.6552542,0.22739726,0.0,9.790207,1.0
2021.03.017.0,130.00003,130.01428,-1.2523983,0.50136983,5.0,9.660141,1.0
2021.05.03.0,44.499992,27.726501,-1.5688977,0.05479452,818.0,9.774005,1.0
2021.010.022.0,41.0,38.236187,-1.582444,0.15068494,288.0,9.72836,1.0
2021.03.017.0,3.0,4.4762044,-2.2969081,0.09863014,6.0,9.695232,0.0
2021.03.017.0,4.1,3.2009888,-2.3838344,0.09863014,27.0,9.695232,0.0
2021.05.03.0,1320.0002,1647.4844,0.6700258,0.3808219,0.0,9.74367,0.0
2021.010.022.0,69.99999,51.95994,-0.98007303,0.07397261,765.0,9.729908,1.0
2021.06.015.0,8.5,14.388187,-2.0061255,0.10958904,18.0,9.747067,1.0
2021.03.017.0,42.000004,32.653595,-1.4118495,0.09863014,751.0,9.695232,1.0
2021.010.022.0,0.099999994,0.21272212,-3.3742244,0.07397261,11.0,9.729908,0.0
2021.05.03.0,21.000008,21.3414,-1.9692225,0.13150683,295.0,9.77087,1.0
2021.07.06.0,1009.99994,1001.10175,0.77019835,0.12054794,0.0,9.77985,0.0
2021.012.024.0,75.00001,133.81569,-0.8403249,0.07397261,1324.0,9.795568,1.0
2021.05.024.0,874.99994,1027.8579,0.37552965,0.16712329,0.0,9.689117,1.0
2021.09.07.0,204.0,203.79951,0.008928597,0.024657533,0.0,9.769728,1.0
2021.05.024.0,61.999996,63.701294,-1.2604172,0.071232885,734.0,9.696279,1.0
2021.06.015.0,91.0,91.07262,-1.4011235,0.51232874,1.0,9.714867,0.0
2021.01.022.0,1289.9999,1468.5718,0.9032934,0.15068494,0.0,9.683339,0.0
2021.03.017.0,243.99995,221.65266,-0.71395034,0.25205478,0.0,9.687444,1.0
2021.05.024.0,190.0,181.0654,-0.6164962,0.16712329,3.0,9.689117,0.0
2021.011.012.0,33.000004,46.589962,-0.85235184,0.01643835,20171.0,9.76824,0.0
2021.08.017.0,9.299999,7.2609196,-2.2920322,0.08219178,564.0,9.720646,1.0
2021.08.017.0,675.0001,979.68756,0.6662116,0.08219178,0.0,9.720646,0.0
2021.09.030.0,4.8,2.80984,-2.3227837,0.057534248,130.0,9.730502,0.0
2021.05.024.0,23.0,22.159739,-1.9844104,0.32054794,0.0,9.667766,0.0
2021.08.017.0,465.99997,622.99255,-0.4046312,0.58082193,8.0,9.709964,0.0
2021.08.017.0,12.999999,8.202541,-2.2386904,0.08219178,218.0,9.720646,1.0
2021.04.09.0,760.0,828.93866,1.8512657,0.035616443,0.0,9.736842,0.0
2021.010.022.0,1049.9999,1045.171,0.60241485,0.15068494,0.0,9.72836,0.0
2021.04.09.0,465.0,459.07092,-0.5670124,0.68767124,0.0,9.690975,1.0
2021.01.022.0,12.0,10.772158,-1.9457031,0.07397261,384.0,9.6883745,1.0
2021.07.06.0,382.00006,333.106,-0.026886523,0.12054794,82.0,9.77985,0.0
2021.06.015.0,46.5,46.618553,-1.5351603,0.2630137,0.0,9.725855,0.0
2021.07.06.0,1049.9999,1000.12744,0.18771315,0.44657534,0.0,9.76319,0.0
2021.010.022.0,710.0001,714.34894,-0.23971558,0.64931506,1.0,9.715651,0.0
2021.09.030.0,51.0,43.138855,-1.4661021,0.13424657,2.0,9.728479,1.0
2021.09.030.0,94.000015,57.065403,-0.8054949,0.057534248,3951.0,9.730502,1.0
2021.011.012.0,7.2000003,13.844423,-1.5682524,0.01643835,7840.0,9.76824,0.0
2021.012.024.0,134.00003,170.64388,-1.2322513,0.47671232,0.0,9.783013,1.0
2021.08.017.0,69.99999,73.44812,-1.5456009,0.33150685,64.0,9.71396,1.0
2021.06.015.0,6.1000004,10.761835,-2.1516483,0.10958904,0.0,9.747067,1.0
2021.05.03.0,30.999998,29.156136,-1.8036189,0.13150683,208.0,9.77087,1.0
2021.07.027.0,351.0001,362.68567,0.12296426,0.0630137,0.0,9.752781,0.0
2021.09.030.0,251.99997,149.85382,-0.02804327,0.057534248,3305.0,9.730502,1.0
2021.09.030.0,160.99997,158.46242,-1.1773825,0.46027398,10.0,9.715953,1.0
2021.09.030.0,910.0,811.82404,0.4296149,0.2109589,0.0,9.72669,1.0
2021.07.06.0,320.0,284.378,-0.33883512,0.19726028,14.0,9.773948,0.0
2021.03.017.0,12.500001,10.420507,-1.9920253,0.09863014,7.0,9.695232,1.0
2021.09.07.0,9.299999,13.988573,-1.9415525,0.12054794,0.0,9.76612,0.0
2021.03.017.0,874.99994,1124.9369,0.84433305,0.09863014,0.0,9.695232,0.0
2021.01.022.0,4.6,4.0880337,-2.4013531,0.07397261,132.0,9.6883745,1.0
2021.09.030.0,100.00001,122.3609,-1.2552153,0.46027398,1.0,9.715953,0.0
2021.07.06.0,191.00003,187.17325,-0.942396,0.44657534,2.0,9.76319,0.0
2021.05.024.0,10.0,6.278884,-2.1777122,0.071232885,417.0,9.696279,1.0
2021.011.012.0,2329.9998,2527.145,1.8731062,0.093150675,0.0,9.7668085,0.0
2021.07.027.0,2920.0007,2856.836,1.8171878,0.13972603,0.0,9.748178,0.0
2021.03.017.0,118.99998,87.46191,-0.809519,0.09863014,784.0,9.695232,1.0
2021.011.012.0,72.0,85.5031,-1.3237865,0.34246576,15.0,9.758808,0.0
2021.02.023.0,41.5,41.493076,-1.416877,0.1589041,1.0,9.700147,0.0
2021.07.06.0,22.500002,23.08818,-1.8302832,0.12054794,4.0,9.77985,1.0
2021.010.022.0,555.0001,530.1477,0.17974758,0.15068494,0.0,9.72836,1.0
2021.06.015.0,2050.0,2085.6904,0.6949792,0.51232874,0.0,9.714867,0.0
2021.05.03.0,699.99994,923.9325,0.13469386,0.3808219,0.0,9.74367,0.0
2021.08.017.0,1200.0001,905.15436,0.36356974,0.33150685,0.0,9.71396,1.0
2021.09.030.0,629.99994,521.1221,0.34264755,0.13424657,0.0,9.728479,1.0
2021.012.024.0,600.00006,467.59814,0.31235015,0.15068494,0.0,9.793784,0.0
2021.05.03.0,12.0,13.632005,-2.2374167,0.13150683,0.0,9.77087,1.0
2021.03.017.0,44.499992,49.085373,-1.5028573,0.17534247,14.0,9.691593,1.0
2021.07.027.0,38.499996,42.392475,-1.595114,0.13972603,4.0,9.748178,1.0
2021.09.030.0,147.00003,135.0194,-1.0288947,0.2109589,1.0,9.72669,1.0
2021.06.015.0,91.0,91.563576,-1.2449483,0.2630137,0.0,9.725855,0.0
2021.011.012.0,4.0,9.358731,-2.1608622,0.093150675,0.0,9.7668085,1.0
2021.07.06.0,40.0,70.18321,-1.203361,0.04383561,1401.0,9.792444,1.0
2021.07.06.0,330.99997,280.0029,0.32299948,0.04383561,0.0,9.792444,0.0
2021.09.07.0,1280.0,1275.9939,0.27033818,0.52328765,0.0,9.754756,0.0
2021.07.06.0,1189.9998,1197.9711,0.6797514,0.19726028,0.0,9.773948,0.0
2021.05.03.0,3.7000012,7.1007223,-1.9357696,0.05479452,108.0,9.774005,0.0
2021.010.022.0,62.999992,80.792244,-1.0048895,0.07397261,5109.0,9.729908,0.0
2021.010.022.0,78.999985,81.057465,-1.2244253,0.15068494,3.0,9.72836,1.0
2021.010.022.0,855.0,770.8331,0.03655827,0.4,0.0,9.721366,0.0
2021.05.024.0,8.3,6.421664,-2.3285751,0.16712329,0.0,9.689117,0.0
2021.05.03.0,5.9000006,6.5000906,-2.4637163,0.13150683,4.0,9.77087,1.0
2021.02.023.0,60.000004,55.543163,-1.5916715,0.31232876,9.0,9.692149,1.0
2021.09.07.0,4.3,8.623637,-1.8918431,0.024657533,1007.0,9.769728,0.0
2021.01.022.0,59.000008,50.22536,-1.3829331,0.15068494,58.0,9.683339,1.0
2021.01.022.0,1250.0001,1490.2651,1.3255432,0.07397261,0.0,9.6883745,0.0
2021.07.06.0,10.0,8.572996,-1.9927232,0.04383561,37.0,9.792444,1.0
2021.011.012.0,1939.9998,2073.6782,1.6345727,0.093150675,0.0,9.7668085,0.0
2021.05.024.0,1.6999999,1.0446442,-2.593443,0.071232885,1.0,9.696279,0.0
2021.05.03.0,25.000002,24.969217,-1.8795993,0.13150683,159.0,9.77087,1.0
2021.010.022.0,59.000008,62.99762,-1.2393607,0.15068494,136.0,9.72836,0.0
2021.012.03.0,109.00002,122.72535,-1.2666154,0.2849315,0.0,9.773322,1.0
2021.012.03.0,885.0001,810.43317,0.5327835,0.13150683,0.0,9.778435,0.0
2021.08.017.0,149.0,128.2344,-1.2230132,0.33150685,1.0,9.71396,1.0
2021.012.024.0,0.5,0.4293834,-2.8493297,0.07397261,0.0,9.795568,0.0
2021.05.024.0,76.0,54.36709,-1.2669657,0.16712329,61.0,9.689117,0.0
2021.05.024.0,5.6000004,4.5185413,-2.357935,0.071232885,152.0,9.696279,1.0
2021.08.017.0,1020.00006,780.16016,-0.034232974,0.58082193,1.0,9.709964,1.0
2021.012.03.0,153.0,192.85619,-1.0461044,0.2849315,45.0,9.773322,1.0
2021.08.017.0,45.5,99.70152,-0.9565805,0.08219178,1781.0,9.720646,0.0
2021.09.07.0,76.0,82.83408,-1.4694418,0.52328765,31.0,9.754756,0.0
2021.03.017.0,15.000001,33.45795,-1.4865983,0.09863014,450.0,9.695232,0.0
2021.011.012.0,0.19999999,0.2533949,-3.139609,0.01643835,10.0,9.76824,0.0
2021.011.012.0,629.99994,620.5569,-0.059568703,0.34246576,0.0,9.758808,1.0
2021.012.024.0,565.00006,404.0013,0.66512847,0.07397261,0.0,9.795568,0.0
2021.012.03.0,50.000004,43.86952,-1.48926,0.2849315,2.0,9.773322,0.0
2021.08.017.0,447.0,364.9879,-0.48384118,0.33150685,12.999985,9.71396,1.0
2021.02.023.0,585.0001,520.7733,-0.20154774,0.31232876,2.0,9.692149,1.0
2021.011.012.0,16.500002,16.391638,-1.8691927,0.1890411,51.0,9.763651,0.0
2021.02.023.0,935.00006,893.7643,0.8265488,0.0630137,0.0,9.704122,0.0
2021.011.012.0,0.3,0.300865,-2.915955,0.01643835,2.0,9.76824,1.0
2021.03.017.0,55.999992,87.24044,-1.1948282,0.17534247,2.0,9.691593,0.0
2021.08.017.0,188.00003,163.89728,-1.0194005,0.33150685,1.0,9.71396,1.0
2021.010.022.0,92.0,89.14004,-1.1499358,0.15068494,264.0,9.72836,1.0
2021.09.030.0,12.0,11.089299,-1.7522956,0.057534248,307.0,9.730502,1.0
2021.01.022.0,431.00006,321.70758,-0.5492699,0.4,8.0,9.670672,1.0
2021.06.015.0,1420.0002,1355.5541,1.1041257,0.10958904,0.0,9.747067,0.0
2021.011.012.0,92.0,105.03309,-1.1100938,0.1890411,3.0,9.763651,1.0
2021.012.024.0,8.1,6.5756283,-2.1197839,0.15068494,0.0,9.793784,0.0
2021.09.030.0,257.0,240.71461,-0.9139071,0.46027398,1.0,9.715953,1.0
2021.07.06.0,86.99999,96.43876,-1.4663329,0.44657534,21.0,9.76319,1.0
2021.09.030.0,1020.00006,936.2372,0.18791103,0.46027398,0.0,9.715953,1.0
2021.02.023.0,1049.9999,1032.6482,0.5080247,0.1589041,0.0,9.700147,0.0
2021.01.022.0,24.0,21.10254,-1.8897408,0.15068494,5.0,9.683339,1.0
2021.05.03.0,382.99994,505.8413,-0.31177813,0.3808219,2.0,9.74367,0.0
2021.02.023.0,6.0,3.970299,-2.2390285,0.0630137,21.0,9.704122,1.0
2021.01.022.0,155.0,111.79056,-0.9089204,0.15068494,1617.0,9.683339,1.0
2021.07.06.0,387.99994,367.51233,-0.54675907,0.44657534,10.0,9.76319,0.0
2021.09.030.0,234.00005,221.6866,-0.97035635,0.46027398,0.0,9.715953,1.0
2021.09.030.0,765.00006,626.88135,-0.1585834,0.46027398,0.0,9.715953,1.0
2021.01.022.0,313.00006,326.24548,-0.6018204,0.4,16.0,9.670672,0.0
2021.07.06.0,0.6999995,0.4384397,-2.719259,0.04383561,0.0,9.792444,0.0
2021.09.030.0,76.0,86.41842,-1.4405724,0.46027398,6.0,9.715953,0.0
2021.04.09.0,20.0,18.6713,-1.7829129,0.1890411,0.0,9.730621,0.0
2021.07.06.0,1009.99994,875.02625,1.2825401,0.04383561,0.0,9.792444,0.0
2021.03.017.0,196.99997,251.84308,-0.89658487,0.50136983,0.0,9.660141,0.0
2021.09.07.0,334.0,279.36743,-0.218526,0.12054794,77.0,9.76612,1.0
2021.011.012.0,0.3,0.25462806,-3.1021094,0.093150675,0.0,9.7668085,0.0
2021.04.09.0,910.0,1003.14215,0.97965527,0.11232877,0.0,9.734181,0.0
2021.011.012.0,38.499996,49.883698,-1.504921,0.1890411,2.0,9.763651,1.0
2021.09.07.0,855.0,1025.5696,0.65881824,0.12054794,0.0,9.76612,0.0
2021.03.017.0,212.00003,187.76512,-0.80680037,0.25205478,1.0,9.687444,1.0
2021.06.015.0,3.3999999,4.047371,-2.2311594,0.10958904,3.0,9.747067,0.0
2021.09.030.0,2.0999997,0.88752085,-2.8079014,0.057534248,1.0,9.730502,0.0
2021.05.024.0,6.1999993,3.6690445,-2.5090702,0.071232885,31.0,9.696279,1.0
2021.04.09.0,156.00003,162.99982,-1.0704632,0.43835616,0.0,9.70186,1.0
2021.09.030.0,11.5,17.55356,-1.8585935,0.057534248,3452.0,9.730502,0.0
2021.05.03.0,914.9999,1217.7186,0.87991,0.13150683,0.0,9.77087,0.0
2021.05.03.0,6.5000024,5.4146314,-2.2577837,0.05479452,21.0,9.774005,1.0
2021.08.017.0,7.5000005,5.0692277,-2.4481468,0.08219178,517.0,9.720646,1.0
2021.03.017.0,80.0,89.28186,-1.30323,0.25205478,20.0,9.687444,1.0
2021.02.023.0,384.0,317.70102,-0.27181083,0.1589041,1.0,9.700147,0.0
2021.01.022.0,272.0,248.59908,-0.911349,0.64931506,5.0,9.644652,1.0
2021.08.017.0,9.400001,9.233885,-2.1294854,0.1780822,2.0,9.71776,0.0
2021.05.03.0,580.0,898.2418,1.0071568,0.05479452,0.0,9.774005,0.0
2021.09.07.0,314.99997,367.21997,0.6175437,0.024657533,0.0,9.769728,0.0
2021.05.03.0,5.6000004,6.1621537,-2.5013523,0.13150683,0.0,9.77087,1.0
2021.06.015.0,98.000015,149.59715,-0.65846926,0.10958904,518.0,9.747067,1.0
2021.012.024.0,1.5999999,4.4875054,-2.6213737,0.07397261,78.0,9.795568,1.0
2021.07.027.0,1020.00006,1079.5203,0.20975733,0.3890411,0.0,9.741792,0.0
2021.03.017.0,320.0,297.03687,-0.41309738,0.17534247,0.0,9.691593,1.0
2021.07.027.0,24.0,21.673464,-1.6632954,0.13972603,28.0,9.748178,0.0
2021.012.03.0,0.9,0.47782642,-2.623445,0.035616443,52.0,9.781602,0.0
2021.02.023.0,48.500004,37.730854,-1.2007391,0.0630137,2130.0,9.704122,1.0
2021.05.024.0,1189.9998,959.1037,0.28002882,0.32054794,0.0,9.667766,0.0
2021.03.017.0,25.000002,34.352352,-1.7216676,0.25205478,0.0,9.687444,0.0
2021.02.023.0,27.500004,25.083305,-1.970615,0.31232876,0.0,9.692149,1.0
2021.012.03.0,1130.0001,1061.293,1.5150743,0.035616443,0.0,9.781602,0.0
2021.010.022.0,12.0,11.755818,-1.8289098,0.07397261,129.0,9.729908,1.0
2021.07.027.0,143.00003,137.30078,-0.63443154,0.0630137,781.0,9.752781,1.0
2021.011.012.0,18.499998,28.202732,-1.6001214,0.093150675,274.0,9.7668085,0.0
2021.03.017.0,387.99994,403.25433,-0.31476098,0.25205478,2.0,9.687444,0.0
2021.05.03.0,804.9999,1062.101,0.24138999,0.3808219,0.0,9.74367,0.0
2021.03.017.0,104.999985,100.092606,-1.0643122,0.17534247,0.0,9.691593,1.0
2021.012.024.0,22.000002,48.82642,-1.5346811,0.07397261,1002.0,9.795568,1.0
2021.02.023.0,102.99999,80.28463,-0.7949515,0.0630137,3739.0,9.704122,1.0
2021.011.012.0,463.99997,518.1121,-0.3027895,0.34246576,0.0,9.758808,0.0
2021.06.015.0,30.000002,53.149757,-1.311113,0.10958904,336.0,9.747067,1.0
2021.09.07.0,372.0,337.1899,-0.7620256,0.52328765,3.0,9.754756,1.0
2021.011.012.0,325.99994,332.55133,-0.5546712,0.34246576,0.0,9.758808,1.0
2021.09.030.0,585.0001,494.1221,0.26142788,0.13424657,0.0,9.728479,1.0
2021.05.024.0,534.99994,595.596,-0.08349502,0.16712329,39.0,9.689117,1.0
2021.07.027.0,12.0,11.241512,-1.6823502,0.0630137,970.0,9.752781,0.0
2021.03.017.0,13.500001,16.940329,-2.1474717,0.25205478,0.0,9.687444,1.0
2021.07.027.0,55.999992,51.672073,-1.261431,0.0630137,370.0,9.752781,1.0
2021.07.027.0,24.0,20.782257,-1.9255493,0.3890411,0.0,9.741792,0.0
2021.05.03.0,370.00006,637.1369,0.6765083,0.05479452,0.0,9.774005,0.0
2021.02.023.0,3.3999999,1.6696069,-2.534196,0.0630137,18.0,9.704122,1.0
2021.03.017.0,223.99997,370.11566,-0.18191403,0.09863014,599.0,9.695232,0.0
2021.012.024.0,19.0,33.868553,-1.7779409,0.15068494,12.999985,9.793784,1.0
2021.08.017.0,143.00003,194.86674,-1.0827037,0.58082193,0.0,9.709964,0.0
2021.012.024.0,10.0,7.1228647,-1.7534109,0.07397261,610.0,9.795568,0.0
2021.07.06.0,27.500004,20.014997,-1.751552,0.19726028,29.0,9.773948,0.0
2021.08.017.0,1069.9999,790.48303,0.2514956,0.33150685,0.0,9.71396,1.0
2021.07.027.0,524.99994,553.2868,0.10306108,0.13972603,0.0,9.748178,0.0
2021.03.017.0,156.00003,118.22716,-0.637315,0.09863014,470.0,9.695232,1.0
2021.08.017.0,271.00003,191.31686,-0.60642815,0.1780822,0.0,9.71776,1.0
2021.010.022.0,534.99994,496.06738,-0.25536406,0.4,2.0,9.721366,0.0
2021.011.012.0,990.0001,951.3822,-0.0030664206,0.5917808,0.0,9.752257,0.0
2021.05.024.0,5.3000007,2.6141498,-2.1125555,0.071232885,10.0,9.696279,0.0
2021.05.03.0,372.0,571.67944,0.2061969,0.13150683,0.0,9.77087,0.0
2021.05.03.0,106.999985,96.20672,-1.3702806,0.3808219,0.0,9.74367,1.0
2021.05.024.0,19.499998,16.516666,-1.8264014,0.071232885,375.0,9.696279,1.0
2021.011.012.0,36.0,45.24738,-1.6709666,0.34246576,0.0,9.758808,0.0
2021.03.017.0,450.00006,426.43665,-0.130054,0.17534247,40.0,9.691593,1.0
2021.02.023.0,54.000004,55.832653,-1.5715405,0.31232876,0.0,9.692149,0.0
2021.07.027.0,2230.0,2391.104,0.8924583,0.3890411,0.0,9.741792,0.0
2021.06.015.0,3.0,3.2517638,-2.385579,0.10958904,0.0,9.747067,0.0
2021.012.03.0,11.000001,7.7771273,-2.3445115,0.2849315,0.0,9.773322,0.0
2021.011.012.0,785.0,735.72845,-0.18333805,0.5917808,17.0,9.752257,0.0
2021.012.024.0,8.8,20.593697,-1.9330864,0.07397261,152.0,9.795568,1.0
2021.06.015.0,118.000015,148.2374,-1.0143338,0.2630137,0.0,9.725855,1.0
2021.01.022.0,115.99999,126.25968,-1.1791042,0.4,0.0,9.670672,0.0
2021.07.06.0,48.999992,42.116753,-1.4121673,0.19726028,0.0,9.773948,0.0
2021.07.06.0,26.499998,29.316206,-1.7241174,0.12054794,15.0,9.77985,1.0
2021.012.03.0,0.6999995,1.068539,-2.7829657,0.035616443,10.0,9.781602,1.0
2021.09.030.0,500.00006,329.82025,0.6503432,0.057534248,0.0,9.730502,1.0
2021.05.024.0,1980.0012,1668.7917,0.7023369,0.32054794,0.0,9.667766,0.0
2021.06.015.0,160.0,166.77869,-1.1340784,0.51232874,1.0,9.714867,1.0
2021.09.030.0,675.0001,680.5839,-0.02546686,0.2109589,1.0,9.72669,0.0
2021.05.024.0,1500.0002,1629.298,0.5955907,0.32054794,0.0,9.667766,1.0
2021.05.03.0,1509.9998,1875.4679,1.369489,0.13150683,0.0,9.77087,0.0
2021.03.017.0,407.00006,312.09128,0.06539106,0.09863014,0.0,9.695232,1.0
2021.08.017.0,128.99998,106.633514,-1.019452,0.1780822,1.0,9.71776,1.0
2021.05.024.0,410.0,344.21045,-0.65590405,0.569863,4.0,9.654449,0.0
2021.04.09.0,1840.0001,1983.7832,0.6413467,0.035616443,0.0,9.736842,0.0
2021.012.024.0,590.00006,507.1721,-0.24984574,0.47671232,1.0,9.783013,0.0
2021.07.027.0,6.0,6.8229594,-2.2846124,0.0630137,201.0,9.752781,1.0
2021.010.022.0,54.000004,67.55272,-1.6081358,0.64931506,0.0,9.715651,0.0
2021.09.030.0,11.000001,19.13729,-1.8336064,0.13424657,6.0,9.728479,0.0
2021.05.03.0,1100.0001,1471.064,1.7602642,0.05479452,0.0,9.774005,0.0
2021.01.022.0,7.2000003,8.152536,-2.3100088,0.15068494,12.0,9.683339,1.0
2021.02.023.0,190.0,177.89896,-0.69054806,0.1589041,20.0,9.700147,0.0
2021.03.017.0,334.99994,435.69916,-0.17456162,0.17534247,12.0,9.691593,0.0
2021.03.017.0,146.00003,214.6087,-0.682748,0.17534247,0.0,9.691593,0.0
2021.010.022.0,447.0,460.9512,0.010565102,0.15068494,0.0,9.72836,1.0
2021.02.023.0,142.00003,119.5792,-0.8927236,0.1589041,15.0,9.700147,1.0
2021.08.017.0,4.999999,5.36466,-2.0523405,0.08219178,60.000015,9.720646,0.0
2021.012.024.0,28.999998,52.83209,-1.5813184,0.15068494,21.0,9.793784,1.0
2021.07.027.0,580.0,555.3776,-0.28362453,0.3890411,2.0,9.741792,1.0
2021.07.06.0,2790.0,2698.3708,1.1158016,0.44657534,0.0,9.76319,0.0
2021.08.017.0,281.00003,248.39658,-0.7470025,0.33150685,22.0,9.71396,1.0
2021.04.09.0,594.9999,677.5363,0.5718956,0.11232877,0.0,9.734181,0.0
2021.011.012.0,7.300001,15.305002,-1.9019971,0.093150675,40.0,9.7668085,1.0
2021.07.06.0,7.799999,5.700732,-2.2290342,0.19726028,30.0,9.773948,0.0
2021.08.017.0,290.0,209.8071,-0.79755825,0.33150685,31.0,9.71396,1.0
2021.05.024.0,419.0,419.8894,-0.5197276,0.32054794,4.0,9.667766,1.0
2021.05.024.0,142.00003,113.27455,-0.88235676,0.16712329,2.0,9.689117,0.0
2021.07.06.0,125.00001,115.74323,-1.1780951,0.44657534,3.0,9.76319,0.0
2021.05.03.0,19.0,20.504536,-1.9587486,0.13150683,4.0,9.77087,1.0
2021.012.024.0,4.9000006,3.432656,-2.139108,0.07397261,20.0,9.795568,0.0
2021.09.030.0,2.0999997,1.2703193,-2.6625154,0.057534248,0.0,9.730502,0.0
2021.07.027.0,94.000015,87.52119,-0.9954016,0.13972603,21.0,9.748178,0.0
2021.011.012.0,1.0,0.86317515,-2.4875393,0.01643835,130.99998,9.76824,1.0
2021.02.023.0,2080.0005,2100.4556,0.628273,0.56164384,0.0,9.666055,0.0
2021.09.030.0,925.0002,854.2229,0.09584987,0.46027398,0.0,9.715953,1.0
2021.08.017.0,804.9999,430.6609,0.67032933,0.08219178,0.0,9.720646,1.0
2021.06.015.0,969.9999,914.1835,0.7075534,0.10958904,0.0,9.747067,0.0
2021.01.022.0,594.9999,621.2367,-0.18745458,0.4,12.0,9.670672,0.0
2021.010.022.0,180.00002,235.35205,-0.39658248,0.07397261,1907.0,9.729908,0.0
2021.06.015.0,800.00006,717.3326,0.5045097,0.10958904,0.0,9.747067,0.0
2021.06.015.0,213.00005,210.6625,-0.97665143,0.51232874,0.0,9.714867,0.0
2021.01.022.0,115.00001,106.87465,-1.0710834,0.15068494,66.0,9.683339,1.0
2021.011.012.0,935.00006,970.7796,0.45159817,0.1890411,0.0,9.763651,0.0
2021.08.017.0,40.0,40.57889,-1.6154526,0.33150685,1.0,9.71396,0.0
2021.06.015.0,20.5,27.974998,-1.9101586,0.2630137,7.0,9.725855,1.0
2021.012.03.0,78.999985,88.406166,-1.4229817,0.2849315,3.0,9.773322,1.0
2021.05.024.0,2.8000002,1.3181747,-2.5809114,0.071232885,5.0,9.696279,0.0
2021.05.03.0,20.0,47.28707,-1.0651357,0.05479452,3706.0,9.774005,0.0
2021.02.023.0,27.500004,27.39637,-1.6339545,0.1589041,7.0,9.700147,0.0
2021.011.012.0,43.000004,54.943256,-1.574128,0.34246576,0.0,9.758808,0.0
2021.012.024.0,73.000015,68.15348,-1.3638006,0.47671232,2.0,9.783013,0.0
2021.04.09.0,1329.9998,1483.1108,0.4705007,0.43835616,0.0,9.70186,0.0
2021.07.027.0,6.5000024,4.846797,-2.277196,0.13972603,0.0,9.748178,0.0
2021.02.023.0,102.99999,70.72324,-0.8577294,0.0630137,2268.0,9.704122,0.0
2021.012.03.0,0.39999998,0.7269145,-2.9201183,0.035616443,0.0,9.781602,1.0
2021.05.03.0,30.999998,32.570423,-1.7410392,0.13150683,156.0,9.77087,1.0
2021.010.022.0,5.9000006,5.889637,-2.3329735,0.15068494,11.0,9.72836,0.0
2021.010.022.0,35.000004,40.056232,-1.3059033,0.07397261,2346.0,9.729908,0.0
2021.05.024.0,38.999996,35.15803,-1.7435182,0.32054794,0.0,9.667766,0.0
2021.012.024.0,216.00002,297.84018,-0.6662438,0.22739726,0.0,9.790207,1.0
2021.07.06.0,282.99997,309.9799,-0.46679562,0.19726028,0.0,9.773948,1.0
2021.09.030.0,48.0,40.590446,-1.5006881,0.13424657,101.0,9.728479,1.0
2021.02.023.0,760.0,805.97125,-0.0053820014,0.31232876,0.0,9.692149,0.0
2021.08.017.0,164.0,84.264885,-0.81767714,0.08219178,950.0,9.720646,1.0
2021.06.015.0,125.00001,139.14664,-1.2375795,0.51232874,20.0,9.714867,1.0
2021.012.03.0,0.6,0.3223502,-2.765448,0.035616443,0.0,9.781602,0.0
2021.012.03.0,157.0,63.80669,-0.17791891,0.035616443,5485.0,9.781602,0.0
2021.07.06.0,4.999999,4.7606277,-2.251096,0.04383561,21.0,9.792444,1.0
2021.010.022.0,1210.0002,1219.7549,0.7384573,0.15068494,0.0,9.72836,0.0
2021.03.017.0,36.5,42.426136,-1.7216445,0.25205478,22.0,9.687444,1.0
2021.09.030.0,80.0,65.18699,-1.2412432,0.13424657,14.0,9.728479,1.0
2021.06.015.0,456.0,455.67548,-0.49933827,0.51232874,0.0,9.714867,0.0
2021.05.024.0,375.00006,387.53473,-0.5862497,0.32054794,22.0,9.667766,1.0
2021.010.022.0,132.00002,123.87524,-0.8392763,0.15068494,195.0,9.72836,0.0
2021.05.024.0,1049.9999,896.046,-0.0036177635,0.569863,0.0,9.654449,0.0
2021.08.017.0,754.9999,462.9893,0.14490318,0.1780822,0.0,9.71776,1.0
2021.02.023.0,438.0001,356.56903,-0.6469674,0.56164384,2.0,9.666055,1.0
2021.09.030.0,445.99997,364.04236,0.008745611,0.13424657,0.0,9.728479,1.0
2021.09.07.0,152.0,121.91484,-0.20994192,0.024657533,4151.0,9.769728,1.0
2021.02.023.0,30.000002,26.650116,-1.9290622,0.31232876,15.0,9.692149,1.0
2021.010.022.0,365.0001,368.81512,-0.16994274,0.15068494,16.0,9.72836,1.0
2021.05.03.0,96.999985,76.03751,-1.2936904,0.13150683,259.0,9.77087,1.0
2021.012.024.0,111.000015,142.78275,-1.3326601,0.47671232,9.0,9.783013,1.0
2021.08.017.0,1119.9999,868.87604,0.04739809,0.58082193,0.0,9.709964,1.0
2021.06.015.0,14.000001,14.561863,-2.060888,0.2630137,0.0,9.725855,0.0
2021.04.09.0,1440.0001,1535.158,0.50189745,0.035616443,0.0,9.736842,0.0
2021.01.022.0,51.0,50.995613,-1.6993107,0.4,20.0,9.670672,1.0
2021.05.024.0,196.99997,185.21152,-0.86752325,0.16712329,2.0,9.689117,1.0
2021.05.03.0,88.00001,114.486084,-1.3253878,0.63013697,0.0,9.731512,0.0
2021.05.024.0,108.00001,109.72896,-0.9543419,0.071232885,2239.0,9.696279,1.0
2021.011.012.0,89.00001,82.02569,-0.80677795,0.093150675,791.0,9.7668085,1.0
2021.07.06.0,2829.9998,2916.1853,1.6158137,0.19726028,0.0,9.773948,0.0
2021.012.024.0,17.0,13.641369,-1.749639,0.15068494,1.0,9.793784,0.0
2021.09.07.0,1.1,0.6798625,-2.7502596,0.024657533,1.0,9.769728,1.0
2021.07.06.0,205.0,238.54623,-1.0562506,0.6958904,6.0,9.753769,1.0
2021.05.024.0,306.99997,265.08536,-0.82073396,0.569863,0.0,9.654449,0.0
2021.07.06.0,46.0,53.84673,-1.4392711,0.12054794,28.0,9.77985,1.0
2021.011.012.0,2.5999997,6.680417,-2.342057,0.093150675,15.0,9.7668085,1.0
2021.05.024.0,165.99997,166.12238,-0.894467,0.16712329,19.0,9.689117,1.0
2021.08.017.0,3.9000006,3.1544013,-2.4062662,0.08219178,2.0,9.720646,0.0
2021.09.07.0,45.5,47.32817,-1.5041159,0.12054794,80.0,9.76612,1.0
2021.09.07.0,2090.0,2147.719,0.9875114,0.2739726,0.0,9.761579,0.0
2021.07.027.0,19.0,18.724323,-1.7813917,0.0630137,435.0,9.752781,1.0
2021.01.022.0,1550.0,1545.8872,0.581522,0.4,0.0,9.670672,0.0
2021.010.022.0,369.0,350.91373,-0.51237506,0.4,20.0,9.721366,0.0
2021.05.03.0,24.0,28.462135,-1.8006299,0.13150683,237.0,9.77087,1.0
2021.09.030.0,327.00006,310.6468,-0.27439654,0.13424657,8.0,9.728479,1.0
2021.012.03.0,1420.0002,1351.3489,1.8166792,0.035616443,0.0,9.781602,0.0
2021.07.06.0,412.99997,377.3718,-0.17631364,0.19726028,5.0,9.773948,0.0
2021.07.06.0,1329.9998,1240.8375,0.37353623,0.44657534,0.0,9.76319,0.0
2021.07.06.0,5.9000006,5.3298974,-2.2536986,0.04383561,7.0,9.792444,1.0
2021.01.022.0,435.0,347.62085,-0.48395786,0.4,3.0,9.670672,1.0
2021.08.017.0,2.0,1.1201546,-2.610744,0.08219178,201.0,9.720646,0.0
2021.09.030.0,754.9999,751.8843,-0.18827707,0.46027398,12.0,9.715953,0.0
2021.01.022.0,136.0,106.0967,-0.96585536,0.15068494,77.0,9.683339,1.0
2021.01.022.0,57.999996,56.91621,-1.6550792,0.4,1.0,9.670672,1.0
2021.02.023.0,136.0,114.03289,-1.3224795,0.56164384,0.0,9.666055,1.0
2021.012.03.0,1770.0002,1583.7894,0.4686829,0.53424656,0.0,9.7648,0.0
2021.07.06.0,57.0,65.871445,-1.4778278,0.19726028,1.0,9.773948,1.0
2021.011.012.0,211.0,215.92937,-0.6178049,0.1890411,5.0,9.763651,1.0
2021.010.022.0,114.0,126.32087,-1.3127509,0.4,7.0,9.721366,1.0
2021.02.023.0,290.0,275.98856,-0.66244024,0.31232876,3.0,9.692149,0.0
2021.02.023.0,213.99997,176.86992,-1.0808495,0.56164384,0.0,9.666055,1.0
2021.010.022.0,32.5,27.684555,-1.3881849,0.07397261,330.0,9.729908,1.0
2021.05.024.0,199.00003,176.12494,-1.054465,0.569863,0.0,9.654449,0.0
2021.011.012.0,52.999996,67.67078,-1.365408,0.1890411,6.0,9.763651,1.0
2021.010.022.0,1200.0001,1218.3384,0.16367602,0.64931506,0.0,9.715651,1.0
2021.012.024.0,132.00002,108.81411,-0.4114679,0.07397261,3006.0,9.795568,0.0
2021.012.024.0,67.000015,107.57429,-1.1748617,0.15068494,12.999985,9.793784,1.0
2021.06.015.0,17.500002,16.855291,-1.9801863,0.2630137,0.0,9.725855,0.0
2021.08.017.0,19.499998,13.64628,-1.948313,0.08219178,18.0,9.720646,1.0
2021.09.07.0,0.5,0.58029234,-2.8445642,0.024657533,0.0,9.769728,0.0
2021.05.03.0,1640.0,1990.4064,0.8755424,0.3808219,0.0,9.74367,0.0
2021.07.06.0,17.500002,20.531784,-2.0816784,0.19726028,7.0,9.773948,1.0
2021.07.06.0,146.00003,136.63167,-0.67598677,0.12054794,118.0,9.77985,0.0
2021.07.06.0,36.999996,44.62642,-1.667894,0.44657534,0.0,9.76319,0.0
2021.06.015.0,48.500004,84.724106,-1.0444424,0.10958904,426.0,9.747067,1.0
2021.01.022.0,185.00003,158.58018,-1.141378,0.64931506,6.0,9.644652,1.0
2021.05.03.0,8.3,22.803717,-1.4053062,0.05479452,1179.0,9.774005,0.0
2021.06.015.0,39.500004,38.872494,-1.8678836,0.51232874,0.0,9.714867,0.0
2021.08.017.0,35.499996,79.45386,-1.1066645,0.08219178,1306.0,9.720646,0.0
2021.05.024.0,88.00001,113.3909,-1.3860496,0.32054794,30.0,9.667766,1.0
2021.09.07.0,142.00003,148.55391,-1.152942,0.2739726,0.0,9.761579,1.0
2021.010.022.0,15.499999,14.995238,-1.7106489,0.07397261,1199.0,9.729908,1.0
2021.09.030.0,55.000008,50.41617,-1.5872159,0.2109589,5.0,9.72669,1.0
2021.011.012.0,0.9,0.77983606,-2.5280933,0.01643835,101.0,9.76824,1.0
2021.06.015.0,1040.0002,1022.4348,0.34529567,0.2630137,0.0,9.725855,0.0
2021.011.012.0,750.0001,775.10016,1.6685541,0.01643835,0.0,9.76824,0.0
2021.06.015.0,62.999992,89.76681,-1.2953086,0.2630137,1.0,9.725855,1.0
2021.05.024.0,192.99997,155.16313,-0.76065105,0.16712329,55.0,9.689117,0.0
2021.010.022.0,0.3,0.46562564,-2.996393,0.07397261,0.0,9.729908,0.0
2021.09.030.0,4.0,2.4418693,-2.4564772,0.057534248,28.0,9.730502,0.0
2021.010.022.0,635.0001,575.9053,-0.1751424,0.4,3.0,9.721366,0.0
2021.02.023.0,186.0,188.31432,-1.0930184,0.56164384,0.0,9.666055,0.0
2021.010.022.0,450.00006,474.01306,-0.6158731,0.64931506,0.0,9.715651,1.0
2021.03.017.0,106.000015,108.733246,-1.3609428,0.50136983,0.0,9.660141,1.0
2021.012.024.0,372.0,274.47482,-0.27860534,0.22739726,1.0,9.790207,0.0
2021.02.023.0,1030.0,1038.8691,0.20963407,0.31232876,0.0,9.692149,0.0
2021.07.06.0,24.499996,24.363037,-1.80432,0.12054794,1.0,9.77985,1.0
2021.07.06.0,216.00002,199.62119,-0.5868147,0.19726028,10.0,9.773948,0.0
2021.011.012.0,480.9999,484.50507,-0.2672894,0.34246576,10.0,9.758808,1.0
2021.04.09.0,625.00006,743.10614,-0.13404691,0.43835616,0.0,9.70186,0.0
2021.07.06.0,69.0,85.14076,-1.5443988,0.44657534,0.0,9.76319,1.0
2021.012.024.0,186.0,161.18909,-0.92001957,0.47671232,0.0,9.783013,0.0
2021.05.024.0,148.00002,184.00842,-0.76453394,0.071232885,1317.0,9.696279,1.0
2021.09.030.0,12.999999,15.481628,-1.8953934,0.13424657,4.0,9.728479,0.0
2021.07.027.0,660.0001,715.0861,-0.30498743,0.63835615,0.0,9.733647,0.0
2021.012.024.0,1570.0,1361.1283,0.5190066,0.47671232,0.0,9.783013,0.0
2021.012.03.0,321.99994,377.9385,-0.5565223,0.2849315,1.0,9.773322,1.0
2021.05.03.0,1689.9998,2068.7964,1.4858394,0.13150683,0.0,9.77087,0.0
2021.03.017.0,12.0,9.853853,-2.0154285,0.09863014,42.0,9.695232,1.0
2021.05.024.0,88.00001,86.13016,-1.3268965,0.32054794,11.0,9.667766,0.0
2021.012.03.0,247.00003,282.34286,-0.76695555,0.2849315,1.0,9.773322,1.0
2021.010.022.0,2.0999997,3.1050296,-2.3465674,0.07397261,16.0,9.729908,0.0
2021.09.07.0,57.0,63.31908,-1.5936178,0.52328765,0.0,9.754756,0.0
2021.011.012.0,3.4999995,4.687889,-2.2463799,0.093150675,0.0,9.7668085,0.0
2021.09.030.0,82.999985,49.45224,-0.8888025,0.057534248,1437.0,9.730502,1.0
2021.05.024.0,504.99997,542.9039,-0.21175075,0.16712329,82.0,9.689117,1.0
2021.011.012.0,1350.0002,1305.7899,0.25172555,0.5917808,0.0,9.752257,0.0
2021.05.03.0,21.000008,13.926884,-1.8663328,0.05479452,251.0,9.774005,1.0
2021.06.015.0,475.0,488.22733,-0.400106,0.51232874,0.0,9.714867,1.0
2021.06.015.0,5.799999,8.123022,-2.0372458,0.10958904,0.0,9.747067,0.0
2021.010.022.0,4.4,4.0234766,-2.20841,0.07397261,62.0,9.729908,0.0
2021.012.024.0,6.1000004,15.538865,-2.048012,0.07397261,389.0,9.795568,1.0
2021.02.023.0,1910.0004,1991.0292,0.7947817,0.31232876,0.0,9.692149,0.0
2021.07.06.0,35.000004,37.143776,-1.3733698,0.12054794,46.0,9.77985,0.0
2021.09.07.0,1.1,1.8095931,-2.3164182,0.024657533,1.0,9.769728,0.0
2021.09.07.0,1100.0001,1274.052,0.8737414,0.12054794,0.0,9.76612,0.0
2021.05.03.0,94.000015,56.800632,-1.1741637,0.05479452,2305.0,9.774005,1.0
2021.04.09.0,211.0,262.00363,-0.5089831,0.1890411,40.0,9.730621,0.0
2021.06.015.0,55.999992,45.764183,-1.227467,0.10958904,305.0,9.747067,0.0
2021.05.024.0,251.99997,255.96265,-0.64541394,0.16712329,12.0,9.689117,1.0
2021.01.022.0,80.0,80.09493,-1.456349,0.4,0.0,9.670672,1.0
2021.08.017.0,94.000015,120.140335,-1.1356816,0.33150685,17.0,9.71396,0.0
2021.02.023.0,352.00003,252.03625,-0.28881073,0.1589041,50.0,9.700147,1.0
2021.07.06.0,5.1,4.363319,-2.2822487,0.04383561,44.0,9.792444,1.0
2021.05.024.0,545.0001,610.72925,-0.4884939,0.569863,0.0,9.654449,1.0
2021.07.027.0,25.000002,25.199047,-1.8722613,0.13972603,1.0,9.748178,1.0
2021.011.012.0,7.5000005,12.793154,-1.9909148,0.093150675,4.0,9.7668085,1.0
2021.08.017.0,530.0001,717.4975,-0.3199134,0.58082193,2.0,9.709964,0.0
2021.011.012.0,62.999992,77.910614,-1.5060911,0.34246576,0.0,9.758808,1.0
2021.05.03.0,55.999992,109.26662,-0.90013134,0.13150683,240.0,9.77087,0.0
2021.02.023.0,720.00006,624.8511,-0.29513872,0.56164384,1.0,9.666055,1.0
2021.05.024.0,1440.0001,1644.4259,0.30584073,0.569863,0.0,9.654449,1.0
2021.09.030.0,750.0001,927.23425,0.57120883,0.057534248,0.0,9.730502,0.0
2021.010.022.0,8.5,8.740185,-2.0006175,0.07397261,78.0,9.729908,1.0
2021.09.030.0,534.99994,475.46524,-0.3946097,0.46027398,0.0,9.715953,1.0
2021.04.09.0,2009.9996,2129.3027,1.4585984,0.1890411,0.0,9.730621,0.0
2021.09.030.0,147.00003,176.73958,-1.0651621,0.46027398,4.0,9.715953,0.0
2021.08.017.0,3.6000001,2.5513482,-2.4287772,0.08219178,2.0,9.720646,0.0
2021.01.022.0,265.00006,362.70123,-0.074120164,0.07397261,4214.0,9.6883745,0.0
2021.06.015.0,229.0,251.58383,-0.6472173,0.2630137,0.0,9.725855,1.0
2021.03.017.0,73.000015,116.38799,-1.0508136,0.17534247,3.0,9.691593,0.0
2021.09.07.0,52.999996,60.553547,-1.3627181,0.12054794,73.0,9.76612,1.0
2021.011.012.0,226.00002,243.50343,-0.8181248,0.34246576,0.0,9.758808,1.0
2021.05.024.0,76.99999,80.03327,-1.1333029,0.071232885,372.0,9.696279,1.0
2021.011.012.0,745.0,778.13306,-0.15579242,0.5917808,4.0,9.752257,1.0
2021.09.030.0,18.499998,16.820276,-2.053181,0.46027398,41.0,9.715953,0.0
2021.05.024.0,109.00002,101.870804,-1.2731122,0.32054794,2.0,9.667766,0.0
2021.012.03.0,76.99999,39.32453,-0.5800499,0.035616443,9792.0,9.781602,0.0
2021.012.03.0,8.199998,5.500059,-2.5092487,0.2849315,0.0,9.773322,0.0
2021.010.022.0,50.000004,50.35297,-1.3318692,0.15068494,70.0,9.72836,0.0
2021.06.015.0,134.00003,148.72133,-0.9807094,0.2630137,0.0,9.725855,0.0
2021.07.06.0,2070.0002,2149.8552,1.2127964,0.19726028,0.0,9.773948,0.0
2021.09.030.0,46.0,49.975048,-1.4944001,0.2109589,30.0,9.72669,0.0
2021.01.022.0,1069.9999,1270.9744,1.0849588,0.07397261,0.0,9.6883745,0.0
2021.010.022.0,1030.0,1070.376,0.26726162,0.4,0.0,9.721366,1.0
2021.07.06.0,1180.0001,1180.0193,0.91942585,0.12054794,0.0,9.77985,0.0
2021.03.017.0,34.0,48.32268,-1.5735768,0.25205478,1.0,9.687444,0.0
2021.08.017.0,355.00006,492.38748,-0.37411314,0.33150685,15.0,9.71396,0.0
2021.05.024.0,34.5,29.300009,-1.8280607,0.32054794,0.0,9.667766,0.0
2021.011.012.0,0.19999999,0.21728694,-3.2183387,0.093150675,502.0,9.7668085,0.0
2021.08.017.0,27.500004,68.29828,-1.2183368,0.08219178,1826.0,9.720646,0.0
2021.012.03.0,221.00003,201.69815,-0.72656673,0.2849315,3.0,9.773322,0.0
2021.06.015.0,8.899999,9.383919,-1.9595649,0.10958904,2.0,9.747067,0.0
2021.08.017.0,810.0001,1066.6754,0.19229674,0.33150685,0.0,9.71396,0.0
2021.09.07.0,0.6999995,1.4743552,-2.4639924,0.024657533,100.0,9.769728,0.0
2021.09.07.0,150.99997,238.10165,-0.5170012,0.12054794,60.000015,9.76612,0.0
2021.07.06.0,1200.0001,1054.1271,1.4556451,0.04383561,0.0,9.792444,0.0
2021.05.03.0,118.99998,90.311935,-1.1794724,0.13150683,215.0,9.77087,1.0
2021.03.017.0,48.0,37.280582,-1.3284769,0.09863014,561.0,9.695232,1.0
2021.07.027.0,14.499999,16.62407,-1.8220022,0.0630137,426.0,9.752781,1.0
2021.012.03.0,1329.9998,1262.1267,0.52641654,0.2849315,0.0,9.773322,0.0
2021.05.03.0,600.00006,517.57086,-0.47207928,0.63013697,0.0,9.731512,1.0
2021.03.017.0,19.0,24.754747,-1.8558531,0.25205478,0.0,9.687444,0.0
2021.012.03.0,198.00003,236.59473,-0.91324306,0.2849315,0.0,9.773322,1.0
2021.09.030.0,680.0,680.9839,0.14343786,0.13424657,0.0,9.728479,0.0
2021.012.024.0,153.99998,205.77399,-0.3596409,0.07397261,886.0,9.795568,1.0
2021.010.022.0,62.999992,76.3716,-1.5450305,0.64931506,0.0,9.715651,0.0
2021.010.022.0,1100.0001,999.96625,0.23926377,0.4,0.0,9.721366,0.0
2021.012.024.0,1450.0,1238.414,0.43384838,0.47671232,0.0,9.783013,0.0
2021.09.07.0,444.00006,408.14536,-0.6305462,0.52328765,3.0,9.754756,1.0
2021.06.015.0,390.0001,385.6765,-0.5968497,0.51232874,1.0,9.714867,0.0
2021.07.06.0,230.00002,228.81924,-0.8312396,0.44657534,12.999985,9.76319,0.0
2021.02.023.0,52.999996,44.955284,-1.3995177,0.1589041,8.0,9.700147,0.0
2021.05.024.0,4.7000003,2.1727722,-2.284641,0.071232885,22.0,9.696279,0.0
2021.010.022.0,2.3,2.4899483,-2.4314864,0.07397261,0.0,9.729908,0.0
2021.012.024.0,740.0001,597.7521,0.48359752,0.15068494,0.0,9.793784,0.0
2021.01.022.0,212.00003,182.8359,-0.9677848,0.4,52.0,9.670672,1.0
2021.09.07.0,82.999985,151.04218,-0.86911356,0.12054794,482.0,9.76612,0.0
2021.012.03.0,2.5999997,3.5751302,-2.3344388,0.035616443,11.0,9.781602,1.0
2021.07.027.0,1609.9998,1670.9128,1.0411413,0.13972603,0.0,9.748178,0.0
2021.07.027.0,14.499999,12.5917635,-2.2637072,0.13972603,3.0,9.748178,1.0
2021.02.023.0,44.499992,48.23688,-1.6826876,0.31232876,1.0,9.692149,1.0
2021.04.09.0,480.00003,610.92737,1.1840913,0.035616443,0.0,9.736842,0.0
2021.09.07.0,24.0,46.94766,-1.0231481,0.024657533,3902.0,9.769728,0.0
2021.05.024.0,341.0,374.3474,-0.79388684,0.569863,0.0,9.654449,1.0
2021.010.022.0,220.00003,221.9306,-0.57834685,0.15068494,250.0,9.72836,1.0
2021.07.06.0,3.9000006,3.3172402,-2.385621,0.04383561,0.0,9.792444,1.0
2021.03.017.0,95.0,185.68506,-0.662134,0.09863014,1200.0,9.695232,0.0
2021.010.022.0,550.00006,439.5385,0.7120166,0.07397261,0.0,9.729908,1.0
2021.011.012.0,139.00002,168.87085,-1.0593178,0.34246576,11.0,9.758808,1.0
2021.01.022.0,125.00001,98.112976,-1.0220644,0.15068494,234.0,9.683339,1.0
2021.011.012.0,0.6,1.409791,-2.3879976,0.01643835,373.0,9.76824,0.0
2021.09.07.0,80.0,81.85206,-1.4713678,0.2739726,43.0,9.761579,1.0
2021.08.017.0,3.0,2.329346,-2.4022293,0.08219178,0.0,9.720646,0.0
2021.01.022.0,470.00006,577.655,0.3431555,0.07397261,0.0,9.6883745,0.0
2021.02.023.0,342.0,287.23035,-0.36526597,0.1589041,125.0,9.700147,0.0
2021.011.012.0,0.099999994,0.11284331,-3.2433326,0.01643835,0.0,9.76824,0.0
2021.011.012.0,0.19999999,0.27280828,-3.0739024,0.01643835,0.0,9.76824,1.0
2021.010.022.0,12.0,15.567173,-1.89739,0.15068494,106.0,9.72836,0.0
2021.012.024.0,3.4999995,7.630913,-2.3346088,0.07397261,487.0,9.795568,1.0
2021.07.027.0,104.999985,103.05546,-1.116372,0.13972603,4.0,9.748178,1.0
2021.07.06.0,30.000002,25.676046,-1.6904167,0.19726028,0.0,9.773948,0.0
2021.07.06.0,75.00001,83.681595,-1.3473601,0.19726028,33.0,9.773948,1.0
2021.05.03.0,5.4,5.6789618,-2.536136,0.13150683,0.0,9.77087,1.0
2021.07.06.0,1539.9999,1543.7864,1.1821179,0.12054794,0.0,9.77985,0.0
2021.010.022.0,150.00002,112.37171,-0.4887499,0.07397261,3042.0,9.729908,1.0
2021.05.03.0,279.0,435.56558,0.015723705,0.13150683,0.0,9.77087,0.0
2021.012.03.0,0.19999999,0.44482183,-3.2109244,0.035616443,67.0,9.781602,1.0
2021.02.023.0,580.0,576.4787,-0.4342488,0.56164384,3.0,9.666055,0.0
2021.07.06.0,28.000002,33.13839,-1.7023287,0.12054794,0.0,9.77985,1.0
2021.07.06.0,65.000015,73.53805,-1.4113219,0.19726028,14.0,9.773948,1.0
2021.05.024.0,2.2,1.5485752,-2.5142703,0.071232885,0.0,9.696279,0.0
2021.012.024.0,46.5,98.21338,-1.1251322,0.07397261,1731.0,9.795568,1.0
2021.09.07.0,50.000004,52.079315,-1.4576125,0.12054794,85.0,9.76612,1.0
2021.06.015.0,1860.0,1894.9648,0.9051746,0.2630137,0.0,9.725855,0.0
2021.012.03.0,221.00003,268.11932,-0.84204644,0.2849315,0.0,9.773322,1.0
2021.09.07.0,42.000004,80.24191,-1.1989344,0.12054794,277.0,9.76612,0.0
2021.09.030.0,128.0,123.49707,-1.0501088,0.2109589,7.0,9.72669,0.0
2021.07.06.0,157.0,181.95193,-0.8535124,0.19726028,1.0,9.773948,1.0
2021.05.03.0,1080.0001,1388.7904,1.0047607,0.13150683,0.0,9.77087,0.0
2021.05.03.0,1460.0004,1812.6849,0.7693021,0.3808219,0.0,9.74367,0.0
2021.010.022.0,6.5000024,5.176855,-2.2799284,0.15068494,3.0,9.72836,0.0
2021.08.017.0,615.0,822.3317,-0.22846359,0.58082193,16.0,9.709964,0.0
2021.05.024.0,355.00006,370.751,-0.66486484,0.32054794,2.0,9.667766,1.0
2021.05.03.0,86.99999,210.92978,-0.21008468,0.05479452,4497.0,9.774005,0.0
2021.05.024.0,6.999999,5.867628,-2.3315866,0.071232885,22.0,9.696279,1.0
2021.05.024.0,334.0,240.51888,-0.519162,0.16712329,4.0,9.689117,0.0
2021.05.024.0,710.0001,546.9407,-0.100522935,0.32054794,9.0,9.667766,0.0
2021.08.017.0,26.499998,30.1917,-1.9391882,0.58082193,0.0,9.709964,0.0
2021.04.09.0,1080.0001,1166.1982,1.1866686,0.11232877,0.0,9.734181,0.0
2021.010.022.0,50.000004,39.339012,-1.1611627,0.07397261,969.0,9.729908,1.0
2021.09.030.0,93.0,109.6333,-1.0706884,0.13424657,27.0,9.728479,0.0
2021.09.030.0,1520.0,1557.1414,0.6439246,0.2109589,0.0,9.72669,0.0
2021.05.024.0,32.5,30.646378,-1.5598288,0.071232885,297.0,9.696279,1.0
2021.011.012.0,510.00003,580.26776,0.30752075,0.093150675,0.0,9.7668085,0.0
2021.09.07.0,580.0,562.56335,-0.40486014,0.52328765,0.0,9.754756,1.0
2021.03.017.0,160.0,192.06621,-0.8637307,0.25205478,3.0,9.687444,0.0
2021.07.06.0,38.0,46.624676,-1.50184,0.12054794,6.0,9.77985,1.0
2021.010.022.0,246.0,253.18358,-0.74002844,0.4,15.0,9.721366,0.0
2021.03.017.0,393.00006,342.75784,-0.2846774,0.17534247,5.0,9.691593,1.0
2021.02.023.0,91.0,77.76905,-1.1437516,0.1589041,32.0,9.700147,0.0
2021.09.07.0,0.19999999,0.37511912,-3.1301217,0.024657533,180.0,9.769728,1.0
2021.03.017.0,208.00003,286.93686,-0.5903084,0.25205478,0.0,9.687444,0.0
2021.012.03.0,810.0001,736.2145,0.4620725,0.13150683,0.0,9.778435,0.0
2021.05.03.0,20.0,34.68276,-1.4496317,0.13150683,40.0,9.77087,0.0
2021.012.024.0,36.0,29.028996,-1.1378237,0.07397261,1505.0,9.795568,0.0
2021.09.030.0,484.99994,437.22925,-0.46479797,0.46027398,0.0,9.715953,1.0
2021.010.022.0,205.0,213.9715,-0.844249,0.4,30.0,9.721366,0.0
2021.02.023.0,3.7000012,1.8631105,-2.4879751,0.0630137,1759.0,9.704122,1.0
2021.09.030.0,9.400001,8.366546,-2.1064403,0.2109589,0.0,9.72669,0.0
2021.07.06.0,2640.0005,2742.5833,1.5124547,0.19726028,0.0,9.773948,0.0
2021.05.024.0,55.999992,49.10929,-1.6879927,0.569863,0.0,9.654449,0.0
2021.05.024.0,74.00001,75.63893,-1.5472735,0.32054794,4.0,9.667766,1.0
2021.012.03.0,19.499998,39.27858,-1.4126579,0.035616443,876.0,9.781602,1.0
2021.012.024.0,26.499998,48.822544,-1.6045219,0.15068494,4.0,9.793784,1.0
2021.08.017.0,100.00001,138.435,-1.2573692,0.58082193,0.0,9.709964,0.0
2021.08.017.0,17.0,39.51807,-1.4520537,0.08219178,1068.0,9.720646,0.0
2021.09.07.0,565.00006,686.32684,1.2973058,0.024657533,0.0,9.769728,0.0
2021.06.015.0,1270.0002,1223.0468,0.66766906,0.18630137,0.0,9.736488,0.0
2021.05.03.0,14.499999,12.69497,-1.8450904,0.13150683,77.0,9.77087,0.0
2021.09.030.0,199.00003,221.80333,-0.652815,0.13424657,30.0,9.728479,0.0
2021.04.09.0,120.00001,156.97163,-0.84784454,0.1890411,11.0,9.730621,0.0
2021.08.017.0,54.000004,30.67891,-1.4603411,0.08219178,100.0,9.720646,1.0
2021.01.022.0,13.500001,13.606324,-2.1024215,0.15068494,115.0,9.683339,1.0
2021.011.012.0,0.19999999,0.6338714,-2.7084491,0.01643835,5.0,9.76824,0.0
2021.02.023.0,41.0,33.386944,-1.5980513,0.1589041,1.0,9.700147,1.0
2021.01.022.0,6.7999997,8.639226,-2.0430665,0.07397261,276.0,9.6883745,1.0
2021.09.07.0,24.0,26.040714,-1.7946812,0.2739726,0.0,9.761579,0.0
2021.011.012.0,0.19999999,0.17139444,-3.2553785,0.093150675,221.0,9.7668085,0.0
2021.012.03.0,92.0,107.98914,-1.2350312,0.20821919,0.0,9.776676,1.0
2021.08.017.0,195.00005,331.7507,-0.16828251,0.08219178,959.0,9.720646,0.0
2021.011.012.0,690.00006,637.89624,-0.2736224,0.5917808,20.0,9.752257,0.0
2021.09.030.0,0.5,0.3380489,-2.951573,0.057534248,0.0,9.730502,0.0
2021.05.024.0,150.00002,162.8964,-1.1426705,0.32054794,4.0,9.667766,1.0
2021.06.015.0,2769.9995,2782.9368,1.3914492,0.2630137,0.0,9.725855,0.0
2021.011.012.0,35.499996,51.554886,-1.3340847,0.093150675,477.0,9.7668085,0.0
2021.012.03.0,0.19999999,0.4751871,-3.1298637,0.035616443,0.0,9.781602,1.0
2021.07.06.0,15.000001,20.800884,-1.7368197,0.04383561,1598.0,9.792444,1.0
2021.03.017.0,6.7,14.598707,-1.8418946,0.09863014,75.0,9.695232,0.0
2021.05.03.0,19.499998,14.471278,-1.9090105,0.05479452,428.0,9.774005,1.0
2021.09.030.0,405.00006,386.11407,-0.5971426,0.46027398,5.0,9.715953,1.0
2021.07.027.0,3.4999995,2.5408354,-2.3741295,0.0630137,6.0,9.752781,0.0
2021.010.022.0,12.0,14.070286,-2.1934578,0.4,0.0,9.721366,0.0
2021.04.09.0,1150.0001,1332.9368,0.39966726,0.035616443,0.0,9.736842,0.0
2021.09.030.0,71.000015,47.372627,-0.9474137,0.057534248,3388.0,9.730502,1.0
2021.03.017.0,102.0,104.339874,-1.1640803,0.25205478,6.0,9.687444,1.0
2021.02.023.0,457.0,385.564,-0.39605117,0.31232876,5.0,9.692149,1.0
2021.011.012.0,0.099999994,0.119088404,-3.2310474,0.01643835,0.0,9.76824,0.0
2021.012.024.0,30.000002,31.320236,-1.7412331,0.47671232,0.0,9.783013,0.0
2021.02.023.0,81.00001,82.20981,-1.4057487,0.31232876,59.0,9.692149,1.0
2021.06.015.0,2090.0,2031.4589,1.6535966,0.10958904,0.0,9.747067,0.0
2021.07.06.0,835.0,775.0872,-0.15603733,0.6958904,5.0,9.753769,0.0
2021.07.027.0,248.99995,252.27649,-0.5521303,0.13972603,8.0,9.748178,1.0
2021.09.030.0,282.00003,288.9752,-0.76623565,0.46027398,0.0,9.715953,0.0
2021.011.012.0,7.5999975,11.950258,-2.0089781,0.093150675,1.0,9.7668085,1.0
2021.05.03.0,425.0,381.20453,-0.6879862,0.63013697,7.0,9.731512,1.0
2021.012.03.0,590.00006,678.8269,0.06016612,0.20821919,0.0,9.776676,1.0
2021.06.015.0,160.0,132.85742,-0.66864365,0.10958904,722.0,9.747067,0.0
2021.011.012.0,168.99997,178.26324,-0.75833565,0.1890411,3.0,9.763651,1.0
2021.01.022.0,188.00003,239.79353,-0.2855656,0.07397261,4918.0,9.6883745,0.0
2021.011.012.0,25.999998,36.629402,-1.4671253,0.093150675,275.0,9.7668085,1.0
2021.03.017.0,118.000015,101.05067,-1.0084013,0.17534247,0.0,9.691593,1.0
2021.05.03.0,148.00002,152.89287,-1.1155094,0.3808219,1.0,9.74367,1.0
2021.05.03.0,257.99997,175.94942,-0.67783874,0.13150683,44.0,9.77087,1.0
2021.01.022.0,60.99999,43.983818,-0.8731526,0.07397261,5428.0,9.6883745,0.0
2021.07.06.0,472.00006,502.34656,-0.42479253,0.44657534,0.0,9.76319,1.0
2021.03.017.0,83.999985,118.23877,-1.1359856,0.25205478,1.0,9.687444,0.0
2021.012.024.0,256.0,359.36578,-0.55606604,0.22739726,19.0,9.790207,1.0
2021.09.030.0,337.99994,317.90714,-0.7278234,0.46027398,0.0,9.715953,1.0
2021.07.06.0,5.3000007,4.2484894,-2.3183057,0.04383561,1.0,9.792444,1.0
2021.09.030.0,132.00002,121.45361,-1.0910052,0.2109589,0.0,9.72669,1.0
2021.011.012.0,185.00003,198.37218,-0.6936958,0.1890411,10.0,9.763651,0.0
2021.03.017.0,92.0,146.3787,-0.94297624,0.17534247,8.0,9.691593,0.0
2021.05.03.0,81.00001,48.856045,-1.2627053,0.05479452,2902.0,9.774005,1.0
2021.03.017.0,48.0,51.531487,-1.4230033,0.17534247,6.0,9.691593,1.0
2021.011.012.0,250.00003,272.02866,-0.913999,0.5917808,0.0,9.752257,1.0
2021.03.017.0,196.00003,277.19626,-0.5161811,0.17534247,4.0,9.691593,0.0
2021.03.017.0,545.0001,501.88135,0.014241874,0.17534247,0.0,9.691593,1.0
2021.02.023.0,615.0,532.87146,0.42659783,0.0630137,0.0,9.704122,0.0
2021.07.027.0,432.00003,413.93567,-0.6491325,0.63835615,0.0,9.733647,1.0
2021.03.017.0,14.000001,16.36892,-2.1867325,0.25205478,20.0,9.687444,1.0
2021.08.017.0,261.0,134.37627,-0.4665283,0.08219178,891.0,9.720646,1.0
2021.012.024.0,2.4,1.6650467,-2.4256535,0.07397261,0.0,9.795568,0.0
2021.09.07.0,0.19999999,0.16137727,-3.2062027,0.024657533,0.0,9.769728,0.0
2021.05.024.0,465.0,570.8546,0.13298285,0.071232885,0.0,9.696279,1.0
2021.08.017.0,36.5,42.719757,-1.773334,0.58082193,0.0,9.709964,0.0
2021.07.06.0,10.0,10.430445,-1.9437585,0.04383561,466.0,9.792444,1.0
2021.03.017.0,335.99994,311.53726,-0.34505844,0.17534247,0.0,9.691593,1.0
2021.011.012.0,4.8,6.4773,-1.5385267,0.01643835,5512.0,9.76824,1.0
2021.09.030.0,475.9999,482.63757,-0.4769912,0.46027398,0.0,9.715953,0.0
2021.03.017.0,14.000001,11.780565,-1.9226311,0.09863014,114.0,9.695232,1.0
2021.05.03.0,191.00003,382.4641,0.27093136,0.05479452,0.0,9.774005,0.0
2021.09.030.0,1870.0001,1884.5095,0.83411205,0.2109589,0.0,9.72669,0.0
2021.07.027.0,160.0,175.21014,-0.98523664,0.3890411,0.0,9.741792,0.0
2021.09.07.0,520.0001,570.6815,-0.34656763,0.52328765,0.0,9.754756,0.0
2021.011.012.0,605.0001,551.3905,-0.37159735,0.5917808,8.0,9.752257,0.0
2021.01.022.0,162.99997,170.729,-1.032167,0.4,3.0,9.670672,0.0
2021.07.06.0,21.000008,37.800507,-1.5482668,0.04383561,1796.0,9.792444,1.0
2021.03.017.0,121.000015,223.71954,-0.53988343,0.09863014,501.0,9.695232,0.0
2021.02.023.0,1009.99994,1043.8496,-0.011030495,0.56164384,1.0,9.666055,0.0
2021.012.03.0,0.099999994,0.20561212,-3.4139493,0.035616443,105.0,9.781602,0.0
2021.03.017.0,310.0,233.11066,-0.14912498,0.09863014,484.0,9.695232,1.0
2021.07.06.0,1629.9998,1509.5267,0.54533195,0.44657534,0.0,9.76319,0.0
2021.05.03.0,18.499998,24.27034,-1.5999501,0.13150683,21.0,9.77087,0.0
2021.05.03.0,431.00006,584.21124,-0.2026717,0.3808219,4.0,9.74367,0.0
2021.07.027.0,412.99997,410.99847,-0.5355764,0.3890411,0.0,9.741792,1.0
2021.09.07.0,127.00002,208.88791,-0.0093147755,0.024657533,3973.0,9.769728,0.0
2021.09.030.0,15.499999,12.324128,-1.6938667,0.057534248,129.0,9.730502,1.0
2021.03.017.0,730.0002,831.0402,0.1962372,0.25205478,0.0,9.687444,0.0
2021.05.03.0,148.00002,212.80716,-0.8725831,0.3808219,0.0,9.74367,0.0
2021.012.024.0,18.0,13.724939,-1.4759043,0.07397261,945.0,9.795568,0.0
2021.010.022.0,218.00005,200.01442,-0.55656695,0.15068494,10.0,9.72836,0.0
2021.012.024.0,148.00002,126.56505,-1.0378116,0.47671232,2.0,9.783013,0.0
2021.09.030.0,69.99999,63.465652,-1.4600393,0.2109589,0.0,9.72669,1.0
2021.09.030.0,2.8000002,1.8978344,-2.5024118,0.057534248,45.0,9.730502,0.0
2021.04.09.0,102.99999,123.10239,-1.2414806,0.43835616,0.0,9.70186,0.0
2021.011.012.0,500.00006,529.6633,-0.4594844,0.5917808,1.0,9.752257,1.0
2021.09.030.0,62.999992,73.27542,-1.2563215,0.13424657,23.0,9.728479,0.0
2021.08.017.0,1060.0002,1376.1475,0.40197527,0.33150685,0.0,9.71396,0.0
2021.03.017.0,41.5,50.823326,-1.5524019,0.17534247,23.0,9.691593,1.0
2021.03.017.0,270.00003,335.76083,-0.45000476,0.25205478,0.0,9.687444,0.0
2021.04.09.0,48.0,40.301464,-1.4907279,0.1890411,62.0,9.730621,1.0
2021.011.012.0,365.0001,354.06555,-0.6510321,0.5917808,12.0,9.752257,0.0
2021.01.022.0,775.0,798.1768,-0.16932094,0.64931506,1.0,9.644652,0.0
2021.09.07.0,9.399999,20.322445,-1.5009142,0.024657533,5920.0,9.769728,0.0
2021.09.030.0,9.099999,8.269717,-1.8478887,0.057534248,88.0,9.730502,1.0
2021.012.03.0,98.000015,109.32488,-1.322122,0.2849315,0.0,9.773322,1.0
2021.011.012.0,304.99997,325.80023,-0.7971512,0.5917808,3.0,9.752257,1.0
2021.011.012.0,2139.9998,2306.3667,1.8458841,0.093150675,0.0,9.7668085,0.0
2021.09.07.0,0.9,0.5817169,-2.8265707,0.024657533,4.0,9.769728,1.0
2021.07.027.0,48.500004,46.887646,-1.3258922,0.0630137,155.0,9.752781,1.0
2021.07.06.0,487.99994,457.65967,0.17235446,0.12054794,0.0,9.77985,0.0
2021.010.022.0,277.00006,358.80673,-0.11565459,0.07397261,1797.0,9.729908,0.0
2021.09.07.0,50.000004,55.27301,-1.6490589,0.52328765,0.0,9.754756,0.0
2021.06.015.0,750.0001,758.1667,-0.07085401,0.51232874,1.0,9.714867,1.0
2021.012.03.0,730.0002,665.58203,0.3807236,0.13150683,0.0,9.778435,0.0
2021.09.030.0,7.5000005,6.845101,-2.0678384,0.057534248,878.0,9.730502,0.0
2021.011.012.0,205.0,226.9746,-0.80759764,0.34246576,14.0,9.758808,0.0
2021.07.06.0,620.0,599.503,0.35849786,0.12054794,0.0,9.77985,0.0
2021.06.015.0,2590.0,2602.0198,1.316318,0.2630137,0.0,9.725855,0.0
2021.09.030.0,43.000004,44.670235,-1.7113701,0.46027398,0.0,9.715953,0.0
2021.09.030.0,61.999996,58.50308,-1.357927,0.13424657,9.0,9.728479,1.0
2021.08.017.0,829.9999,1148.5276,0.826772,0.08219178,0.0,9.720646,0.0
2021.09.030.0,203.00005,307.98865,-0.37961435,0.057534248,2878.0,9.730502,0.0
2021.010.022.0,21.000008,19.978054,-1.8915303,0.15068494,76.0,9.72836,1.0
2021.011.012.0,259.0,321.8334,-0.2034806,0.093150675,552.0,9.7668085,0.0
2021.011.012.0,15.000001,24.138702,-1.69288,0.093150675,101.0,9.7668085,1.0
2021.05.03.0,6.3,7.812249,-2.350303,0.13150683,1.0,9.77087,1.0
2021.02.023.0,10.500001,7.9417624,-1.9151726,0.0630137,209.0,9.704122,1.0
2021.09.07.0,241.00002,204.1773,-0.47789806,0.12054794,130.99998,9.76612,1.0
2021.07.027.0,33.5,30.022955,-1.5213724,0.0630137,14.0,9.752781,1.0
2021.08.017.0,504.99997,392.70465,-0.37786174,0.33150685,2.0,9.71396,1.0
2021.011.012.0,1629.9998,1556.436,0.4197725,0.5917808,0.0,9.752257,0.0
2021.09.030.0,795.0002,698.40894,0.29216838,0.2109589,0.0,9.72669,1.0
2021.01.022.0,69.0,62.544994,-1.5577892,0.4,1.0,9.670672,1.0
2021.011.012.0,57.999996,72.49837,-1.5660181,0.34246576,12.0,9.758808,1.0
2021.05.024.0,24.0,17.828756,-1.801388,0.16712329,20.0,9.689117,0.0
2021.06.015.0,5.1,6.235857,-2.1858406,0.10958904,1.0,9.747067,0.0
2021.09.030.0,260.00006,228.24931,-0.7027961,0.2109589,2.0,9.72669,1.0
2021.012.024.0,349.00003,247.56743,-0.08126795,0.15068494,7.0,9.793784,0.0
2021.05.03.0,12.500001,9.109692,-2.0676188,0.05479452,318.0,9.774005,1.0
2021.09.030.0,745.0,755.4237,0.22267044,0.13424657,0.0,9.728479,0.0
2021.012.024.0,650.0001,471.66595,0.7812395,0.07397261,0.0,9.795568,0.0
2021.06.015.0,19.0,31.91398,-1.5810541,0.10958904,361.0,9.747067,1.0
2021.02.023.0,6.1000004,3.967253,-2.2202575,0.0630137,64.0,9.704122,1.0
2021.07.027.0,19.499998,22.19292,-1.4316014,0.0630137,1694.0,9.752781,0.0
2021.011.012.0,28.5,28.656404,-1.6600307,0.1890411,3.0,9.763651,0.0
2021.06.015.0,950.0,892.1059,0.39285326,0.18630137,0.0,9.736488,0.0
2021.06.015.0,570.0,498.5321,0.21079075,0.10958904,0.0,9.747067,0.0
2021.011.012.0,25.999998,38.628597,-1.4692826,0.093150675,329.0,9.7668085,0.0
2021.02.023.0,765.00006,742.17834,0.23939359,0.1589041,0.0,9.700147,0.0
2021.011.012.0,950.0,982.9678,1.7543848,0.01643835,0.0,9.76824,0.0
2021.05.024.0,740.0001,485.6317,0.39613426,0.071232885,0.0,9.696279,0.0
2021.012.03.0,55.000008,63.017086,-1.60551,0.2849315,2.0,9.773322,1.0
2021.02.023.0,900.0001,896.98047,0.10160649,0.31232876,0.0,9.692149,0.0
2021.010.022.0,218.00005,230.9785,-0.9458913,0.64931506,0.0,9.715651,0.0
2021.08.017.0,42.000004,25.276855,-1.6686199,0.08219178,142.0,9.720646,1.0
2021.05.03.0,48.0,39.748825,-1.6004602,0.13150683,271.0,9.77087,1.0
2021.012.024.0,95.0,129.31833,-1.3924999,0.47671232,6.0,9.783013,1.0
2021.012.024.0,795.0002,686.5874,-0.034755826,0.47671232,0.0,9.783013,0.0
2021.010.022.0,196.99997,213.02066,-1.0038913,0.4,0.0,9.721366,1.0
2021.010.022.0,42.000004,52.668316,-1.735929,0.64931506,60.000015,9.715651,0.0
2021.03.017.0,90.00001,68.035675,-0.9753642,0.09863014,902.0,9.695232,1.0
2021.07.06.0,14.000001,17.404898,-1.7724578,0.04383561,385.0,9.792444,1.0
2021.09.07.0,935.00006,899.4698,-0.014877915,0.52328765,0.0,9.754756,1.0
2021.012.03.0,1910.0004,1913.4342,2.7748678,0.035616443,0.0,9.781602,0.0
2021.07.06.0,2.5,2.0493674,-2.287139,0.04383561,0.0,9.792444,0.0
2021.01.022.0,50.000004,42.800564,-1.49637,0.15068494,32.0,9.683339,1.0
2021.09.07.0,890.0001,975.05695,0.41488647,0.19726028,0.0,9.763938,0.0
2021.05.03.0,270.00003,228.47853,-0.8465848,0.3808219,0.0,9.74367,1.0
2021.011.012.0,1360.0,1472.9943,1.2943745,0.093150675,0.0,9.7668085,0.0
2021.09.030.0,334.0,341.48587,-0.3578766,0.13424657,77.0,9.728479,0.0
2021.05.03.0,2250.0002,2691.5242,1.8151834,0.13150683,0.0,9.77087,0.0
2021.09.07.0,1020.00006,1203.2374,0.81317663,0.12054794,0.0,9.76612,0.0
2021.02.023.0,162.99997,163.04956,-1.162602,0.56164384,0.0,9.666055,0.0
2021.07.06.0,1990.0002,1833.8197,2.0778341,0.04383561,0.0,9.792444,0.0
2021.09.07.0,48.0,48.966908,-1.7224215,0.2739726,9.0,9.761579,1.0
2021.08.017.0,4.4,3.4034028,-2.245155,0.08219178,5.0,9.720646,0.0
2021.07.027.0,22.000002,20.057343,-1.73405,0.0630137,826.0,9.752781,1.0
2021.011.012.0,85.0,89.07847,-1.2040418,0.1890411,6.0,9.763651,1.0
2021.012.03.0,2510.0005,2555.0525,2.7785127,0.035616443,0.0,9.781602,0.0
2021.07.027.0,11.5,12.525257,-2.195136,0.13972603,87.0,9.748178,1.0
2021.08.017.0,377.99997,192.43721,-0.1725347,0.08219178,1143.0,9.720646,1.0
2021.02.023.0,136.0,105.19187,-1.0122764,0.1589041,4.0,9.700147,1.0
2021.07.027.0,44.499992,46.85679,-1.595242,0.3890411,0.0,9.741792,0.0
2021.07.027.0,1060.0002,1061.5034,1.0091896,0.0630137,0.0,9.752781,0.0
2021.09.07.0,935.00006,1114.4945,0.74044895,0.12054794,0.0,9.76612,0.0
2021.010.022.0,349.00003,323.64752,-0.30711067,0.15068494,22.0,9.72836,1.0
2021.09.030.0,254.00005,369.29803,-0.23444521,0.057534248,3574.0,9.730502,0.0
2021.02.023.0,680.0,750.8446,-0.26635194,0.56164384,0.0,9.666055,0.0
2021.01.022.0,12.0,11.248901,-1.921282,0.07397261,573.0,9.6883745,1.0
2021.09.030.0,0.3,0.2581316,-3.0251446,0.057534248,1.0,9.730502,0.0
2021.011.012.0,358.99994,407.1179,0.86711013,0.01643835,0.0,9.76824,0.0
2021.02.023.0,4.8,2.415949,-2.3884802,0.0630137,22.0,9.704122,1.0
2021.011.012.0,16.500002,25.81224,-1.6559881,0.093150675,82.0,9.7668085,1.0
2021.06.015.0,13.500001,13.590137,-1.8424631,0.10958904,82.0,9.747067,0.0
2021.011.012.0,2.5999997,2.9310453,-1.9628048,0.01643835,1666.0,9.76824,1.0
2021.09.07.0,23.0,22.53193,-1.3473401,0.024657533,1606.0,9.769728,1.0
2021.02.023.0,125.00001,122.10957,-1.2941769,0.56164384,0.0,9.666055,0.0
2021.012.03.0,0.099999994,0.19633722,-3.4022167,0.035616443,0.0,9.781602,0.0
2021.09.07.0,745.0,862.44415,1.4908586,0.024657533,0.0,9.769728,0.0
2021.05.024.0,565.00006,648.56976,-0.26587975,0.32054794,0.0,9.667766,1.0
2021.05.03.0,1160.0,1418.9323,0.28136468,0.63013697,0.0,9.731512,0.0
2021.07.06.0,267.00003,283.59082,-0.51346785,0.19726028,1.0,9.773948,1.0
2021.011.012.0,0.19999999,0.34991983,-2.9414961,0.01643835,31.0,9.76824,0.0
2021.05.03.0,213.00005,151.91913,-0.82001716,0.13150683,659.0,9.77087,1.0
2021.012.03.0,0.39999998,0.62133056,-3.0770278,0.035616443,2.0,9.781602,1.0
2021.04.09.0,21.500002,19.385248,-1.9231135,0.1890411,35.0,9.730621,1.0
2021.06.015.0,60.99999,82.14605,-1.3623741,0.2630137,0.0,9.725855,1.0
2021.05.024.0,333.00006,277.32437,-0.53206235,0.16712329,217.0,9.689117,1.0
2021.08.017.0,75.00001,153.22722,-0.695035,0.08219178,1308.0,9.720646,0.0
2021.08.017.0,14.000001,9.541858,-2.2232418,0.33150685,0.0,9.71396,0.0
2021.04.09.0,1060.0002,1217.9602,0.27521002,0.43835616,0.0,9.70186,0.0
2021.08.017.0,57.999996,88.14107,-1.0705512,0.1780822,22.0,9.71776,0.0
2021.05.024.0,1060.0002,762.57996,0.69688857,0.071232885,0.0,9.696279,0.0
2021.03.017.0,182.99997,318.4134,-0.29817784,0.09863014,966.0,9.695232,0.0
2021.08.017.0,50.000004,76.56704,-1.2200618,0.1780822,61.0,9.71776,0.0
2021.07.027.0,504.99997,528.5273,-0.3149395,0.3890411,0.0,9.741792,0.0
2021.02.023.0,3.3999999,4.0157266,-2.186531,0.0630137,27.0,9.704122,0.0
2021.010.022.0,15.499999,14.31351,-1.6930163,0.07397261,1438.0,9.729908,0.0
2021.05.03.0,30.000002,47.55162,-1.2873175,0.13150683,30.0,9.77087,0.0
2021.09.030.0,5.7,3.6160932,-2.3695102,0.2109589,0.0,9.72669,0.0
2021.03.017.0,34.0,40.581688,-1.7382503,0.25205478,84.0,9.687444,1.0
2021.05.024.0,162.99997,152.5487,-1.0796103,0.32054794,2.0,9.667766,0.0
2021.09.07.0,41.5,48.98622,-1.7041279,0.52328765,0.0,9.754756,0.0
2021.011.012.0,2.0999997,2.3122435,-2.0746565,0.01643835,2058.0,9.76824,1.0
2021.07.06.0,245.00005,262.54678,-0.87536514,0.44657534,8.0,9.76319,1.0
2021.02.023.0,66.00001,46.199543,-1.1072401,0.0630137,1663.0,9.704122,0.0
2021.012.03.0,358.0001,432.299,-0.5044648,0.2849315,0.0,9.773322,1.0
2021.01.022.0,6.5000024,6.5030327,-2.1627746,0.07397261,31.0,9.6883745,1.0
2021.012.024.0,4.4,3.2669418,-2.4814212,0.22739726,15.0,9.790207,0.0
2021.08.017.0,120.00001,164.33253,-1.1724944,0.58082193,4.0,9.709964,0.0
2021.012.024.0,32.0,43.914127,-1.8000695,0.22739726,0.0,9.790207,1.0
2021.011.012.0,139.00002,153.6748,-1.2293326,0.5917808,23.0,9.752257,1.0
2021.05.024.0,57.0,52.01625,-1.5405585,0.32054794,0.0,9.667766,0.0
2021.06.015.0,1579.9999,1575.0375,0.443833,0.51232874,0.0,9.714867,0.0
2021.09.030.0,550.00006,551.34,-0.16553491,0.2109589,5.0,9.72669,0.0
2021.010.022.0,8.0,6.4193754,-2.1043925,0.07397261,129.0,9.729908,0.0
2021.06.015.0,96.0,114.18252,-1.1768779,0.2630137,0.0,9.725855,1.0
2021.05.024.0,11.000001,7.1374044,-2.2837982,0.16712329,0.0,9.689117,0.0
2021.06.015.0,10.0,17.688206,-1.8993325,0.10958904,68.0,9.747067,1.0
2021.07.027.0,1420.0002,1469.5334,1.2869482,0.0630137,0.0,9.752781,0.0
2021.04.09.0,1620.0002,1748.8595,0.66774225,0.43835616,0.0,9.70186,0.0
2021.02.023.0,1659.9998,1660.6632,1.5323508,0.0630137,0.0,9.704122,0.0
2021.02.023.0,132.00002,111.48256,-0.964329,0.1589041,57.0,9.700147,1.0
2021.03.017.0,885.0001,994.1953,0.036908507,0.50136983,0.0,9.660141,0.0
2021.09.030.0,6.3,5.8419127,-1.9946634,0.057534248,91.0,9.730502,1.0
2021.010.022.0,236.00003,200.49557,-0.1423356,0.07397261,967.0,9.729908,1.0
2021.02.023.0,4.1,2.2684197,-2.4372842,0.0630137,83.0,9.704122,1.0
2021.03.017.0,475.0,441.3962,-0.5012515,0.50136983,0.0,9.660141,1.0
2021.05.024.0,23.0,20.428083,-1.7115426,0.16712329,5.0,9.689117,0.0
2021.01.022.0,456.0,529.3821,0.037094116,0.15068494,0.0,9.683339,0.0
2021.09.030.0,850.0,769.63544,0.0086500645,0.46027398,0.0,9.715953,1.0
2021.012.024.0,1740.0,1489.2216,0.5975666,0.47671232,0.0,9.783013,0.0
2021.011.012.0,0.099999994,0.14963031,-3.18971,0.01643835,0.0,9.76824,0.0
2021.02.023.0,1119.9999,1198.8568,0.07135522,0.56164384,0.0,9.666055,0.0
2021.05.024.0,455.0,378.99298,-0.4368956,0.32054794,14.0,9.667766,0.0
2021.012.024.0,398.99994,507.08432,-0.5507961,0.47671232,0.0,9.783013,1.0
2021.09.030.0,4.5,4.320035,-2.2859263,0.13424657,0.0,9.728479,0.0
2021.08.017.0,73.000015,37.749046,-1.3553294,0.08219178,730.0,9.720646,1.0
2021.05.03.0,60.000004,82.80351,-1.3726319,0.3808219,0.0,9.74367,0.0
2021.09.030.0,775.0,698.77167,-0.07538962,0.46027398,11.0,9.715953,1.0
2021.03.017.0,594.9999,688.3707,-0.2408964,0.50136983,0.0,9.660141,0.0
2021.011.012.0,0.099999994,0.12612489,-3.2180407,0.01643835,0.0,9.76824,0.0
2021.011.012.0,0.19999999,0.23472843,-3.096931,0.01643835,100.0,9.76824,1.0
2021.07.027.0,644.99994,689.7089,0.26254523,0.13972603,0.0,9.748178,0.0
2021.05.024.0,1140.0,1281.7885,0.625525,0.16712329,0.0,9.689117,1.0
2021.05.03.0,3.0,4.197315,-2.3855329,0.05479452,66.0,9.774005,1.0
2021.012.024.0,16.500002,35.188103,-1.6698427,0.07397261,1121.0,9.795568,1.0
2021.04.09.0,139.00002,144.32117,-1.1459187,0.43835616,2.0,9.70186,1.0
2021.05.024.0,267.00003,227.88892,-0.903281,0.569863,0.0,9.654449,0.0
2021.07.027.0,3.0,2.8600879,-2.3211575,0.0630137,0.0,9.752781,0.0
2021.05.024.0,1000.0001,1154.108,0.51277685,0.16712329,0.0,9.689117,1.0
2021.09.030.0,477.99988,423.89313,-0.21235114,0.2109589,1.0,9.72669,1.0
2021.09.030.0,92.0,76.06116,-1.1642488,0.13424657,1.0,9.728479,1.0
2021.09.07.0,180.00002,252.87904,0.21775854,0.024657533,0.0,9.769728,0.0
2021.08.017.0,354.00006,288.43912,-0.802206,0.58082193,0.0,9.709964,1.0
2021.05.024.0,282.99997,364.76746,-0.3094629,0.071232885,982.0,9.696279,1.0
2021.09.030.0,355.00006,456.04544,-0.3062877,0.2109589,1.0,9.72669,0.0
2021.012.024.0,111.000015,82.08109,-0.9908892,0.22739726,59.0,9.790207,0.0
2021.03.017.0,2.1000001,2.3563175,-2.4126658,0.09863014,610.0,9.695232,0.0
2021.06.015.0,248.99995,269.912,-0.82767594,0.51232874,2.0,9.714867,1.0
2021.06.015.0,25.999998,48.210472,-1.3625488,0.10958904,104.0,9.747067,1.0
2021.08.017.0,185.00003,140.67773,-0.8358688,0.1780822,0.0,9.71776,1.0
2021.09.07.0,1130.0001,1216.0011,1.7527709,0.024657533,0.0,9.769728,0.0
2021.07.06.0,274.00003,262.59225,-0.752649,0.44657534,4.0,9.76319,0.0
2021.09.07.0,1829.9998,2031.2554,2.625002,0.024657533,0.0,9.769728,0.0
2021.012.024.0,403.99994,296.0884,0.022432446,0.15068494,0.0,9.793784,0.0
2021.07.027.0,6.6000004,8.880903,-2.1199622,0.0630137,291.0,9.752781,1.0
2021.05.03.0,40.0,36.622864,-1.6585937,0.13150683,358.0,9.77087,1.0
2021.07.06.0,38.499996,33.6307,-1.5494646,0.19726028,0.0,9.773948,0.0
2021.05.024.0,310.99997,187.11624,-0.23324537,0.071232885,2611.0,9.696279,0.0
2021.07.06.0,12.500001,10.323157,-1.8192484,0.12054794,0.0,9.77985,0.0
2021.05.024.0,123.99999,124.23993,-1.2486173,0.569863,0.0,9.654449,0.0
2021.08.017.0,7.799999,7.544947,-2.3006544,0.08219178,633.0,9.720646,1.0
2021.010.022.0,10.0,9.23306,-1.9431025,0.07397261,318.0,9.729908,1.0
2021.03.017.0,145.0,123.59569,-0.90892136,0.17534247,0.0,9.691593,1.0
2021.011.012.0,3.0,3.3440604,-1.8415079,0.01643835,2258.0,9.76824,1.0
2021.012.024.0,0.39999998,0.3836612,-3.3176901,0.07397261,10.0,9.795568,0.0
2021.09.07.0,180.00002,171.53148,-1.1846598,0.52328765,33.0,9.754756,1.0
2021.04.09.0,46.999992,51.720623,-1.7308872,0.43835616,0.0,9.70186,1.0
2021.05.024.0,153.99998,136.28648,-0.9458654,0.16712329,6.0,9.689117,1.0
2021.05.03.0,69.99999,42.082176,-1.3530316,0.05479452,2323.0,9.774005,1.0
2021.08.017.0,456.0,592.2353,-0.25569487,0.33150685,2.0,9.71396,0.0
2021.02.023.0,354.00006,336.00635,-0.5597957,0.31232876,0.0,9.692149,0.0
2021.08.017.0,22.000002,51.058167,-1.3558927,0.08219178,1202.0,9.720646,0.0
2021.010.022.0,268.99997,282.24207,-0.95962745,0.64931506,0.0,9.715651,1.0
2021.05.024.0,264.00003,147.28615,-0.33324885,0.071232885,2356.0,9.696279,0.0
2021.03.017.0,67.000015,70.869995,-1.2844113,0.17534247,30.0,9.691593,1.0
2021.07.06.0,16.500002,16.396872,-1.9797841,0.12054794,23.0,9.77985,1.0
2021.05.03.0,21.500002,23.572594,-1.8736926,0.13150683,30.0,9.77087,1.0
2021.08.017.0,321.99994,269.9972,-0.8571154,0.58082193,0.0,9.709964,1.0
2021.05.024.0,1240.0,1395.3081,1.2815149,0.071232885,0.0,9.696279,1.0
2021.05.024.0,150.99997,61.259182,-0.64603484,0.071232885,1282.0,9.696279,0.0
2021.010.022.0,605.0001,719.29114,0.505093,0.07397261,0.0,9.729908,0.0
2021.03.017.0,32.5,54.593204,-1.6877096,0.50136983,4.0,9.660141,0.0
2021.08.017.0,108.00001,78.33443,-1.2334645,0.1780822,71.0,9.71776,1.0
2021.06.015.0,76.0,76.64404,-1.4850105,0.51232874,3.0,9.714867,0.0
2021.011.012.0,1.3000002,1.3390179,-2.2851644,0.01643835,842.0,9.76824,1.0
2021.07.027.0,720.00006,668.2329,-0.10127944,0.3890411,0.0,9.741792,1.0
2021.012.024.0,74.00001,114.51824,-1.1273558,0.15068494,14.0,9.793784,1.0
2021.06.015.0,24.499996,30.728342,-1.8665141,0.2630137,1.0,9.725855,1.0
2021.05.024.0,11.000001,3.3798742,-1.8037052,0.071232885,401.0,9.696279,0.0
2021.011.012.0,550.00006,550.38495,-0.16988945,0.34246576,1.0,9.758808,1.0
2021.09.07.0,486.00006,448.20078,-0.5688243,0.52328765,2.0,9.754756,1.0
2021.08.017.0,50.000004,24.620934,-1.5865455,0.08219178,109.0,9.720646,1.0
2021.011.012.0,278.00003,253.44122,-0.85003287,0.5917808,1.0,9.752257,0.0
2021.09.030.0,600.00006,730.2282,0.37946916,0.057534248,0.0,9.730502,0.0
2021.09.030.0,5.200001,3.063132,-2.417271,0.2109589,0.0,9.72669,0.0
2021.09.07.0,111.999985,118.183304,-1.2890486,0.2739726,0.0,9.761579,1.0
2021.05.024.0,134.00003,161.24606,-0.82591015,0.071232885,2012.0,9.696279,1.0
2021.09.07.0,43.000004,48.136826,-1.5279049,0.2739726,4.0,9.761579,0.0
2021.012.024.0,111.000015,171.70325,-0.88730776,0.15068494,31.0,9.793784,1.0
2021.01.022.0,92.0,75.58179,-0.6868739,0.07397261,5820.0,9.6883745,0.0
2021.02.023.0,1289.9999,1288.4863,1.1816688,0.0630137,0.0,9.704122,0.0
2021.010.022.0,225.00003,240.34691,-1.0579283,0.64931506,1.0,9.715651,1.0
2021.012.03.0,1049.9999,976.45374,0.32237768,0.2849315,0.0,9.773322,0.0
2021.012.024.0,1900.0,1622.1622,0.67682934,0.47671232,0.0,9.783013,0.0
2021.03.017.0,62.999992,61.723953,-1.3008661,0.17534247,7.0,9.691593,1.0
2021.08.017.0,14.499999,11.987881,-2.1032164,0.33150685,0.0,9.71396,0.0
2021.05.03.0,207.00002,197.1508,-1.1083755,0.63013697,0.0,9.731512,1.0
2021.06.015.0,110.000015,124.40574,-1.3085428,0.51232874,3.0,9.714867,1.0
2021.07.06.0,565.00006,434.5358,0.74893415,0.04383561,0.0,9.792444,0.0
2021.08.017.0,24.499996,29.97202,-1.6261479,0.1780822,21.0,9.71776,0.0
2021.09.07.0,71.000015,71.99156,-1.5565655,0.2739726,0.0,9.761579,1.0
2021.06.015.0,1710.0,1646.4658,1.3639104,0.10958904,0.0,9.747067,0.0
2021.010.022.0,106.999985,104.371025,-0.9537939,0.15068494,51.0,9.72836,0.0
2021.012.024.0,141.00002,210.00027,-0.74881375,0.15068494,172.0,9.793784,1.0
2021.09.07.0,0.099999994,0.17584917,-3.1683488,0.024657533,0.0,9.769728,0.0
2021.07.027.0,15.000001,12.149969,-1.9074601,0.13972603,0.0,9.748178,0.0
2021.01.022.0,120.00001,98.59096,-1.2838058,0.4,22.0,9.670672,1.0
2021.07.027.0,104.999985,104.802155,-1.4269054,0.3890411,1.0,9.741792,1.0
2021.09.030.0,340.0,406.56073,-0.5706384,0.46027398,0.0,9.715953,0.0
2021.09.07.0,135.00002,156.82126,-0.9473649,0.2739726,11.0,9.761579,0.0
2021.05.03.0,329.0,503.3277,0.111566186,0.13150683,0.0,9.77087,0.0
2021.07.027.0,4.999999,3.3153448,-2.165824,0.0630137,14.0,9.752781,0.0
2021.09.030.0,894.9998,892.7093,0.35427856,0.13424657,0.0,9.728479,0.0
2021.012.03.0,0.6999995,1.8176439,-2.603801,0.035616443,0.0,9.781602,1.0
2021.07.06.0,71.000015,90.589005,-1.1537244,0.12054794,44.0,9.77985,1.0
2021.010.022.0,930.0,964.27545,0.16333199,0.4,0.0,9.721366,1.0
2021.05.03.0,260.00006,204.0615,-0.92996657,0.3808219,6.0,9.74367,1.0
2021.05.024.0,256.0,339.80164,-0.38622993,0.071232885,1650.0,9.696279,1.0
2021.08.017.0,2.0,1.2072568,-2.561605,0.08219178,0.0,9.720646,0.0
2021.03.017.0,29.500002,39.79949,-1.6524051,0.25205478,0.0,9.687444,0.0
2021.07.027.0,89.00001,83.37992,-0.97251403,0.0630137,736.0,9.752781,1.0
2021.07.027.0,6.7999997,5.4761133,-2.2232091,0.13972603,0.0,9.748178,0.0
2021.09.030.0,95.0,83.47417,-1.1160673,0.13424657,15.0,9.728479,1.0
2021.011.012.0,825.0001,853.3594,-0.07711601,0.5917808,3.0,9.752257,1.0
2021.09.030.0,10.500001,10.065113,-2.0165324,0.2109589,1.0,9.72669,0.0
2021.05.03.0,356.99994,476.70496,-0.51651806,0.63013697,2.0,9.731512,0.0
2021.09.030.0,115.99999,134.93759,-0.9448921,0.13424657,213.0,9.728479,0.0
2021.05.03.0,376.00006,349.26923,-0.75329953,0.63013697,0.0,9.731512,1.0
2021.03.017.0,440.00006,407.43503,-0.3043909,0.25205478,0.0,9.687444,1.0
2021.07.06.0,8.199998,7.3201556,-2.0519578,0.04383561,95.0,9.792444,1.0
2021.05.024.0,4.5,1.9698136,-2.3422549,0.071232885,25.0,9.696279,0.0
2021.06.015.0,2400.0002,2416.0168,1.205802,0.2630137,0.0,9.725855,0.0
2021.07.06.0,2389.9995,2279.8674,2.128259,0.04383561,0.0,9.792444,0.0
2021.012.03.0,72.0,81.20265,-1.4713187,0.2849315,1.0,9.773322,1.0
2021.012.03.0,135.00002,158.60014,-1.1256661,0.2849315,10.0,9.773322,1.0
2021.04.09.0,859.9999,931.62714,1.886915,0.035616443,0.0,9.736842,0.0
2021.011.012.0,520.0001,484.8182,-0.4708185,0.5917808,1.0,9.752257,0.0
2021.012.024.0,90.00001,82.14915,-1.2658197,0.47671232,0.0,9.783013,0.0
2021.010.022.0,33.5,41.102177,-1.7453218,0.4,123.0,9.721366,0.0
2021.02.023.0,128.99998,112.50816,-1.204657,0.31232876,6.0,9.692149,1.0
2021.08.017.0,2.0,1.4746077,-2.500708,0.08219178,0.0,9.720646,0.0
2021.07.027.0,515.0,505.3813,-0.3703519,0.3890411,0.0,9.741792,1.0
2021.010.022.0,7.9000006,6.966537,-2.0290594,0.07397261,416.0,9.729908,1.0
2021.05.03.0,7.5000005,8.360071,-2.4102902,0.13150683,0.0,9.77087,1.0
2021.011.012.0,0.3,0.3331266,-2.9553561,0.01643835,27.0,9.76824,1.0
2021.05.03.0,2.5,2.9373343,-2.256007,0.05479452,71.0,9.774005,0.0
2021.03.017.0,149.0,250.01051,-0.41461957,0.09863014,537.0,9.695232,0.0
2021.011.012.0,10.0,14.913868,-2.109964,0.34246576,0.0,9.758808,0.0
2021.07.027.0,9.900001,8.672219,-1.7881798,0.0630137,1223.0,9.752781,0.0
2021.012.024.0,273.0,365.2668,-0.28469622,0.15068494,5.0,9.793784,1.0
2021.02.023.0,191.00003,161.6537,-1.1347122,0.56164384,0.0,9.666055,1.0
2021.012.024.0,19.0,29.456758,-1.9751023,0.22739726,24.0,9.790207,1.0
2021.07.06.0,510.00003,488.44644,-0.022935629,0.19726028,1.0,9.773948,0.0
2021.08.017.0,240.00002,165.26907,-0.6913846,0.1780822,8.0,9.71776,1.0
2021.010.022.0,18.499998,16.86082,-1.6528707,0.07397261,848.0,9.729908,1.0
2021.06.015.0,96.0,110.303024,-1.3916886,0.51232874,6.0,9.714867,1.0
2021.010.022.0,109.00002,145.70418,-0.7025381,0.07397261,2636.0,9.729908,0.0
2021.07.027.0,325.00006,321.16162,-0.8323096,0.63835615,0.0,9.733647,1.0
2021.05.024.0,55.000008,54.81788,-1.3059474,0.071232885,315.0,9.696279,1.0
2021.011.012.0,7.799999,7.2327986,-2.0430255,0.093150675,5.0,9.7668085,0.0
2021.04.09.0,28.999998,26.357098,-1.7262479,0.1890411,0.0,9.730621,1.0
2021.07.027.0,54.000004,58.197357,-1.5292096,0.3890411,4.0,9.741792,0.0
2021.06.015.0,2220.0015,2250.673,1.1069705,0.2630137,0.0,9.725855,0.0
2021.08.017.0,59.000008,76.45923,-1.3321602,0.33150685,17.0,9.71396,0.0
2021.07.06.0,35.000004,34.346104,-1.7575939,0.19726028,0.0,9.773948,1.0
2021.012.024.0,94.000015,150.27234,-1.1410239,0.22739726,3.0,9.790207,1.0
2021.012.03.0,4.1,10.079282,-1.9989313,0.035616443,324.0,9.781602,1.0
2021.010.022.0,38.999996,43.636456,-1.411066,0.15068494,80.0,9.72836,0.0
2021.05.03.0,550.00006,475.97495,-0.3214625,0.3808219,1.0,9.74367,1.0
2021.05.03.0,1530.0001,1830.3846,0.51931334,0.63013697,0.0,9.731512,0.0
2021.02.023.0,1300.0002,1323.7809,0.41074824,0.31232876,0.0,9.692149,0.0
2021.09.07.0,699.99994,740.4336,-0.15943593,0.52328765,1.0,9.754756,0.0
2021.08.017.0,396.00006,339.1394,-0.5447668,0.33150685,40.0,9.71396,1.0
2021.012.024.0,825.0001,714.64606,0.3248427,0.22739726,0.0,9.790207,0.0
2021.010.022.0,890.0001,911.8013,0.4633062,0.15068494,0.0,9.72836,0.0
2021.09.07.0,406.0001,371.95673,-0.6906384,0.52328765,0.0,9.754756,1.0
2021.09.030.0,106.999985,85.4264,-1.0807035,0.13424657,42.0,9.728479,1.0
2021.05.024.0,135.00002,123.23659,-1.1920352,0.32054794,16.0,9.667766,0.0
2021.07.027.0,178.00002,176.65836,-0.6328014,0.13972603,16.0,9.748178,0.0
2021.03.017.0,69.99999,57.825497,-1.1217183,0.09863014,1434.0,9.695232,1.0
2021.01.022.0,102.99999,82.49155,-1.3865412,0.4,2.0,9.670672,1.0
2021.012.03.0,914.9999,859.09985,0.20942974,0.2849315,0.0,9.773322,0.0
2021.03.017.0,46.0,60.707466,-1.4575925,0.25205478,0.0,9.687444,0.0
2021.06.015.0,145.0,150.10405,-1.1665188,0.51232874,3.0,9.714867,0.0
2021.011.012.0,1.5,1.4802606,-2.2331874,0.01643835,680.0,9.76824,1.0
2021.012.024.0,25.5,55.44031,-1.4601306,0.07397261,536.0,9.795568,1.0
2021.09.07.0,705.0001,667.5762,0.027316988,0.2739726,0.0,9.761579,1.0
2021.08.017.0,615.0,507.09375,-0.18208563,0.33150685,0.0,9.71396,1.0
2021.06.015.0,530.0001,515.7357,-0.40276158,0.51232874,0.0,9.714867,0.0
2021.07.06.0,8.6,8.459395,-2.0310323,0.04383561,197.0,9.792444,1.0
2021.09.030.0,67.000015,132.25972,-1.0099856,0.057534248,5689.0,9.730502,0.0
2021.07.06.0,19.0,14.379944,-1.9026575,0.19726028,0.0,9.773948,0.0
2021.09.07.0,904.9998,946.6091,0.01581633,0.52328765,0.0,9.754756,0.0
2021.04.09.0,12.0,12.25329,-2.1794846,0.1890411,80.0,9.730621,1.0
2021.07.06.0,2270.0002,2161.6272,0.86445093,0.44657534,0.0,9.76319,0.0
2021.02.023.0,51.999996,50.810715,-1.6363055,0.31232876,0.0,9.692149,1.0
2021.06.015.0,650.0001,672.4724,-0.15688372,0.51232874,0.0,9.714867,1.0
2021.011.012.0,2.8000002,3.6225123,-2.3246527,0.093150675,0.0,9.7668085,0.0
2021.08.017.0,75.00001,94.599174,-1.2413447,0.33150685,1.0,9.71396,0.0
2021.05.024.0,369.0,419.98312,-0.73748267,0.569863,1.0,9.654449,1.0
2021.07.027.0,294.00006,291.36166,0.0024871826,0.0630137,0.0,9.752781,0.0
2021.09.030.0,387.99994,217.6002,0.35763204,0.057534248,0.0,9.730502,1.0
2021.01.022.0,54.000004,44.47928,-1.4690788,0.15068494,27.0,9.683339,1.0
2021.08.017.0,6.999999,6.871091,-2.2446852,0.1780822,0.0,9.71776,0.0
2021.05.024.0,13.500001,9.804287,-2.0162559,0.071232885,378.0,9.696279,1.0
2021.04.09.0,975.00024,1061.7712,0.6493498,0.1890411,0.0,9.730621,0.0
2021.09.07.0,3.0,5.9490185,-1.9933786,0.024657533,994.0,9.769728,0.0
2021.08.017.0,150.00002,74.69553,-0.8809989,0.08219178,726.0,9.720646,1.0
2021.02.023.0,28.999998,33.171352,-1.8789399,0.31232876,0.0,9.692149,1.0
2021.011.012.0,45.000004,46.38463,-1.7223365,0.5917808,0.0,9.752257,0.0
2021.05.024.0,54.000004,39.007988,-1.4276596,0.16712329,40.0,9.689117,0.0
2021.06.015.0,6.999999,12.738812,-2.0914783,0.10958904,7.0,9.747067,1.0
2021.08.017.0,4.0,4.625428,-2.5198402,0.08219178,0.0,9.720646,1.0
2021.08.017.0,48.0,51.457466,-1.5055096,0.33150685,9.0,9.71396,0.0
2021.09.030.0,6.999999,5.2626677,-2.2626054,0.2109589,0.0,9.72669,0.0
2021.05.024.0,1320.0002,1546.719,0.22615409,0.569863,0.0,9.654449,1.0
2021.05.024.0,5.1,2.4018798,-2.1263015,0.071232885,1.0,9.696279,0.0
2021.07.027.0,6.0,3.6978106,-2.3044078,0.13972603,1.0,9.748178,0.0
2021.010.022.0,145.0,152.24358,-1.2187591,0.4,4.0,9.721366,1.0
2021.09.030.0,407.00006,380.0993,-0.32490158,0.2109589,0.0,9.72669,1.0
2021.010.022.0,104.999985,104.34938,-1.0544055,0.15068494,74.0,9.72836,1.0
2021.09.07.0,18.499998,34.452244,-1.6117195,0.12054794,30.0,9.76612,0.0
2021.07.06.0,85.0,110.941284,-1.0519972,0.12054794,39.0,9.77985,1.0
2021.010.022.0,85.999985,99.4255,-1.3206818,0.4,14.0,9.721366,0.0
2021.07.06.0,3.6000001,2.666407,-2.2402768,0.04383561,4.0,9.792444,0.0
2021.08.017.0,1069.9999,631.4454,1.0386014,0.08219178,0.0,9.720646,1.0
2021.010.022.0,0.3,0.6819528,-2.9292889,0.07397261,0.0,9.729908,0.0
2021.012.024.0,302.99997,210.43542,-0.18768221,0.15068494,14.0,9.793784,0.0
2021.03.017.0,267.00003,443.59143,-0.06736374,0.09863014,688.0,9.695232,0.0
2021.06.015.0,83.999985,101.38408,-1.4345539,0.51232874,41.0,9.714867,1.0
2021.011.012.0,1150.0001,1197.2687,1.8212698,0.01643835,0.0,9.76824,0.0
2021.01.022.0,40.0,31.796162,-1.6107907,0.15068494,55.0,9.683339,1.0
2021.011.012.0,11.5,17.60471,-1.8162663,0.093150675,340.0,9.7668085,1.0
2021.08.017.0,188.99998,90.66286,-0.7309924,0.08219178,474.0,9.720646,1.0
2021.08.017.0,416.00006,223.13231,-0.064363,0.08219178,307.0,9.720646,1.0
2021.08.017.0,31.500004,33.494545,-1.6941262,0.33150685,0.0,9.71396,0.0
2021.03.017.0,1650.0002,1779.5156,0.55261946,0.50136983,0.0,9.660141,0.0
2021.09.07.0,1.8999999,1.4895194,-2.432797,0.024657533,130.99998,9.769728,1.0
2021.012.024.0,130.00003,199.16919,-0.9640614,0.22739726,1.0,9.790207,1.0
2021.07.027.0,36.999996,37.401836,-1.7356268,0.3890411,3.0,9.741792,0.0
2021.012.024.0,39.500004,63.238605,-1.4921725,0.15068494,2.0,9.793784,1.0
2021.012.024.0,284.00006,246.51749,-0.6912078,0.47671232,0.0,9.783013,0.0
2021.03.017.0,22.000002,26.176643,-1.9499121,0.25205478,67.0,9.687444,1.0
2021.07.027.0,930.0,1009.18054,0.5637033,0.13972603,0.0,9.748178,0.0
2021.07.06.0,370.00006,329.9327,-0.26217413,0.19726028,11.0,9.773948,0.0
2021.09.07.0,12.0,20.650509,-1.7810508,0.12054794,3.0,9.76612,0.0
2021.08.017.0,504.99997,328.7246,-0.16343641,0.1780822,3.0,9.71776,1.0
2021.011.012.0,192.99997,212.82632,-0.9033188,0.34246576,0.0,9.758808,1.0
2021.02.023.0,1.5999999,1.0591472,-2.7667868,0.0630137,4.0,9.704122,1.0
2021.012.03.0,44.000004,94.10756,-1.0056379,0.035616443,4661.0005,9.781602,1.0
2021.03.017.0,16.0,19.195894,-2.0914545,0.25205478,0.0,9.687444,1.0
2021.07.06.0,403.00003,330.14343,0.47525644,0.04383561,0.0,9.792444,0.0
2021.06.015.0,80.0,131.18341,-0.7390524,0.10958904,681.0,9.747067,1.0
2021.07.06.0,1.8,1.5786211,-2.3195183,0.04383561,1.0,9.792444,0.0
2021.01.022.0,1390.0001,1401.9325,0.5074079,0.4,0.0,9.670672,0.0
2021.012.024.0,3.0,1.9630741,-2.36881,0.07397261,1.0,9.795568,0.0
2021.09.07.0,31.500004,33.130344,-1.684875,0.12054794,2.0,9.76612,1.0
2021.07.027.0,24.0,22.282274,-1.7033201,0.0630137,97.0,9.752781,1.0
2021.07.027.0,795.0002,831.0331,0.72689414,0.0630137,0.0,9.752781,0.0
2021.09.07.0,38.999996,39.409145,-1.0881841,0.024657533,1896.0,9.769728,1.0
2021.012.024.0,4.8,4.4623523,-2.3177493,0.15068494,0.0,9.793784,0.0
2021.08.017.0,138.0,203.63225,-0.66838336,0.1780822,12.999985,9.71776,0.0
2021.08.017.0,2.0,1.2954538,-2.543766,0.08219178,0.0,9.720646,0.0
2021.07.027.0,152.0,174.70732,-0.39233065,0.0630137,1684.0,9.752781,0.0
2021.09.07.0,377.00003,432.85327,-0.53304243,0.52328765,0.0,9.754756,0.0
2021.09.030.0,165.00002,159.04196,-0.9283192,0.2109589,4.0,9.72669,1.0
2021.02.023.0,256.0,210.49724,-0.86285084,0.31232876,10.0,9.692149,1.0
2021.08.017.0,745.0,560.79224,-0.07845569,0.33150685,4.0,9.71396,1.0
2021.05.03.0,760.0,1047.2982,0.7211871,0.13150683,0.0,9.77087,0.0
2021.010.022.0,178.00002,190.77383,-1.0719233,0.4,0.0,9.721366,1.0
2021.07.06.0,91.0,78.90004,-1.0870922,0.19726028,15.0,9.773948,0.0
2021.03.017.0,132.00002,113.94,-0.9545386,0.17534247,2.0,9.691593,1.0
2021.01.022.0,13.500001,14.0047455,-2.0757809,0.15068494,103.0,9.683339,1.0
2021.07.06.0,360.00003,410.2071,-0.7341484,0.6958904,3.0,9.753769,1.0
2021.010.022.0,475.9999,486.8448,-0.40071392,0.4,0.0,9.721366,1.0
2021.09.030.0,20.0,15.372368,-1.8175944,0.13424657,8.0,9.728479,0.0
2021.09.07.0,6.999999,6.943016,-1.9655241,0.024657533,3205.0,9.769728,1.0
2021.010.022.0,374.00003,331.25845,0.24842083,0.07397261,0.0,9.729908,1.0
2021.09.07.0,1.3000002,1.3295393,-2.4012184,0.024657533,12.0,9.769728,1.0
2021.05.024.0,412.99997,275.0374,-0.03971839,0.071232885,2744.0,9.696279,0.0
2021.011.012.0,0.099999994,0.11586963,-3.2869532,0.01643835,0.0,9.76824,0.0
2021.03.017.0,94.000015,91.50871,-1.4586635,0.50136983,118.0,9.660141,1.0
2021.08.017.0,11.5,22.877747,-1.666599,0.08219178,865.0,9.720646,0.0
2021.012.03.0,20.5,16.796083,-1.9440515,0.2849315,0.0,9.773322,0.0
2021.05.024.0,204.0,216.0129,-0.7816648,0.16712329,5.0,9.689117,1.0
2021.012.03.0,0.6,0.15385632,-3.3480353,0.035616443,0.0,9.781602,0.0
2021.08.017.0,18.0,23.951458,-1.6802306,0.1780822,1.0,9.71776,0.0
2021.012.024.0,73.000015,114.64248,-1.3041015,0.22739726,0.0,9.790207,1.0
2021.03.017.0,675.0001,648.22473,0.05169201,0.25205478,0.0,9.687444,1.0
2021.09.030.0,272.0,262.5359,-0.40678823,0.13424657,179.0,9.728479,1.0
2021.01.022.0,940.0001,971.88745,0.016320348,0.64931506,0.0,9.644652,0.0
2021.07.027.0,19.499998,18.825191,-2.00349,0.13972603,2.0,9.748178,1.0
2021.07.06.0,650.0001,494.39926,0.87334895,0.04383561,0.0,9.792444,0.0
2021.012.03.0,2.7,6.958645,-2.1406288,0.035616443,156.0,9.781602,1.0
2021.03.017.0,111.000015,135.48561,-1.240595,0.50136983,1.0,9.660141,0.0
2021.05.03.0,2630.0,3019.775,2.0939093,0.13150683,0.0,9.77087,0.0
2021.010.022.0,2.0,1.9437878,-2.5671515,0.07397261,0.0,9.729908,0.0
2021.011.012.0,42.5,55.17682,-1.4859025,0.1890411,1.0,9.763651,1.0
2021.07.06.0,205.0,221.18242,-0.51129067,0.12054794,53.0,9.77985,1.0
2021.08.017.0,78.999985,100.206215,-1.4046887,0.58082193,0.0,9.709964,0.0
2021.010.022.0,5.200001,6.6473846,-2.2264428,0.15068494,1.0,9.72836,0.0
2021.07.06.0,78.999985,78.63637,-1.4137349,0.44657534,5.0,9.76319,0.0
2021.01.022.0,750.0001,861.48975,0.7332723,0.07397261,0.0,9.6883745,0.0
2021.05.03.0,51.999996,70.54713,-1.4568017,0.3808219,0.0,9.74367,0.0
2021.04.09.0,745.0,837.6177,0.42980802,0.1890411,0.0,9.730621,0.0
2021.09.030.0,18.0,27.061613,-1.7326626,0.2109589,6.0,9.72669,0.0
2021.07.06.0,3.4999995,3.317974,-2.3610656,0.04383561,1.0,9.792444,1.0
2021.05.03.0,51.999996,53.28096,-1.7461041,0.3808219,38.0,9.74367,1.0
2021.07.027.0,520.0001,499.76193,-0.52132773,0.63835615,0.0,9.733647,1.0
2021.07.027.0,18.0,17.003347,-2.065647,0.13972603,3.0,9.748178,1.0
2021.07.027.0,609.99994,619.85425,-0.3935817,0.63835615,0.0,9.733647,0.0
2021.09.07.0,530.0001,499.14294,-0.48878613,0.52328765,1.0,9.754756,1.0
2021.07.027.0,1789.9996,1846.1239,1.1929371,0.13972603,0.0,9.748178,0.0
2021.01.022.0,25.999998,16.735027,-1.6186445,0.07397261,2581.0,9.6883745,1.0
2021.09.07.0,1230.0,1360.0889,2.5529597,0.024657533,0.0,9.769728,0.0
2021.012.024.0,144.0,113.17823,-0.63847756,0.15068494,223.0,9.793784,0.0
2021.08.017.0,72.0,69.17556,-1.5871267,0.33150685,12.0,9.71396,1.0
2021.09.07.0,750.0001,749.6969,-0.18036056,0.52328765,3.0,9.754756,1.0
2021.011.012.0,1270.0002,1381.3583,1.1939023,0.093150675,0.0,9.7668085,0.0
2021.02.023.0,34.0,26.038788,-1.7018192,0.1589041,4.0,9.700147,1.0
2021.011.012.0,38.499996,48.93724,-1.2739944,0.093150675,122.0,9.7668085,1.0
2021.07.06.0,78.999985,103.72366,-1.1064365,0.12054794,49.0,9.77985,1.0
2021.03.017.0,44.499992,73.72793,-1.2721537,0.17534247,3.0,9.691593,0.0
2021.06.015.0,1429.9998,1395.1517,0.80169284,0.18630137,0.0,9.736488,0.0
2021.010.022.0,3.0,2.7386873,-2.4030595,0.15068494,9.0,9.72836,0.0
2021.07.06.0,1450.0,1441.1714,1.1123612,0.12054794,0.0,9.77985,0.0
2021.010.022.0,4.999999,5.626634,-2.1418993,0.07397261,385.0,9.729908,1.0
2021.04.09.0,1939.9998,2091.9443,0.8401679,0.43835616,0.0,9.70186,0.0
2021.08.017.0,4.0,3.7677166,-2.5465488,0.08219178,2.0,9.720646,1.0
2021.05.024.0,455.0,395.01428,-0.57476133,0.569863,9.0,9.654449,0.0
2021.07.06.0,182.0,203.49731,-0.74738103,0.19726028,0.0,9.773948,1.0
2021.011.012.0,1250.0001,1308.714,1.8498361,0.01643835,0.0,9.76824,0.0
2021.05.03.0,69.0,70.78863,-1.5719225,0.3808219,0.0,9.74367,1.0
2021.012.024.0,171.0,242.89159,-0.6047439,0.15068494,22.0,9.793784,1.0
2021.09.07.0,35.499996,39.29214,-1.5851383,0.12054794,62.0,9.76612,1.0
2021.05.03.0,150.00002,80.703415,-0.8756855,0.05479452,1993.0,9.774005,1.0
2021.05.03.0,162.00002,116.75926,-1.008916,0.13150683,573.0,9.77087,1.0
2021.09.07.0,1020.00006,1052.8251,0.10217917,0.52328765,0.0,9.754756,0.0
2021.09.030.0,2220.0015,2243.462,0.9838884,0.2109589,0.0,9.72669,0.0
2021.09.07.0,600.00006,692.6881,-0.02801156,0.2739726,0.0,9.761579,0.0
2021.011.012.0,94.000015,107.03825,-1.3243957,0.34246576,0.0,9.758808,1.0
2021.09.07.0,89.00001,94.61037,-1.1322287,0.12054794,19.0,9.76612,1.0
2021.09.030.0,162.00002,210.2201,-0.9660574,0.46027398,0.0,9.715953,0.0
2021.07.06.0,131.00002,134.18552,-1.1302575,0.44657534,2.0,9.76319,0.0
2021.09.030.0,0.79999995,0.497366,-2.877936,0.057534248,0.0,9.730502,0.0
2021.02.023.0,128.0,143.45174,-1.105137,0.31232876,0.0,9.692149,0.0
2021.09.030.0,95.0,90.60732,-1.2135655,0.2109589,17.0,9.72669,0.0
2021.05.024.0,50.000004,47.90872,-1.578518,0.32054794,1.0,9.667766,0.0
2021.012.03.0,8.5,19.382143,-1.7205449,0.035616443,704.0,9.781602,1.0
2021.011.012.0,117.00002,133.4836,-0.9577344,0.1890411,4.0,9.763651,1.0
2021.02.023.0,230.00002,194.04346,-0.6094999,0.1589041,238.0,9.700147,1.0
2021.08.017.0,201.99997,269.99023,-0.4790248,0.1780822,1.0,9.71776,0.0
2021.03.017.0,15.000001,17.965513,-1.9705383,0.25205478,3.0,9.687444,0.0
2021.08.017.0,157.99997,278.11456,-0.29176283,0.08219178,535.0,9.720646,0.0
2021.05.03.0,12.0,14.686928,-2.1636536,0.13150683,105.0,9.77087,1.0
2021.09.030.0,640.0,652.4707,-0.29032236,0.46027398,2.0,9.715953,0.0
2021.010.022.0,1380.0001,1381.1567,0.8616501,0.15068494,0.0,9.72836,0.0
2021.02.023.0,6.999999,5.046067,-2.1570895,0.0630137,344.0,9.704122,1.0
2021.012.03.0,0.5,0.5114607,-3.0534244,0.035616443,1.0,9.781602,1.0
2021.07.06.0,914.9999,775.54083,1.1618097,0.04383561,0.0,9.792444,0.0
2021.08.017.0,559.99994,352.24854,-0.087901175,0.1780822,1.0,9.71776,1.0
2021.02.023.0,162.00002,145.94957,-1.071642,0.31232876,6.0,9.692149,1.0
2021.010.022.0,39.500004,50.209953,-1.665974,0.4,0.0,9.721366,0.0
2021.012.024.0,284.00006,198.91597,0.08429515,0.07397261,0.0,9.795568,0.0
2021.06.015.0,325.99994,265.18942,-0.21447235,0.10958904,433.0,9.747067,0.0
2021.05.03.0,3.0999997,5.7467327,-2.0179381,0.05479452,57.0,9.774005,0.0
2021.08.017.0,3.300001,2.4939945,-2.3923745,0.08219178,0.0,9.720646,0.0
2021.08.017.0,142.00003,66.40296,-0.96776164,0.08219178,464.0,9.720646,1.0
2021.05.024.0,115.00001,128.40518,-1.276685,0.32054794,0.0,9.667766,1.0
2021.011.012.0,186.0,207.5923,-1.0793735,0.5917808,1.0,9.752257,1.0
2021.05.024.0,14.000001,10.796162,-1.9675808,0.071232885,699.0,9.696279,1.0
2021.07.027.0,4.1999993,3.3175533,-2.2013025,0.0630137,100.0,9.752781,0.0
2021.07.06.0,111.999985,126.1371,-0.94172233,0.12054794,95.0,9.77985,1.0
2021.011.012.0,0.39999998,0.9574212,-2.6187167,0.01643835,39.0,9.76824,0.0
2021.05.03.0,423.00006,551.92633,-0.41941905,0.63013697,1.0,9.731512,0.0
2021.09.030.0,118.99998,70.33296,-0.64356744,0.057534248,1333.0,9.730502,1.0
2021.010.022.0,1550.0,1551.3428,0.9931307,0.15068494,0.0,9.72836,0.0
2021.02.023.0,139.00002,125.30048,-0.84934413,0.1589041,3.0,9.700147,0.0
2021.09.030.0,16.0,13.536123,-1.6215146,0.057534248,183.0,9.730502,1.0
2021.03.017.0,329.0,296.57816,-0.5099174,0.25205478,1.0,9.687444,1.0
2021.07.027.0,253.00002,256.41293,-0.8930983,0.63835615,2.0,9.733647,0.0
2021.07.06.0,167.0,164.47638,-0.5685227,0.12054794,147.0,9.77985,0.0
2021.010.022.0,0.3,0.4393354,-3.1316342,0.15068494,325.0,9.72836,0.0
2021.07.027.0,2.1000001,1.7817681,-2.478909,0.0630137,0.0,9.752781,0.0
2021.08.017.0,34.5,37.330246,-1.8244201,0.58082193,0.0,9.709964,0.0
2021.01.022.0,765.00006,810.7544,0.022854269,0.4,0.0,9.670672,0.0
2021.012.03.0,1.5,2.7654052,-2.40226,0.035616443,88.0,9.781602,1.0
2021.04.09.0,6.6000004,6.9566894,-2.4446564,0.1890411,0.0,9.730621,1.0
2021.09.030.0,200.00002,245.48921,-0.8664409,0.46027398,4.0,9.715953,0.0
2021.07.06.0,740.0001,688.3727,-0.23997295,0.6958904,0.0,9.753769,0.0
2021.05.03.0,150.99997,317.37717,0.11158252,0.05479452,0.0,9.774005,0.0
2021.02.023.0,32.5,30.506548,-1.563863,0.1589041,2.0,9.700147,0.0
2021.09.07.0,368.0,366.4793,-0.50884604,0.2739726,0.0,9.761579,1.0
2021.07.027.0,1429.9998,1526.7178,0.4984225,0.3890411,0.0,9.741792,0.0
2021.08.017.0,238.99994,313.688,-0.77881,0.58082193,1.0,9.709964,0.0
2021.01.022.0,5.1,6.7376842,-2.388546,0.15068494,341.0,9.683339,1.0
2021.01.022.0,35.000004,34.033245,-1.874058,0.4,75.0,9.670672,1.0
2021.05.03.0,62.999992,170.16772,-0.37955582,0.05479452,4344.0,9.774005,0.0
2021.05.03.0,25.000002,43.104195,-1.316229,0.13150683,2.0,9.77087,0.0
2021.03.017.0,12.0,28.254246,-1.583335,0.09863014,153.0,9.695232,0.0
2021.01.022.0,228.0,212.93921,-0.8707802,0.4,1.0,9.670672,1.0
2021.05.024.0,47.5,16.620922,-1.2031981,0.071232885,946.0,9.696279,0.0
2021.03.017.0,10.500001,16.408556,-1.8784869,0.17534247,0.0,9.691593,0.0
2021.07.027.0,115.99999,126.25818,-0.7897457,0.13972603,12.999985,9.748178,0.0
2021.02.023.0,9.0,7.3568716,-1.9936941,0.0630137,272.0,9.704122,1.0
2021.08.017.0,222.00003,187.81966,-0.94886476,0.33150685,15.0,9.71396,1.0
2021.07.06.0,3019.9995,3102.9119,1.6368163,0.19726028,0.0,9.773948,0.0
2021.011.012.0,2.5,6.3643193,-2.331541,0.093150675,4.0,9.7668085,1.0
2021.07.027.0,213.00005,211.69255,-0.6862169,0.13972603,3.0,9.748178,1.0
2021.011.012.0,664.9999,692.29517,0.15151966,0.1890411,0.0,9.763651,0.0
2021.03.017.0,371.0,529.4368,0.15524006,0.09863014,0.0,9.695232,0.0
2021.012.024.0,62.999992,121.432014,-0.9354841,0.07397261,1321.0,9.795568,1.0
2021.09.07.0,1409.9996,1401.6157,0.3538369,0.52328765,0.0,9.754756,0.0
2021.09.030.0,8.5,6.747664,-2.1505358,0.2109589,0.0,9.72669,0.0
2021.02.023.0,265.00006,221.22472,-0.97006375,0.56164384,2.0,9.666055,1.0
2021.05.024.0,2.0999997,1.6097486,-2.4274821,0.071232885,2.0,9.696279,0.0
2021.05.024.0,211.0,258.9396,-0.74788064,0.16712329,0.0,9.689117,1.0
2021.02.023.0,78.000015,66.524025,-1.215362,0.1589041,8.0,9.700147,0.0
2021.09.030.0,335.99994,175.39789,0.22326148,0.057534248,0.0,9.730502,1.0
2021.03.017.0,12.500001,9.473555,-2.052729,0.09863014,8.0,9.695232,1.0
2021.010.022.0,153.0,172.75618,-1.0913308,0.64931506,1.0,9.715651,0.0
2021.09.030.0,74.00001,59.876934,-1.2790915,0.13424657,3.0,9.728479,1.0
2021.09.07.0,0.099999994,0.17438364,-3.176415,0.024657533,0.0,9.769728,0.0
2021.03.017.0,1100.0001,1223.8191,0.21860433,0.50136983,0.0,9.660141,0.0
2021.07.027.0,472.99994,454.11176,-0.58532524,0.63835615,0.0,9.733647,1.0
2021.07.06.0,459.00003,426.46164,-0.10127467,0.19726028,3.0,9.773948,0.0
2021.09.07.0,8.3,12.375452,-1.9854257,0.12054794,0.0,9.76612,0.0
2021.05.024.0,196.00003,180.80406,-0.935443,0.32054794,0.0,9.667766,0.0
2021.07.027.0,7.4000006,6.082689,-1.9367706,0.0630137,304.0,9.752781,0.0
2021.05.024.0,1800.0002,1533.9668,0.61480963,0.32054794,0.0,9.667766,0.0
2021.08.017.0,1500.0002,1912.4272,0.68960524,0.33150685,0.0,9.71396,0.0
2021.09.07.0,490.0001,585.63983,-0.15346152,0.2739726,4.0,9.761579,0.0
2021.02.023.0,486.99988,484.04947,-0.33698136,0.31232876,22.0,9.692149,0.0
2021.07.06.0,95.0,90.74374,-1.4032642,0.6958904,0.0,9.753769,0.0
2021.02.023.0,193.99997,145.93106,-0.79256326,0.1589041,32.0,9.700147,1.0
2021.010.022.0,302.99997,304.78683,-0.59533834,0.4,1.0,9.721366,0.0
2021.010.022.0,1.6999999,2.3131974,-2.6470456,0.15068494,2.0,9.72836,0.0
2021.010.022.0,71.000015,73.02707,-1.1503142,0.15068494,179.0,9.72836,0.0
2021.010.022.0,114.0,118.13074,-1.0135131,0.15068494,59.0,9.72836,1.0
2021.011.012.0,168.99997,189.13548,-1.1367081,0.5917808,0.0,9.752257,1.0
2021.06.015.0,55.999992,70.55358,-1.4785612,0.2630137,1.0,9.725855,1.0
2021.012.03.0,1.6999999,1.1177584,-2.3651366,0.035616443,21.0,9.781602,0.0
2021.09.030.0,261.0,234.06076,-0.4636836,0.13424657,15.0,9.728479,1.0
2021.09.07.0,1280.0,1467.95,1.030319,0.12054794,0.0,9.76612,0.0
2021.07.027.0,284.00006,251.25522,-0.12129527,0.0630137,1423.0,9.752781,1.0
2021.09.07.0,844.9999,973.3948,1.6583028,0.024657533,0.0,9.769728,0.0
2021.09.07.0,1.3999997,2.3740313,-2.2784762,0.024657533,614.0,9.769728,0.0
2021.07.027.0,393.00006,380.1881,-0.711451,0.63835615,0.0,9.733647,1.0
2021.07.06.0,324.00003,318.23016,-0.6287349,0.44657534,0.0,9.76319,0.0
2021.05.024.0,530.0001,414.14612,-0.3247307,0.32054794,9.0,9.667766,0.0
2021.010.022.0,130.00003,98.65129,-0.5968521,0.07397261,1660.0,9.729908,1.0
2021.010.022.0,835.0,867.8595,0.06381488,0.4,0.0,9.721366,1.0
2021.010.022.0,96.0,112.691414,-1.3324511,0.64931506,0.0,9.715651,0.0
2021.012.024.0,82.0,127.40787,-1.072662,0.15068494,79.0,9.793784,1.0
2021.05.03.0,319.0,438.58026,-0.43345118,0.3808219,4.0,9.74367,0.0
2021.09.030.0,1710.0,1732.1918,0.7308973,0.2109589,0.0,9.72669,0.0
2021.01.022.0,141.00002,167.50124,-0.7166242,0.15068494,1023.0,9.683339,0.0
2021.05.024.0,82.0,95.194214,-1.0691336,0.071232885,1596.0,9.696279,1.0
2021.05.024.0,65.000015,68.09218,-1.5381533,0.569863,0.0,9.654449,0.0
2021.04.09.0,51.0,56.613705,-1.6898311,0.43835616,0.0,9.70186,1.0
2021.07.06.0,94.000015,91.56978,-0.90480167,0.12054794,142.0,9.77985,0.0
2021.08.017.0,1219.9999,951.56775,0.12758148,0.58082193,0.0,9.709964,1.0
2021.04.09.0,5.4,6.4309845,-2.5008073,0.1890411,0.0,9.730621,1.0
2021.012.03.0,1710.0,1642.26,2.7730799,0.035616443,0.0,9.781602,0.0
2021.07.027.0,85.0,76.98644,-1.4992563,0.63835615,0.0,9.733647,0.0
2021.09.030.0,319.0,351.83826,-0.45292175,0.2109589,4.0,9.72669,0.0
2021.05.03.0,7.100001,5.8267217,-2.2639983,0.05479452,58.0,9.774005,1.0
2021.012.024.0,115.99999,100.26978,-1.15761,0.47671232,2.0,9.783013,0.0
2021.05.03.0,243.00003,377.03455,-0.08351326,0.13150683,65.0,9.77087,0.0
2021.09.07.0,89.00001,172.50996,-0.24615335,0.024657533,6151.0,9.769728,0.0
2021.01.022.0,16.0,12.752858,-1.8504382,0.07397261,962.99994,9.6883745,1.0
2021.08.017.0,294.00006,156.70966,-0.37126213,0.08219178,512.0,9.720646,1.0
2021.06.015.0,5.5000005,7.011337,-2.10635,0.10958904,0.0,9.747067,0.0
2021.02.023.0,2.0,1.1323739,-2.6695132,0.0630137,0.0,9.704122,1.0
2021.012.03.0,5.200001,3.0939088,-1.8129085,0.035616443,1247.0,9.781602,0.0
2021.01.022.0,85.999985,77.566986,-1.4590058,0.4,37.0,9.670672,1.0
2021.09.030.0,13.500001,13.433148,-1.9634838,0.13424657,78.0,9.728479,0.0
2021.012.024.0,5.200001,10.172023,-2.2243297,0.07397261,401.0,9.795568,1.0
2021.07.06.0,1180.0001,1116.5568,0.2789681,0.44657534,0.0,9.76319,0.0
2021.010.022.0,182.99997,188.07831,-0.70578146,0.15068494,74.0,9.72836,1.0
2021.07.06.0,23.499996,23.49784,-1.8142066,0.12054794,0.0,9.77985,1.0
2021.07.027.0,1880.0002,2030.198,0.76399136,0.3890411,0.0,9.741792,0.0
2021.09.07.0,66.00001,76.693726,-0.7824626,0.024657533,3351.0,9.769728,1.0
2021.012.024.0,1000.0001,749.1673,1.2634962,0.07397261,0.0,9.795568,0.0
2021.09.07.0,310.99997,427.01575,-0.07073754,0.12054794,230.0,9.76612,0.0
2021.06.015.0,55.999992,60.726055,-1.630037,0.51232874,0.0,9.714867,0.0
2021.09.030.0,570.0,394.51807,0.77248836,0.057534248,0.0,9.730502,1.0
2021.09.07.0,2270.0002,2328.7947,1.0899532,0.2739726,0.0,9.761579,0.0
2021.05.024.0,98.000015,35.602135,-0.86524326,0.071232885,1916.0,9.696279,0.0
2021.01.022.0,25.999998,27.493118,-1.7929679,0.15068494,20.0,9.683339,1.0
2021.011.012.0,1.3000002,1.1797041,-2.3223395,0.01643835,390.0,9.76824,1.0
2021.07.06.0,2189.9995,2050.9993,2.1043997,0.04383561,0.0,9.792444,0.0
2021.02.023.0,545.0001,456.4144,0.32071257,0.0630137,0.0,9.704122,0.0
2021.012.024.0,21.500002,32.853203,-1.9140128,0.22739726,4.0,9.790207,1.0
2021.09.07.0,33.000004,64.651855,-1.3214383,0.12054794,233.0,9.76612,0.0
2021.05.024.0,76.99999,63.008614,-1.1915071,0.16712329,21.0,9.689117,0.0
2021.02.023.0,1939.9998,1950.3344,0.55132866,0.56164384,0.0,9.666055,0.0
2021.07.027.0,82.999985,88.8588,-1.1949459,0.13972603,12.0,9.748178,1.0
2021.04.09.0,669.9999,766.35425,0.67472374,0.11232877,0.0,9.734181,0.0
2021.012.03.0,334.99994,358.96948,-0.77178216,0.53424656,0.0,9.7648,1.0
2021.02.023.0,267.00003,186.93448,-0.25339872,0.0630137,3352.0,9.704122,0.0
2021.08.017.0,23.0,26.65358,-1.9994932,0.58082193,45.0,9.709964,0.0
2021.012.03.0,1210.0002,1080.7538,0.16987705,0.53424656,0.0,9.7648,0.0
2021.02.023.0,14.000001,10.742105,-1.8005418,0.0630137,140.0,9.704122,1.0
2021.05.03.0,218.00005,186.33307,-0.9906101,0.3808219,0.0,9.74367,1.0
2021.01.022.0,82.0,101.03882,-1.3085455,0.4,0.0,9.670672,0.0
2021.09.030.0,438.0001,429.9618,-0.18163401,0.13424657,180.0,9.728479,0.0
2021.05.03.0,37.500004,28.258705,-1.6377684,0.05479452,3386.0,9.774005,1.0
2021.05.024.0,3.0,1.3641748,-2.5584652,0.071232885,0.0,9.696279,0.0
2021.07.027.0,247.00003,243.40034,-0.9964975,0.63835615,0.0,9.733647,1.0
2021.01.022.0,356.00006,471.66345,0.13471651,0.07397261,0.0,9.6883745,0.0
2021.010.022.0,138.0,129.0452,-0.9532,0.15068494,4.0,9.72836,1.0
2021.04.09.0,1780.0002,1923.486,0.7587892,0.43835616,0.0,9.70186,0.0
2021.011.012.0,1360.0,1320.8873,0.48768508,0.34246576,0.0,9.758808,0.0
2021.012.03.0,0.39999998,0.21985067,-2.9006288,0.035616443,0.0,9.781602,0.0
2021.07.027.0,17.0,16.040062,-2.1073716,0.13972603,1.0,9.748178,1.0
2021.05.024.0,575.00006,686.445,0.32791483,0.071232885,0.0,9.696279,1.0
2021.07.027.0,186.0,189.03766,-0.44315958,0.0630137,1416.0,9.752781,1.0
2021.07.027.0,42.000004,39.97542,-1.3980182,0.0630137,119.000015,9.752781,1.0
2021.03.017.0,279.99997,268.7678,-0.6173831,0.25205478,47.0,9.687444,1.0
2021.03.017.0,7.100001,14.609167,-1.9755093,0.17534247,3.0,9.691593,0.0
2021.05.024.0,400.99997,354.77435,-0.33083665,0.16712329,2.0,9.689117,1.0
2021.08.017.0,524.99994,272.91318,0.16632783,0.08219178,0.0,9.720646,1.0
2021.06.015.0,17.0,32.44357,-1.6186833,0.10958904,50.0,9.747067,1.0
2021.02.023.0,73.000015,69.44008,-1.5011008,0.31232876,0.0,9.692149,1.0
2021.011.012.0,1.8,2.1929681,-2.5019124,0.093150675,0.0,9.7668085,0.0
2021.02.023.0,92.0,69.91686,-0.87738204,0.0630137,4288.0,9.704122,1.0
2021.08.017.0,265.00006,220.50635,-0.98235023,0.58082193,3.0,9.709964,1.0
2021.011.012.0,2.2,4.1403956,-2.5004125,0.093150675,232.0,9.7668085,1.0
2021.09.07.0,2450.0005,2486.011,1.1756232,0.2739726,0.0,9.761579,0.0
2021.08.017.0,1719.9998,2257.1904,1.5315306,0.08219178,0.0,9.720646,0.0
2021.05.024.0,205.0,273.10052,-0.5363867,0.071232885,772.0,9.696279,1.0
2021.02.023.0,35.000004,27.55282,-1.3558998,0.0630137,809.0,9.704122,1.0
2021.05.024.0,22.500002,20.164328,-2.0202932,0.32054794,0.0,9.667766,0.0
2021.05.03.0,3.7000012,2.5366566,-2.516739,0.05479452,68.0,9.774005,1.0
2021.012.03.0,0.099999994,0.16198479,-3.3628385,0.035616443,0.0,9.781602,0.0
2021.03.017.0,18.499998,31.181383,-1.6708043,0.17534247,11.0,9.691593,0.0
2021.07.027.0,75.00001,73.353096,-1.2793424,0.13972603,12.999985,9.748178,1.0
2021.07.027.0,910.0,1013.4638,-0.05113709,0.63835615,0.0,9.733647,0.0
2021.011.012.0,6.7999997,9.638649,-2.256172,0.34246576,1.0,9.758808,0.0
2021.04.09.0,995.0001,1087.1749,1.0917733,0.11232877,0.0,9.734181,0.0
2021.010.022.0,1119.9999,1115.8292,0.0713501,0.64931506,0.0,9.715651,0.0
2021.012.024.0,37.500004,39.45844,-1.6538372,0.47671232,0.0,9.783013,0.0
2021.012.024.0,127.00002,185.85095,-0.48781797,0.07397261,1021.0,9.795568,1.0
2021.03.017.0,104.000015,90.50697,-1.1163305,0.17534247,3.0,9.691593,1.0
2021.05.03.0,5.200001,5.09517,-2.5732832,0.13150683,0.0,9.77087,1.0
2021.05.024.0,57.999996,60.69337,-1.59037,0.569863,1.0,9.654449,0.0
2021.07.06.0,24.0,21.961681,-1.5873408,0.12054794,23.0,9.77985,0.0
2021.011.012.0,115.99999,126.481316,-1.3356551,0.5917808,50.0,9.752257,1.0
2021.05.03.0,349.00003,290.47913,-0.6834579,0.3808219,1.0,9.74367,1.0
2021.09.07.0,384.99997,454.25232,0.83012533,0.024657533,0.0,9.769728,0.0
2021.07.027.0,113.00001,107.49696,-0.8103746,0.0630137,982.0,9.752781,1.0
2021.08.017.0,268.00006,405.37524,-0.30032027,0.1780822,4.0,9.71776,0.0
2021.03.017.0,180.99995,159.35123,-0.8968291,0.25205478,0.0,9.687444,1.0
2021.011.012.0,30.000002,40.1341,-1.3952276,0.093150675,189.0,9.7668085,1.0
2021.09.07.0,7.5000005,10.663702,-2.0310645,0.12054794,0.0,9.76612,0.0
2021.09.07.0,0.79999995,0.67523825,-2.695795,0.024657533,0.0,9.769728,1.0
2021.07.06.0,19.0,19.587963,-1.9065443,0.12054794,0.0,9.77985,1.0
2021.07.06.0,480.9999,391.58252,0.6265712,0.04383561,0.0,9.792444,0.0
2021.01.022.0,62.999992,59.596844,-1.607782,0.4,0.0,9.670672,1.0
2021.011.012.0,0.6,0.5856792,-2.5995624,0.01643835,36.0,9.76824,1.0
2021.012.024.0,1030.0,894.73096,0.16072333,0.47671232,0.0,9.783013,0.0
2021.07.027.0,644.99994,612.4394,-0.19334066,0.3890411,0.0,9.741792,1.0
2021.08.017.0,844.9999,628.40857,0.028512895,0.33150685,0.0,9.71396,1.0
2021.04.09.0,419.99994,417.6436,-0.6346186,0.68767124,0.0,9.690975,1.0
2021.09.07.0,50.000004,55.660934,-0.9409072,0.024657533,4803.0005,9.769728,1.0
2021.07.06.0,1730.0002,1751.1418,1.339597,0.12054794,0.0,9.77985,0.0
2021.010.022.0,352.99997,352.591,-0.68643796,0.64931506,0.0,9.715651,0.0
2021.03.017.0,495.00006,459.33347,-0.05988598,0.17534247,40.0,9.691593,1.0
2021.07.027.0,115.00001,118.72469,-1.0800072,0.13972603,4.0,9.748178,1.0
2021.05.024.0,223.99997,236.00227,-0.9591722,0.32054794,8.0,9.667766,1.0
2021.08.017.0,1180.0001,1562.5398,1.1230567,0.08219178,0.0,9.720646,0.0
2021.09.07.0,0.5,0.72270495,-2.8287027,0.024657533,0.0,9.769728,0.0
2021.07.027.0,2050.0,2204.8542,0.84268343,0.3890411,0.0,9.741792,0.0
2021.02.023.0,268.99997,241.53036,-0.74970144,0.31232876,38.0,9.692149,1.0
2021.08.017.0,13.500001,15.133215,-1.8229082,0.1780822,12.0,9.71776,0.0
2021.05.03.0,2.6000004,3.6263924,-2.1753523,0.05479452,59.0,9.774005,0.0
2021.011.012.0,205.0,225.09381,-1.025765,0.5917808,0.0,9.752257,1.0
2021.07.06.0,4.4,3.075854,-2.2302594,0.04383561,3.0,9.792444,0.0
2021.011.012.0,1080.0001,1203.1864,1.0679352,0.093150675,0.0,9.7668085,0.0
2021.09.030.0,1360.0,1404.3713,0.5650574,0.2109589,0.0,9.72669,0.0
2021.012.03.0,1509.9998,1567.1631,1.8383248,0.035616443,0.0,9.781602,0.0
2021.07.06.0,5.1,4.1822248,-2.0155566,0.04383561,11.0,9.792444,0.0
2021.05.03.0,487.99994,722.4952,0.38689685,0.13150683,0.0,9.77087,0.0
2021.012.03.0,0.3,0.18797383,-2.999389,0.035616443,3.0,9.781602,0.0
2021.05.03.0,39.500004,40.886677,-1.8506048,0.3808219,1.0,9.74367,1.0
2021.06.015.0,130.00003,189.98442,-0.48593998,0.10958904,360.0,9.747067,1.0
2021.05.024.0,2.6000004,1.2099597,-2.6037085,0.071232885,0.0,9.696279,0.0
2021.02.023.0,165.00002,136.65591,-1.2383461,0.56164384,1.0,9.666055,1.0
2021.012.024.0,820.0,613.8363,1.0304031,0.07397261,0.0,9.795568,0.0
2021.010.022.0,0.39999998,0.65025055,-3.0647144,0.15068494,0.0,9.72836,0.0
2021.08.017.0,10.0,11.123887,-2.0240328,0.1780822,1.0,9.71776,0.0
2021.03.017.0,1640.0,1782.2102,0.8543935,0.25205478,0.0,9.687444,0.0
2021.01.022.0,32.0,17.247343,-1.5527762,0.07397261,1543.0,9.6883745,1.0
2021.07.027.0,2730.0,2720.8276,1.6705606,0.13972603,0.0,9.748178,0.0
2021.02.023.0,46.0,34.953648,-1.6387044,0.1589041,1.0,9.700147,1.0
2021.05.024.0,2.3,1.1503844,-2.6117735,0.071232885,0.0,9.696279,0.0
2021.011.012.0,2.0,5.2518797,-2.4384203,0.093150675,0.0,9.7668085,1.0
2021.03.017.0,29.500002,24.38033,-1.5653458,0.09863014,274.0,9.695232,1.0
2021.09.030.0,8.5,7.4725633,-1.8799536,0.057534248,39.0,9.730502,1.0
2021.07.06.0,3.4999995,2.9448092,-2.477595,0.04383561,2.0,9.792444,1.0
2021.07.06.0,4.5,3.555819,-2.3726432,0.04383561,3.0,9.792444,1.0
2021.05.03.0,32.5,38.72134,-1.718093,0.3808219,0.0,9.74367,0.0
2021.03.017.0,130.00003,130.02669,-1.0679193,0.25205478,1.0,9.687444,1.0
2021.01.022.0,162.99997,133.96246,-1.1112187,0.4,82.0,9.670672,1.0
2021.07.027.0,1730.0002,1855.9778,0.6758565,0.3890411,0.0,9.741792,0.0
2021.010.022.0,20.0,21.226906,-1.5768042,0.07397261,825.0,9.729908,0.0
2021.012.024.0,12.500001,26.54932,-1.8193573,0.07397261,207.0,9.795568,1.0
2021.09.030.0,370.00006,340.80103,-0.66316956,0.46027398,0.0,9.715953,1.0
2021.05.03.0,1480.0002,1930.6073,2.3695908,0.05479452,0.0,9.774005,0.0
2021.09.030.0,7.700001,6.005025,-2.2060716,0.2109589,0.0,9.72669,0.0
2021.07.027.0,640.0,657.71735,0.5407131,0.0630137,0.0,9.752781,0.0
2021.08.017.0,1160.0,716.54083,1.1356483,0.08219178,0.0,9.720646,1.0
2021.03.017.0,36.999996,28.902775,-1.4584504,0.09863014,970.0,9.695232,1.0
2021.011.012.0,36.999996,46.182373,-1.558107,0.1890411,3.0,9.763651,1.0
2021.09.07.0,125.00001,216.24548,-0.6363041,0.12054794,241.0,9.76612,0.0
2021.07.06.0,54.000004,57.543423,-1.5632169,0.44657534,6.0,9.76319,0.0
2021.05.03.0,325.99994,261.65195,-0.7619175,0.3808219,1.0,9.74367,1.0
2021.06.015.0,1740.0,1735.4591,0.5213406,0.51232874,0.0,9.714867,0.0
2021.010.022.0,292.99994,303.66647,-0.90862525,0.64931506,15.0,9.715651,1.0
2021.012.03.0,286.00006,250.8969,-0.5844285,0.2849315,11.0,9.773322,0.0
2021.06.015.0,6.7,9.569497,-2.2947695,0.2630137,0.0,9.725855,0.0
2021.08.017.0,1200.0001,1552.6719,0.49161112,0.33150685,0.0,9.71396,0.0
2021.010.022.0,1.1,1.1661158,-2.6769536,0.07397261,0.0,9.729908,0.0
2021.010.022.0,28.000002,25.094097,-1.4604739,0.07397261,336.0,9.729908,1.0
2021.07.027.0,128.0,124.50615,-0.7239131,0.0630137,1380.0,9.752781,1.0
2021.09.07.0,725.0,802.88574,0.09155226,0.2739726,0.0,9.761579,0.0
2021.08.017.0,38.999996,48.148087,-1.7143537,0.58082193,0.0,9.709964,0.0
2021.03.017.0,680.0,754.5162,-0.14763904,0.50136983,5.0,9.660141,0.0
2021.012.024.0,28.999998,63.711136,-1.3794981,0.07397261,745.0,9.795568,1.0
2021.07.027.0,555.0001,589.5923,0.44777608,0.0630137,0.0,9.752781,0.0
2021.09.07.0,0.6,0.3605169,-3.1168423,0.024657533,21.0,9.769728,1.0
2021.03.017.0,33.5,26.71321,-1.5208162,0.09863014,106.0,9.695232,1.0
2021.05.024.0,17.0,8.119318,-2.2191334,0.16712329,0.0,9.689117,0.0
2021.05.03.0,125.999985,213.2535,-0.494362,0.13150683,290.0,9.77087,0.0
2021.05.024.0,904.9998,1059.8501,0.84768057,0.071232885,0.0,9.696279,1.0
2021.07.06.0,7.5000005,6.295436,-2.1265552,0.04383561,33.0,9.792444,1.0
2021.04.09.0,24.499996,21.717333,-1.842524,0.1890411,0.0,9.730621,1.0
2021.07.027.0,675.0001,725.6039,-0.09031081,0.3890411,20.0,9.741792,0.0
2021.02.023.0,50.000004,44.299606,-1.4919096,0.1589041,30.0,9.700147,1.0
2021.02.023.0,104.999985,92.406906,-1.0316644,0.1589041,4.0,9.700147,0.0
2021.05.024.0,625.00006,756.9508,0.037262082,0.16712329,0.0,9.689117,1.0
2021.05.03.0,8.699999,9.673278,-2.3085077,0.13150683,47.0,9.77087,1.0
2021.012.024.0,23.0,21.520187,-1.5581306,0.15068494,10.0,9.793784,0.0
2021.08.017.0,85.0,45.178055,-1.2262108,0.08219178,239.0,9.720646,1.0
2021.03.017.0,44.000004,47.91147,-1.6136161,0.25205478,1.0,9.687444,1.0
2021.011.012.0,7.5000005,12.526314,-1.9779621,0.093150675,2.0,9.7668085,1.0
2021.012.03.0,432.00003,471.55936,-0.58654904,0.53424656,0.0,9.7648,1.0
2021.06.015.0,55.999992,56.247055,-1.4480021,0.2630137,47.0,9.725855,0.0
2021.05.024.0,1100.0001,1314.5687,0.29483294,0.32054794,0.0,9.667766,1.0
2021.011.012.0,88.00001,96.90669,-1.1459504,0.1890411,14.0,9.763651,1.0
2021.09.07.0,6.3,12.677766,-1.688479,0.024657533,1399.0,9.769728,0.0
2021.05.024.0,358.99994,262.5557,-0.38961667,0.16712329,5.0,9.689117,0.0
2021.05.03.0,690.00006,967.06775,0.64072907,0.13150683,0.0,9.77087,0.0
2021.02.023.0,3.0,1.7398363,-2.529092,0.0630137,273.0,9.704122,1.0
2021.05.024.0,1.8999999,1.012713,-2.6423244,0.071232885,0.0,9.696279,0.0
2021.05.03.0,30.999998,30.919579,-1.7719916,0.13150683,67.0,9.77087,1.0
2021.07.027.0,100.999985,92.81676,-0.8934854,0.0630137,693.0,9.752781,1.0
2021.05.03.0,46.0,48.953415,-1.7852343,0.3808219,1.0,9.74367,1.0
2021.07.06.0,328.0,362.26498,-0.6559564,0.44657534,0.0,9.76319,1.0
2021.01.022.0,20.0,12.127456,-1.7382449,0.07397261,6679.0,9.6883745,1.0
2021.02.023.0,143.00003,140.03082,-1.2291043,0.56164384,0.0,9.666055,0.0
2021.08.017.0,171.99997,117.962715,-0.94877636,0.1780822,0.0,9.71776,1.0
2021.05.03.0,10.0,10.459504,-2.3084083,0.13150683,129.0,9.77087,1.0
2021.05.024.0,4.2000003,2.0197613,-2.2738655,0.071232885,2.0,9.696279,0.0
2021.02.023.0,775.0,700.286,0.64021564,0.0630137,0.0,9.704122,0.0
2021.09.07.0,789.9995,843.8982,-0.073281646,0.52328765,0.0,9.754756,0.0
2021.010.022.0,15.000001,12.827189,-2.0726798,0.15068494,12.999985,9.72836,1.0
2021.04.09.0,20.0,17.23959,-2.045064,0.1890411,11.0,9.730621,1.0
2021.05.024.0,348.0,430.11478,-0.13969672,0.071232885,1571.0,9.696279,1.0
2021.012.024.0,5.4,4.3086042,-2.0033653,0.07397261,3.0,9.795568,0.0
2021.03.017.0,146.00003,185.85327,-0.78807914,0.17534247,2.0,9.691593,0.0
2021.09.07.0,60.000004,68.06387,-1.3144437,0.12054794,54.0,9.76612,1.0
2021.03.017.0,120.00001,121.26456,-1.3013126,0.50136983,5.0,9.660141,1.0
2021.010.022.0,48.500004,59.63289,-1.6707748,0.64931506,0.0,9.715651,0.0
2021.06.015.0,73.000015,115.64785,-0.81182057,0.10958904,1195.0,9.747067,1.0
2021.09.07.0,3.1999998,5.110038,-2.2625763,0.12054794,1.0,9.76612,0.0
2021.02.023.0,585.0001,532.9828,0.015054107,0.1589041,0.0,9.700147,0.0
2021.011.012.0,68.0,73.863014,-0.4749809,0.01643835,20925.0,9.76824,0.0
2021.08.017.0,2.5,2.0947292,-2.4385786,0.08219178,0.0,9.720646,0.0
2021.010.022.0,39.500004,37.293934,-1.6416432,0.15068494,2.0,9.72836,1.0
2021.03.017.0,349.00003,314.0768,-0.7095178,0.50136983,0.0,9.660141,1.0
2021.05.03.0,50.000004,32.472233,-1.503636,0.05479452,1290.0,9.774005,1.0
2021.05.024.0,760.0,883.4144,0.6295891,0.071232885,0.0,9.696279,1.0
2021.05.024.0,600.00006,718.7446,-0.432253,0.569863,1.0,9.654449,1.0
2021.010.022.0,1.5,1.4688714,-2.6192315,0.07397261,0.0,9.729908,0.0
2021.012.024.0,46.999992,48.43675,-1.568364,0.47671232,0.0,9.783013,0.0
2021.09.030.0,98.000015,85.27907,-1.2699118,0.2109589,0.0,9.72669,1.0
2021.07.06.0,24.0,42.424843,-1.4864411,0.04383561,1680.0,9.792444,1.0
2021.07.027.0,69.0,67.19989,-1.3806744,0.13972603,1.0,9.748178,1.0
2021.010.022.0,1.0,0.7123338,-2.9668176,0.15068494,0.0,9.72836,0.0
2021.02.023.0,222.99998,154.42206,-0.37232196,0.0630137,1631.0,9.704122,0.0
2021.012.03.0,121.000015,134.72806,-1.2122073,0.2849315,12.0,9.773322,1.0
2021.04.09.0,34.5,30.472027,-1.6509744,0.1890411,85.0,9.730621,1.0
2021.03.017.0,429.99994,597.76636,0.25853264,0.09863014,0.0,9.695232,0.0
2021.07.06.0,2.1000001,1.7894925,-2.3038068,0.04383561,0.0,9.792444,0.0
2021.02.023.0,473.99994,399.3591,-0.5792884,0.56164384,0.0,9.666055,1.0
2021.07.06.0,20.0,23.38964,-1.998554,0.19726028,0.0,9.773948,1.0
2021.09.07.0,28.000002,31.639038,-1.7201024,0.2739726,0.0,9.761579,0.0
2021.07.027.0,165.99997,162.93369,-0.54018426,0.0630137,679.0,9.752781,1.0
2021.06.015.0,38.0,68.54853,-1.1738967,0.10958904,962.99994,9.747067,1.0
2021.08.017.0,9.900001,17.571457,-1.7329745,0.08219178,531.0,9.720646,0.0
2021.012.03.0,0.39999998,0.21451426,-2.9126494,0.035616443,0.0,9.781602,0.0
2021.05.024.0,720.00006,851.12427,0.16810071,0.16712329,0.0,9.689117,1.0
2021.09.07.0,35.000004,38.197243,-1.7815382,0.52328765,1.0,9.754756,0.0
2021.07.027.0,885.0001,886.6044,0.8255708,0.0630137,0.0,9.752781,0.0
2021.012.024.0,25.5,24.778957,-1.8245292,0.47671232,0.0,9.783013,0.0
2021.03.017.0,152.0,186.42763,-1.0696685,0.50136983,0.0,9.660141,0.0
2021.03.017.0,275.00003,358.60065,-0.33311832,0.17534247,0.0,9.691593,0.0
2021.05.024.0,445.00006,516.2586,-0.25075865,0.16712329,11.0,9.689117,1.0
2021.09.030.0,143.00003,156.8339,-0.85115415,0.13424657,103.0,9.728479,0.0
2021.010.022.0,44.499992,42.58461,-1.5659842,0.15068494,3.0,9.72836,1.0
2021.07.027.0,12.500001,9.762418,-2.0137944,0.13972603,1.0,9.748178,0.0
2021.01.022.0,7.100001,6.8494873,-2.111612,0.07397261,9.0,9.6883745,1.0
2021.06.015.0,173.00002,178.569,-1.0877464,0.51232874,4.0,9.714867,1.0
2021.06.015.0,128.99998,128.9589,-1.2504631,0.51232874,0.0,9.714867,0.0
2021.05.024.0,314.99997,372.67432,-0.2248804,0.071232885,2193.0,9.696279,1.0
2021.05.03.0,41.0,44.5328,-1.8134714,0.3808219,3.0,9.74367,1.0
2021.07.027.0,725.0,807.98065,-0.21994573,0.63835615,0.0,9.733647,0.0
2021.03.017.0,138.0,145.60396,-0.98343885,0.25205478,0.0,9.687444,1.0
2021.01.022.0,410.0,354.13647,-0.68110305,0.64931506,0.0,9.644652,1.0
2021.010.022.0,182.0,171.34926,-0.7633623,0.15068494,37.0,9.72836,1.0
2021.05.024.0,27.000002,24.231688,-1.9492724,0.32054794,0.0,9.667766,0.0
2021.05.024.0,5.3000007,5.483669,-2.3997514,0.16712329,8.0,9.689117,0.0
2021.09.07.0,100.999985,123.2916,-1.0683334,0.2739726,14.0,9.761579,0.0
2021.011.012.0,82.0,96.32074,-1.3871667,0.34246576,2.0,9.758808,1.0
2021.011.012.0,1049.9999,1089.1934,1.7896919,0.01643835,0.0,9.76824,0.0
2021.05.03.0,46.5,58.54851,-1.5439742,0.3808219,30.0,9.74367,0.0
2021.09.030.0,307.99997,289.3784,-0.79106784,0.46027398,0.0,9.715953,1.0
2021.03.017.0,180.00002,168.02249,-1.1063062,0.50136983,0.0,9.660141,1.0
2021.08.017.0,13.500001,30.151157,-1.5516769,0.08219178,497.0,9.720646,0.0
2021.06.015.0,1420.0002,1428.4404,0.3593917,0.51232874,0.0,9.714867,0.0
2021.07.06.0,2290.0,2195.358,2.116639,0.04383561,0.0,9.792444,0.0
2021.04.09.0,1189.9998,1341.3735,0.37420237,0.43835616,0.0,9.70186,0.0
2021.07.027.0,385.99994,385.03723,-0.15452838,0.13972603,7.0,9.748178,0.0
2021.011.012.0,820.0,929.4649,0.7567252,0.093150675,0.0,9.7668085,0.0
2021.011.012.0,0.19999999,0.13752191,-3.2665033,0.093150675,653.0,9.7668085,0.0
2021.09.07.0,237.99995,242.57573,-0.8806966,0.2739726,11.0,9.761579,1.0
2021.011.012.0,0.099999994,0.11389137,-3.255028,0.01643835,0.0,9.76824,0.0
2021.011.012.0,419.99994,415.81424,-0.56137025,0.5917808,0.0,9.752257,0.0
2021.06.015.0,200.99995,220.52853,-0.95897484,0.51232874,0.0,9.714867,1.0
2021.01.022.0,204.0,171.50955,-1.0929569,0.64931506,0.0,9.644652,1.0
2021.07.06.0,1.5,1.3771155,-2.355566,0.04383561,0.0,9.792444,0.0
2021.02.023.0,1470.0002,1482.1111,1.3821063,0.0630137,0.0,9.704122,0.0
2021.08.017.0,201.99997,263.07727,-0.8990186,0.58082193,0.0,9.709964,0.0
2021.011.012.0,4.5,10.322087,-2.1287181,0.093150675,128.0,9.7668085,1.0
2021.07.027.0,78.999985,72.42968,-1.0463309,0.0630137,237.0,9.752781,1.0
2021.06.015.0,1049.9999,972.6302,0.7628602,0.10958904,0.0,9.747067,0.0
2021.012.024.0,559.99994,663.5216,-0.3183152,0.47671232,1.0,9.783013,1.0
2021.03.017.0,17.500002,23.377632,-2.029503,0.25205478,0.0,9.687444,1.0
2021.05.024.0,480.00003,298.08783,0.05223322,0.071232885,0.0,9.696279,0.0
2021.010.022.0,7.5000005,6.8925962,-2.1642168,0.15068494,0.0,9.72836,0.0
2021.012.024.0,88.00001,57.31001,-1.1623832,0.22739726,5.0,9.790207,0.0
2021.01.022.0,8.3,19.467129,-2.2377076,0.15068494,297.0,9.683339,1.0
2021.04.09.0,51.999996,65.265465,-1.5836105,0.43835616,0.0,9.70186,0.0
2021.07.06.0,7.2000003,5.4867263,-2.0085917,0.12054794,1.0,9.77985,0.0
2021.02.023.0,411.99997,432.58688,-0.59698296,0.56164384,0.0,9.666055,0.0
2021.07.027.0,149.0,143.45338,-1.2298673,0.3890411,2.0,9.741792,1.0
2021.09.030.0,10.500001,9.93989,-1.782082,0.057534248,96.0,9.730502,1.0
2021.02.023.0,40.0,35.60276,-1.2873268,0.0630137,1858.0,9.704122,1.0
2021.03.017.0,51.0,61.583015,-1.5310466,0.25205478,4.0,9.687444,1.0
2021.05.024.0,6.1000004,4.410631,-2.408509,0.071232885,117.0,9.696279,1.0
2021.010.022.0,180.00002,166.44693,-0.6421104,0.15068494,25.0,9.72836,0.0
2021.011.012.0,914.9999,1017.1272,0.836697,0.093150675,0.0,9.7668085,0.0
2021.01.022.0,121.99998,109.094604,-1.3559266,0.64931506,23.0,9.644652,1.0
2021.07.027.0,268.00006,263.67255,-0.95038056,0.63835615,2.0,9.733647,1.0
2021.08.017.0,388.99994,314.59152,-0.7457017,0.58082193,0.0,9.709964,1.0
2021.06.015.0,37.500004,46.90824,-1.6958611,0.2630137,0.0,9.725855,1.0
2021.05.024.0,81.00001,79.21247,-1.5002801,0.32054794,8.0,9.667766,1.0
2021.09.07.0,3.0,3.3246584,-2.2120848,0.024657533,1120.0,9.769728,1.0
2021.03.017.0,393.00006,499.2672,-0.09548384,0.17534247,7.0,9.691593,0.0
2021.05.024.0,30.500002,28.362083,-1.6110839,0.071232885,359.0,9.696279,1.0
2021.07.027.0,27.000002,25.079006,-1.6382022,0.0630137,98.0,9.752781,1.0
2021.01.022.0,14.000001,10.863605,-1.8539529,0.07397261,590.0,9.6883745,1.0
2021.05.024.0,960.00006,1121.324,-0.071296096,0.569863,1.0,9.654449,1.0
2021.010.022.0,461.99997,540.8755,0.26683176,0.07397261,0.0,9.729908,0.0
2021.012.024.0,180.00002,134.98714,-0.5276311,0.15068494,24.0,9.793784,0.0
2021.010.022.0,156.00003,155.97786,-0.74490917,0.15068494,74.0,9.72836,0.0
2021.010.022.0,160.99997,170.82869,-1.139319,0.4,1.0,9.721366,1.0
2021.09.030.0,8.6,8.411669,-2.0800204,0.13424657,0.0,9.728479,0.0
2021.02.023.0,41.0,28.906187,-1.3500909,0.0630137,751.0,9.704122,0.0
2021.05.024.0,145.0,166.66199,-0.9996827,0.16712329,0.0,9.689117,1.0
2021.012.024.0,50.000004,44.472164,-0.95938176,0.07397261,2917.0,9.795568,0.0
2021.010.022.0,609.99994,593.6764,0.1554408,0.15068494,0.0,9.72836,0.0
2021.09.030.0,159.00003,139.46422,-0.81200457,0.13424657,10.0,9.728479,1.0
2021.011.012.0,335.99994,348.38898,-0.34077954,0.1890411,11.0,9.763651,0.0
2021.06.015.0,115.00001,118.2479,-1.1102152,0.2630137,0.0,9.725855,0.0
2021.07.06.0,45.000004,51.33963,-1.6214387,0.44657534,1.0,9.76319,0.0
2021.07.027.0,198.00003,197.05954,-0.51520973,0.13972603,12.999985,9.748178,0.0
2021.011.012.0,254.00005,270.79904,-0.732428,0.34246576,3.0,9.758808,1.0
2021.05.024.0,132.00002,151.28905,-1.208661,0.32054794,4.0,9.667766,1.0
2021.09.030.0,104.999985,60.954777,-0.72915417,0.057534248,987.0,9.730502,1.0
2021.012.03.0,660.0001,581.0408,-0.02471888,0.2849315,0.0,9.773322,0.0
2021.05.03.0,1390.0001,1809.4707,1.8222454,0.05479452,0.0,9.774005,0.0
2021.012.024.0,1.8,1.0601523,-2.550456,0.07397261,2.0,9.795568,0.0
2021.04.09.0,1350.0002,1539.312,0.46760118,0.035616443,0.0,9.736842,0.0
2021.011.012.0,236.99997,218.89116,-0.93754256,0.5917808,0.0,9.752257,0.0
2021.05.024.0,19.499998,9.590828,-2.123208,0.16712329,0.0,9.689117,0.0
2021.07.027.0,237.99995,258.84134,-0.7598349,0.3890411,0.0,9.741792,0.0
2021.03.017.0,91.0,92.97787,-1.2580649,0.25205478,2.0,9.687444,1.0
2021.08.017.0,16.500002,17.813452,-1.9400785,0.33150685,0.0,9.71396,0.0
2021.01.022.0,46.0,40.759262,-1.5344934,0.15068494,27.0,9.683339,1.0
2021.05.024.0,12.999999,5.692849,-1.7206644,0.071232885,109.0,9.696279,0.0
2021.05.024.0,520.0001,617.18066,0.22912693,0.071232885,0.0,9.696279,1.0
2021.011.012.0,0.19999999,0.31045988,-3.0657046,0.01643835,0.0,9.76824,1.0
2021.07.06.0,19.0,20.94004,-2.0234952,0.19726028,0.0,9.773948,1.0
2021.02.023.0,91.0,96.74856,-1.2974925,0.31232876,0.0,9.692149,0.0
2021.09.07.0,0.39999998,0.42285585,-2.949592,0.024657533,0.0,9.769728,0.0
2021.011.012.0,0.099999994,0.4498659,-2.8115199,0.01643835,63.0,9.76824,0.0
2021.012.024.0,196.00003,257.3506,-0.99491733,0.47671232,5.0,9.783013,1.0
2021.04.09.0,2099.9998,2252.4758,0.94242525,0.43835616,0.0,9.70186,0.0
2021.02.023.0,17.500002,12.54098,-1.7757056,0.0630137,220.0,9.704122,1.0
2021.01.022.0,18.0,13.880262,-1.778869,0.07397261,852.0,9.6883745,1.0
2021.08.017.0,117.00002,161.69748,-0.964671,0.33150685,1.0,9.71396,0.0
2021.012.024.0,190.0,272.58636,-0.53008944,0.15068494,1.0,9.793784,1.0
2021.010.022.0,286.00006,275.23288,-0.36560357,0.15068494,28.0,9.72836,0.0
2021.05.024.0,376.00006,476.07504,-0.05150795,0.071232885,932.0,9.696279,1.0
2021.03.017.0,615.0,557.95154,-0.06825322,0.25205478,1.0,9.687444,1.0
2021.07.06.0,17.500002,14.86473,-1.6973529,0.12054794,0.0,9.77985,0.0
2021.011.012.0,15.000001,28.856773,-0.8597015,0.01643835,12932.0,9.76824,1.0
2021.07.06.0,125.999985,148.90219,-1.225581,0.44657534,5.0,9.76319,1.0
2021.09.07.0,0.099999994,0.36454606,-3.3276021,0.024657533,22.0,9.769728,1.0
2021.08.017.0,1009.99994,1360.9095,1.0184803,0.08219178,0.0,9.720646,0.0
2021.012.024.0,36.5,47.46581,-1.7730268,0.22739726,5.0,9.790207,1.0
2021.02.023.0,171.0,151.66985,-1.1866167,0.56164384,0.0,9.666055,1.0
2021.07.06.0,19.499998,32.980034,-1.5981264,0.04383561,1867.0,9.792444,1.0
2021.07.06.0,2090.0,1942.6177,2.091483,0.04383561,0.0,9.792444,0.0
2021.08.017.0,145.0,210.5417,-0.88059574,0.33150685,18.0,9.71396,0.0
2021.010.022.0,46.5,59.15277,-1.5862058,0.4,0.0,9.721366,0.0
2021.07.06.0,930.0,872.8184,-0.07362765,0.6958904,0.0,9.753769,0.0
2021.08.017.0,23.499996,36.481285,-1.6034467,0.1780822,23.0,9.71776,0.0
2021.07.06.0,1629.9998,1648.8401,1.2570632,0.12054794,0.0,9.77985,0.0
2021.05.03.0,176.00002,256.16962,-0.76742184,0.3808219,0.0,9.74367,0.0
2021.05.024.0,290.0,336.81952,-0.90183485,0.569863,0.0,9.654449,1.0
2021.09.030.0,30.000002,20.440647,-1.392342,0.057534248,375.0,9.730502,1.0
2021.02.023.0,193.99997,149.79973,-0.72908217,0.1589041,196.0,9.700147,1.0
2021.05.03.0,1420.0002,1777.4465,1.2840006,0.13150683,0.0,9.77087,0.0
2021.06.015.0,51.999996,52.806046,-1.7115647,0.51232874,0.0,9.714867,0.0
2021.09.030.0,203.00005,189.90298,-0.6327936,0.13424657,55.0,9.728479,1.0
2021.07.027.0,22.500002,23.177826,-1.8892171,0.13972603,4.0,9.748178,1.0
2021.08.017.0,1450.0,1131.0394,0.2896843,0.58082193,0.0,9.709964,1.0
2021.02.023.0,30.500002,38.083595,-1.8124247,0.31232876,0.0,9.692149,1.0
2021.05.03.0,6.1000004,6.0187907,-2.4507365,0.13150683,0.0,9.77087,1.0
2021.07.027.0,458.0,457.43735,-0.45385152,0.3890411,0.0,9.741792,1.0
2021.09.07.0,1.3999997,1.7247816,-2.3651016,0.024657533,35.0,9.769728,1.0
2021.09.07.0,265.99994,367.96124,-0.17835343,0.12054794,146.0,9.76612,0.0
2021.09.07.0,4.7000003,4.477622,-2.0237896,0.024657533,481.0,9.769728,1.0
2021.06.015.0,19.0,37.751053,-1.5150317,0.10958904,70.0,9.747067,1.0
2021.01.022.0,33.5,24.78843,-1.7149727,0.15068494,70.0,9.683339,1.0
2021.01.022.0,6.6000004,6.7391124,-2.115196,0.07397261,349.0,9.6883745,1.0
2021.07.06.0,1880.0002,1948.8004,1.1042693,0.19726028,0.0,9.773948,0.0
2021.010.022.0,609.99994,583.55615,0.26590633,0.15068494,0.0,9.72836,1.0
2021.09.030.0,100.00001,69.94217,-1.2111459,0.13424657,98.0,9.728479,1.0
2021.012.03.0,28.999998,25.639488,-1.7465669,0.2849315,5.0,9.773322,0.0
2021.09.030.0,4.8,2.7007618,-2.462933,0.2109589,7.0,9.72669,0.0
2021.02.023.0,4.8,2.8451223,-2.3480043,0.0630137,32.0,9.704122,1.0
2021.06.015.0,355.00006,351.5334,-0.438622,0.2630137,60.000015,9.725855,0.0
2021.012.024.0,128.99998,95.51244,-0.7595717,0.15068494,77.0,9.793784,0.0
2021.05.03.0,131.00002,96.89168,-1.1315731,0.13150683,1187.0,9.77087,1.0
2021.06.015.0,6.7999997,11.99452,-2.0950336,0.10958904,3.0,9.747067,1.0
2021.07.06.0,429.99994,389.18304,0.07566154,0.12054794,0.0,9.77985,0.0
2021.02.023.0,94.000015,80.80168,-1.1571109,0.1589041,2.0,9.700147,1.0
2021.011.012.0,418.0,423.5751,-0.36618084,0.34246576,50.0,9.758808,1.0
2021.02.023.0,1.1,0.7244363,-2.9628837,0.0630137,159.0,9.704122,1.0
2021.07.06.0,31.500004,36.123215,-1.8057185,0.19726028,0.0,9.773948,1.0
2021.011.012.0,20.0,31.562572,-1.5536219,0.093150675,54.0,9.7668085,1.0
2021.02.023.0,8.400001,6.1935887,-2.0831034,0.0630137,450.0,9.704122,1.0
2021.08.017.0,4.6,4.933216,-2.0947664,0.08219178,0.0,9.720646,0.0
2021.08.017.0,120.00001,170.87683,-0.728008,0.1780822,12.0,9.71776,0.0
2021.012.03.0,173.99998,207.91188,-0.98011696,0.2849315,0.0,9.773322,1.0
2021.07.06.0,2610.0,2513.7146,1.045058,0.44657534,0.0,9.76319,0.0
2021.010.022.0,625.00006,608.83636,-0.35592538,0.64931506,1.0,9.715651,0.0
2021.07.027.0,139.99998,146.20854,-0.712611,0.13972603,8.0,9.748178,0.0
2021.05.024.0,5.799999,3.1925082,-2.5030944,0.071232885,5.0,9.696279,1.0
2021.01.022.0,74.00001,57.195374,-1.3519382,0.15068494,33.0,9.683339,1.0
2021.04.09.0,8.899999,8.989981,-2.3443518,0.1890411,3.0,9.730621,1.0
2021.03.017.0,145.0,144.20581,-1.2093409,0.50136983,0.0,9.660141,1.0
2021.012.024.0,486.00006,344.91467,0.5063293,0.07397261,0.0,9.795568,0.0
2021.012.024.0,1.5,0.9306786,-2.5374007,0.07397261,9.0,9.795568,0.0
2021.08.017.0,289.0,477.64697,0.06560421,0.08219178,0.0,9.720646,0.0
2021.09.030.0,50.000004,47.977715,-1.4221288,0.13424657,22.0,9.728479,1.0
2021.08.017.0,427.00006,339.93857,-0.6875722,0.58082193,2.0,9.709964,1.0
2021.07.06.0,769.99994,742.36914,0.53663945,0.12054794,0.0,9.77985,0.0
2021.09.030.0,28.000002,25.349228,-1.9263859,0.46027398,32.0,9.715953,0.0
2021.09.030.0,281.00003,264.50998,-0.85276,0.46027398,0.0,9.715953,1.0
2021.012.024.0,15.499999,26.344795,-1.8937166,0.15068494,42.0,9.793784,1.0
2021.06.015.0,157.0,190.72972,-0.84147024,0.2630137,2.0,9.725855,1.0
2021.02.023.0,421.0001,366.47742,-0.21116799,0.1589041,23.0,9.700147,0.0
2021.09.07.0,1629.9998,1940.1978,2.6050107,0.024657533,0.0,9.769728,0.0
2021.07.027.0,196.00003,209.65808,-0.8726845,0.3890411,0.0,9.741792,0.0
2021.012.024.0,89.00001,115.47862,-1.4427968,0.47671232,1.0,9.783013,1.0
2021.012.024.0,279.99997,378.39655,-0.7622814,0.47671232,0.0,9.783013,1.0
2021.07.06.0,1.1,1.0206558,-2.485213,0.04383561,0.0,9.792444,0.0
2021.02.023.0,43.499996,36.95772,-1.5902375,0.1589041,8.0,9.700147,1.0
2021.09.07.0,8.899999,9.05679,-1.7740378,0.024657533,987.0,9.769728,1.0
2021.02.023.0,850.0,799.5405,0.7385471,0.0630137,0.0,9.704122,0.0
2021.07.027.0,1009.99994,1132.1824,0.031227946,0.63835615,0.0,9.733647,0.0
2021.05.03.0,208.00003,306.94757,-0.6591643,0.3808219,10.0,9.74367,0.0
2021.05.024.0,23.499996,16.19749,-1.8549877,0.16712329,20.0,9.689117,0.0
2021.011.012.0,136.0,141.64134,-0.8962875,0.1890411,66.0,9.763651,1.0
2021.011.012.0,0.099999994,0.11475465,-3.3060334,0.01643835,0.0,9.76824,0.0
2021.05.03.0,1289.9999,1692.1641,1.8030727,0.05479452,0.0,9.774005,0.0
2021.05.024.0,180.00002,181.75482,-1.0977163,0.32054794,17.0,9.667766,1.0
2021.02.023.0,1480.0002,1564.3618,0.31932056,0.56164384,0.0,9.666055,0.0
2021.09.030.0,25.5,28.826923,-1.705087,0.13424657,51.0,9.728479,0.0
2021.05.024.0,360.00003,303.26407,-0.7381705,0.569863,0.0,9.654449,0.0
2021.02.023.0,38.0,44.094044,-1.7171797,0.31232876,0.0,9.692149,1.0
2021.07.027.0,20.5,20.130962,-1.9646795,0.13972603,0.0,9.748178,1.0
2021.02.023.0,123.99999,88.63068,-0.73073727,0.0630137,4498.0,9.704122,0.0
2021.010.022.0,384.0,365.09668,-0.18459326,0.15068494,8.0,9.72836,0.0
2021.08.017.0,279.99997,368.01,-0.70863885,0.58082193,5.0,9.709964,0.0
2021.03.017.0,22.500002,17.154766,-1.7146838,0.09863014,315.0,9.695232,1.0
2021.08.017.0,2.7,2.1506763,-2.4204497,0.08219178,0.0,9.720646,0.0
2021.07.06.0,268.99997,235.59975,0.16543484,0.04383561,0.0,9.792444,0.0
2021.09.030.0,92.0,167.15201,-0.8507607,0.057534248,4928.0,9.730502,0.0
2021.09.030.0,9.0,8.5229435,-2.050046,0.13424657,0.0,9.728479,0.0
2021.03.017.0,68.0,71.65247,-1.4813569,0.25205478,2.0,9.687444,1.0
2021.012.024.0,251.00003,176.62988,-0.29858583,0.15068494,20.0,9.793784,0.0
2021.05.024.0,22.500002,18.494688,-1.7693464,0.071232885,475.0,9.696279,1.0
2021.02.023.0,28.999998,20.10148,-1.5038686,0.0630137,423.0,9.704122,1.0
2021.07.06.0,93.0,104.327286,-1.1940755,0.19726028,4.0,9.773948,1.0
2021.06.015.0,442.00006,362.30783,0.0042470694,0.10958904,0.0,9.747067,0.0
2021.012.03.0,660.0001,577.7423,0.93422127,0.035616443,0.0,9.781602,0.0
2021.06.015.0,1800.0002,1760.147,1.4763067,0.10958904,0.0,9.747067,0.0
2021.010.022.0,486.00006,465.23752,-0.010967374,0.15068494,14.0,9.72836,0.0
2021.012.03.0,2710.0005,2632.5762,2.779354,0.035616443,0.0,9.781602,0.0
2021.03.017.0,106.999985,152.29527,-0.9865659,0.25205478,0.0,9.687444,0.0
2021.07.06.0,7.799999,6.93047,-2.094478,0.04383561,61.0,9.792444,1.0
2021.09.07.0,0.099999994,0.19554493,-3.1513183,0.024657533,0.0,9.769728,0.0
2021.012.024.0,3.300001,2.7068555,-2.2254574,0.07397261,24.0,9.795568,0.0
2021.012.024.0,256.0,343.47464,-0.82854867,0.47671232,0.0,9.783013,1.0
2021.07.06.0,1030.0,1037.0691,0.56689,0.19726028,0.0,9.773948,0.0
2021.09.030.0,695.00006,616.00464,0.15801585,0.2109589,0.0,9.72669,1.0
2021.05.03.0,196.00003,171.87093,-1.0474168,0.3808219,1.0,9.74367,1.0
2021.05.024.0,121.000015,55.964302,-0.76536894,0.071232885,5231.0,9.696279,0.0
2021.07.06.0,65.000015,75.933235,-1.6173795,0.44657534,27.0,9.76319,1.0
2021.04.09.0,8.1,7.2617145,-2.551807,0.1890411,1.0,9.730621,1.0
2021.03.017.0,429.99994,552.29803,-0.014898419,0.17534247,2.0,9.691593,0.0
2021.03.017.0,1230.0,1504.6996,1.1893084,0.09863014,0.0,9.695232,0.0
2021.012.03.0,12.999999,27.555067,-1.5772468,0.035616443,655.0,9.781602,1.0
2021.05.024.0,452.00003,516.21356,-0.436278,0.32054794,0.0,9.667766,1.0
2021.02.023.0,750.0001,693.3702,-0.22149384,0.56164384,1.0,9.666055,1.0
2021.09.07.0,193.99997,166.93161,-0.6324064,0.12054794,454.0,9.76612,1.0
2021.06.015.0,42.5,74.10492,-1.1193072,0.10958904,578.0,9.747067,1.0
2021.012.024.0,3.1999998,9.111773,-2.273461,0.07397261,235.0,9.795568,1.0
2021.011.012.0,7.9000006,12.232595,-2.0111501,0.093150675,10.0,9.7668085,1.0
2021.01.022.0,387.99994,278.96167,-0.64035106,0.4,6.0,9.670672,1.0
2021.06.015.0,48.999992,45.597908,-1.7917219,0.51232874,0.0,9.714867,0.0
2021.05.03.0,12.999999,10.456293,-2.0436037,0.05479452,373.0,9.774005,1.0
2021.03.017.0,300.00003,407.36044,-0.2628461,0.17534247,3.0,9.691593,0.0
2021.09.030.0,30.999998,29.513384,-1.8512179,0.46027398,1.0,9.715953,0.0
2021.06.015.0,45.5,59.69562,-1.5652968,0.2630137,5.0,9.725855,1.0
2021.011.012.0,259.0,277.32437,-0.6792827,0.34246576,11.0,9.758808,0.0
2021.07.027.0,21.500002,25.412409,-1.6315333,0.13972603,1.0,9.748178,0.0
2021.05.024.0,83.999985,87.698524,-1.4261881,0.569863,0.0,9.654449,0.0
2021.011.012.0,164.0,179.76987,-0.93459123,0.34246576,1.0,9.758808,0.0
2021.09.07.0,0.19999999,0.37977389,-2.8019128,0.024657533,2.0,9.769728,1.0
2021.05.03.0,145.0,136.89944,-1.1897736,0.3808219,0.0,9.74367,1.0
2021.010.022.0,5.4,5.177644,-2.1914597,0.07397261,34.0,9.729908,0.0
2021.05.024.0,1640.0,1400.4165,0.54525506,0.32054794,0.0,9.667766,0.0
2021.012.03.0,1.5,0.8802111,-2.4427564,0.035616443,0.0,9.781602,0.0
2021.06.015.0,609.99994,595.84625,-0.30451638,0.51232874,0.0,9.714867,0.0
2021.09.030.0,272.0,262.64032,-0.6174087,0.2109589,2.0,9.72669,1.0
2021.06.015.0,41.5,55.255173,-1.6091254,0.2630137,29.0,9.725855,1.0
2021.012.03.0,88.00001,98.21216,-1.3719819,0.2849315,0.0,9.773322,1.0
2021.05.03.0,620.0,883.3032,0.55432796,0.13150683,0.0,9.77087,0.0
2021.07.06.0,425.0,448.36987,-0.5037738,0.44657534,0.0,9.76319,1.0
2021.012.024.0,6.6000004,5.6468153,-2.2551699,0.22739726,0.0,9.790207,0.0
2021.05.03.0,7.5000005,6.136285,-2.1959362,0.05479452,51.0,9.774005,1.0
2021.06.015.0,15.000001,27.865816,-1.6949987,0.10958904,93.0,9.747067,1.0
2021.011.012.0,2.2,2.7985892,-2.4049108,0.093150675,100.0,9.7668085,0.0
2021.09.07.0,640.0,609.52856,-0.33162224,0.52328765,1.0,9.754756,1.0
2021.012.024.0,1.3000002,4.634298,-2.5823455,0.07397261,4.0,9.795568,1.0
2021.07.027.0,8.199998,7.469587,-1.8844761,0.0630137,595.0,9.752781,0.0
2021.03.017.0,60.99999,49.39707,-1.1955122,0.09863014,763.0,9.695232,1.0
2021.09.07.0,2029.9995,2350.7334,2.6421652,0.024657533,0.0,9.769728,0.0
2021.08.017.0,50.000004,58.43703,-1.4550505,0.33150685,142.0,9.71396,0.0
2021.012.03.0,0.099999994,0.18052416,-3.3898447,0.035616443,0.0,9.781602,0.0
2021.09.030.0,443.0,401.45435,-0.53209573,0.46027398,0.0,9.715953,1.0
2021.010.022.0,25.999998,29.4649,-1.436438,0.07397261,1704.0,9.729908,0.0
2021.011.012.0,118.99998,132.63005,-1.2031703,0.34246576,0.0,9.758808,1.0
2021.08.017.0,27.500004,25.813114,-1.7876103,0.33150685,7.0,9.71396,0.0
2021.09.07.0,0.9,0.5594431,-2.7832808,0.024657533,89.0,9.769728,1.0
2021.05.03.0,36.999996,38.065224,-1.6506131,0.13150683,253.0,9.77087,1.0
2021.05.03.0,199.00003,237.73738,-0.9373185,0.63013697,1.0,9.731512,0.0
2021.02.023.0,1570.0,1569.1641,1.4058142,0.0630137,0.0,9.704122,0.0
2021.07.06.0,6.999999,5.6962814,-2.1872108,0.04383561,6.0,9.792444,1.0
2021.07.06.0,1520.0,1565.2437,0.90703154,0.19726028,0.0,9.773948,0.0
2021.05.03.0,14.499999,10.833888,-1.9859703,0.05479452,374.0,9.774005,1.0
2021.07.027.0,7.2000003,6.0291185,-2.1961694,0.13972603,0.0,9.748178,0.0
2021.05.024.0,110.000015,90.735214,-1.0676314,0.16712329,31.0,9.689117,0.0
2021.09.030.0,0.6,0.41090006,-2.943432,0.057534248,0.0,9.730502,0.0
2021.02.023.0,12.0,8.271523,-1.9537262,0.0630137,281.0,9.704122,1.0
2021.05.024.0,545.0001,478.7999,-0.41297734,0.569863,0.0,9.654449,0.0
2021.05.03.0,149.0,134.0587,-1.3058194,0.63013697,40.0,9.731512,1.0
2021.05.024.0,227.00003,304.72318,-0.4672806,0.071232885,1071.0,9.696279,1.0
2021.02.023.0,2.5,1.3768982,-2.6731908,0.0630137,2.0,9.704122,1.0
2021.09.07.0,272.0,309.37357,-0.5660557,0.2739726,12.999985,9.761579,0.0
2021.010.022.0,376.00006,386.0156,-0.60199636,0.4,1.0,9.721366,1.0
2021.01.022.0,669.9999,580.9776,-0.32272935,0.64931506,3.0,9.644652,1.0
2021.06.015.0,4.9000006,4.517366,-2.2716062,0.10958904,0.0,9.747067,0.0
2021.03.017.0,15.000001,18.33379,-2.101642,0.25205478,1.0,9.687444,1.0
2021.011.012.0,5.799999,5.6126165,-2.1635737,0.093150675,178.0,9.7668085,0.0
2021.09.030.0,0.099999994,0.22879958,-3.3781245,0.057534248,231.0,9.730502,0.0
2021.09.07.0,10.500001,12.890854,-2.1016147,0.2739726,0.0,9.761579,0.0
2021.09.07.0,89.00001,89.41083,-1.4311817,0.2739726,0.0,9.761579,1.0
2021.012.024.0,12.999999,11.579849,-1.9626456,0.22739726,0.0,9.790207,0.0
2021.07.06.0,2880.0002,2534.3228,2.1787648,0.04383561,0.0,9.792444,0.0
2021.05.024.0,984.9999,1199.3348,0.19470584,0.32054794,0.0,9.667766,1.0
2021.012.024.0,188.00003,228.41776,-0.22551084,0.07397261,1468.0,9.795568,1.0
2021.07.027.0,9.399999,10.850882,-2.0848176,0.0630137,505.0,9.752781,1.0
2021.011.012.0,650.0001,676.26715,1.4480927,0.01643835,0.0,9.76824,0.0
2021.07.06.0,885.0001,883.00757,0.40807295,0.19726028,0.0,9.773948,0.0
2021.03.017.0,25.5,29.838688,-1.9005599,0.25205478,0.0,9.687444,1.0
2021.05.024.0,386.99994,338.12698,-0.5265289,0.32054794,0.0,9.667766,0.0
2021.06.015.0,545.0001,511.58075,-0.16975695,0.2630137,43.0,9.725855,0.0
2021.05.024.0,2.0,1.188314,-2.5308962,0.071232885,229.0,9.696279,0.0
2021.09.030.0,115.99999,107.19527,-1.1512953,0.2109589,1.0,9.72669,1.0
2021.07.06.0,127.00002,134.537,-1.2817801,0.44657534,1.0,9.76319,1.0
2021.010.022.0,492.0,393.05215,0.53560483,0.07397261,0.0,9.729908,1.0
2021.05.024.0,504.99997,586.12177,-0.3406452,0.32054794,26.0,9.667766,1.0
2021.02.023.0,960.00006,951.5038,0.44303584,0.1589041,0.0,9.700147,0.0
2021.09.07.0,1.0,0.8847861,-2.6394527,0.024657533,34.0,9.769728,1.0
2021.08.017.0,209.0,99.75426,-0.6489365,0.08219178,1366.0,9.720646,1.0
2021.05.03.0,555.0001,412.3343,-0.41469586,0.3808219,5.0,9.74367,1.0
2021.03.017.0,615.0,722.2158,0.071585774,0.25205478,0.0,9.687444,0.0
2021.03.017.0,38.999996,63.732952,-1.5548822,0.50136983,2.0,9.660141,0.0
2021.07.06.0,664.9999,680.24615,0.20771551,0.19726028,0.0,9.773948,0.0
2021.09.07.0,0.099999994,0.15310742,-3.38894,0.024657533,0.0,9.769728,0.0
2021.08.017.0,7.4000006,7.132548,-2.2228756,0.1780822,0.0,9.71776,0.0
2021.010.022.0,19.499998,21.84304,-1.7079874,0.15068494,3.0,9.72836,0.0
2021.07.06.0,12.999999,9.928427,-2.0513878,0.19726028,0.0,9.773948,0.0
2021.07.06.0,32.5,40.71911,-1.5732661,0.12054794,22.0,9.77985,1.0
2021.03.017.0,106.000015,163.92978,-0.85075283,0.17534247,1.0,9.691593,0.0
2021.04.09.0,844.9999,965.2084,-0.095472574,0.68767124,0.0,9.690975,0.0
2021.05.03.0,67.000015,87.82294,-1.4586513,0.63013697,0.0,9.731512,0.0
2021.05.03.0,27.000002,19.151506,-1.7616675,0.05479452,473.0,9.774005,1.0
2021.07.06.0,152.0,163.65503,-1.1850555,0.44657534,5.0,9.76319,1.0
2021.05.03.0,125.00001,174.10979,-0.98316205,0.3808219,0.0,9.74367,0.0
2021.05.03.0,669.9999,990.84216,1.0783732,0.05479452,0.0,9.774005,0.0
2021.07.06.0,216.00002,237.97102,-0.940889,0.44657534,15.0,9.76319,1.0
2021.012.024.0,1.8999999,5.3276043,-2.4752536,0.07397261,198.0,9.795568,1.0
2021.01.022.0,810.0001,931.2101,0.49633908,0.15068494,0.0,9.683339,0.0
2021.07.06.0,403.00003,448.7964,-0.67389077,0.6958904,0.0,9.753769,1.0
2021.01.022.0,559.99994,650.113,0.19170177,0.15068494,0.0,9.683339,0.0
2021.05.03.0,95.0,94.600075,-1.4240752,0.3808219,0.0,9.74367,1.0
2021.08.017.0,2.8999996,4.533388,-2.5677185,0.08219178,12.0,9.720646,1.0
2021.011.012.0,1.8,2.5855422,-2.270122,0.093150675,6.0,9.7668085,0.0
2021.05.03.0,150.00002,236.86552,-0.3895809,0.13150683,247.0,9.77087,0.0
2021.02.023.0,4.3,2.4085565,-2.430092,0.0630137,60.000015,9.704122,1.0
2021.08.017.0,11.000001,10.39772,-2.1454878,0.08219178,6.0,9.720646,1.0
2021.02.023.0,67.000015,49.663513,-1.0499636,0.0630137,2152.0,9.704122,1.0
2021.08.017.0,100.999985,97.00169,-1.386089,0.33150685,53.0,9.71396,1.0
2021.09.07.0,14.499999,35.851246,-1.2718467,0.024657533,6762.0005,9.769728,0.0
2021.08.017.0,2.0999997,1.69343,-2.465187,0.08219178,78.0,9.720646,0.0
2021.07.06.0,1700.0,1758.1782,1.0320631,0.19726028,0.0,9.773948,0.0
2021.07.06.0,96.999985,116.662254,-1.0048974,0.12054794,152.0,9.77985,1.0
2021.03.017.0,46.999992,71.183105,-1.5091051,0.50136983,0.0,9.660141,0.0
2021.09.07.0,2620.0002,2751.4722,2.6818712,0.024657533,0.0,9.769728,0.0
2021.011.012.0,0.3,0.30895162,-2.9649858,0.01643835,0.0,9.76824,1.0
2021.09.030.0,42.000004,45.289925,-1.6558511,0.2109589,0.0,9.72669,1.0
2021.012.03.0,230.00002,247.1942,-1.00111,0.53424656,0.0,9.7648,1.0
2021.06.015.0,2210.0005,2271.605,0.7663312,0.51232874,0.0,9.714867,0.0
2021.07.06.0,5.3000007,4.901247,-2.2438927,0.04383561,20.0,9.792444,1.0
2021.05.024.0,43.000004,41.81185,-1.4136999,0.071232885,406.0,9.696279,1.0
2021.012.024.0,10.500001,24.15606,-1.8613538,0.07397261,674.0,9.795568,1.0
2021.08.017.0,454.00006,305.3246,-0.23499334,0.1780822,3.0,9.71776,1.0
2021.05.03.0,2.4,2.2820125,-2.3148196,0.05479452,30.0,9.774005,0.0
2021.05.024.0,3.3999999,1.3432078,-2.5362682,0.071232885,0.0,9.696279,0.0
2021.011.012.0,0.19999999,0.18592381,-3.1741474,0.01643835,0.0,9.76824,0.0
2021.09.030.0,3.7999997,2.6888692,-2.373422,0.057534248,123.0,9.730502,0.0
2021.010.022.0,0.9,0.91695917,-2.7138577,0.07397261,0.0,9.729908,0.0
2021.011.012.0,60.000004,63.471283,-1.5709699,0.5917808,0.0,9.752257,0.0
2021.011.012.0,0.19999999,0.23129469,-3.2057652,0.01643835,0.0,9.76824,1.0
2021.08.017.0,109.00002,55.793556,-1.0999926,0.08219178,294.0,9.720646,1.0
2021.05.024.0,1399.9999,1072.5632,0.9644201,0.071232885,0.0,9.696279,0.0
2021.011.012.0,0.79999995,0.648944,-2.5603702,0.01643835,245.0,9.76824,1.0
2021.010.022.0,59.000008,58.36396,-1.3789016,0.15068494,10.0,9.72836,1.0
2021.05.03.0,2300.0002,2753.2622,1.2274754,0.3808219,0.0,9.74367,0.0
2021.05.03.0,74.00001,98.8378,-1.2826891,0.3808219,1.0,9.74367,0.0
2021.012.03.0,964.99945,878.425,0.6029805,0.13150683,0.0,9.778435,0.0
2021.09.030.0,86.99999,77.53208,-1.3322769,0.2109589,0.0,9.72669,1.0
2021.02.023.0,345.00003,274.35837,-0.6505595,0.31232876,2.0,9.692149,1.0
2021.02.023.0,81.00001,57.761288,-0.98623115,0.0630137,2115.0,9.704122,0.0
2021.02.023.0,364.0,267.26703,-0.01747036,0.0630137,2435.0,9.704122,0.0
2021.03.017.0,720.00006,666.1945,-0.1986708,0.50136983,0.0,9.660141,1.0
2021.03.017.0,445.00006,513.83777,-0.4380414,0.50136983,0.0,9.660141,0.0
2021.04.09.0,814.9999,917.6267,0.51013505,0.1890411,0.0,9.730621,0.0
2021.012.024.0,145.0,116.243515,-0.8152117,0.22739726,2.0,9.790207,0.0
2021.02.023.0,1.2,0.7463429,-2.9000993,0.0630137,189.0,9.704122,1.0
