timestamp,true_price,estimated_price,moneyness,time_to_maturity
2021.04.09.0,120.0,137.9228,1.0751216,0.0
2021.09.07.0,283.81903,278.5223,0.7934772,2.0
2021.05.024.0,145.55801,143.75888,1.2766852,0.0
2021.05.03.0,29.040695,31.112564,2.0483193,37.0
2021.05.03.0,388.0,264.65533,0.38689637,0.0
2021.012.024.0,2.800003,5.2997894,-2.5218742,0.0
2021.08.017.0,289.0,307.77136,0.06560409,0.0
2021.09.07.0,130.39433,133.05775,1.3468453,9.0
2021.07.06.0,151.90216,174.84003,1.3907484,2.0
2021.05.024.0,413.0,335.54132,-0.03971827,2744.0
2021.05.03.0,329.0,352.9099,0.111566186,0.0
2021.03.017.0,106.0,182.84642,-0.85075307,1.0
2021.09.07.0,390.0,356.39386,0.41488695,0.0
2021.012.024.0,342.0,344.74115,-0.5784044,0.0
2021.011.012.0,17.79567,23.323425,1.9020028,40.0
2021.05.03.0,243.0,110.1598,0.40321052,0.0
2021.06.015.0,403.29483,449.76776,0.6160805,87.0
2021.09.030.0,3.800003,4.337097,-2.3734272,123.0
2021.011.012.0,392.0,416.0402,0.4876846,0.0
2021.07.06.0,72.0,61.523994,0.873346,0.0
2021.011.012.0,423.0,388.6662,-0.43070936,1.0
2021.05.03.0,44.99257,34.959427,1.7410408,156.0
2021.09.07.0,2.3122559,13.5143585,3.1301246,180.0
2021.011.012.0,3.2638855,7.355438,2.233181,680.0
2021.08.017.0,117.0,171.78925,-0.9646716,1.0
2021.012.024.0,86.03978,107.96708,1.1748633,12.999985
2021.05.024.0,1021.0,825.5599,-0.0036177635,0.0
2021.011.012.0,484.4248,497.5946,0.5994848,5.0
2021.07.027.0,4.600006,7.431732,-2.1957598,23.0
2021.01.022.0,188.0,177.83806,-1.1331735,3.0
2021.09.030.0,76.0,92.6571,-1.4405761,6.0
2021.09.07.0,35.0,27.70868,-1.7815399,1.0
2021.01.022.0,141.22794,143.92616,1.3865438,2.0
2021.011.012.0,3.8855133,6.6537933,2.0746646,2058.0
2021.011.012.0,18.524277,21.441864,1.9573076,12.0
2021.04.09.0,57.0,30.198914,0.95230764,0.0
2021.05.03.0,319.0,418.86743,-0.43344927,4.0
2021.05.024.0,372.0,361.00732,0.61480796,0.0
2021.011.012.0,14.0,14.330505,-1.9997356,10.0
2021.09.07.0,9.300003,12.4956665,-1.9415424,0.0
2021.02.023.0,9.46022,12.302567,2.473512,33.0
2021.012.03.0,0.19999695,2.8979187,-3.3152182,0.0
2021.05.03.0,362.26572,344.87442,0.88095784,0.0
2021.010.022.0,0.5,2.6095886,-2.8305633,0.0
2021.012.03.0,6.3992615,5.920761,2.2483141,529.0
2021.08.017.0,13.5,22.286697,-1.8229132,12.0
2021.011.012.0,148.0,175.86874,-1.1147406,0.0
2021.011.012.0,352.0,368.42587,0.58809733,0.0
2021.09.030.0,11.0,22.026993,-1.8336031,6.0
2021.011.012.0,577.0,568.14325,0.17797959,0.0
2021.012.03.0,14.0,41.874146,1.5441939,0.0
2021.07.027.0,241.0,253.58032,1.0313085,0.0
2021.010.022.0,12.0,15.219772,-1.8973987,106.0
2021.010.022.0,36.6075,26.828247,1.4604692,336.0
2021.09.030.0,5.699997,6.6133575,-2.3695018,0.0
2021.09.07.0,133.0,184.8009,-1.0768683,1.0
2021.05.024.0,655.0,692.0991,-0.34139204,2.0
2021.02.023.0,320.0,335.59222,-0.7656839,0.0
2021.05.024.0,356.32016,370.12732,0.44666445,0.0
2021.05.024.0,4.5,5.232773,-2.3422487,25.0
2021.08.017.0,11.5,16.98375,-1.6666031,865.0
2021.012.024.0,418.0,452.36395,0.1858486,0.0
2021.09.030.0,257.0,267.58087,0.6439246,0.0
2021.01.022.0,356.8681,273.22394,0.8221638,18.0
2021.04.09.0,20.0,16.277313,-1.7829101,0.0
2021.08.017.0,159.85135,76.554,0.88100207,726.0
2021.02.023.0,690.203,630.39813,0.36896396,5.0
2021.011.012.0,192.97238,187.21829,0.7583375,3.0
2021.05.03.0,46.5,45.34117,-1.5439818,30.0
2021.03.017.0,218.96451,138.44415,0.45224905,1538.0
2021.05.03.0,15.499512,20.884949,2.5013494,0.0
2021.09.030.0,247.0,236.33624,0.73089933,0.0
2021.09.030.0,257.0,248.6976,0.02871418,0.0
2021.05.03.0,68.17772,66.23252,1.8940284,80.0
2021.01.022.0,34.63382,37.745316,1.8774161,1.0
2021.08.017.0,454.61273,393.53305,0.7457011,0.0
2021.011.012.0,526.028,562.818,0.26728952,10.0
2021.01.022.0,365.0,401.39462,-0.12301695,181.0
2021.012.024.0,42.95137,42.44934,1.2907004,1067.0
2021.09.030.0,285.0,320.04755,-0.45260954,56.0
2021.07.06.0,117.0,140.35898,0.91942126,0.0
2021.03.017.0,97.34938,82.81739,1.2236929,0.0
2021.05.03.0,602.2659,495.1996,0.4146949,5.0
2021.05.03.0,605.0,672.4958,0.025422573,0.0
2021.06.015.0,814.829,782.38934,0.07085407,1.0
2021.05.03.0,282.33798,279.36786,1.0528119,3.0
2021.02.023.0,327.0,309.14014,-0.01747024,2435.0
2021.07.06.0,52.232857,55.380142,1.501844,6.0
2021.07.027.0,46.0,45.040985,-1.7501149,0.0
2021.06.015.0,18.5,20.886993,-1.697258,28.0
2021.01.022.0,51.657433,23.604324,1.4157686,5265.0
2021.05.024.0,34.76851,23.506866,1.6788496,192.0
2021.010.022.0,152.0,156.2148,0.86165315,0.0
2021.07.06.0,82.0,118.043884,1.3653151,0.0
2021.03.017.0,72.283,34.918243,1.1955147,763.0
2021.08.017.0,404.11688,450.48523,-0.067542076,0.0
2021.09.07.0,320.0,297.735,0.5820589,0.0
2021.011.012.0,164.0,182.5792,-0.9345887,1.0
2021.09.030.0,297.63983,267.04706,0.6174092,2.0
2021.010.022.0,0.19999695,3.1890411,-2.7606637,1.0
2021.05.03.0,150.0,263.61426,-0.3895793,247.0
2021.05.03.0,815.0,818.9148,0.018139482,0.0
2021.011.012.0,36.0,31.475586,-1.6709771,0.0
2021.011.012.0,292.70773,326.5817,0.4252261,3.0
2021.03.017.0,26.298569,20.901276,1.8893764,123.0
2021.01.022.0,286.0,214.50708,0.34315515,0.0
2021.012.03.0,77.0,68.30712,-0.58005166,9792.0
2021.09.030.0,322.92535,293.11478,0.33960032,4.0
2021.07.06.0,125.0,105.739845,0.47525644,0.0
2021.03.017.0,835.1166,805.7672,-0.050194383,0.0
2021.012.024.0,4.800003,6.484497,-2.3177516,0.0
2021.05.024.0,469.44562,399.4804,0.3755393,14.0
2021.011.012.0,53.53099,49.700653,1.6668226,105.0
2021.02.023.0,57.0,54.582443,-1.3424144,0.0
2021.05.024.0,11.375458,17.787018,2.4085097,117.0
2021.011.012.0,466.0,428.83606,-0.092345715,11.0
2021.09.030.0,76.74478,58.713707,1.3579241,9.0
2021.08.017.0,14.5,13.051514,-2.0416307,1.0
2021.03.017.0,78.94059,66.02532,1.3660972,6.0
2021.05.024.0,501.0948,479.9422,0.6197672,0.0
2021.05.024.0,299.20197,209.83548,-0.51277757,0.0
2021.08.017.0,487.46472,418.19617,0.48384154,12.999985
2021.01.022.0,15.98233,15.57634,2.0215273,334.0
2021.03.017.0,531.6126,503.97296,0.50125074,0.0
2021.03.017.0,36.963577,40.58261,2.0724037,5.0
2021.012.024.0,12.051239,9.694351,2.3346105,487.0
2021.08.017.0,841.9917,653.33765,0.28055453,1.0
2021.06.015.0,131.0,113.11977,-0.7810061,627.0
2021.011.012.0,0.19999695,4.2000885,-3.2553642,221.0
2021.05.03.0,21.832123,12.407654,1.9530356,288.0
2021.05.024.0,1.6000061,-0.78985596,-2.7398107,148.0
2021.012.024.0,19.501297,15.267181,1.861347,674.0
2021.09.07.0,0.19999695,3.7476196,-2.9870765,0.0
2021.07.027.0,238.0,273.44,-0.75983405,0.0
2021.05.03.0,115.0,169.1514,-0.047104597,5223.0
2021.09.030.0,38.07831,13.211075,1.3533528,456.0
2021.010.022.0,60.96998,50.1093,1.5659807,3.0
2021.06.015.0,439.08545,486.74957,0.5517001,1.0
2021.08.017.0,20.5,21.21167,-1.8538609,0.0
2021.010.022.0,480.0,485.12897,-0.52115846,0.0
2021.05.024.0,58.000008,55.63333,-1.590363,1.0
2021.010.022.0,109.0,155.16023,-0.7025399,2636.0
2021.03.017.0,57.61181,59.98871,1.7382525,84.0
2021.06.015.0,301.0,410.36688,0.24965823,0.0
2021.08.017.0,740.0,614.9544,0.083513856,0.0
2021.06.015.0,578.41943,594.37695,-0.034511447,0.0
2021.07.027.0,50.0,69.09949,-0.98583627,2433.0
2021.05.03.0,357.0,460.2882,-0.5165179,2.0
2021.012.024.0,18.0,8.068253,-1.4759014,945.0
2021.05.024.0,663.751,600.0646,0.43225408,1.0
2021.010.022.0,525.5083,533.311,0.40071237,0.0
2021.07.027.0,182.0,191.10574,0.4477743,0.0
2021.09.030.0,9.0,8.681351,-2.050053,0.0
2021.012.03.0,14.0,34.68062,1.7932796,0.0
2021.010.022.0,8.0,11.032745,-2.0492895,166.0
2021.07.06.0,41.76773,43.19246,1.6753175,21.0
2021.09.030.0,120.6814,101.296684,1.2699127,0.0
2021.05.03.0,148.0,209.07515,-0.8725784,0.0
2021.012.03.0,280.0,320.00406,0.38072288,0.0
2021.07.027.0,506.7541,510.44397,0.45385003,0.0
2021.03.017.0,364.0,357.51938,0.44447637,0.0
2021.07.027.0,467.13,444.1604,0.7114532,0.0
2021.09.07.0,1.3999939,7.855774,-2.278467,614.0
2021.09.07.0,469.19983,437.33466,0.6906376,0.0
2021.05.024.0,423.82562,339.3755,-0.30158305,0.0
2021.05.03.0,106.34596,116.071014,1.5719237,0.0
2021.07.06.0,268.5024,297.1172,0.9408909,15.0
2021.07.06.0,12.0,26.090866,1.748836,0.0
2021.09.030.0,703.05756,740.5337,-0.28946567,0.0
2021.03.017.0,4.5,5.5278015,-2.1586723,55.0
2021.09.07.0,217.0,285.50034,0.7908826,0.0
2021.09.030.0,334.0,333.78098,-0.35787773,77.0
2021.05.024.0,452.0,445.1795,0.46076858,0.0
2021.07.06.0,330.0,348.59894,-0.12811565,211.0
2021.08.017.0,3.600006,7.833786,-2.4287813,2.0
2021.09.030.0,288.8215,260.02618,0.4067874,179.0
2021.06.015.0,19.326355,25.372986,2.006127,18.0
2021.06.015.0,134.0,142.16222,-0.9807105,0.0
2021.011.012.0,6.800003,8.0625,-2.2561772,1.0
2021.012.03.0,0.1000061,2.528717,-3.4139583,105.0
2021.08.017.0,23.408157,16.796951,2.1072676,37.0
2021.012.024.0,48.50763,49.25856,1.2152152,685.0
2021.011.012.0,152.13786,134.57053,0.51680374,857.0
2021.02.023.0,65.99999,75.85564,-1.1072371,1663.0
2021.07.06.0,240.0,273.43036,-0.34527755,198.0
2021.010.022.0,12.0,10.273041,-1.9243519,94.0
2021.06.015.0,157.0,223.75839,0.90517354,0.0
2021.09.07.0,135.0,155.90012,-0.94736195,11.0
2021.012.024.0,353.0,408.39658,0.32484317,0.0
2021.06.015.0,42.072556,62.32773,1.3111134,336.0
2021.011.012.0,58.325127,59.39882,1.5581031,3.0
2021.010.022.0,29.49498,21.725525,1.5911978,523.0
2021.09.030.0,0.80000305,2.4442139,-2.8779247,0.0
2021.06.015.0,536.6666,580.58075,0.400105,0.0
2021.03.017.0,393.0,444.9062,-0.09548378,7.0
2021.012.03.0,3.827942,11.39183,3.0886,0.0
2021.03.017.0,124.75817,94.08935,1.0643103,0.0
2021.07.027.0,91.2241,75.24495,1.279343,12.999985
2021.08.017.0,657.021,590.93146,0.18208599,0.0
2021.012.024.0,56.06389,46.241913,1.1251267,1731.0
2021.012.03.0,359.0,378.5055,0.5264187,0.0
2021.07.027.0,121.65674,97.65476,1.1163703,4.0
2021.09.07.0,287.0,344.23285,0.62275267,0.0
2021.02.023.0,180.0,214.72914,-0.7615626,12.999985
2021.02.023.0,65.84752,78.243126,1.71718,0.0
2021.09.07.0,153.0,203.72289,-1.0035365,0.0
2021.02.023.0,69.01454,62.675102,1.485182,4.0
2021.09.030.0,22.361908,16.562439,1.6215159,183.0
2021.06.015.0,577.4572,623.1398,0.3258772,12.999985
2021.06.015.0,430.0,491.90265,0.5213392,0.0
2021.012.024.0,286.14474,331.65967,0.55606484,19.0
2021.09.030.0,91.69525,80.10179,1.4600421,0.0
2021.09.07.0,371.7375,342.8822,0.88069373,0.0
2021.07.027.0,198.0,258.61935,-0.5152123,12.999985
2021.05.03.0,10.347382,8.808472,2.3641114,56.0
2021.07.06.0,32.0,31.313492,1.426005,0.0
2021.05.024.0,373.95108,283.57834,-0.37552857,0.0
2021.07.06.0,40.23349,44.00276,1.9736732,0.0
2021.02.023.0,376.64148,376.3189,0.5824466,30.0
2021.010.022.0,382.0,394.43866,0.15544105,0.0
2021.08.017.0,3.899994,5.53537,-2.406267,2.0
2021.010.022.0,153.0,201.15314,-1.09133,1.0
2021.012.03.0,583.3015,580.5989,0.19962025,0.0
2021.07.027.0,386.0,389.4212,-0.15452886,7.0
2021.05.03.0,15.109131,20.297714,2.5361357,0.0
2021.07.027.0,382.171,342.1659,0.26392555,17.0
2021.010.022.0,155.6764,102.070114,-0.53560233,0.0
2021.010.022.0,44.15233,36.143387,1.8141025,3.0
2021.011.012.0,0.19999695,1.8447418,-3.1741478,0.0
2021.09.07.0,978.5868,827.83936,0.014877915,0.0
2021.06.015.0,71.758125,90.200096,1.565292,5.0
2021.012.024.0,31.282593,29.140503,1.534684,1002.0
2021.05.03.0,18.262863,11.187042,2.0436091,373.0
2021.06.015.0,67.0,124.494194,1.3914533,0.0
2021.01.022.0,55.418716,46.49977,1.6107885,55.0
2021.012.03.0,49.0,55.752678,1.0490891,0.0
2021.06.015.0,226.76064,243.05945,1.0877486,4.0
2021.02.023.0,272.11053,204.43106,0.54829895,1341.0
2021.09.07.0,527.0,535.1734,0.20837307,0.0
2021.02.023.0,8.026978,14.94635,2.6269457,27.0
2021.06.015.0,462.0,548.2277,0.09299767,0.0
2021.05.03.0,15.158997,9.268387,2.1442308,97.0
2021.01.022.0,200.0,140.37148,0.75866485,0.0
2021.012.024.0,17.08879,15.288132,1.9968774,174.0
2021.03.017.0,63.031807,61.28923,1.502855,14.0
2021.010.022.0,312.37488,293.4034,0.83260286,30.0
2021.08.017.0,506.0,440.4765,0.40197432,0.0
2021.08.017.0,399.25534,438.4137,-0.14490294,0.0
2021.09.07.0,67.4189,60.300613,1.3627136,73.0
2021.09.030.0,860.0,760.8351,-0.096484065,1.0
2021.010.022.0,96.40446,75.10292,1.224427,3.0
2021.05.03.0,56.0,119.56004,-0.9001348,240.0
2021.07.06.0,94.07008,106.04761,1.1064363,49.0
2021.05.03.0,26.255127,27.475113,2.1214252,16.0
2021.07.027.0,146.0,137.64578,0.93584114,0.0
2021.02.023.0,55.89332,63.89554,1.8452561,0.0
2021.07.06.0,55.325882,58.26243,1.483302,22.0
2021.04.09.0,262.0,307.83957,-0.83079123,0.0
2021.012.024.0,160.85744,184.73318,0.7488172,172.0
2021.010.022.0,10.5,9.69458,-2.2458074,11.0
2021.05.024.0,70.0,52.810867,-1.4075634,3.0
2021.05.03.0,57.0,26.592453,1.534714,0.0
2021.05.024.0,17.0,12.043457,-2.0016286,0.0
2021.06.015.0,5.5,8.735306,-2.106355,0.0
2021.09.07.0,235.81284,233.49649,1.184656,33.0
2021.09.030.0,65.99999,75.33179,-1.5167348,0.0
2021.06.015.0,64.962425,78.612686,1.653775,0.0
2021.09.030.0,87.0,121.43015,-1.3461668,0.0
2021.08.017.0,17.0,32.735,-1.4520524,1068.0
2021.09.030.0,14.645523,11.830917,1.8799491,39.0
2021.02.023.0,45.0,31.772018,-1.6557343,5.0
2021.011.012.0,676.1001,645.30237,0.059568882,0.0
2021.011.012.0,44.923874,28.40892,1.3393977,830.0
2021.010.022.0,46.220016,31.311768,1.3158531,758.0
2021.010.022.0,33.5,28.575516,-1.745321,123.0
2021.09.030.0,40.5,44.402283,-1.5459275,82.0
2021.05.024.0,185.0,187.62375,-0.539093,2518.0
2021.02.023.0,10.845856,14.715652,2.3480067,32.0
2021.05.024.0,3.0,5.583359,-2.5584571,0.0
2021.09.07.0,48.860764,43.76831,1.659296,6.0
2021.05.03.0,170.0,104.95889,1.0691221,0.0
2021.05.024.0,277.26157,216.89766,-0.32791376,0.0
2021.03.017.0,7.100006,9.017197,-1.9755075,3.0
2021.012.024.0,129.0,121.68057,-0.7595742,77.0
2021.07.06.0,33.697952,33.989655,2.1335795,50.0
2021.08.017.0,118.66311,58.948837,1.0999899,294.0
2021.010.022.0,701.26843,701.5222,-0.16333222,0.0
2021.07.027.0,85.0,89.97471,-1.4992526,0.0
2021.01.022.0,25.819885,17.757874,1.7788652,852.0
2021.09.030.0,497.84155,499.2428,0.5320965,0.0
2021.02.023.0,80.82463,84.85294,1.6363039,0.0
2021.011.012.0,0.19999695,2.5762024,-3.2664974,653.0
2021.01.022.0,19.98085,24.678635,2.2377074,297.0
2021.011.012.0,174.82532,174.68765,0.8121022,5.0
2021.01.022.0,27.876144,16.582886,1.7382501,6679.0
2021.05.024.0,56.0,38.939987,-1.6879947,0.0
2021.09.030.0,124.487144,110.41283,-0.6503432,0.0
2021.05.03.0,72.0,24.137589,1.507247,0.0
2021.07.06.0,371.7295,392.42944,0.85389084,0.0
2021.07.027.0,33.12825,34.271408,2.0034878,2.0
2021.012.024.0,111.0,100.41069,-0.9908867,59.0
2021.03.017.0,81.35871,34.622818,1.1217155,1434.0
2021.02.023.0,747.0,689.79315,0.23836756,0.0
2021.05.024.0,19.770828,17.290176,2.0162563,378.0
2021.07.06.0,9.747086,20.731857,2.3183086,1.0
2021.07.06.0,355.6025,383.6386,0.7298696,7.0
2021.08.017.0,51.0,36.93422,1.5315257,0.0
2021.012.024.0,51.0,45.773575,-1.3407416,0.0
2021.07.027.0,167.0,160.11534,0.54071474,0.0
2021.08.017.0,25.0,56.946846,-1.4692361,2.0
2021.09.030.0,385.0,346.84137,-0.2715509,65.0
2021.010.022.0,259.80615,228.06186,0.52360773,16.0
2021.011.012.0,0.19999695,2.7356415,-2.7084596,5.0
2021.010.022.0,3.899994,7.2919617,-2.216911,31.0
2021.09.030.0,285.31113,236.44263,0.70279765,2.0
2021.010.022.0,87.0,108.716125,-1.4110601,12.999985
2021.011.012.0,630.21027,633.5736,0.38240552,40.0
2021.09.030.0,2.100006,2.608261,-2.8079126,1.0
2021.09.07.0,-2.0,-4.687744,1152.3531,0.0
2021.010.022.0,424.25488,404.81708,0.60199857,1.0
2021.09.030.0,332.23355,313.80582,0.8527582,0.0
2021.09.07.0,3.5450897,9.637039,2.3765836,57.0
2021.010.022.0,308.09106,352.3935,-0.3519585,0.0
2021.010.022.0,35.451477,33.2117,1.9305677,4.0
2021.05.024.0,10.974991,17.619766,2.357938,152.0
2021.08.017.0,2.300003,3.3111115,-2.447426,0.0
2021.011.012.0,885.0,781.8,-0.09340024,8.0
2021.08.017.0,48.0,49.12198,-1.5055082,9.0
2021.05.024.0,50.0,29.695938,-1.5785136,1.0
2021.03.017.0,441.6659,396.22583,0.20542979,12.999985
2021.09.030.0,371.29727,350.14514,0.43419874,181.0
2021.07.027.0,99.44042,86.41043,1.1949424,12.0
2021.08.017.0,161.0,90.06578,0.826775,0.0
2021.09.07.0,5.0489807,7.306793,2.2641726,92.0
2021.010.022.0,107.0,142.40076,-0.95379376,51.0
2021.06.015.0,87.0,138.9223,1.3163149,0.0
2021.05.03.0,245.0,345.92554,-0.55925655,7.0
2021.012.024.0,141.74063,167.81453,0.8252736,19.0
2021.02.023.0,57.521362,52.458023,1.5980474,1.0
2021.03.017.0,58.000008,112.62461,-0.9086535,1697.0
2021.012.024.0,416.0,414.0871,-0.4650004,0.0
2021.09.07.0,3.5277863,7.5581665,2.6394475,34.0
2021.07.06.0,2.0,18.72226,2.1599212,0.0
2021.05.03.0,240.41023,232.72496,1.2161237,2.0
2021.05.024.0,239.4529,161.19063,-0.62552476,0.0
2021.09.07.0,76.0,82.59339,-1.4694412,31.0
2021.012.024.0,34.904465,39.53453,1.795931,1.0
2021.01.022.0,190.73468,181.09964,1.1746718,135.0
2021.04.09.0,169.0351,190.51567,1.2139677,0.0
2021.09.030.0,207.0,202.71854,0.83411044,0.0
2021.010.022.0,279.0,247.01459,0.017197609,0.0
2021.05.03.0,550.0,625.9696,-0.08636284,3.0
2021.09.030.0,7.5,9.394318,-2.0678303,878.0
2021.05.024.0,107.51041,67.65677,-0.8476844,0.0
2021.07.027.0,405.27914,379.11758,0.17722738,0.0
2021.012.024.0,258.0,301.5725,0.6011579,0.0
2021.09.07.0,158.25613,150.36102,0.84086376,67.0
2021.01.022.0,245.0,176.25569,0.64049447,0.0
2021.06.015.0,110.773544,174.08084,0.65846705,518.0
2021.08.017.0,15.280685,17.231339,2.4481428,517.0
2021.08.017.0,18.5,19.602768,-1.8964121,0.0
2021.05.03.0,640.0,757.09924,-0.1607492,0.0
2021.09.07.0,100.0,132.654,-1.2521496,12.999985
2021.011.012.0,126.0,148.16196,-0.8958025,0.0
2021.07.027.0,35.560883,37.85559,1.8786545,6.0
2021.06.015.0,75.53988,113.7907,0.8948646,552.0
2021.05.03.0,190.51556,110.0235,0.9472935,267.0
2021.010.022.0,487.38586,466.52557,0.67804027,2.0
2021.01.022.0,188.0,258.14764,-0.28556585,4918.0
2021.07.027.0,21.5,31.25296,-1.6315277,1.0
2021.012.03.0,11.0,7.286957,-2.3444993,0.0
2021.02.023.0,139.0,168.39618,-0.8493402,3.0
2021.011.012.0,0.3999939,0.8028259,-2.6187117,39.0
2021.09.030.0,21.818634,17.334381,1.6938702,129.0
2021.09.07.0,2.108368,13.689468,3.3275986,22.0
2021.03.017.0,5.0,7.990509,-1.9884226,43.0
2021.09.030.0,9.5,19.485413,-1.9615347,1454.0
2021.01.022.0,72.334366,75.911354,1.7665808,5.0
2021.07.06.0,43.860764,45.12468,1.6533967,7.0
2021.05.024.0,2.199997,5.901001,-2.5142643,0.0
2021.010.022.0,201.45573,162.14894,0.70578074,74.0
2021.02.023.0,381.15292,341.49515,0.65055823,2.0
2021.05.024.0,568.4154,523.58307,-0.29483294,0.0
2021.07.06.0,12.239227,14.947922,2.126556,33.0
2021.012.024.0,493.0,477.7657,0.0441252,0.0
2021.012.03.0,12.707016,24.085358,1.7205448,704.0
2021.03.017.0,865.544,726.9367,0.1177727,0.0
2021.08.017.0,354.87885,312.90088,0.9103947,1.0
2021.06.015.0,337.0,333.9596,-0.6923735,0.0
2021.02.023.0,11.09346,12.213776,2.311194,17.0
2021.05.024.0,12.5,8.151657,-2.2619789,0.0
2021.07.06.0,5.100006,9.641922,-2.0155625,11.0
2021.012.03.0,14.5,10.114441,-2.1073172,1.0
2021.06.015.0,37.994675,62.199768,1.3625538,104.0
2021.03.017.0,115.585884,53.77977,0.8921136,728.0
2021.02.023.0,6.355728,14.343201,2.790941,4.0
2021.07.06.0,153.0,146.59702,0.3230009,0.0
2021.07.06.0,228.33629,259.85873,0.6922691,1.0
2021.03.017.0,885.0,796.11334,0.036908627,0.0
2021.03.017.0,542.8759,602.7031,-0.05169201,0.0
2021.010.022.0,286.0,333.60703,-0.36560225,28.0
2021.07.06.0,95.0,100.76076,-1.4032633,0.0
2021.02.023.0,23.0,28.055237,1.5323528,0.0
2021.04.09.0,34.736664,35.420563,2.020814,1.0
2021.08.017.0,6.0,7.2789154,-2.2843134,0.0
2021.04.09.0,225.0,230.3537,0.6493504,0.0
2021.011.012.0,176.35399,196.18637,1.3356556,50.0
2021.07.06.0,2.5,7.229492,-2.2871444,0.0
2021.07.027.0,122.0,105.33754,0.7268964,0.0
2021.09.07.0,13.5,18.834076,-1.7734766,8.0
2021.011.012.0,2.800003,6.019943,-2.3246486,0.0
2021.02.023.0,208.0,231.37958,0.3207115,0.0
2021.07.06.0,132.5021,154.911,1.4663297,21.0
2021.09.030.0,123.0,79.59101,0.6658292,0.0
2021.09.07.0,187.0,241.18729,-0.90688586,0.0
2021.012.024.0,132.0,152.4368,-0.41146994,3006.0
2021.012.03.0,512.85614,513.35205,0.30764532,12.0
2021.07.027.0,711.41064,749.6764,-0.090667486,0.0
2021.011.012.0,0.1000061,3.23143,-3.3150108,3.0
2021.010.022.0,47.5,76.305534,-1.1560805,5550.0
2021.09.030.0,76.03782,69.06948,1.5872189,5.0
2021.09.030.0,107.26396,70.863884,1.1642498,1.0
2021.03.017.0,68.0,94.86441,-1.227745,0.0
2021.011.012.0,107.64876,97.764145,1.2040415,6.0
2021.08.017.0,39.0,44.50952,-1.7143466,0.0
2021.06.015.0,62.564575,75.028465,1.6958615,0.0
2021.04.09.0,28.26596,29.39772,2.257932,0.0
2021.09.030.0,177.0,176.20227,0.92745113,0.0
2021.08.017.0,57.0,135.42598,-0.8131163,1394.0
2021.012.024.0,303.0,316.63086,-0.18768227,14.0
2021.05.024.0,1109.0636,831.5454,-0.0033431053,0.0
2021.011.012.0,656.99994,616.14746,0.06291127,0.0
2021.07.027.0,208.0,220.8882,0.35148156,0.0
2021.02.023.0,653.0,631.94073,0.10160673,0.0
2021.02.023.0,412.0,438.46674,-0.5969832,0.0
2021.07.06.0,26.323517,20.154495,1.548264,1796.0
2021.07.06.0,19.0,13.7140045,-1.902668,0.0
2021.02.023.0,77.0,82.08667,-1.328165,1.0
2021.04.09.0,19.81285,23.198334,2.5008042,0.0
2021.07.027.0,75.0,95.04949,-1.3507216,0.0
2021.012.03.0,81.0,80.66333,0.6512649,0.0
2021.03.017.0,280.98453,218.7176,0.55337703,10.0
2021.01.022.0,35.017014,32.993073,1.9356155,95.0
2021.05.03.0,119.03964,67.48248,1.2280489,561.0
2021.09.07.0,5.7009125,8.29747,2.2120867,1120.0
2021.07.06.0,1.5,6.8483734,-2.3555615,0.0
2021.011.012.0,3.5,7.0155334,-2.2463882,0.0
2021.07.027.0,771.1918,704.1012,0.10127926,0.0
2021.01.022.0,41.717865,40.426178,1.772166,5.0
2021.05.024.0,602.4581,590.7725,0.26587892,0.0
2021.07.06.0,274.0,263.11966,-0.75264525,4.0
2021.011.012.0,3.0,6.0348053,1.4480922,0.0
2021.05.03.0,88.0,120.176605,-1.1831472,0.0
2021.09.030.0,109.35268,93.86996,1.3322778,0.0
2021.03.017.0,3.399994,6.833267,-2.2061574,0.0
2021.06.015.0,91.0,90.44411,-1.401118,1.0
2021.07.06.0,134.44218,151.26143,0.8666436,50.0
2021.012.03.0,96.28492,101.23448,1.5260451,1.0
2021.07.06.0,61.190346,65.44866,1.6741245,0.0
2021.06.015.0,438.0,436.1021,-0.29876065,12.0
2021.07.027.0,95.33226,80.35964,1.2536514,20.0
2021.02.023.0,163.0,175.9593,-1.1626008,0.0
2021.07.06.0,9.199997,8.10527,-2.1715984,0.0
2021.09.07.0,72.0,95.36877,-0.9949713,79.0
2021.07.06.0,343.0,339.4566,-0.7294476,0.0
2021.07.027.0,152.0,200.77261,-0.3923304,1684.0
2021.08.017.0,27.5,63.25921,-1.2183373,1826.0
2021.02.023.0,51.0,57.610428,-1.2293642,1097.0
2021.09.07.0,3.5,8.341309,-2.1971653,3.0
2021.011.012.0,343.7107,358.71667,0.8561757,0.0
2021.012.03.0,38.0,24.914932,-1.6345692,2.0
2021.07.06.0,14.5,17.703247,-1.4429257,638.0
2021.08.017.0,16.5,29.454071,-1.7304718,5.0
2021.05.024.0,11.0,5.522461,-1.8036995,401.0
2021.07.06.0,87.0,68.3602,0.74893034,0.0
2021.08.017.0,202.0,281.42725,-0.8990145,0.0
2021.07.06.0,12.0,20.33696,2.1166377,0.0
2021.012.03.0,4.0,-0.50930786,2.7800517,0.0
2021.03.017.0,74.0,154.98221,-0.78348327,627.0
2021.011.012.0,0.1000061,1.9153442,-3.1897056,0.0
2021.04.09.0,224.09637,238.35147,0.99385566,1.0
2021.01.022.0,58.213684,28.614944,1.393832,3157.0
2021.08.017.0,88.0,150.46165,-0.91112614,9.0
2021.05.024.0,729.6365,661.894,0.35343206,0.0
2021.07.06.0,162.0,184.2581,0.71908426,0.0
2021.01.022.0,940.0,811.9196,0.016320348,0.0
2021.06.015.0,28.60524,42.138397,1.6186837,50.0
2021.05.024.0,87.56017,60.003616,-0.934535,0.0
2021.05.024.0,184.19104,155.21475,0.89446676,19.0
2021.05.03.0,6.0,15.221512,-1.6976078,1534.0
2021.011.012.0,26.372086,30.261612,0.5544393,13932.0
2021.07.027.0,16.255142,16.385178,2.084818,505.0
2021.05.024.0,23.0,9.310272,-1.9036596,20.0
2021.011.012.0,49.99527,42.396347,1.273989,122.0
2021.010.022.0,825.0,777.8309,0.15148056,0.0
2021.012.03.0,4.0,25.94661,1.8383299,0.0
2021.07.027.0,65.99999,65.37765,1.453301,0.0
2021.09.030.0,438.65222,382.36548,-0.17437339,0.0
2021.011.012.0,1.1000061,3.1627045,-2.7944257,0.0
2021.06.015.0,129.0,129.16507,-1.2504654,0.0
2021.09.07.0,0.3999939,4.5854034,-2.949588,0.0
2021.01.022.0,86.0,33.629135,1.0849552,0.0
2021.09.030.0,51.0,69.251785,-1.3528774,11.0
2021.06.015.0,20.804245,21.793823,1.9617357,429.0
2021.09.07.0,5.100006,8.061783,-2.1169155,0.0
2021.08.017.0,290.0,405.7694,-0.51066375,0.0
2021.06.015.0,17.548477,24.577011,2.0408149,5.0
2021.011.012.0,145.59541,160.74274,1.2580788,32.0
2021.06.015.0,121.85143,191.40953,0.5738263,432.0
2021.09.030.0,147.78314,93.75339,0.954537,27.0
2021.05.03.0,47.0,22.087753,1.7602593,0.0
2021.012.024.0,62.57254,77.395805,1.3823375,7.0
2021.09.030.0,340.0,425.86545,-0.5706389,0.0
2021.07.027.0,90.0,132.72743,-0.68103886,3206.0
2021.03.017.0,273.12122,229.45894,0.7139511,0.0
2021.011.012.0,151.0,171.73976,-0.80799603,33.0
2021.011.012.0,28.5,24.546402,-1.660039,3.0
2021.09.07.0,28.0,24.580093,-1.7201059,0.0
2021.01.022.0,40.60106,39.274094,1.7929702,20.0
2021.03.017.0,39.750626,44.270996,1.9888391,0.0
2021.07.06.0,17.5,19.150848,-1.6973536,0.0
2021.012.024.0,72.99999,75.45788,-0.9982469,38.0
2021.07.06.0,31.388443,23.954971,1.4155651,956.0
2021.02.023.0,93.0,72.880585,0.91765994,0.0
2021.07.06.0,175.00226,210.66223,1.2255774,5.0
2021.07.027.0,120.807236,73.668686,0.8103733,982.0
2021.010.022.0,20.0,29.295685,-1.5767989,825.0
2021.012.024.0,191.09105,228.98619,0.604743,22.0
2021.07.06.0,216.0,179.44771,-0.5868125,10.0
2021.011.012.0,46.0,55.536423,1.1939024,0.0
2021.010.022.0,182.22212,136.13496,0.8256688,16.0
2021.05.03.0,19.703262,24.934937,2.245813,21.0
2021.09.030.0,168.0,218.11324,-0.74298215,40.0
2021.08.017.0,418.70142,364.02496,0.8022058,0.0
2021.05.03.0,427.0,352.72748,0.6700256,0.0
2021.03.017.0,66.66807,57.16826,1.4229987,6.0
2021.012.024.0,25.670074,27.378952,1.6698403,1121.0
2021.011.012.0,2.4989471,7.3683777,2.5447206,120.0
2021.09.030.0,210.0,261.01526,-0.74025226,2.0
2021.07.027.0,3.5,7.212906,-2.3741329,6.0
2021.09.07.0,350.00034,327.3991,0.21852553,77.0
2021.07.06.0,9.079544,17.867294,2.3064277,0.0
2021.05.024.0,197.3611,122.85662,-0.52933097,0.0
2021.09.07.0,8.300003,11.239777,-1.9854326,0.0
2021.06.015.0,54.80622,85.84917,1.1193104,578.0
2021.05.03.0,3.100006,13.121002,-2.0179477,57.0
2021.010.022.0,19.0,13.568878,-2.0466418,0.0
2021.010.022.0,51.276268,35.671387,1.2468537,1402.0
2021.05.024.0,23.5,9.485504,-1.8549836,20.0
2021.03.017.0,115.0,83.92507,0.8443321,0.0
2021.011.012.0,0.1000061,3.268036,-3.2767942,0.0
2021.09.030.0,647.6121,573.31915,-0.024438262,0.0
2021.07.027.0,564.36346,560.4491,0.37035227,0.0
2021.09.07.0,520.0,547.60693,-0.34656835,0.0
2021.02.023.0,527.0,500.64874,0.5513272,0.0
2021.07.027.0,406.53522,415.16885,0.61414194,0.0
2021.07.06.0,646.0,674.12854,0.18771303,0.0
2021.08.017.0,60.0,72.73944,-1.5101569,2.0
2021.08.017.0,6.5,7.10878,-2.2667558,0.0
2021.01.022.0,439.27197,401.3841,0.72572315,5.0
2021.03.017.0,106.36652,104.50566,1.3032292,20.0
2021.01.022.0,145.0,115.16794,-1.2311561,0.0
2021.06.015.0,28.0,55.98472,1.4763117,0.0
2021.012.03.0,141.51175,149.56667,1.2666123,0.0
2021.03.017.0,59.13154,31.11058,1.3284799,561.0
2021.05.03.0,159.3252,96.86555,1.0618658,79.0
2021.07.06.0,11.5,9.02681,-1.936887,4.0
2021.08.017.0,54.918053,95.67944,-0.9231627,0.0
2021.01.022.0,65.08099,62.33384,1.874056,75.0
2021.012.024.0,210.20786,251.04752,0.53008986,1.0
2021.011.012.0,4.396347,6.2957,1.9627968,1666.0
2021.08.017.0,111.0,60.21409,1.1230607,0.0
2021.011.012.0,16.0,31.662231,1.8458904,0.0
2021.07.06.0,54.000008,46.691605,-1.5632105,6.0
2021.06.015.0,160.59825,191.02818,1.3085405,3.0
2021.07.027.0,36.777206,37.868103,1.8892183,4.0
2021.09.07.0,18.5,27.894455,-1.6117136,30.0
2021.04.09.0,571.0,577.1679,0.27521074,0.0
2021.011.012.0,8.899994,10.512741,-2.1643834,0.0
2021.08.017.0,140.23935,141.0878,1.3245311,1.0
2021.010.022.0,0.3999939,3.3308716,-3.06472,0.0
2021.09.030.0,100.92453,36.554474,0.8054947,3951.0
2021.01.022.0,79.587746,82.45028,1.7569835,2.0
2021.03.017.0,270.0,246.78123,0.25853193,0.0
2021.03.017.0,12.5,17.540741,-1.8387487,0.0
2021.010.022.0,901.61365,834.31757,-0.16367674,0.0
2021.05.03.0,347.0,289.44653,0.8755421,0.0
2021.09.07.0,525.9595,500.14423,0.3133998,2.0
2021.011.012.0,18.038681,21.943893,2.0111456,10.0
2021.04.09.0,203.40929,223.92699,1.0704613,0.0
2021.09.07.0,457.0,478.6242,0.3222903,0.0
2021.05.03.0,594.0,527.2612,0.5193144,0.0
2021.012.03.0,32.0,28.168121,-1.021673,7111.0
2021.01.022.0,38.250626,36.67688,1.8897382,5.0
2021.010.022.0,601.89514,627.07697,-0.26726103,0.0
2021.03.017.0,25.0,29.471298,-1.6124752,3.0
2021.03.017.0,197.0,263.37268,-0.89658856,0.0
2021.07.06.0,97.0,113.03335,1.0862076,0.0
2021.011.012.0,292.85364,307.99493,0.97056645,0.0
2021.05.03.0,44.5,82.41897,-1.095711,646.0
2021.09.07.0,231.62823,216.65074,0.5652635,503.0
2021.03.017.0,515.93835,460.8407,0.05988574,40.0
2021.05.024.0,76.0,84.18867,-0.97903395,1531.0
2021.07.027.0,173.95006,162.37256,0.5401863,679.0
2021.012.03.0,4.491501,10.055115,2.6038046,0.0
2021.010.022.0,46.5,48.933624,-1.5862019,0.0
2021.01.022.0,75.96105,80.65142,1.7422044,3.0
2021.06.015.0,38.0,69.791374,1.2681926,0.0
2021.011.012.0,174.0,192.39394,-0.48174572,779.0
2021.05.024.0,75.0,77.51696,-1.4805019,0.0
2021.01.022.0,35.7834,34.184387,1.9510138,4.0
2021.09.07.0,7.435547,11.650085,2.0237916,481.0
2021.08.017.0,131.72585,55.138496,1.0291662,491.0
2021.011.012.0,364.0,378.47913,-0.25547934,2.0
2021.09.07.0,28.0,18.834122,1.3509603,0.0
2021.02.023.0,81.26113,71.14698,1.3521574,101.0
2021.012.024.0,4.399994,5.2937317,-2.481424,15.0
2021.05.024.0,29.168976,23.167068,1.769344,475.0
2021.08.017.0,11.827713,13.080673,2.59115,331.0
2021.011.012.0,3.0,5.57341,1.3818176,0.0
2021.08.017.0,120.0,177.55011,-1.1724896,4.0
2021.09.030.0,812.33594,772.0619,-0.18791187,0.0
2021.06.015.0,108.0,98.68578,-0.8984339,243.0
2021.05.03.0,244.80113,142.48624,0.7522044,159.0
2021.09.07.0,18.0,10.6037445,1.6931479,0.0
2021.010.022.0,656.99994,657.8789,0.13805044,0.0
2021.03.017.0,192.88878,104.45471,0.5463495,577.0
2021.02.023.0,91.0,97.286476,-1.297493,0.0
2021.03.017.0,92.0,160.58423,-0.9429755,8.0
2021.012.024.0,8.100006,8.247818,-2.1197922,0.0
2021.05.03.0,39.0,36.500732,-1.6314437,0.0
2021.05.03.0,134.13483,76.16812,1.1794714,215.0
2021.012.024.0,96.0,86.22927,-0.87717676,75.0
2021.05.024.0,881.40735,751.8353,0.2139765,10.0
2021.05.03.0,180.0,116.35325,1.0047606,0.0
2021.07.027.0,9.899994,9.71785,-1.7881706,1223.0
2021.012.024.0,100.307594,122.65317,1.3041022,0.0
2021.09.07.0,125.0,160.7867,-0.6363039,241.0
2021.07.027.0,31.18837,23.300629,1.7033236,97.0
2021.04.09.0,295.0,310.9948,0.429806,0.0
2021.01.022.0,11.182205,17.533524,2.4013572,132.0
2021.06.015.0,108.0,193.35762,0.5893918,0.0
2021.06.015.0,16.536926,24.545288,2.151648,0.0
2021.011.012.0,0.1000061,3.0570374,-3.2966897,0.0
2021.05.03.0,203.0,328.00128,-0.18322325,460.0
2021.05.024.0,7.100006,5.540802,-2.171016,1.0
2021.05.024.0,257.02237,212.35094,0.95917326,8.0
2021.011.012.0,22.20987,17.94278,1.8162626,340.0
2021.02.023.0,523.0,502.5205,0.31139517,0.0
2021.07.06.0,158.0,163.93694,-1.0336607,0.0
2021.01.022.0,259.0,266.50842,-0.7918813,2.0
2021.03.017.0,160.0,120.444626,0.65384686,0.0
2021.02.023.0,263.0,310.83572,-0.5141394,53.0
2021.012.03.0,0.30000305,2.3454742,-2.9993942,3.0
2021.04.09.0,497.7074,481.67792,0.6346185,0.0
2021.05.03.0,86.71298,25.586975,1.2627065,2902.0
2021.08.017.0,352.00952,274.8363,0.4849081,0.0
2021.07.06.0,175.30223,195.99324,1.2817824,1.0
2021.05.03.0,34.921448,33.159515,1.8736907,30.0
2021.01.022.0,46.951477,41.610672,1.7306267,32.0
2021.05.024.0,307.0,320.5772,-0.8207352,0.0
2021.07.027.0,31.911926,33.665558,2.0344374,0.0
2021.01.022.0,13.70105,15.932922,2.1627722,31.0
2021.07.06.0,262.0,299.41873,0.5668874,0.0
2021.05.03.0,24.374374,23.437683,2.1636522,105.0
2021.02.023.0,248.0,273.00433,0.21015894,0.0
2021.012.03.0,24.0,42.717026,1.5150754,0.0
2021.09.07.0,59.639824,51.88511,1.5041131,80.0
2021.09.07.0,8.0,7.0793457,2.6249993,0.0
2021.05.024.0,65.99999,47.33522,1.2072067,0.0
2021.01.022.0,10.02594,12.083466,2.4199393,593.0
2021.05.024.0,308.00812,257.49783,0.8073501,1.0
2021.012.03.0,100.0,74.45034,-1.1765153,3.0
2021.011.012.0,81.20754,82.58092,1.3259224,2.0
2021.02.023.0,102.63101,83.287,1.215389,6.0
2021.09.030.0,110.3678,75.52913,1.116067,15.0
2021.03.017.0,5.699997,10.868042,-1.9392383,167.0
2021.01.022.0,68.70769,66.95247,1.8552558,2.0
2021.07.027.0,6.300003,5.776581,-2.0179472,422.0
2021.07.06.0,383.30255,418.13965,0.6559545,0.0
2021.05.03.0,350.0,238.68593,0.470356,0.0
2021.08.017.0,100.0,154.27914,-1.2573693,0.0
2021.05.024.0,162.41087,93.29715,-0.6295874,0.0
2021.02.023.0,634.3219,580.01514,0.43954134,0.0
2021.03.017.0,45.0,93.72784,-1.0280597,647.0
2021.09.030.0,139.33882,115.49005,1.1512945,1.0
2021.07.06.0,242.0,277.4167,0.630733,0.0
2021.08.017.0,261.8708,250.1384,0.87416327,0.0
2021.07.06.0,382.0,371.2237,-0.026886344,82.0
2021.09.07.0,2.5161438,10.127487,3.043076,0.0
2021.05.024.0,22.0,30.109299,-1.5221941,426.0
2021.010.022.0,5.899994,6.284912,-2.3329618,11.0
2021.09.07.0,142.82242,138.92332,1.2890472,0.0
2021.02.023.0,187.10507,183.70384,1.3224819,0.0
2021.010.022.0,57.353172,42.680176,1.5824406,288.0
2021.09.030.0,307.51193,285.64893,0.91390616,1.0
2021.012.024.0,5.699997,7.206482,-2.3159578,0.0
2021.01.022.0,11.150986,15.272278,2.3470361,204.0
2021.05.03.0,51.087753,30.399689,1.6506145,253.0
2021.012.024.0,158.72617,192.37979,0.9640637,1.0
2021.01.022.0,153.05403,102.001015,0.9658535,77.0
2021.011.012.0,24.352676,24.149887,1.7379382,39.0
2021.012.024.0,145.0,139.47464,-0.815207,2.0
2021.011.012.0,71.91341,73.794785,1.40607,2.0
2021.011.012.0,1.955658,6.7440033,2.7509763,18.0
2021.010.022.0,167.0,209.73897,-0.90497184,1.0
2021.08.017.0,219.0396,98.02292,0.6489347,1366.0
2021.07.06.0,9.512009,20.062515,2.2510948,21.0
2021.06.015.0,30.68312,34.06331,1.5810509,361.0
2021.012.03.0,14.0,34.527435,1.8166863,0.0
2021.07.06.0,61.999992,93.21052,1.6158073,0.0
2021.07.06.0,426.0,471.32904,0.5453341,0.0
2021.07.027.0,287.8465,260.278,0.48829675,6.0
2021.09.030.0,0.30000305,0.2214508,-3.0251358,1.0
2021.05.03.0,38.005234,18.102722,1.702598,663.0
2021.09.030.0,6.899994,5.9425964,-2.1612806,882.0
2021.02.023.0,103.29029,107.76173,1.501099,0.0
2021.06.015.0,17.670578,25.699036,2.091483,7.0
2021.03.017.0,141.8183,153.19408,1.4186233,12.0
2021.05.03.0,157.0,53.782005,0.9083377,0.0
2021.012.024.0,59.0,58.444374,-1.116914,19.0
2021.08.017.0,47.03563,28.121887,1.6904657,93.0
2021.012.024.0,372.0,370.0368,-0.27860546,1.0
2021.012.024.0,26.5,21.69719,-1.643085,0.0
2021.05.03.0,88.0,124.79656,-1.3253953,0.0
2021.07.06.0,317.0,356.13095,0.40807152,0.0
2021.010.022.0,3.0,5.20253,-2.4030616,9.0
2021.03.017.0,32.782974,34.55919,2.1474683,0.0
2021.03.017.0,248.04024,167.50479,0.35329354,903.0
2021.011.012.0,619.99994,533.21216,-0.17852151,0.0
2021.03.017.0,61.999992,111.09377,-1.1015627,10.0
2021.010.022.0,67.0,80.43043,-1.4036691,6.0
2021.04.09.0,200.0,213.5128,0.7204354,0.0
2021.011.012.0,7.800003,8.553024,-2.04303,5.0
2021.02.023.0,11.788666,5.995056,2.2885978,182.0
2021.06.015.0,321.39664,346.98245,-0.09914029,0.0
2021.03.017.0,286.11597,216.17595,0.253237,965.0
2021.09.030.0,1.0,0.7314606,-2.5708492,67.0
2021.03.017.0,180.30322,118.24529,0.8631416,3.0
2021.05.024.0,11.276382,16.568253,2.5090692,31.0
2021.06.015.0,212.97005,230.49962,1.1340824,1.0
2021.08.017.0,170.0,242.71857,-0.99420834,3.0
2021.02.023.0,907.0,806.3127,0.071354985,0.0
2021.05.024.0,125.51504,85.37452,0.88794106,660.0
2021.05.024.0,17.0,22.63269,-1.6138709,404.0
2021.02.023.0,20.0,13.126236,-1.6811454,632.0
2021.011.012.0,61.63806,42.736923,1.1401513,133.0
2021.08.017.0,583.34656,512.18085,0.5508493,1.0
2021.01.022.0,775.0,731.9207,-0.1693201,1.0
2021.010.022.0,139.17007,97.02978,0.5968529,1660.0
2021.011.012.0,216.13956,235.00447,1.1949923,30.0
2021.012.03.0,623.0,673.5452,0.32249868,0.0
2021.01.022.0,68.26994,30.558243,1.2739439,3759.0
2021.010.022.0,84.0,126.638824,-0.8495848,3848.0
2021.012.024.0,349.0,347.8386,-0.08126795,7.0
2021.010.022.0,6.5,6.0165253,-2.279929,3.0
2021.011.012.0,444.49628,459.9685,0.6664424,0.0
2021.07.027.0,357.92578,371.85162,0.6916828,0.0
2021.03.017.0,445.0,528.7721,-0.43803954,0.0
2021.08.017.0,192.90213,137.61177,0.94877714,0.0
2021.012.024.0,116.0,119.06304,-1.1576025,2.0
2021.011.012.0,0.1000061,3.101303,-2.7371957,1.0
2021.07.06.0,54.999992,55.815613,-1.2173474,42.0
2021.01.022.0,92.467804,94.3591,1.6550794,1.0
2021.05.03.0,2.199997,2.0114746,-2.4067485,23.0
2021.012.024.0,1.300003,4.163437,-2.6259916,0.0
2021.09.07.0,266.0,308.26837,-0.17835462,146.0
2021.012.03.0,23.810898,39.866165,1.4126575,876.0
2021.06.015.0,355.0,370.46072,-0.4386227,60.000015
2021.02.023.0,186.0,202.11887,-1.0930233,0.0
2021.04.09.0,80.0,103.27798,1.2940363,0.0
2021.02.023.0,48.950546,46.281265,2.0150244,18.0
2021.01.022.0,11.876007,17.283066,2.2910638,10.0
2021.01.022.0,40.044907,24.714752,1.552773,1543.0
2021.010.022.0,1.0,3.3577576,-2.9668052,0.0
2021.02.023.0,5.379669,4.933792,2.9973042,1383.0
2021.01.022.0,179.06313,185.96832,1.3559239,23.0
2021.03.017.0,68.39887,67.45739,1.6136125,1.0
2021.08.017.0,476.56323,368.46686,0.23499238,3.0
2021.09.030.0,699.0,685.3875,0.16008902,0.0
2021.09.030.0,133.0,98.44617,0.5712068,0.0
2021.03.017.0,52.0,69.36875,-1.3725498,1.0
2021.05.024.0,331.1947,332.36447,0.52128386,3.0
2021.03.017.0,22.419937,19.886765,2.0527337,8.0
2021.010.022.0,361.2734,359.3263,0.23146415,60.000015
2021.08.017.0,198.97684,101.868355,0.7309909,474.0
2021.09.07.0,905.0,787.8622,0.015816212,0.0
2021.010.022.0,23.0,22.36673,-1.6829019,55.0
2021.08.017.0,8.899994,13.30864,-1.8307378,240.0
2021.012.024.0,14.7200165,11.084839,2.1629539,126.0
2021.08.017.0,116.683014,110.73129,1.4913403,0.0
2021.07.027.0,205.6598,200.0186,1.1727481,1.0
2021.05.03.0,82.0,32.9691,1.2555811,0.0
2021.012.03.0,3.3682404,10.086838,3.2109284,67.0
2021.09.07.0,2.5391235,7.016083,3.1168437,21.0
2021.08.017.0,9.399994,8.439789,-2.1294801,2.0
2021.010.022.0,1.699997,5.275696,-2.6470535,2.0
2021.05.024.0,34.818283,30.389313,1.6446528,278.0
2021.09.030.0,65.43327,52.77215,1.4660983,2.0
2021.07.06.0,51.76902,53.881165,1.8057209,0.0
2021.012.024.0,32.670837,31.752853,1.8937114,42.0
2021.07.06.0,7.219864,12.466949,2.4765768,127.0
2021.07.06.0,146.0,149.19238,-0.67599106,118.0
2021.09.030.0,65.00001,83.129776,-1.3519504,32.0
2021.05.03.0,14.71875,19.685379,2.5732818,0.0
2021.02.023.0,12.236267,13.376785,2.2390263,21.0
2021.06.015.0,4.0,6.8354797,-2.2426412,0.0
2021.05.03.0,208.0,296.1106,-0.6591675,10.0
2021.011.012.0,108.987274,128.8115,1.4494561,0.0
2021.02.023.0,352.15405,312.36246,0.9070299,0.0
2021.01.022.0,765.0,711.36383,0.022854328,0.0
2021.09.07.0,-2.0,-8.869095,1329.2623,0.0
2021.011.012.0,13.710281,21.00975,2.1608627,0.0
2021.07.027.0,94.0,102.79721,-0.9954014,21.0
2021.010.022.0,218.0,265.5975,-0.5565641,10.0
2021.09.030.0,163.44386,164.78757,-0.5012517,0.0
2021.05.024.0,84.0,92.32221,-1.4261873,0.0
2021.03.017.0,40.328644,24.892609,1.5653455,274.0
2021.05.024.0,7.899994,13.288696,-1.8997495,160.0
2021.05.03.0,237.0,219.68542,1.1665647,0.0
2021.07.06.0,326.0,392.23523,0.71626043,0.0
2021.03.017.0,135.0,168.86035,-1.1551287,0.0
2021.011.012.0,2.4881287,7.042694,2.5603726,245.0
2021.07.06.0,127.34916,134.11275,0.94172645,95.0
2021.09.030.0,111.96781,42.8338,0.7291535,987.0
2021.08.017.0,69.85531,112.75739,-0.8749137,0.0
2021.011.012.0,286.0,306.43842,-0.42887473,12.999985
2021.07.027.0,26.093155,19.21814,1.781393,435.0
2021.06.015.0,610.0,581.0013,-0.3045175,0.0
2021.011.012.0,158.13147,171.78062,1.2031689,0.0
2021.03.017.0,66.79239,77.85094,1.5948102,2.0
2021.07.06.0,201.7023,223.42395,1.1850538,5.0
2021.07.06.0,835.0,756.679,-0.15603781,5.0
2021.07.06.0,583.10266,589.9229,0.34434378,0.0
2021.08.017.0,264.67062,403.38757,-0.3841331,0.0
2021.09.07.0,773.1245,699.0321,0.25483227,7.0
2021.08.017.0,201.79568,178.03851,1.1542832,0.0
2021.09.07.0,311.0,341.21985,-0.07073748,230.0
2021.08.017.0,398.61493,573.44025,-0.36356854,0.0
2021.08.017.0,536.43524,466.10846,0.61978745,0.0
2021.09.030.0,8.600006,9.30722,-2.0800307,0.0
2021.04.09.0,26.971817,28.163528,2.228096,3.0
2021.012.024.0,251.0,275.77103,-0.29858685,20.0
2021.010.022.0,20.269943,16.310638,1.8289059,129.0
2021.09.07.0,175.0,174.51013,0.74044824,0.0
2021.08.017.0,545.98346,485.6817,0.37786233,2.0
2021.09.07.0,4.300003,11.238052,-1.8918543,1007.0
2021.011.012.0,595.564,594.08307,0.16988885,1.0
2021.02.023.0,66.89124,62.0401,1.4919119,30.0
2021.09.030.0,0.1000061,-1.7574005,-3.3781364,231.0
2021.09.030.0,13.502243,12.761108,1.9126141,56.0
2021.07.06.0,459.0,448.3683,-0.10127413,3.0
2021.05.03.0,103.0,197.6375,-0.59488416,250.0
2021.011.012.0,317.78217,333.68683,0.91399586,0.0
2021.08.017.0,49.980804,75.01388,-1.038604,0.0
2021.08.017.0,611.5022,538.5307,0.2813884,0.0
2021.010.022.0,200.33893,147.7215,0.7633612,37.0
2021.03.017.0,6.699997,12.97876,-1.841891,75.0
2021.02.023.0,154.0,172.11162,-0.6150279,1772.0
2021.08.017.0,42.0,88.317604,-1.2843118,34.0
2021.07.06.0,85.97706,97.205,1.1537286,44.0
2021.02.023.0,420.0,418.2583,-0.4543934,18.0
2021.010.022.0,582.0,599.85535,0.2392633,0.0
2021.05.024.0,12.574066,17.501022,2.3315895,22.0
2021.05.03.0,2.399994,5.565933,-2.3148086,30.0
2021.03.017.0,59.70726,31.678772,1.2557213,762.0
2021.07.027.0,580.0,602.5025,-0.20641637,0.0
2021.010.022.0,185.2826,136.19107,0.3775859,1746.0
2021.010.022.0,8.800003,7.277603,-2.120045,36.0
2021.07.027.0,610.0,594.189,-0.3935821,0.0
2021.05.024.0,283.0,296.24164,-0.5586593,18.0
2021.011.012.0,201.28065,184.49892,0.29609823,236.0
2021.08.017.0,17.206177,17.642288,2.2920275,564.0
2021.01.022.0,552.0015,488.75934,0.4066,25.0
2021.08.017.0,69.00001,143.01233,-1.0355916,34.0
2021.05.024.0,952.2928,805.2134,0.14403939,10.0
2021.07.027.0,471.0,437.41113,0.4984225,0.0
2021.011.012.0,59.9722,64.04616,1.5049188,2.0
2021.07.027.0,150.90245,129.26341,0.6344304,781.0
2021.06.015.0,256.34183,283.1721,0.95897317,0.0
2021.06.015.0,87.0,66.90385,-1.0047305,510.0
2021.09.030.0,550.0,470.57538,-0.16553438,5.0
2021.06.015.0,700.0,670.4117,-0.20213413,2.0
2021.07.06.0,388.0,370.42303,-0.54675937,10.0
2021.011.012.0,102.0,120.11249,-1.3120513,0.0
2021.07.027.0,257.48807,255.74515,0.9598744,0.0
2021.09.07.0,3.5624084,6.2626953,2.582066,141.0
2021.010.022.0,122.75488,95.38858,1.0544046,74.0
2021.07.06.0,236.0,308.16068,0.9591212,0.0
2021.06.015.0,186.0851,279.2716,0.30045295,445.0
2021.02.023.0,267.0,242.4751,-0.25339866,3352.0
2021.05.024.0,351.0,332.2073,0.14163303,0.0
2021.07.06.0,33.02353,34.89052,1.8830361,0.0
2021.012.024.0,61.534378,74.23782,1.6552489,0.0
2021.09.07.0,4.5,6.2105255,-2.2559078,3.0
2021.07.06.0,376.0,427.0573,0.6338334,0.0
2021.05.03.0,260.0,167.06378,0.72119,0.0
2021.09.07.0,707.3037,655.8886,0.3316226,1.0
2021.07.06.0,58.38324,61.655014,1.7032511,1.0
2021.05.03.0,552.1694,480.38824,0.6163229,0.0
2021.011.012.0,56.0,63.422035,1.0679326,0.0
2021.09.07.0,23.0,10.121521,1.6583004,0.0
2021.012.024.0,25.0,13.786804,-1.3154051,1798.0
2021.010.022.0,317.0,329.2611,0.31136835,0.0
2021.07.06.0,37.0,34.237885,-1.6678913,0.0
2021.011.012.0,710.0,605.5284,-0.056444287,0.0
2021.012.03.0,18.0,15.255585,-1.7414434,0.0
2021.011.012.0,14.0,11.6167145,-1.9551649,53.0
2021.011.012.0,5.800003,7.813568,-2.1635733,178.0
2021.05.024.0,44.967575,20.891861,1.5113926,1123.0
2021.08.017.0,13.5,4.9237366,-2.2886608,21.0
2021.05.024.0,454.9796,416.85046,0.51972747,4.0
2021.03.017.0,183.0,278.55814,-0.298177,966.0
2021.09.030.0,260.3573,169.08957,-0.22326112,0.0
2021.09.07.0,0.19999695,3.6481628,-3.1130989,0.0
2021.03.017.0,3.0,6.7203827,-2.250202,0.0
2021.010.022.0,39.0,52.47177,-1.4110703,80.0
2021.02.023.0,112.267395,123.43028,1.4057488,59.0
2021.011.012.0,412.9559,459.60333,0.46197748,0.0
2021.012.024.0,9.0,8.620483,-2.1227236,3.0
2021.010.022.0,68.88879,44.56804,1.0726372,2012.0
2021.010.022.0,16.601181,14.730545,2.000623,78.0
2021.05.024.0,730.0,741.979,-0.25516438,5.0
2021.02.023.0,421.0,426.15552,-0.21116805,23.0
2021.07.027.0,67.0,101.00815,-0.8376472,2707.0
2021.05.024.0,250.0,285.61505,-0.5965564,122.0
2021.09.030.0,30.491745,9.761459,1.4775435,7205.0
2021.08.017.0,30.106293,45.541855,-1.2824941,0.0
2021.01.022.0,141.0,78.45362,-0.71662116,1023.0
2021.09.030.0,203.1842,156.83675,0.25694287,3796.0
2021.010.022.0,238.68935,204.23413,0.5783467,250.0
2021.03.017.0,32.88945,30.499191,2.1867313,20.0
2021.09.07.0,377.0,419.21613,-0.53304267,0.0
2021.010.022.0,224.0,233.47075,-0.25181365,2857.0
2021.03.017.0,4.100006,3.7243347,-2.3838327,27.0
2021.011.012.0,114.0,127.8239,-0.98467207,39.0
2021.09.07.0,151.0,200.87718,-0.51700044,60.000015
2021.05.024.0,423.11224,386.35715,-0.03897977,0.0
2021.06.015.0,68.0,129.79614,0.8560476,0.0
2021.08.017.0,286.0,255.23279,0.8546835,0.0
2021.04.09.0,69.17806,65.60156,1.4907331,62.0
2021.09.030.0,126.011086,55.807655,0.643566,1333.0
2021.09.030.0,4.800003,1.4807129,-2.3227737,130.0
2021.01.022.0,271.24142,255.1484,0.87078106,1.0
2021.012.03.0,232.73859,238.71237,0.91324097,0.0
2021.010.022.0,4.399994,4.577652,-2.2084215,62.0
2021.03.017.0,34.6765,35.198914,2.1016421,1.0
2021.07.06.0,186.0,269.57306,1.1158009,0.0
2021.07.06.0,12.571686,17.044022,2.0944805,61.0
2021.08.017.0,95.0,170.09657,-0.8679426,5.0
2021.07.027.0,305.70694,319.49622,0.80699563,0.0
2021.07.027.0,397.1265,376.2011,0.8323115,0.0
2021.07.06.0,35.005066,36.105637,2.081681,7.0
2021.09.07.0,403.1033,413.22815,0.50884604,0.0
2021.02.023.0,608.10706,522.0201,0.30775344,8.0
2021.07.027.0,106.0,95.07924,1.1929352,0.0
2021.012.024.0,314.30316,358.2727,0.8285507,0.0
2021.010.022.0,271.23398,267.85443,1.1016891,8.0
2021.011.012.0,12.424683,21.930145,2.2662184,0.0
2021.09.030.0,28.5,44.544937,-1.6115453,92.0
2021.011.012.0,0.6000061,3.3311005,-2.3879883,373.0
2021.04.09.0,9.0,8.701294,1.9185363,0.0
2021.012.024.0,156.0,165.79477,0.3789705,0.0
2021.08.017.0,5.0,5.6926575,-2.0523357,60.000015
2021.010.022.0,27.0,21.155182,-1.8774047,0.0
2021.08.017.0,271.16507,175.83203,0.46652806,891.0
2021.05.024.0,468.7002,400.63763,-0.2319696,0.0
2021.09.07.0,311.0,369.15207,-0.4166608,0.0
2021.03.017.0,107.0,161.67714,-0.98656344,0.0
2021.01.022.0,90.236374,67.48644,1.3519342,33.0
2021.09.07.0,6.300003,21.703476,-1.6884823,1399.0
2021.011.012.0,72.0,69.622894,-0.107509255,19339.0
2021.05.024.0,623.3238,547.2168,-0.037262082,0.0
2021.09.07.0,0.1000061,0.44076538,-3.3889396,0.0
2021.09.030.0,183.0,154.93011,0.37946796,0.0
2021.07.06.0,7.199997,9.086273,-2.008602,1.0
2021.09.030.0,916.6143,761.76215,-0.09585011,0.0
2021.07.027.0,13.95993,16.320953,2.070369,522.0
2021.012.03.0,358.52005,397.9618,0.55652285,1.0
2021.06.015.0,638.2478,684.44604,0.24041295,1.0
2021.09.07.0,227.0,277.2277,-0.8141446,0.0
2021.02.023.0,342.0,373.11218,-0.36526632,125.0
2021.012.024.0,6.600006,7.581436,-2.2551572,0.0
2021.010.022.0,41.163757,31.358383,1.3881798,330.0
2021.07.06.0,330.9025,351.6405,0.80299294,0.0
2021.09.07.0,107.0,172.71765,1.203119,0.0
2021.08.017.0,19.28267,16.461151,2.1454854,6.0
2021.09.030.0,359.95514,344.09882,0.791067,0.0
2021.01.022.0,92.0,96.281105,-0.6868751,5820.0
2021.07.027.0,68.0,88.64822,-1.1241367,15.0
2021.05.03.0,273.89633,163.22781,0.6778388,44.0
2021.03.017.0,167.81306,95.40526,0.6373137,470.0
2021.011.012.0,2.1664886,6.531082,2.701578,58.0
2021.05.024.0,410.0,427.34143,-0.65590715,4.0
2021.08.017.0,389.42712,344.0807,0.64659476,21.0
2021.07.027.0,18.0,20.491531,-1.793921,0.0
2021.09.07.0,256.72125,250.25638,0.4778986,130.99998
2021.07.027.0,155.2221,157.89388,1.3400104,0.0
2021.05.024.0,15.972214,8.446838,2.1777112,417.0
2021.03.017.0,439.0,422.75507,0.319471,0.0
2021.08.017.0,571.0,492.91425,0.29920757,0.0
2021.08.017.0,30.0,27.08046,-1.8792675,1.0
2021.08.017.0,59.0,83.23744,-1.3321581,17.0
2021.011.012.0,70.0,72.91563,-1.5022004,5.0
2021.07.06.0,287.0,325.64252,0.4924686,0.0
2021.07.027.0,78.61682,28.86354,1.1182387,1543.0
2021.07.06.0,175.72125,196.91466,0.67437124,50.0
2021.012.03.0,0.3999939,1.9100952,-2.9006174,0.0
2021.07.06.0,138.0,139.68414,-0.83487225,3.0
2021.010.022.0,58.832535,41.669754,1.1611671,969.0
2021.010.022.0,102.0,107.609955,1.1049018,0.0
2021.02.023.0,163.0,156.9915,0.5268676,0.0
2021.04.09.0,194.0,147.497,0.571893,0.0
2021.01.022.0,84.0,38.693726,-1.0175731,39.0
2021.05.024.0,20.370361,16.403198,1.9675843,699.0
2021.08.017.0,466.0,575.2525,-0.40463042,8.0
2021.09.030.0,78.0,108.8386,-1.1865351,52.0
2021.07.06.0,12.0,25.147964,1.7110375,0.0
2021.03.017.0,311.0,284.37616,0.15523922,0.0
2021.01.022.0,479.29095,430.99365,0.68110347,0.0
2021.010.022.0,2.300003,4.655411,-2.4314911,0.0
2021.01.022.0,476.74817,413.74792,0.5492699,8.0
2021.010.022.0,31.984253,32.14212,2.0198421,5.0
2021.06.015.0,367.5042,407.46112,0.68755627,0.0
2021.011.012.0,184.28252,210.27524,1.289786,2.0
2021.08.017.0,540.0,619.74365,-0.14299285,1.0
2021.02.023.0,99.37879,79.05431,0.87738293,4288.0
2021.06.015.0,247.0,325.0415,0.5819075,0.0
2021.09.07.0,158.0,100.08705,0.2177583,0.0
2021.06.015.0,213.0,207.32426,-0.9766493,0.0
2021.07.06.0,3.0,6.509247,-2.36563,3.0
2021.02.023.0,499.67853,447.2865,0.6469662,2.0
2021.03.017.0,157.5471,131.6362,1.0679184,1.0
2021.05.024.0,792.0,705.1548,0.0,1.0
2021.06.015.0,260.03232,291.63324,0.64721537,0.0
2021.09.07.0,9.399994,29.147278,-1.5009129,5920.0
2021.05.03.0,116.78223,32.801178,1.077,2318.0
2021.05.03.0,95.754074,54.359306,1.3891884,180.0
2021.01.022.0,744.38586,668.9211,0.3227296,3.0
2021.09.07.0,0.19999695,3.9208527,-2.9627287,0.0
2021.07.027.0,44.5,47.310623,-1.5952358,0.0
2021.09.07.0,17.856735,12.219879,1.5726335,1517.0
2021.07.027.0,63.521606,30.710907,1.2614272,370.0
2021.012.024.0,44.90651,53.709145,1.9140091,4.0
2021.06.015.0,5.0,9.108627,-2.3203924,0.0
2021.06.015.0,206.0,287.38165,0.5278473,0.0
2021.011.012.0,0.1000061,3.1472168,-3.2550342,0.0
2021.07.027.0,24.0,17.689392,-1.9255519,0.0
2021.08.017.0,224.83324,208.37207,1.0194043,1.0
2021.08.017.0,705.0,812.6657,-0.14004946,2.0
2021.07.06.0,245.48984,280.1302,0.64292026,3.0
2021.05.024.0,124.0,150.19319,-1.2486141,0.0
2021.09.07.0,129.02988,125.89043,-0.008928537,0.0
2021.09.030.0,62.051666,56.57876,1.7006223,130.0
2021.09.030.0,319.0,389.94196,-0.45292258,4.0
2021.010.022.0,384.0,388.4384,-0.18459225,8.0
2021.011.012.0,23.0,33.858185,0.5666692,0.0
2021.03.017.0,515.0,570.5286,-0.05425179,0.0
2021.012.024.0,57.955734,74.4684,1.4120002,3.0
2021.03.017.0,403.25372,374.02524,0.70951915,0.0
2021.09.07.0,8.0,10.243088,2.5529683,0.0
2021.09.07.0,253.6336,245.81976,1.1412601,0.0
2021.07.027.0,266.73834,236.29904,0.55212975,8.0
2021.08.017.0,114.72981,170.91498,-0.551893,0.0
2021.012.024.0,379.0,365.62268,0.022432446,0.0
2021.05.024.0,232.31133,156.19083,-0.42271495,0.0
2021.03.017.0,679.99994,746.2176,-0.1476388,5.0
2021.02.023.0,37.545547,25.899963,1.4382836,840.0
2021.03.017.0,101.51016,48.461975,0.97536004,902.0
2021.07.06.0,79.79101,86.38151,1.2549984,87.0
2021.06.015.0,186.0,263.82605,0.6032541,0.0
2021.07.027.0,356.0,410.61353,-0.5116372,3.0
2021.05.03.0,211.4584,207.59596,1.3058169,40.0
2021.08.017.0,1008.8143,770.2039,0.11613846,3.0
2021.012.024.0,7.0,6.434601,-2.008054,100.0
2021.07.027.0,30.0,27.514343,-1.8055379,0.0
2021.01.022.0,82.0,71.83358,-1.308541,0.0
2021.05.024.0,5.300003,8.279999,-2.049273,221.0
2021.07.06.0,7.78479,20.165878,2.3610635,1.0
2021.01.022.0,265.0,327.3475,-0.0741204,4214.0
2021.07.06.0,740.0,696.8372,-0.2399733,0.0
2021.011.012.0,12.0,18.065002,0.8671157,0.0
2021.012.03.0,4.0,2.6607056,2.7775269,0.0
2021.07.027.0,2.0,5.7372894,-2.5757878,4.0
2021.02.023.0,64.235985,45.160828,1.1337743,2061.0
2021.012.024.0,14.5,12.806793,-1.8702538,1.0
2021.09.07.0,280.0,255.40244,0.7107589,0.0
2021.08.017.0,45.5,113.03357,-0.95658493,1781.0
2021.011.012.0,292.0,280.86258,-0.07106781,602.0
2021.012.024.0,22.0,18.716965,-1.6515911,0.0
2021.09.030.0,122.0,147.22446,-0.6847937,4414.0
2021.012.024.0,252.06073,291.43774,0.99491775,5.0
2021.01.022.0,337.215,301.62808,0.91134703,5.0
2021.07.06.0,125.0,121.98143,-1.1780982,3.0
2021.09.030.0,43.621582,20.479446,1.2972625,332.0
2021.06.015.0,33.338898,43.23935,1.4838353,1915.0
2021.07.06.0,112.256134,122.19053,1.0048933,152.0
2021.012.024.0,290.0,331.51105,0.22310543,0.0
2021.02.023.0,419.91632,373.80524,0.77901363,0.0
2021.012.024.0,128.0,138.40051,0.5063323,0.0
2021.07.06.0,147.0,172.58127,0.7701975,0.0
2021.012.03.0,479.0,481.9193,0.32237828,0.0
2021.01.022.0,26.11531,30.605576,2.07578,103.0
2021.012.03.0,450.41077,464.78137,0.40844,0.0
2021.05.03.0,597.8495,547.16644,0.32146096,1.0
2021.010.022.0,23.882462,17.978271,1.7106452,1199.0
2021.06.015.0,5.800003,10.23494,-2.0372386,0.0
2021.05.024.0,17.571747,14.563293,2.1630657,192.0
2021.09.030.0,93.0,129.68657,-1.0706933,27.0
2021.03.017.0,421.0,492.83142,-0.19377613,1.0
2021.07.06.0,529.40265,541.27515,0.4247942,0.0
2021.04.09.0,144.0,119.56505,0.78144884,0.0
2021.05.024.0,57.0,37.726395,-1.5405638,0.0
2021.01.022.0,204.36136,193.14688,1.1112214,82.0
2021.07.06.0,137.0,153.77982,0.85709244,0.0
2021.05.024.0,62.659714,49.22113,-1.1855838,0.0
2021.010.022.0,357.97424,394.41263,-0.2659073,0.0
2021.05.03.0,52.0,59.103806,-1.4568064,0.0
2021.05.03.0,43.03987,19.962448,1.6377728,3386.0
2021.09.07.0,2.2776337,12.791061,3.2111962,302.0
2021.04.09.0,9.0,11.002975,467.60114,0.0
2021.010.022.0,78.945045,56.49478,0.9800713,765.0
2021.012.03.0,3.576004,10.504929,3.272214,1.0
2021.012.03.0,8.20314,10.662796,1.9989372,324.0
2021.07.06.0,292.0,309.96063,-0.23881578,88.0
2021.01.022.0,172.17084,103.75682,0.908921,1617.0
2021.010.022.0,308.03976,293.94894,0.37766802,7.0
2021.09.07.0,-2.0,-0.47924805,2.6818697,0.0
2021.07.06.0,12.0,20.03209,2.1044006,0.0
2021.07.027.0,39.49353,39.967438,1.8722644,1.0
2021.05.024.0,50.067123,33.091568,1.4136975,406.0
2021.09.030.0,0.3999939,1.0706177,-3.017578,0.0
2021.07.06.0,57.0,71.06548,1.4518706,0.0
2021.07.06.0,32.0,37.56221,1.2825372,0.0
2021.07.027.0,196.0,225.90068,-0.8726847,0.0
2021.05.024.0,541.96533,539.4722,0.34064555,26.0
2021.07.06.0,324.0,328.68582,-0.6287329,0.0
2021.05.024.0,27.0,14.284042,-1.9492738,0.0
2021.08.017.0,289.5322,435.76978,-0.30405235,0.0
2021.07.06.0,9.64447,12.89975,2.2822514,44.0
2021.09.07.0,847.0,768.30145,0.10217929,0.0
2021.08.017.0,134.72058,126.54221,1.3860923,53.0
2021.01.022.0,254.61475,224.27666,0.9677829,52.0
2021.011.012.0,775.0,734.34796,0.16891968,0.0
2021.011.012.0,14.353088,21.461502,2.1287198,128.0
2021.07.06.0,162.6022,187.19307,1.3147004,3.0
2021.09.030.0,27.0,43.024155,-1.4684298,3930.0
2021.09.07.0,45.174698,40.12703,1.6848787,2.0
2021.05.024.0,88.0,81.44097,-1.3268917,11.0
2021.08.017.0,98.0,211.5726,-0.5442245,763.0
2021.09.030.0,22.5,16.148636,-2.0112522,0.0
2021.06.015.0,228.0,314.62964,0.110679984,0.0
2021.09.030.0,249.61383,204.46428,0.5346458,68.0
2021.07.06.0,325.0,332.6239,0.17235398,0.0
2021.05.03.0,14.5,15.178543,-1.8450813,77.0
2021.04.09.0,701.0,691.8707,0.31820416,0.0
2021.03.017.0,26.874283,22.319046,1.8472238,44.0
2021.07.027.0,18.90274,16.576843,1.9674046,793.0
2021.012.024.0,90.95295,108.40003,1.3853875,98.0
2021.012.03.0,660.0,581.96857,-0.024719,0.0
2021.02.023.0,134.0009,97.16783,1.0918419,2.0
2021.09.07.0,12.0,17.991348,-1.7810583,3.0
2021.012.024.0,44.488495,52.67849,1.6045177,4.0
2021.02.023.0,15.569504,13.517349,1.9936987,272.0
2021.06.015.0,39.5,27.634079,-1.8678854,0.0
2021.05.024.0,2.600006,5.4729614,-2.6037147,0.0
2021.07.06.0,35.4209,23.094818,1.352349,1143.0
2021.09.030.0,159.09764,97.83403,0.4613843,1837.0
2021.09.030.0,18.0,17.76503,-1.8708799,1.0
2021.09.030.0,477.0,394.1337,-0.0919739,35.0
2021.09.07.0,55.046806,47.880768,1.5998245,14.0
2021.09.030.0,585.94086,502.03156,-0.15801513,0.0
2021.07.06.0,103.0,83.83222,0.6265719,0.0
2021.06.015.0,3.399994,6.6163635,-2.2311647,3.0
2021.09.030.0,16.73207,15.50618,1.7820841,96.0
2021.012.024.0,13.0,6.9118347,-1.6203897,390.0
2021.04.09.0,211.0,284.15894,0.9424226,0.0
2021.08.017.0,252.47882,289.59302,-0.047688484,0.0
2021.09.030.0,100.0,139.50296,-1.2552097,1.0
2021.08.017.0,493.524,420.35413,0.6875732,2.0
2021.07.027.0,34.34456,37.1131,1.9646748,0.0
2021.05.03.0,488.0,610.44684,-0.33517766,0.0
2021.011.012.0,10.5,14.966766,-1.8220046,440.0
2021.05.03.0,125.0,176.38124,-0.98316765,0.0
2021.09.07.0,130.0,128.28064,0.9658885,0.0
2021.02.023.0,118.87761,92.977745,1.105304,22.0
2021.03.017.0,47.0,62.909348,-1.5091007,0.0
2021.05.024.0,4.699997,7.715576,-2.2846339,22.0
2021.02.023.0,25.5,30.350784,-1.5759175,359.0
2021.012.024.0,14.576279,13.984848,2.0900135,100.0
2021.011.012.0,5.899994,10.459579,-1.9335606,214.0
2021.03.017.0,9.800003,20.866043,-1.685705,90.0
2021.09.030.0,640.0,661.31665,-0.29032278,2.0
2021.05.024.0,652.92255,605.68695,-0.19470549,0.0
2021.09.030.0,198.0,200.19258,0.26532722,0.0
2021.012.024.0,59.0,54.277794,-1.475878,4.0
2021.05.024.0,455.0,482.45856,-0.5747616,9.0
2021.06.015.0,11.0,10.243912,-2.155215,0.0
2021.07.06.0,131.0,139.34515,-1.1302555,2.0
2021.01.022.0,59.535522,49.6651,1.5779489,173.0
2021.012.03.0,5.339569,9.18988,2.6213562,0.0
2021.012.024.0,6.300003,7.109146,-2.189716,0.0
2021.04.09.0,81.4771,87.167145,1.7697678,27.0
2021.05.03.0,46.0,104.27381,-0.99966383,186.0
2021.010.022.0,190.62015,143.0353,-0.38513112,0.0
2021.07.027.0,176.0,167.23642,0.8108359,0.0
2021.011.012.0,179.20357,203.3966,1.05932,11.0
2021.05.024.0,65.00001,54.936966,-1.4964488,1.0
2021.011.012.0,1.800003,4.3599396,-2.5019042,0.0
2021.08.017.0,14.0,10.598007,-2.1722682,0.0
2021.03.017.0,779.75775,690.16956,0.1986711,0.0
2021.02.023.0,64.87041,70.51229,1.7880582,0.0
2021.08.017.0,2.5,4.4841766,-2.4385784,0.0
2021.02.023.0,161.73305,152.05495,1.2046549,6.0
2021.010.022.0,50.0,63.280907,-1.331876,70.0
2021.010.022.0,7.5,7.1176147,-2.164226,0.0
2021.03.017.0,135.0,100.40341,0.74649024,0.0
2021.09.07.0,11.704803,11.880295,1.7740425,987.0
2021.012.03.0,3.9318237,11.536911,2.9201143,0.0
2021.05.024.0,387.0,422.09476,-0.52653027,0.0
2021.05.03.0,420.2416,373.09143,0.8183552,0.0
2021.010.022.0,293.0,327.00497,-0.77450395,0.0
2021.011.012.0,247.41359,260.85162,0.5567944,7.0
2021.07.027.0,7.399994,7.5359497,-1.9367666,304.0
2021.05.03.0,191.0,116.846756,0.2709328,0.0
2021.07.027.0,216.0,196.94437,0.6909543,0.0
2021.08.017.0,338.28638,311.9496,0.37789035,1.0
2021.07.027.0,137.0,121.00323,0.65425813,0.0
2021.07.06.0,16.628754,18.178482,1.8081965,188.0
2021.012.024.0,42.051865,48.384277,1.9750981,24.0
2021.01.022.0,84.11957,52.93402,1.3732452,230.0
2021.04.09.0,39.0,14.033524,1.184095,0.0
2021.09.07.0,3.8797302,8.06044,2.4012163,12.0
2021.09.07.0,0.19999695,2.6542358,-3.1423213,0.0
2021.01.022.0,525.30994,460.6195,0.6324773,0.0
2021.09.07.0,2.0737457,11.45546,3.2364757,960.0
2021.03.017.0,111.0,143.53787,-1.2405889,1.0
2021.09.07.0,8.0,9.8328705,-2.1951768,0.0
2021.01.022.0,75.002754,63.786263,1.382929,58.0
2021.07.06.0,9.0,11.945984,-1.896821,0.0
2021.06.015.0,14.0,12.598297,-2.0608912,0.0
2021.012.024.0,291.5557,330.88983,0.8941403,0.0
2021.02.023.0,3.5,4.246277,-2.3364332,25.0
2021.07.027.0,52.642494,46.547302,1.6595371,22.0
2021.011.012.0,94.0,111.56828,-1.1967933,0.0
2021.02.023.0,15.5,17.32103,-1.7951152,227.0
2021.02.023.0,536.55963,488.87042,0.5792893,0.0
2021.07.06.0,372.0,407.3299,0.27650738,0.0
2021.09.030.0,3.899994,5.4832306,-2.3181088,3.0
2021.07.06.0,5.800003,9.321869,-1.9250906,79.0
2021.06.015.0,153.0,245.09358,0.41822827,0.0
2021.02.023.0,296.0,336.90225,-0.4461491,9.0
2021.06.015.0,50.973175,59.610634,1.8638299,0.0
2021.05.03.0,32.47061,19.978119,1.7616627,473.0
2021.07.06.0,14.901535,15.340195,1.9927208,37.0
2021.011.012.0,365.0,355.196,-0.65102863,12.0
2021.05.03.0,186.43068,184.2216,1.1897742,0.0
2021.01.022.0,12.632263,14.7556305,2.24119,152.0
2021.012.024.0,63.620155,58.925613,1.0334998,1171.0
2021.04.09.0,788.10376,723.50995,0.289662,0.0
2021.06.015.0,104.247375,132.51883,1.2579684,54.0
2021.011.012.0,16.0,37.59297,1.6345737,0.0
2021.05.03.0,172.0,300.0585,-0.28843474,353.0
2021.05.024.0,77.0,91.61082,-1.19151,21.0
2021.07.027.0,81.007774,66.195694,1.4075019,0.0
2021.07.027.0,86.66442,54.20835,1.0463297,237.0
2021.04.09.0,307.15765,321.42267,0.7855356,0.0
2021.07.027.0,12.0,12.734848,-1.6823554,970.0
2021.011.012.0,49.5,44.668243,-1.6495132,0.0
2021.05.03.0,40.5,81.4919,-0.72426987,7074.0
2021.09.030.0,849.0,767.937,-0.008844972,1.0
2021.012.024.0,47.0,42.31241,-1.568363,0.0
2021.07.06.0,49.13983,53.38617,1.5391912,0.0
2021.06.015.0,649.99994,741.6774,0.17166221,0.0
2021.03.017.0,579.0,557.01575,0.07158601,0.0
2021.09.030.0,540.5631,541.3419,0.46479976,0.0
2021.09.030.0,277.71768,238.64552,0.4636824,15.0
2021.02.023.0,61.767952,58.196457,1.5581706,2.0
2021.011.012.0,11.881897,20.58754,2.342055,15.0
2021.07.027.0,591.0,550.43567,0.30784392,0.0
2021.04.09.0,24.0,7.258026,1.8105052,0.0
2021.09.07.0,99.68198,98.61463,1.5565658,0.0
2021.07.06.0,22.758606,18.95781,1.6488583,697.0
2021.03.017.0,117.76005,114.3701,1.2580668,2.0
2021.02.023.0,322.27292,289.23,0.9700617,2.0
2021.01.022.0,216.0,151.23512,0.53560877,0.0
2021.09.07.0,260.0,265.26553,0.4081055,0.0
2021.03.017.0,33.101456,15.796387,1.7146869,315.0
2021.07.06.0,113.402,128.99937,1.580473,0.0
2021.05.03.0,27.94551,22.887238,2.0681493,351.0
2021.07.06.0,1.1000061,5.9407043,-2.4852116,0.0
2021.011.012.0,112.995056,82.72097,0.72184896,1344.0
2021.02.023.0,530.0,462.84857,-0.060256362,415.0
2021.06.015.0,145.0,155.36493,-1.1665249,3.0
2021.04.09.0,40.61908,35.126785,1.9231099,35.0
2021.011.012.0,11.639099,21.66832,2.3315425,4.0
2021.01.022.0,19.594849,13.462524,1.945702,384.0
2021.03.017.0,472.0,463.41443,0.5526209,0.0
2021.011.012.0,10.0,9.041306,-2.1099622,0.0
2021.05.024.0,18.17128,18.588348,2.0790372,227.0
2021.05.03.0,20.0,48.80092,-1.0651395,3706.0
2021.02.023.0,10.750641,12.041718,2.3884847,22.0
2021.06.015.0,17.5,14.170807,-1.9801886,0.0
2021.012.024.0,42.0,56.04609,1.297993,0.0
2021.05.024.0,151.0,173.79259,-0.6460359,1282.0
2021.05.024.0,386.0,329.57343,0.05223334,0.0
2021.09.030.0,200.0,269.9499,-0.86643744,4.0
2021.012.024.0,4.899994,6.1972046,-2.139111,20.0
2021.02.023.0,10.507828,13.11557,2.437161,139.0
2021.09.07.0,272.0,294.35895,-0.5660527,12.999985
2021.07.027.0,27.0,33.663055,-1.2871933,2286.0
2021.09.07.0,8.152863,8.82074,2.0449364,231.0
2021.09.030.0,2.800003,3.5177002,-2.502416,45.0
2021.09.030.0,189.32498,163.39308,0.92831886,4.0
2021.06.015.0,26.0,19.925476,-1.7695842,6.0
2021.012.024.0,168.0,221.90198,0.9318953,0.0
2021.02.023.0,54.000008,42.223312,-1.5715368,0.0
2021.07.06.0,13.00415,15.74794,2.0519586,95.0
2021.03.017.0,50.324753,55.62092,1.8245296,0.0
2021.06.015.0,281.0,377.68518,0.32141995,0.0
2021.05.03.0,176.0,247.23572,-0.76741886,0.0
2021.07.06.0,52.0,53.437294,1.0532292,0.0
2021.06.015.0,98.0,161.79251,0.7075505,0.0
2021.012.024.0,0.3999939,2.5222015,-3.3176935,10.0
2021.012.024.0,498.0,480.72528,-0.35784698,0.0
2021.011.012.0,1.699997,15.202301,-2.1857824,1495.0
2021.03.017.0,8.199997,16.160187,-1.7835786,148.0
2021.05.024.0,352.50098,303.1054,0.7367915,0.0
2021.02.023.0,679.99994,707.1668,-0.2663517,0.0
2021.05.024.0,367.16202,345.20694,-0.13298237,0.0
2021.011.012.0,132.05937,150.07297,1.3243947,0.0
2021.012.024.0,14.932526,14.904053,2.0480182,389.0
2021.07.06.0,9.876923,18.662888,2.2438934,20.0
2021.012.024.0,56.47045,63.153297,1.8000662,0.0
2021.05.024.0,13.0,24.136139,-1.7206571,109.0
2021.05.03.0,292.31387,297.68698,0.9973449,1.0
2021.05.03.0,102.0,32.220566,1.2216141,0.0
2021.08.017.0,357.35333,254.8096,0.17253458,1143.0
2021.09.030.0,128.0,148.02928,-1.0501144,7.0
2021.05.03.0,279.0,371.8312,0.015723705,0.0
2021.02.023.0,217.86731,206.56424,1.238343,1.0
2021.08.017.0,180.7637,125.0495,1.0063052,10.0
2021.010.022.0,92.0,89.41079,1.2267148,0.0
2021.05.024.0,89.600784,88.631516,1.5863546,217.0
2021.012.024.0,795.0,715.8658,-0.034756064,0.0
2021.05.024.0,429.40118,381.70233,-0.4965136,0.0
2021.04.09.0,21.60112,24.828644,2.4446564,0.0
2021.05.03.0,151.0,132.03249,0.11158192,0.0
2021.012.024.0,97.0,98.76116,-0.5913956,2764.0
2021.09.07.0,41.5,37.89331,-1.7041318,0.0
2021.012.03.0,544.0,549.6146,0.20942962,0.0
2021.05.024.0,106.0,86.69656,0.964418,0.0
2021.05.03.0,187.0,187.02248,1.3284832,0.0
2021.010.022.0,0.6000061,2.3096008,-2.7528179,5.0
2021.06.015.0,22.637909,28.808273,1.8601339,22.0
2021.07.06.0,161.0,158.45656,-0.1794815,10026.0
2021.02.023.0,42.093155,36.40448,1.355898,809.0
2021.03.017.0,526.08887,509.84192,0.18709683,0.0
2021.09.07.0,442.0,484.16608,-0.43910718,0.0
2021.03.017.0,250.3223,229.40442,1.048492,6.0
2021.010.022.0,89.0,123.80536,-1.0425131,24.0
2021.07.027.0,63.0,75.841034,-1.4401481,0.0
2021.05.024.0,115.46526,63.66539,0.9543393,2239.0
2021.07.06.0,638.80273,649.306,0.25900078,0.0
2021.01.022.0,450.0,387.98053,0.1917013,0.0
2021.010.022.0,26.93872,14.504227,1.6528733,848.0
2021.010.022.0,314.27194,301.6299,1.0089707,0.0
2021.07.06.0,526.0,566.1964,0.37353587,0.0
2021.09.07.0,145.1631,133.20041,0.9093027,256.0
2021.05.024.0,181.54375,161.2375,1.1426724,4.0
2021.011.012.0,0.19999695,2.2334595,-2.9801586,2.0
2021.05.03.0,90.59537,96.81268,1.7115742,1.0
2021.012.024.0,324.4994,378.4281,0.4333136,0.0
2021.09.030.0,193.30232,156.80925,0.69544494,4.0
2021.05.03.0,225.43433,219.75897,1.2652847,1.0
2021.011.012.0,64.0,87.30508,-1.0521193,1075.0
2021.011.012.0,254.0,277.35022,0.05728388,0.0
2021.012.03.0,4.0,10.515854,2.774877,0.0
2021.05.03.0,67.0,89.931305,-1.4586506,0.0
2021.02.023.0,290.0,311.33856,-0.6624403,3.0
2021.08.017.0,7.0,9.57341,-2.2446897,0.0
2021.07.027.0,725.0,763.98175,-0.21994519,0.0
2021.08.017.0,304.22784,204.62799,0.37126172,512.0
2021.09.030.0,390.67676,379.81683,0.72782326,0.0
2021.03.017.0,217.57574,141.55908,0.7498568,3.0
2021.05.024.0,215.3165,170.81354,0.8675257,2.0
2021.05.03.0,126.0,231.23923,-0.49436235,290.0
2021.012.024.0,70.88903,85.03507,1.589754,0.0
2021.011.012.0,1.8907318,6.1331177,2.9649842,0.0
2021.09.07.0,0.5,4.9629364,-2.8286903,0.0
2021.01.022.0,159.48131,161.6551,1.2838057,22.0
2021.012.024.0,128.0,198.52164,1.0557556,0.0
2021.011.012.0,6.6287994,4.883484,1.5385307,5512.0
2021.07.06.0,540.0,523.7249,-0.31700206,2.0
2021.07.06.0,12.5,13.657913,-1.8192484,0.0
2021.07.06.0,68.583206,43.379562,0.9409482,3693.0
2021.08.017.0,40.04355,58.01474,-1.1356523,0.0
2021.09.07.0,209.5352,199.82233,0.63240516,454.0
2021.012.024.0,145.8284,183.4041,1.3925012,6.0
2021.04.09.0,109.0,95.02801,0.9796553,0.0
2021.05.03.0,134.09656,139.32596,1.4240737,0.0
2021.03.017.0,229.71202,163.57324,0.68235016,8.0
2021.06.015.0,180.0,182.59727,-0.84862256,1.0
2021.07.06.0,9.414627,19.49321,2.339896,1.0
2021.09.07.0,121.0,68.23664,0.42646623,0.0
2021.03.017.0,722.0,669.7419,0.21860409,0.0
2021.012.024.0,163.95769,172.34126,0.35964227,886.0
2021.012.024.0,619.99994,650.3588,0.2512784,0.0
2021.08.017.0,4.100006,8.44223,-2.162756,0.0
2021.03.017.0,121.0,222.4538,-0.53988314,501.0
2021.09.07.0,0.69999695,7.1297455,-2.4639976,100.0
2021.05.03.0,277.0,241.67517,1.052712,0.0
2021.03.017.0,36.070038,37.65184,2.0914547,0.0
2021.07.06.0,90.0,86.61628,-0.5476427,3982.0
2021.010.022.0,48.5,51.000656,-1.6707671,0.0
2021.08.017.0,11.1532135,18.213333,2.5465457,2.0
2021.05.024.0,123.0,138.23402,-0.99294734,5.0
2021.010.022.0,1000.59467,835.3225,-0.085259676,0.0
2021.010.022.0,1.300003,5.5681458,-2.531472,2.0
2021.06.015.0,187.17944,217.52438,1.1872796,0.0
2021.04.09.0,781.0,756.80457,0.23723245,0.0
2021.09.07.0,232.96286,218.16986,0.96095175,3.0
2021.02.023.0,81.0,83.594765,-0.98623157,2115.0
2021.02.023.0,212.61737,148.14592,0.7925644,32.0
2021.010.022.0,155.9885,110.489586,0.9532014,4.0
2021.09.07.0,8.0,6.8938293,2.6050131,0.0
2021.09.07.0,6.8182373,9.033859,2.1597934,718.0
2021.07.027.0,40.5,29.708344,-1.7632537,0.0
2021.07.06.0,181.87563,203.13844,0.85350925,1.0
2021.011.012.0,1.7474518,6.788666,3.0739024,0.0
2021.011.012.0,17.781479,19.834213,1.9909129,4.0
2021.011.012.0,374.63922,388.58017,0.79715395,3.0
2021.09.07.0,2.9200134,8.439072,3.007994,26.0
2021.010.022.0,721.38837,661.892,0.13510275,1.0
2021.07.027.0,20.5,20.401962,-1.89094,0.0
2021.07.027.0,982.0,827.2872,0.031227946,0.0
2021.07.06.0,10.541855,17.105927,2.2537007,7.0
2021.05.03.0,90.0,65.14946,1.4858415,0.0
2021.07.06.0,207.0,230.64427,0.5366409,0.0
2021.02.023.0,36.5,39.40648,-1.4922316,1.0
2021.07.06.0,24.0,23.276306,-1.5873387,23.0
2021.07.027.0,695.58234,661.5041,0.19334161,0.0
2021.010.022.0,55.736374,42.26506,1.6416385,2.0
2021.010.022.0,86.170845,72.722145,1.2818986,20.0
2021.011.012.0,3.0,6.574356,1.6685523,0.0
2021.05.03.0,12.016632,9.269791,2.340594,4.0
2021.07.06.0,11.674316,16.075134,2.1872122,6.0
2021.09.030.0,8.5,7.4873047,-2.1505263,0.0
2021.09.07.0,0.19999695,2.5850983,-3.1599824,1.0
2021.07.027.0,49.42639,31.646866,1.3980206,119.000015
2021.011.012.0,13.06749,21.217117,2.1928043,5.0
2021.07.06.0,658.99994,732.1447,0.3219216,0.0
2021.05.024.0,9.977768,4.6436768,2.529142,205.0
2021.02.023.0,457.79742,411.7138,0.71330965,0.0
2021.07.027.0,36.0,50.764435,1.8171835,0.0
2021.09.030.0,134.6793,89.6719,0.98975146,23.0
2021.09.07.0,42.0,62.59202,-1.1989267,277.0
2021.010.022.0,96.0,130.09763,-1.332459,0.0
2021.01.022.0,61.65232,52.967194,1.5344951,27.0
2021.011.012.0,84.0,117.17033,-0.9068837,723.0
2021.04.09.0,543.7867,521.2863,0.5670148,0.0
2021.05.03.0,2.5,7.2538605,-2.256007,71.0
2021.03.017.0,146.0,242.10368,-0.6827471,0.0
2021.011.012.0,27.495468,22.885193,1.6559832,82.0
2021.07.06.0,257.0,286.15414,0.3584993,0.0
2021.06.015.0,18.0,45.273666,1.6536018,0.0
2021.010.022.0,363.30994,346.23724,0.9086242,15.0
2021.08.017.0,84.79256,136.5293,-0.67032766,0.0
2021.07.027.0,37.0,35.559082,-1.7356327,3.0
2021.010.022.0,471.88165,486.81512,0.4828776,0.0
2021.02.023.0,26.40274,19.827988,1.6382843,315.0
2021.09.030.0,214.65369,172.62698,0.8762815,2.0
2021.09.030.0,463.44452,406.13,-0.008745551,0.0
2021.07.027.0,191.05038,186.70358,1.2298694,2.0
2021.08.017.0,4.399994,6.0363007,-2.2451484,5.0
2021.012.024.0,30.0,24.857635,-1.7412436,0.0
2021.07.06.0,38.42639,40.792953,1.9985567,0.0
2021.07.027.0,305.95468,272.13824,0.43547392,7.0
2021.07.027.0,421.0,394.30408,0.5904224,0.0
2021.012.024.0,10.638718,7.1766815,2.4442387,678.0
2021.010.022.0,187.61475,180.91463,1.2187577,4.0
2021.08.017.0,224.80904,378.01147,-0.4682529,0.0
2021.01.022.0,15.8463745,18.69896,2.3885448,341.0
2021.05.03.0,44.8022,34.607407,1.8036177,208.0
2021.011.012.0,25.924072,24.790833,1.6928828,101.0
2021.02.023.0,60.144676,56.118973,1.5902402,8.0
2021.08.017.0,458.97852,426.86737,0.008544445,8.0
2021.09.030.0,28.0,19.3889,-1.9263856,32.0
2021.010.022.0,218.0,251.23865,-0.9458921,0.0
2021.09.030.0,95.0,112.42378,-1.2135587,17.0
2021.08.017.0,69.00001,97.869514,-1.4632952,2.0
2021.011.012.0,1.8799133,6.8784485,2.9159517,2.0
2021.07.06.0,319.54514,345.43625,0.96172494,0.0
2021.02.023.0,786.08417,687.9779,0.29513943,1.0
2021.05.024.0,109.586525,108.62661,1.5002773,8.0
2021.09.07.0,790.0,753.903,-0.07328141,0.0
2021.07.06.0,13.46907,10.881607,2.0310361,197.0
2021.08.017.0,58.000008,126.83744,-1.0705473,22.0
2021.012.03.0,282.6293,288.54373,0.7669573,1.0
2021.03.017.0,47.53769,50.10579,1.9005568,0.0
2021.03.017.0,129.15358,115.72597,1.1640786,6.0
2021.09.07.0,10.5,11.876785,-2.1016073,0.0
2021.05.03.0,8.300003,24.740677,-1.4053159,1179.0
2021.010.022.0,1.1000061,2.1049805,-2.6769636,0.0
2021.09.07.0,637.0,622.3054,0.35383677,0.0
2021.011.012.0,233.0,234.21115,-0.608768,2.0
2021.08.017.0,268.0,398.69434,-0.30031943,4.0
2021.02.023.0,154.12419,102.44008,1.0122749,4.0
2021.08.017.0,51.098373,29.036911,1.6686163,142.0
2021.09.030.0,5.100006,6.33226,-2.254917,0.0
2021.010.022.0,245.39511,198.5028,0.14233541,967.0
2021.012.03.0,221.0,194.98634,-0.7265625,3.0
2021.03.017.0,59.89553,60.27056,1.5524067,23.0
2021.09.030.0,83.36653,73.560165,1.4970495,42.0
2021.012.024.0,37.638077,40.13498,1.7596363,0.0
2021.08.017.0,42.0,52.180626,-1.6960626,2.0
2021.01.022.0,266.15805,241.55649,1.0929604,0.0
2021.07.06.0,103.18654,108.22433,1.3202603,1.0
2021.06.015.0,38.0,78.67715,1.1828171,0.0
2021.05.03.0,16.693619,8.971329,2.0914154,719.0
2021.011.012.0,205.0,222.30203,-0.8076012,14.0
2021.05.024.0,222.44196,194.02197,0.7816671,5.0
2021.08.017.0,2.0,4.7511597,-2.536455,0.0
2021.09.030.0,297.0,291.51575,0.5650594,0.0
2021.09.07.0,127.0,187.69087,1.1756241,0.0
2021.02.023.0,245.62955,233.91872,1.1347106,0.0
2021.05.03.0,24.866745,14.792862,1.9090134,428.0
2021.012.03.0,4.3876343,9.602646,2.7829711,10.0
2021.02.023.0,98.0,90.43073,0.82655185,0.0
2021.012.024.0,234.31326,264.42334,1.0785556,347.0
2021.01.022.0,76.0,27.485718,1.1656001,0.0
2021.09.030.0,702.72797,667.2809,0.24024701,0.0
2021.09.07.0,69.32588,60.43071,1.4059777,63.0
2021.05.024.0,14.173599,17.815292,2.2995906,11.0
2021.012.03.0,84.39418,89.67625,1.6055088,2.0
2021.06.015.0,5.100006,7.9082184,-2.1858468,1.0
2021.04.09.0,103.0,121.63031,-1.2414834,0.0
2021.07.06.0,22.0,29.999481,1.4556453,0.0
2021.08.017.0,195.31447,193.14258,1.0844421,8.0
2021.07.06.0,1.800003,6.538788,-2.3195221,1.0
2021.011.012.0,855.0,779.1841,0.08366668,0.0
2021.05.024.0,163.05089,158.81969,1.2086613,4.0
2021.012.03.0,4.0,21.063171,2.7730677,0.0
2021.09.07.0,3.3546448,10.502975,2.8406615,4.0
2021.09.07.0,273.45438,260.42603,1.0981928,0.0
2021.09.030.0,62.329437,45.605423,1.5006889,101.0
2021.01.022.0,350.0,385.04346,-0.6844497,3.0
2021.010.022.0,122.0,129.94203,0.9931276,0.0
2021.09.07.0,5.6662903,6.47554,2.3184307,662.0
2021.011.012.0,420.0,405.47244,-0.5613711,0.0
2021.09.030.0,423.39832,417.2287,0.66316843,0.0
2021.08.017.0,332.0,235.41364,0.28591263,0.0
2021.05.03.0,747.0971,625.2749,0.3954674,0.0
2021.02.023.0,163.0,185.19394,-0.8310559,5.0
2021.07.06.0,37.119278,40.62436,2.023495,0.0
2021.010.022.0,284.50763,227.00282,-0.11379647,0.0
2021.07.06.0,65.99999,60.22039,-1.485481,0.0
2021.02.023.0,161.34282,164.24834,1.4049476,9.0
2021.06.015.0,152.80765,183.31729,1.3497878,0.0
2021.012.03.0,119.62102,132.2226,1.37198,0.0
2021.08.017.0,16.5,16.914032,-1.9400713,0.0
2021.011.012.0,336.0,342.5111,-0.34077907,11.0
2021.08.017.0,31.5,28.526245,-1.6941197,0.0
2021.01.022.0,556.0,500.76117,0.5730252,0.0
2021.03.017.0,172.0,227.18698,-0.9845097,0.0
2021.05.024.0,192.71411,150.73866,0.6166005,1531.0
2021.01.022.0,243.98805,209.99002,1.0152501,12.0
2021.09.07.0,89.0,92.94167,-0.24615407,6151.0
2021.07.06.0,466.0,518.21356,0.45925426,0.0
2021.03.017.0,151.60458,163.39056,1.3609445,0.0
2021.05.03.0,824.0,685.5318,0.28136384,0.0
2021.08.017.0,280.0,366.9472,-0.7086389,5.0
2021.06.015.0,15.859039,25.822845,2.1664104,0.0
2021.010.022.0,262.0,264.34744,0.46330726,0.0
2021.02.023.0,494.6186,479.40186,0.3960502,5.0
2021.05.03.0,74.84478,77.88284,1.8134753,3.0
2021.05.03.0,160.26361,159.22615,1.3182076,0.0
2021.010.022.0,32.05124,23.97136,1.5209423,266.0
2021.012.024.0,36.5,29.271866,-1.4932387,0.0
2021.010.022.0,353.0,373.72052,-0.6864412,0.0
2021.05.03.0,307.0,263.11353,0.9722998,0.0
2021.08.017.0,103.64546,95.64821,1.5871285,12.0
2021.08.017.0,292.73267,231.33623,0.60642815,0.0
2021.05.03.0,441.0,289.18127,0.29836655,0.0
2021.07.027.0,366.12473,346.00934,0.89145154,0.0
2021.03.017.0,316.0,318.76923,0.044542074,0.0
2021.03.017.0,160.0,210.10944,-0.8637266,3.0
2021.04.09.0,178.0,217.982,-1.0495646,0.0
2021.012.03.0,4.0356903,7.009506,2.6532633,8.0
2021.011.012.0,129.08997,122.50318,1.052893,2.0
2021.04.09.0,331.0,378.625,0.6677418,0.0
2021.011.012.0,2.0123749,5.7075043,2.7969916,1.0
2021.03.017.0,646.4824,565.4488,0.06825328,1.0
2021.07.06.0,816.0,719.61005,-0.008919954,6.0
2021.01.022.0,595.0,605.3588,-0.1874553,12.0
2021.09.030.0,23.5,22.260971,-1.771173,1.0
2021.05.03.0,13.0,38.397675,-1.2479336,2063.0
2021.05.03.0,19.932129,24.273422,2.308511,47.0
2021.09.07.0,127.0,131.05899,-0.009314656,3973.0
2021.02.023.0,248.98724,201.68607,0.6094978,238.0
2021.03.017.0,177.17715,183.58632,1.2524005,5.0
2021.08.017.0,2.0,5.724182,-2.5616004,0.0
2021.012.024.0,1.0,3.9241028,-2.6885412,0.0
2021.011.012.0,18.5,30.35698,-1.6001155,274.0
2021.09.030.0,335.96857,297.37415,0.53943515,5.0
2021.07.027.0,675.0,720.5307,-0.090310454,20.0
2021.05.024.0,199.0,216.5836,-1.0544603,0.0
2021.08.017.0,355.0,468.32947,-0.37411427,15.0
2021.05.03.0,215.0,135.92868,0.87990916,0.0
2021.010.022.0,217.33885,158.9009,0.26536143,2904.0
2021.07.06.0,107.34009,115.35837,1.2462987,1.0
2021.06.015.0,886.4102,779.4992,-0.10377109,0.0
2021.03.017.0,820.0,784.2795,-0.054970384,0.0
2021.011.012.0,219.0,243.63528,0.18244994,0.0
2021.04.09.0,22.5,18.363373,-1.7222307,0.0
2021.02.023.0,181.2216,164.74178,1.1202102,7.0
2021.012.024.0,1.199997,4.362137,-2.7956388,0.0
2021.07.027.0,193.99767,184.64246,0.44315934,1416.0
2021.012.03.0,3.399994,2.732071,-2.1445487,607.0
2021.04.09.0,185.7222,197.81815,1.1459222,2.0
2021.09.030.0,70.7947,26.625809,1.0323865,1496.0
2021.05.024.0,105.4155,62.628784,1.0142441,1404.0
2021.07.027.0,116.0,154.1268,-0.78974175,12.999985
2021.06.015.0,510.0,595.4269,0.35939002,0.0
2021.012.024.0,9.157425,9.368286,2.704171,20.0
2021.012.024.0,70.80616,94.3857,1.2621871,1.0
2021.06.015.0,730.0,781.93146,0.07664406,0.0
2021.012.03.0,6.7512054,8.398148,2.1406288,156.0
2021.06.015.0,30.761002,49.713562,1.5150343,70.0
2021.02.023.0,291.0,290.7062,0.4430374,0.0
2021.08.017.0,105.60036,52.10594,1.1746371,269.0
2021.03.017.0,70.0,46.46872,1.1893077,0.0
2021.06.015.0,32.0,25.168503,-1.6931968,0.0
2021.09.030.0,5.199997,6.005661,-2.4172776,0.0
2021.07.06.0,15.0,14.798233,-1.7811515,4.0
2021.08.017.0,503.8401,416.38824,0.087900996,1.0
2021.07.06.0,2.600006,6.351959,-2.3807275,1.0
2021.05.024.0,573.4492,509.37366,-0.100761175,0.0
2021.06.015.0,47.150436,72.23056,1.2403785,517.0
2021.09.07.0,401.55823,372.7948,0.8171825,1.0
2021.09.07.0,50.0,54.27784,-1.4354503,0.0
2021.09.07.0,0.5,4.469223,-2.8445737,0.0
2021.08.017.0,2.0,4.9203796,-2.5007102,0.0
2021.010.022.0,131.87169,100.99037,1.0135134,59.0
2021.09.07.0,52.9433,28.209152,0.94090366,4803.0005
2021.09.07.0,173.0,208.55928,-0.79182696,23.0
2021.07.027.0,315.0,373.06268,-0.23256636,24.0
2021.02.023.0,189.0,176.79736,-0.49438405,3365.0
2021.012.03.0,0.19999695,2.663559,-3.2968652,0.0
2021.05.03.0,621.99994,500.76172,0.35217857,0.0
2021.012.03.0,78.948814,78.84408,1.6977264,16.0
2021.05.024.0,795.5219,700.76056,0.28421772,1.0
2021.011.012.0,442.0,466.8761,0.38862157,0.0
2021.05.03.0,8.874252,11.593826,2.4919777,6.0
2021.03.017.0,44.404358,27.713074,1.5208119,106.0
2021.05.024.0,39.0,23.051514,-1.7435215,0.0
2021.011.012.0,1.9232025,5.598877,2.934895,64.0
2021.09.030.0,0.69999695,3.2235413,-2.934981,0.0
2021.03.017.0,15.0,32.991776,-1.4866016,450.0
2021.012.03.0,513.0,549.45544,0.46868086,0.0
2021.06.015.0,392.0,498.8261,0.22089863,0.0
2021.06.015.0,390.0,378.55005,-0.59685016,1.0
2021.011.012.0,1.7582703,8.824005,3.065704,0.0
2021.07.027.0,371.0,359.23352,0.6758578,0.0
2021.09.07.0,0.1000061,3.5866547,-3.1683438,0.0
2021.08.017.0,138.0,251.59964,-0.668386,12.999985
2021.010.022.0,303.0,357.01154,-0.59534,1.0
2021.012.024.0,13.863754,10.649277,2.2243366,401.0
2021.012.03.0,109.51865,94.16383,0.4933473,3564.0
2021.09.07.0,31.908676,18.039413,1.2355448,2264.0
2021.05.024.0,672.95105,647.5986,0.17252958,5.0
2021.01.022.0,576.3289,476.64276,0.580312,0.0
2021.010.022.0,15.888657,12.125778,2.029057,416.0
2021.011.012.0,1.6258087,4.2239227,3.0895014,403.0
2021.07.06.0,298.20245,320.17358,0.8753682,8.0
2021.011.012.0,453.0,402.84277,-0.17500639,9.0
2021.03.017.0,165.94064,144.8537,0.98344076,0.0
2021.012.03.0,20.5,12.203125,-1.944052,0.0
2021.05.03.0,14.924377,8.284088,2.126472,269.0
2021.010.022.0,132.0,171.97333,-0.83927774,195.0
2021.09.07.0,54.999992,27.40033,1.0008177,0.0
2021.012.03.0,326.07468,325.90494,0.68590724,10.0
2021.011.012.0,10.453491,19.460724,2.4892895,54.0
2021.011.012.0,1.0,3.1421967,-2.938152,0.0
2021.06.015.0,3.0,7.061386,-2.3855817,0.0
2021.07.027.0,46.0,61.87937,-1.3150346,108.0
2021.02.023.0,86.38442,79.01702,1.2898518,6.0
2021.01.022.0,836.0,796.7262,0.17610753,0.0
2021.09.07.0,58.000008,86.44502,-0.49571657,6700.0
2021.07.027.0,92.0,76.041275,0.93286175,0.0
2021.011.012.0,65.766335,68.825966,1.4482343,1.0
2021.06.015.0,17.781143,22.570251,2.161476,1.0
2021.08.017.0,32.0,69.85888,-1.4332728,4.0
2021.03.017.0,39.0,51.86062,-1.5548806,2.0
2021.012.024.0,10.5,9.838623,-2.03875,0.0
2021.05.03.0,914.0,715.9026,0.19771862,0.0
2021.012.024.0,194.08081,215.59387,0.8692282,2.0
2021.010.022.0,54.000008,61.514908,-1.6081359,0.0
2021.09.030.0,88.95245,61.477203,1.2790917,3.0
2021.011.012.0,1.7041626,4.68338,3.2057707,0.0
2021.02.023.0,107.77884,115.66469,1.4421605,0.0
2021.05.03.0,372.0,320.08536,0.20619607,0.0
2021.012.024.0,293.5583,339.25897,0.28469753,5.0
2021.012.024.0,623.5355,623.8811,0.31831503,1.0
2021.010.022.0,49.38594,38.989853,1.7293625,38.0
2021.010.022.0,52.119568,40.60434,1.662438,33.0
2021.03.017.0,18.692764,11.019318,2.1675813,376.0
2021.09.07.0,74.51193,68.482025,1.3144414,54.0
2021.012.024.0,108.390205,133.35313,1.0223095,32.0
2021.011.012.0,123.0,147.7969,-1.2099137,0.0
2021.09.07.0,44.26773,42.178818,1.6562454,3.0
2021.012.024.0,235.0,288.4228,0.4091035,0.0
2021.09.07.0,29.0,44.55037,-1.4268363,23.0
2021.05.024.0,412.0,398.46655,0.54525506,0.0
2021.06.015.0,160.0,141.00047,-0.66864467,722.0
2021.05.024.0,603.3762,523.60394,-0.45431638,0.0
2021.012.024.0,178.0,243.1639,0.8381396,0.0
2021.010.022.0,222.57254,176.43962,0.6572609,189.0
2021.09.07.0,23.0,13.530121,1.4908544,0.0
2021.09.07.0,21.874054,14.211548,1.4678676,1801.0
2021.05.024.0,277.0,341.15182,-0.66096616,3.0
2021.012.024.0,10.0,4.133072,-1.7534034,610.0
2021.011.012.0,20.0,16.294708,-1.8041146,6.0
2021.012.024.0,186.0,182.81348,-0.9200189,0.0
2021.07.06.0,107.0,123.8161,1.0178611,0.0
2021.09.030.0,115.160126,64.88748,1.2111468,98.0
2021.07.027.0,45.8788,22.934113,1.453401,233.0
2021.03.017.0,86.21312,76.30433,1.2844107,30.0
2021.07.06.0,247.0,249.1305,-0.49408937,15.0
2021.010.022.0,0.30000305,3.381607,-2.9292982,0.0
2021.010.022.0,12.0,11.233795,-2.193464,0.0
2021.010.022.0,805.6417,743.8401,-0.06381464,0.0
2021.04.09.0,49.29564,45.35797,1.7262464,0.0
2021.09.07.0,3.593155,7.7735443,2.750257,1.0
2021.012.03.0,12.5,13.704285,-1.4415646,1500.0
2021.02.023.0,5.6700897,12.8164215,2.930627,407.0
2021.02.023.0,892.8464,785.3058,0.14319658,0.0
2021.08.017.0,2.0,2.985855,-2.6222847,205.0
2021.05.03.0,70.0,141.00778,-0.796397,199.0
2021.012.024.0,44.37169,45.134903,1.6686943,12.0
2021.012.03.0,0.6000061,3.424286,-3.3480422,0.0
2021.05.03.0,32.13588,25.281754,1.9587486,4.0
2021.05.03.0,19.7975,11.195755,1.9859644,374.0
2021.03.017.0,84.0,123.321945,-1.1359882,1.0
2021.07.027.0,431.12823,408.4016,0.7719785,0.0
2021.09.030.0,36.5,43.91916,-1.3224893,3201.0
2021.010.022.0,391.32892,379.12506,0.8405943,1.0
2021.011.012.0,528.35333,540.1196,0.52960587,4.0
2021.012.03.0,4.0,7.971161,2.7763338,0.0
2021.07.027.0,144.61267,144.44669,1.4269037,1.0
2021.09.07.0,157.2505,150.0364,1.2327113,0.0
2021.09.07.0,707.0,676.1615,0.2703389,0.0
2021.09.030.0,438.0,361.0227,-0.18163371,180.0
2021.010.022.0,11.5,11.742218,-1.9938095,0.0
2021.07.027.0,77.0,62.518806,1.0879519,0.0
2021.06.015.0,187.23663,219.42543,0.84146774,2.0
2021.012.024.0,13.0,11.458115,-1.9626458,0.0
2021.011.012.0,130.0,142.47122,-1.0674155,4.0
2021.09.030.0,63.0,96.144135,-1.2563207,23.0
2021.012.024.0,215.0,266.32806,0.48359478,0.0
2021.011.012.0,17.0,16.683075,-1.9441445,5.0
2021.05.024.0,2.100006,3.5982056,-2.4274828,2.0
2021.05.024.0,24.0,12.483566,-1.8013833,20.0
2021.011.012.0,93.915184,111.64843,1.5660228,12.0
2021.06.015.0,291.0,279.59753,-0.7864344,0.0
2021.012.024.0,256.44147,310.66348,0.36579168,8.0
2021.011.012.0,0.30000305,3.1197662,-3.102125,0.0
2021.06.015.0,58.000008,99.49413,1.0297292,0.0
2021.09.07.0,191.10669,178.2928,1.1040815,0.0
2021.09.07.0,2.2429962,14.015427,3.3193364,156.0
2021.011.012.0,407.56775,423.23953,0.7323376,0.0
2021.012.024.0,1.800003,3.8312683,-2.550464,2.0
2021.05.03.0,18.35138,24.105927,2.4102898,0.0
2021.04.09.0,20.706985,23.445786,2.4625387,1.0
2021.07.027.0,316.12122,301.23453,0.9964959,0.0
2021.07.027.0,271.0,283.24356,0.8924577,0.0
2021.07.06.0,11.0,9.718506,-1.986265,2.0
2021.07.06.0,45.0,41.071625,-1.6214335,1.0
2021.02.023.0,291.1758,230.3947,0.86285365,10.0
2021.07.027.0,16.0,18.36345,-1.5506685,1309.0
2021.07.06.0,423.0026,455.4254,0.58035374,4.0
2021.012.024.0,148.0,146.2402,-1.0378125,2.0
2021.010.022.0,276.92297,256.9395,0.45299387,26.0
2021.07.027.0,5.0,6.733551,-2.165828,14.0
2021.012.03.0,89.83955,93.58651,1.584059,0.0
2021.05.03.0,256.38614,246.1083,1.1622239,0.0
2021.07.06.0,95.0,89.88821,-1.3106539,4.0
2021.09.030.0,100.023964,87.37091,1.3942049,1.0
2021.012.024.0,0.5,3.2293854,-2.8493173,0.0
2021.02.023.0,384.0,397.45276,-0.27181172,1.0
2021.08.017.0,174.60431,246.0039,-0.28816962,0.0
2021.06.015.0,279.43018,349.47684,0.54326797,0.0
2021.06.015.0,58.000008,112.08506,0.95789725,0.0
2021.03.017.0,238.84828,185.65572,0.6225431,3.0
2021.08.017.0,346.0,316.24258,0.6896069,0.0
2021.011.012.0,14.924484,21.541275,2.105118,0.0
2021.09.030.0,35.5,43.051743,-1.5656915,25.0
2021.07.06.0,182.0,231.28029,0.7915654,0.0
2021.09.07.0,0.1000061,3.9013824,-3.176419,0.0
2021.07.027.0,505.0,519.45667,-0.31493902,0.0
2021.07.027.0,291.0,302.86902,0.84268385,0.0
2021.08.017.0,261.59424,204.22894,0.69138455,8.0
2021.06.015.0,16.025375,18.415665,2.176833,99.0
2021.06.015.0,570.0,671.29474,0.26299167,0.0
2021.05.024.0,607.86566,565.89685,0.4884944,0.0
2021.08.017.0,206.0,114.98389,0.66621363,0.0
2021.07.027.0,9.600006,12.4257965,-1.9820044,10.0
2021.03.017.0,17.0,15.502975,-1.9115794,0.0
2021.05.024.0,464.69653,473.63605,0.2507584,11.0
2021.09.07.0,10.287491,9.570923,1.9009566,745.0
2021.09.07.0,919.76605,798.9308,0.09624076,6.0
2021.011.012.0,8.899994,9.453918,-2.2106278,0.0
2021.011.012.0,585.0,579.5652,0.4197737,0.0
2021.07.06.0,69.30456,71.25648,1.5924618,0.0
2021.07.027.0,246.0,232.3992,0.56370246,0.0
2021.05.03.0,16.380264,21.799225,2.4507341,0.0
2021.01.022.0,131.82042,93.664696,1.0710838,66.0
2021.05.03.0,55.609108,24.00055,1.5036412,1290.0
2021.03.017.0,380.0,464.9466,-0.53136516,5.0
2021.09.030.0,0.5,1.5388031,-2.9515827,0.0
2021.012.024.0,2.399994,5.2670593,-2.4256532,0.0
2021.02.023.0,53.0,48.491318,1.1816688,0.0
2021.05.03.0,431.0,552.0644,-0.20267057,4.0
2021.07.027.0,192.0,225.91158,-0.25684714,1610.0
2021.03.017.0,208.0,328.12146,-0.5903108,0.0
2021.07.06.0,72.69798,79.865814,1.3164201,64.0
2021.08.017.0,14.0,9.880859,-2.2232482,0.0
2021.012.024.0,176.97424,199.58578,0.69167113,60.000015
2021.03.017.0,24.22284,20.003067,1.9226289,114.0
2021.02.023.0,351.0,363.23795,0.30019593,0.0
2021.07.06.0,1.0,1.9718933,-2.627981,0.0
2021.06.015.0,46.5,37.276962,-1.5351617,0.0
2021.02.023.0,178.0,193.5733,0.4265982,0.0
2021.05.024.0,356.01273,338.6998,0.1396966,1571.0
2021.01.022.0,17.03859,15.001755,1.9962189,324.0
2021.05.024.0,322.2118,302.25317,-0.22912693,0.0
2021.05.03.0,30.0,61.024986,-1.2873104,30.0
2021.09.030.0,389.23685,371.09717,0.13821709,67.0
2021.02.023.0,6.399994,6.6812134,-2.1527333,24.0
2021.012.024.0,201.8183,235.85904,1.1819377,0.0
2021.05.024.0,1018.9491,822.5317,-0.07696271,0.0
2021.03.017.0,286.10858,250.32065,0.98770225,17.0
2021.01.022.0,195.0821,197.12117,1.2961351,1.0
2021.010.022.0,9.0,8.995987,-2.0625381,14.0
2021.02.023.0,11.331482,13.403824,2.1796212,167.0
2021.05.024.0,5.300003,4.5888367,-2.3997486,8.0
2021.06.015.0,145.01706,173.58008,1.3916867,6.0
2021.010.022.0,668.4618,625.94836,0.42025208,0.0
2021.07.027.0,280.0975,270.70978,0.91766304,2.0
2021.011.012.0,3.0,13.717545,1.8498367,0.0
2021.08.017.0,81.0,49.363846,1.2857625,0.0
2021.012.03.0,29.0,18.678131,-1.7465596,5.0
2021.012.03.0,9.399994,6.6961823,-2.4556253,0.0
2021.05.024.0,288.51523,229.05618,0.8764861,3.0
2021.07.06.0,107.70197,123.949005,1.617376,27.0
2021.07.06.0,112.0,165.50432,1.104266,0.0
2021.03.017.0,210.74973,204.15681,1.1644537,2.0
2021.010.022.0,569.4238,527.63416,0.56645274,12.0
2021.05.024.0,22.0,8.981125,-1.9453821,2.0
2021.03.017.0,229.0,201.61696,0.36917388,0.0
2021.012.024.0,84.73266,76.72206,0.84032255,1324.0
2021.05.03.0,78.5637,49.849487,1.4888769,17.0
2021.010.022.0,241.4948,232.11484,1.0038899,0.0
2021.011.012.0,88.379135,104.41254,1.6060357,1.0
2021.05.024.0,518.5747,458.08167,-0.16810048,0.0
2021.05.024.0,34.5,20.194717,-1.8280606,0.0
2021.09.030.0,64.53711,55.7601,1.4221321,22.0
2021.011.012.0,64.11926,66.86717,1.485903,1.0
2021.08.017.0,468.09613,611.04706,-0.25149608,0.0
2021.08.017.0,120.0,219.71161,-0.7280109,12.0
2021.02.023.0,78.0,81.452156,-1.2153575,8.0
2021.08.017.0,256.0,169.37949,0.4726491,0.0
2021.01.022.0,13.0885315,15.147125,2.191941,183.0
2021.09.07.0,490.0,515.5965,-0.15346098,4.0
2021.08.017.0,771.08044,635.89355,0.33941174,0.0
2021.011.012.0,2.034027,6.745407,2.7750196,36.0
2021.08.017.0,236.3174,177.95078,0.7765219,4.0
2021.01.022.0,48.568283,42.642014,1.7149731,70.0
2021.02.023.0,827.0,752.4761,0.15396655,0.0
2021.011.012.0,2.6314087,7.3977203,2.4272468,507.0
2021.012.024.0,11.094986,8.123749,2.37783,297.0
2021.01.022.0,77.3262,32.69423,1.2059073,3792.0002
2021.06.015.0,164.83878,196.1845,0.93219626,69.0
2021.09.07.0,88.977936,56.170853,0.60101175,3831.0
2021.06.015.0,164.0072,248.55948,0.39528298,260.0
2021.01.022.0,227.12007,217.37093,1.2015002,5.0
2021.012.024.0,284.0,282.86365,-0.69120383,0.0
2021.07.06.0,731.0,709.65576,0.08965957,0.0
2021.03.017.0,642.0,609.75916,0.30324757,0.0
2021.011.012.0,61.999992,55.744537,-1.4730408,1.0
2021.07.027.0,28.0,35.351883,-1.5436659,128.0
2021.07.027.0,507.13177,483.3523,0.64913,0.0
2021.010.022.0,41.418716,36.753937,1.8394225,4.0
2021.011.012.0,0.19999695,3.1269684,-3.2313511,301.0
2021.010.022.0,180.0,232.24521,-0.64210796,25.0
2021.07.06.0,34.11656,36.607193,1.8529518,0.0
2021.01.022.0,616.0,567.67175,0.4553132,0.0
2021.03.017.0,192.96344,194.35675,1.2093375,0.0
2021.05.03.0,16.461014,22.860489,2.4240432,0.0
2021.011.012.0,34.20967,28.501587,1.4778767,51.0
2021.04.09.0,86.16419,93.19253,1.7308902,0.0
2021.05.03.0,9.882004,11.810043,2.3367512,7.0
2021.07.06.0,197.0,224.5007,-0.4603982,530.0
2021.012.03.0,103.0,104.86822,0.50957286,0.0
2021.010.022.0,26.0,36.88394,-1.4364421,1704.0
2021.05.03.0,87.01184,88.79769,1.7461064,38.0
2021.07.06.0,12.0,26.503937,1.7305461,0.0
2021.03.017.0,149.0,255.44626,-0.4146211,537.0
2021.03.017.0,224.0,300.5755,-0.18191326,599.0
2021.07.06.0,12.0,20.705505,2.077829,0.0
2021.05.03.0,700.0,621.09454,0.13469374,0.0
2021.05.024.0,524.82196,477.08746,0.21175075,82.0
2021.07.06.0,16.031372,12.103653,1.9061985,231.0
2021.05.03.0,146.23001,93.65629,1.1315756,1187.0
2021.012.024.0,226.0,192.90955,0.08429468,0.0
2021.012.03.0,604.0,573.71124,0.093646765,0.0
2021.06.015.0,21.060013,27.130356,1.8993306,68.0
2021.01.022.0,14.3573,16.856567,2.1116092,9.0
2021.05.024.0,48.5,33.95508,-1.7317488,0.0
2021.05.024.0,171.0,191.61421,-1.1215813,1.0
2021.012.03.0,24.0,47.75421,1.346649,0.0
2021.012.03.0,0.1000061,4.2194366,-3.389839,0.0
2021.07.06.0,35.70958,36.910904,1.830288,4.0
2021.011.012.0,690.0,641.8804,-0.27362132,20.0
2021.06.015.0,236.0,313.24817,0.4602536,0.0
2021.06.015.0,309.0,300.78635,-0.10313189,535.0
2021.08.017.0,5.600006,2.4566803,-2.301892,11.0
2021.06.015.0,24.0,23.506073,-1.6086781,473.0
2021.06.015.0,16.8927,25.93991,2.1005435,15.0
2021.02.023.0,997.0,814.641,-0.011030555,1.0
2021.09.07.0,310.0,361.62854,-0.6286738,0.0
2021.012.03.0,29.0,48.269638,1.2579756,0.0
2021.09.07.0,605.0,621.46075,-0.2553997,0.0
2021.06.015.0,820.0,720.317,-0.11377323,0.0
2021.012.024.0,486.0,439.34076,-0.11251199,1.0
2021.02.023.0,212.19872,194.04785,0.9923138,7.0
2021.09.07.0,3.2585297,8.714813,2.6957943,0.0
2021.05.024.0,334.0,315.51553,-0.5191641,4.0
2021.012.024.0,36.52127,39.44377,1.7779372,12.999985
2021.05.03.0,367.0,319.7375,0.7693031,0.0
2021.07.06.0,7.800003,6.2385254,-2.2290437,30.0
2021.012.03.0,54.000008,59.854263,0.9342216,0.0
2021.08.017.0,335.14795,286.25003,0.44804406,17.0
2021.05.03.0,32.5,29.028625,-1.7180858,0.0
2021.010.022.0,2.100006,5.7830963,-2.3465602,16.0
2021.03.017.0,33.0,55.568398,-1.3846476,1.0
2021.09.030.0,240.51,196.05624,0.5764971,37.0
2021.08.017.0,41.0,32.219574,1.9043756,0.0
2021.07.06.0,8.549698,19.32991,2.3792129,25.0
2021.09.030.0,249.0,288.14917,-0.55467343,54.0
2021.07.06.0,49.0,36.250656,-1.4121649,0.0
2021.011.012.0,83.34309,95.60496,1.6531053,29.0
2021.09.030.0,13.0,15.348694,-1.8953888,4.0
2021.012.024.0,17.74504,19.115845,1.9330839,152.0
2021.03.017.0,515.0,605.0131,-0.33796,0.0
2021.06.015.0,38.0,62.625412,1.3639133,0.0
2021.09.030.0,301.31403,195.42993,-0.09562099,0.0
2021.04.09.0,19.0,8.826355,1.8869182,0.0
2021.07.06.0,211.0,205.69469,-0.0034549236,2733.0
2021.08.017.0,334.39377,435.32166,-0.22400403,0.0
2021.05.03.0,1.0,3.829773,-2.3916023,38.0
2021.03.017.0,28.450012,22.525223,1.7815437,67.0
2021.09.07.0,75.96962,77.61305,1.7087377,1.0
2021.07.027.0,131.87306,109.307045,1.08001,4.0
2021.08.017.0,2.0,2.767273,-2.610751,201.0
2021.010.022.0,12.619888,11.476425,2.216197,320.0
2021.02.023.0,212.74066,154.5352,0.7290828,196.0
2021.02.023.0,667.0,636.0126,0.31932116,0.0
2021.07.06.0,441.91388,450.0661,0.73414946,3.0
2021.06.015.0,337.0,427.81406,0.34529483,0.0
2021.05.024.0,222.0,225.65103,-0.43104148,1658.0
2021.03.017.0,130.6616,62.646408,0.80951655,784.0
2021.05.03.0,8.143509,13.756241,2.4010859,0.0
2021.07.06.0,30.5,23.977386,-1.0946214,2857.0
2021.07.027.0,278.0,275.71628,0.12296438,0.0
2021.09.07.0,600.0,577.6184,-0.02801168,0.0
2021.08.017.0,4.600006,7.3553925,-2.0947573,0.0
2021.03.017.0,33.0,69.04464,-1.1529973,780.0
2021.07.027.0,36.0,47.174698,-1.1396868,4049.0
2021.06.015.0,33.0,22.69812,-1.9492497,0.0
2021.05.03.0,123.51302,132.14594,1.47596,0.0
2021.010.022.0,98.0,128.54764,-1.2029607,0.0
2021.01.022.0,180.0,112.38633,0.9032918,0.0
2021.09.030.0,283.79034,266.17963,0.9703531,0.0
2021.07.027.0,126.0,116.119095,1.041141,0.0
2021.07.027.0,96.71203,60.504807,0.9725177,736.0
2021.06.015.0,13.5,15.85318,-1.8424566,82.0
2021.07.027.0,440.0,421.34253,-0.06566763,28.0
2021.05.024.0,7.100006,11.516449,-1.9565983,14.0
2021.07.027.0,361.0,358.13812,0.26254547,0.0
2021.011.012.0,56.0,60.343468,1.1028814,0.0
2021.05.024.0,76.0,64.45105,1.081023,0.0
2021.010.022.0,180.0,203.39087,-0.39658237,1907.0
2021.07.027.0,629.9729,611.1618,0.28362346,2.0
2021.02.023.0,18.617111,14.649414,1.9537282,281.0
2021.011.012.0,16.861267,14.727386,0.8596995,12932.0
2021.06.015.0,5.0,7.449707,-2.2141025,0.0
2021.04.09.0,19.0,7.2592316,1.8512678,0.0
2021.011.012.0,349.0,363.39667,0.30438054,0.0
2021.012.03.0,753.0,788.8368,0.16987765,0.0
2021.012.03.0,256.18396,266.26776,0.84204584,0.0
2021.07.06.0,7.199997,9.935226,-1.7335441,134.0
2021.05.024.0,371.55304,347.55188,0.8483952,0.0
2021.01.022.0,84.21443,88.69387,1.6993076,20.0
2021.05.03.0,333.0867,206.01659,0.53113174,132.0
2021.02.023.0,10.498245,14.013275,2.3808353,24.0
2021.011.012.0,645.0,630.877,0.3386022,0.0
2021.08.017.0,206.17897,161.72961,0.8358686,0.0
2021.09.07.0,1.1000061,5.4404755,-2.3164203,1.0
2021.011.012.0,234.27565,249.33228,0.90332043,0.0
2021.06.015.0,815.0,771.1837,-0.018098116,0.0
2021.05.024.0,384.0625,365.1495,0.05150807,932.0
2021.05.03.0,110.0,74.91438,1.369489,0.0
2021.01.022.0,676.0,598.0726,0.22233927,0.0
2021.08.017.0,145.0,224.08295,-0.88060045,18.0
2021.03.017.0,3.800003,7.6433105,-2.11357,3.0
2021.09.07.0,207.0,255.59926,0.8938407,0.0
2021.07.06.0,160.56851,174.20105,0.9631801,9.0
2021.01.022.0,433.1215,356.5373,0.64035034,6.0
2021.07.027.0,21.545563,22.166275,1.8220017,426.0
2021.09.07.0,0.30000305,4.4453583,-2.859515,0.0
2021.05.03.0,63.0,129.16399,-0.37955642,4344.0
2021.011.012.0,322.0,318.97845,-0.5710821,10.0
2021.01.022.0,50.185104,38.932922,1.6790795,222.0
2021.03.017.0,522.0,506.90802,0.4719534,0.0
2021.010.022.0,1.1000061,3.947754,-2.889188,0.0
2021.011.012.0,60.0,57.48448,-1.5709639,0.0
2021.012.024.0,23.113815,24.413376,1.7260866,370.0
2021.09.030.0,309.0,301.36206,0.35427737,0.0
2021.08.017.0,138.21,97.09844,1.2047678,10.0
2021.06.015.0,287.0,368.78455,0.46616125,0.0
2021.03.017.0,479.8263,461.3045,0.5734389,0.0
2021.010.022.0,1.5,4.767166,-2.7781494,0.0
2021.01.022.0,182.0,157.66672,-0.5896404,610.0
2021.012.024.0,236.0,237.61755,-0.4047463,34.0
2021.02.023.0,239.68727,214.74158,0.9135277,0.0
2021.010.022.0,0.30000305,1.9868011,-2.9963844,0.0
2021.012.024.0,72.0,83.67781,0.90083253,0.0
2021.06.015.0,38.5,29.74504,-1.6177487,0.0
2021.05.024.0,263.8634,254.64902,0.38623106,1650.0
2021.011.012.0,2.7205963,8.546585,2.4875371,130.99998
2021.05.03.0,12.837997,13.054459,2.6573665,584.0
2021.05.024.0,11.0,8.506805,-2.2838004,0.0
2021.011.012.0,3.0,11.457947,1.8212754,0.0
2021.09.07.0,595.6622,545.78326,0.48878717,1.0
2021.03.017.0,148.73734,78.66741,0.7268323,665.0
2021.05.03.0,100.76243,110.87173,1.6202865,0.0
2021.012.03.0,48.414764,39.134995,1.0056413,4661.0005
2021.02.023.0,35.997955,25.48027,1.503871,423.0
2021.07.027.0,27.762955,29.732712,2.1871395,2.0
2021.08.017.0,7.399994,13.1119995,-1.8991735,195.0
2021.07.027.0,119.0,175.8062,-0.53875446,2768.0
2021.07.027.0,54.000008,63.869553,-1.5292056,4.0
2021.09.07.0,43.0,40.29956,-1.5279047,4.0
2021.07.06.0,292.0,307.0588,0.27451253,0.0
2021.012.03.0,4.0,1.1562958,2.7785175,0.0
2021.05.024.0,5.0,9.445343,-2.164054,0.0
2021.09.07.0,4.600006,8.048401,-2.3878,0.0
2021.07.06.0,397.0,425.2185,0.20771515,0.0
2021.06.015.0,249.0,243.46515,-0.88222337,0.0
2021.07.06.0,40.08168,39.689285,1.7241193,15.0
2021.010.022.0,905.0,814.81165,0.071350336,0.0
2021.08.017.0,359.0,422.015,-0.61103487,0.0
2021.03.017.0,369.46744,326.0658,0.80208516,10.0
2021.02.023.0,96.0,89.606575,-1.4173274,0.0
2021.012.024.0,61.999992,71.92175,1.0303997,0.0
2021.08.017.0,71.0,42.694458,1.4022887,0.0
2021.07.027.0,63.575134,56.417282,1.5554488,1.0
2021.010.022.0,156.0,198.25742,-0.74491334,74.0
2021.010.022.0,105.05756,69.90874,0.7970457,1700.0
2021.05.03.0,57.37332,37.606674,1.5913606,11.0
2021.01.022.0,278.0,320.01086,-0.81284904,19.0
2021.06.015.0,60.88411,99.41557,1.0444471,426.0
2021.012.03.0,12.5,8.2229,-2.2249448,0.0
2021.08.017.0,11.0,20.85881,-1.8831656,0.0
2021.05.024.0,229.56741,211.46762,0.7478789,0.0
2021.07.06.0,122.0,154.728,-0.36072373,3869.0
2021.05.03.0,27.0,20.47911,2.369602,0.0
2021.03.017.0,311.0,402.0678,-0.62884665,1.0
2021.07.06.0,12.0,20.711456,2.0914874,0.0
2021.02.023.0,235.0,278.0399,-0.5997672,4.0
2021.07.06.0,0.69999695,1.5577545,-2.7192647,0.0
2021.012.024.0,245.7901,280.4373,0.66624665,0.0
2021.07.027.0,178.0,219.58757,-0.63280296,16.0
2021.09.030.0,62.75142,22.235916,1.0920091,2436.0
2021.09.07.0,247.0,312.72122,0.7068186,0.0
2021.07.06.0,370.0,381.4635,-0.26217437,11.0
2021.010.022.0,12.876144,9.39801,2.141896,385.0
2021.06.015.0,326.0,268.70322,-0.2144723,433.0
2021.011.012.0,3.6746979,6.3797607,2.1462305,1283.0
2021.07.06.0,132.0,180.98828,1.032067,0.0
2021.03.017.0,357.39334,316.85028,0.34505868,0.0
2021.05.03.0,65.64374,27.129288,1.4291009,2145.0
2021.011.012.0,75.78086,52.02575,0.99001586,964.0
2021.05.024.0,155.61458,112.90309,0.76453197,1317.0
2021.08.017.0,2.0,5.26326,-2.482939,0.0
2021.012.024.0,21.557556,21.611145,1.8193504,207.0
2021.08.017.0,151.7886,67.394966,0.9677654,464.0
2021.09.030.0,254.0,189.4741,-0.23444629,3574.0
2021.012.03.0,33.86284,39.09874,1.2146621,1744.0
2021.08.017.0,295.41608,295.22412,0.06436324,307.0
2021.08.017.0,23.5,45.075653,-1.6034405,23.0
2021.09.030.0,27.448471,14.367493,1.5143394,385.0
2021.07.027.0,23.613998,26.319885,2.195139,87.0
2021.09.030.0,282.0,313.74133,-0.7662337,0.0
2021.08.017.0,7.800003,7.936844,-2.2012346,0.0
2021.03.017.0,270.0,397.91974,-0.4500072,0.0
2021.01.022.0,28.08255,32.639343,2.0512362,9.0
2021.07.027.0,458.38733,385.64822,0.10767877,2.0
2021.09.030.0,8.300003,9.098663,-2.1142893,3.0
2021.04.09.0,108.91255,124.44261,1.5623599,0.0
2021.012.024.0,350.0,420.11798,0.67683005,0.0
2021.011.012.0,84.0,93.76572,-1.415544,78.0
2021.09.030.0,115.0,163.11246,-1.1589997,0.0
2021.09.07.0,77.397705,80.275826,1.684294,0.0
2021.011.012.0,20.638474,23.688248,1.83851,40.0
2021.03.017.0,93.57946,85.77803,1.4813559,2.0
2021.02.023.0,14.874298,14.374435,2.0831041,450.0
2021.09.07.0,189.44218,182.49963,0.70188606,304.0
2021.08.017.0,37.41014,25.316513,1.7850182,83.0
2021.08.017.0,175.0,272.00467,-0.56180644,16.0
2021.02.023.0,815.0,759.8001,-0.17930591,0.0
2021.07.027.0,258.09286,228.95264,0.23276138,2506.0
2021.05.024.0,267.0,281.2426,-0.90328383,0.0
2021.05.03.0,37.0,22.35559,1.8222474,0.0
2021.09.07.0,74.541534,74.39005,1.7224225,9.0
2021.011.012.0,137.23703,130.5657,1.0117159,8.0
2021.09.07.0,140.0,146.06212,0.87374336,0.0
2021.02.023.0,10.641052,12.445984,2.2815351,114.0
2021.02.023.0,237.0,258.20605,-0.7753029,1.0
2021.02.023.0,64.0,55.707977,-1.4805658,0.0
2021.09.030.0,11.5,12.541306,-2.0105822,4.0
2021.05.024.0,44.0,23.053162,-1.6613939,0.0
2021.07.06.0,447.0,438.15088,0.13274145,0.0
2021.09.07.0,4.031662,6.885803,2.3651059,35.0
2021.012.024.0,8.100006,7.5072937,-1.8899746,300.0
2021.02.023.0,195.71016,172.87871,1.0716417,6.0
2021.03.017.0,658.1852,598.9604,0.35380268,0.0
2021.05.024.0,26.069443,19.522202,1.8263997,375.0
2021.03.017.0,204.0,206.07144,0.85439265,0.0
2021.06.015.0,319.82803,393.54504,0.43682873,91.0
2021.03.017.0,466.07465,494.13806,-0.014241815,0.0
2021.06.015.0,207.0,287.31155,0.6899024,0.0
2021.07.027.0,531.0,492.54083,0.40226316,0.0
2021.012.024.0,500.0,541.59106,0.43384993,0.0
2021.01.022.0,87.84112,94.092285,1.6744372,0.0
2021.05.03.0,75.67836,22.35762,1.3530277,2323.0
2021.05.024.0,31.5,22.732681,-1.8623402,10.0
2021.03.017.0,152.0,195.13417,-1.0696688,0.0
2021.08.017.0,396.0,362.78662,0.5794461,0.0
2021.010.022.0,0.30000305,-1.2336731,-3.1316297,325.0
2021.02.023.0,466.0,467.21832,0.09078181,0.0
2021.08.017.0,22.0,45.75435,-1.3558872,1202.0
2021.09.030.0,333.85986,375.88684,-0.34264803,0.0
2021.02.023.0,516.0,492.46222,0.015054226,0.0
2021.07.06.0,79.0,71.88486,-1.413729,5.0
2021.012.03.0,1.699997,4.5378876,-2.3651464,21.0
2021.07.027.0,253.0,271.31482,-0.8930993,2.0
2021.09.030.0,127.57547,79.80249,1.0347086,62.0
2021.07.027.0,2.600006,6.2582397,-2.4321396,0.0
2021.09.07.0,2.346878,12.662476,3.1925893,701.0
2021.07.027.0,67.0,57.022873,1.1711274,0.0
2021.09.030.0,31.0,25.011429,-1.8512104,1.0
2021.09.07.0,336.0,307.60324,0.23344207,0.0
2021.06.015.0,230.0,224.54895,-0.7209351,1.0
2021.05.024.0,166.0,141.42422,0.6968875,0.0
2021.07.06.0,10.5,12.203598,-1.8695624,0.0
2021.05.024.0,113.0794,118.09039,1.5010716,3.0
2021.01.022.0,45.10118,19.4608,1.4914064,1557.0
2021.06.015.0,423.62372,509.203,0.20912337,4.0
2021.07.06.0,45.485825,32.087173,1.203365,1401.0
2021.07.027.0,44.926163,44.62784,1.7331902,0.0
2021.09.07.0,37.0,68.24967,-0.74964523,6602.0
2021.07.06.0,222.0,262.45255,0.67975235,0.0
2021.03.017.0,21.995667,16.789322,2.0154321,42.0
2021.010.022.0,145.0,183.62306,-0.5378463,2007.0
2021.07.06.0,4.399994,7.8497467,-2.2302616,3.0
2021.05.024.0,710.0,673.9115,-0.10052276,9.0
2021.07.027.0,661.0,614.3224,0.20975816,0.0
2021.09.07.0,33.0,49.49498,-1.3214433,233.0
2021.08.017.0,10.304199,18.600357,2.5677168,12.0
2021.06.015.0,115.0,111.97864,-1.1102102,0.0
2021.08.017.0,53.0,74.28575,-1.5376971,1.0
2021.012.024.0,23.0,20.408066,-1.5581381,10.0
2021.08.017.0,243.45583,190.19347,0.7204778,0.0
2021.09.030.0,247.9824,199.445,0.7916875,1.0
2021.06.015.0,142.92932,216.5672,0.48593986,360.0
2021.06.015.0,198.0,303.52594,0.21079016,0.0
2021.02.023.0,55.68837,38.781204,1.2007372,2130.0
2021.08.017.0,36.5,31.972855,-1.7733288,0.0
2021.012.024.0,10.5,9.204529,-2.0149095,0.0
2021.03.017.0,8.600006,13.090027,-1.9097769,1.0
2021.05.03.0,100.0,145.8302,-1.2474625,0.0
2021.09.030.0,555.0,580.8717,-0.38134456,2.0
2021.01.022.0,450.0,499.73022,-0.49471664,64.0
2021.08.017.0,94.0,131.31265,-1.1356835,17.0
2021.06.015.0,4.0,2.7974854,-2.4650686,0.0
2021.07.027.0,29.140762,11.149521,1.7340548,826.0
2021.07.06.0,299.45294,325.79742,1.0092908,0.0
2021.011.012.0,159.53117,146.1818,0.8962846,66.0
2021.011.012.0,0.1000061,3.399353,-2.8115318,63.0
2021.06.015.0,26.527344,36.10089,1.6949978,93.0
2021.01.022.0,246.13907,229.47556,1.1413814,6.0
2021.09.030.0,492.5484,393.3736,-0.08725858,0.0
2021.08.017.0,26.533646,17.361877,2.018281,53.0
2021.09.030.0,50.0,58.118324,-1.1747596,3445.0
2021.011.012.0,116.0,122.92911,0.64856076,0.0
2021.012.03.0,5.199997,9.516022,-1.8129103,1247.0
2021.012.024.0,32.0,50.194244,1.4391813,0.0
2021.06.015.0,4.899994,6.9170227,-2.271598,0.0
2021.08.017.0,4.800003,5.6981506,-2.1810727,3.0
2021.01.022.0,111.34787,121.10806,1.4890182,1.0
2021.08.017.0,15.0,13.973587,-2.1098502,1.0
2021.09.030.0,160.99081,113.7114,0.8617096,26.0
2021.05.03.0,146.68008,149.6254,1.3702767,0.0
2021.012.024.0,19.0,16.072662,-1.7859542,0.0
2021.07.06.0,220.9073,241.37222,0.5112928,53.0
2021.07.06.0,167.0,184.52835,-0.56852365,147.0
2021.011.012.0,136.0,147.79224,0.5339111,0.0
2021.012.024.0,93.156586,116.60043,1.1273537,14.0
2021.09.030.0,183.88698,109.07944,0.88936937,12.0
2021.02.023.0,62.858963,74.211044,1.7485521,0.0
2021.05.024.0,69.21642,35.782913,1.2604192,734.0
2021.05.03.0,394.51538,351.53055,0.68345547,1.0
2021.09.07.0,295.27518,275.02222,1.0535094,0.0
2021.07.027.0,4.199997,4.8608246,-2.2012928,100.0
2021.02.023.0,125.0,128.34,-1.2941821,0.0
2021.09.07.0,68.960625,39.85791,0.7824633,3351.0
2021.010.022.0,174.98805,171.05772,1.2571589,5.0
2021.07.06.0,2.0,21.311905,2.1787617,0.0
2021.012.03.0,6.5473175,6.241104,2.3344374,11.0
2021.012.024.0,590.0,551.2865,-0.24984479,1.0
2021.07.027.0,15.0,15.729431,-1.9074597,0.0
2021.03.017.0,80.0,106.468475,-1.3543026,0.0
2021.02.023.0,13.379089,12.538605,2.157093,344.0
2021.05.03.0,26.401367,16.480164,1.8663294,251.0
2021.01.022.0,23.763626,14.385712,1.8504417,962.99994
2021.011.012.0,175.20926,151.69733,0.40684962,358.0
2021.07.06.0,273.2686,290.753,1.0869405,1.0
2021.08.017.0,26.5,23.214539,-1.9391949,0.0
2021.07.06.0,80.0,58.12198,-1.162216,27.0
2021.07.06.0,68.0,69.038155,-1.0964763,33.0
2021.02.023.0,7.0461426,14.444382,2.7731874,3.0
2021.09.030.0,46.0,59.771866,-1.4943981,30.0
2021.07.06.0,27.5,17.708344,-1.7515452,29.0
2021.07.06.0,9.899994,10.014069,-1.5987434,227.0
2021.07.06.0,14.998917,14.886032,1.943762,466.0
2021.06.015.0,117.0,178.38907,1.1069723,0.0
2021.03.017.0,34.0,38.064438,-1.5735688,1.0
2021.07.027.0,7.399994,9.605804,-2.1822207,0.0
2021.08.017.0,4.199997,6.98468,-2.1386876,101.0
2021.03.017.0,494.0,490.86432,0.19623804,0.0
2021.010.022.0,3.300003,5.5558014,-2.3860981,12.0
2021.08.017.0,3.699997,5.5090637,-2.3465345,0.0
2021.09.07.0,-2.0,-9.753601,1240.1935,0.0
2021.03.017.0,309.51477,261.1925,0.6173842,47.0
2021.07.027.0,126.39382,127.41303,1.4861444,0.0
2021.012.024.0,57.83893,64.91965,1.4921716,2.0
2021.07.06.0,102.0,141.87114,1.2127954,0.0
2021.05.024.0,229.5295,191.43034,1.0196934,8.0
2021.07.06.0,104.0,92.88604,-1.0063403,19.0
2021.07.06.0,24.791061,18.132065,1.5981236,1867.0
2021.011.012.0,369.41986,408.5358,0.5546701,0.0
2021.09.030.0,203.0,178.83452,-0.37961245,2878.0
2021.02.023.0,6.550934,14.621857,2.7667851,4.0
2021.04.09.0,441.0,466.7271,0.47049904,0.0
2021.010.022.0,90.28765,76.24721,1.2425575,7.0
2021.01.022.0,69.885956,58.570953,1.4690759,27.0
2021.01.022.0,65.76914,56.862328,1.4963661,32.0
2021.012.024.0,1.5,3.1932983,-2.5373948,9.0
2021.011.012.0,785.0,723.0492,-0.18333745,17.0
2021.05.03.0,217.0,79.812935,0.6765057,0.0
2021.06.015.0,256.0,342.38776,0.39285386,0.0
2021.012.024.0,212.0,210.26505,-0.62474394,0.0
2021.07.06.0,308.9505,347.40784,0.46679676,0.0
2021.02.023.0,99.50772,77.27456,1.2483027,19.0
2021.011.012.0,7.199997,49.057556,-1.568244,7840.0
2021.05.03.0,195.0,125.4722,0.9419888,0.0
2021.07.027.0,238.87866,240.84323,1.0036191,0.0
2021.02.023.0,617.0,586.75055,0.39726686,0.0
2021.07.06.0,65.99999,58.79949,-1.2707624,9.0
2021.09.030.0,18.27536,13.331345,1.7522922,307.0
2021.06.015.0,278.0,237.09093,-0.32484365,331.0
2021.03.017.0,226.0,303.9404,-0.8084364,0.0
2021.05.024.0,11.076843,12.383652,2.4886723,100.0
2021.02.023.0,174.22394,173.77383,1.3632071,0.0
2021.09.030.0,39.5,33.661606,-1.7693331,0.0
2021.012.03.0,235.0,257.8653,0.5327836,0.0
2021.02.023.0,12.383881,11.097885,2.2202592,64.0
2021.010.022.0,0.1000061,1.8900299,-3.1893232,0.0
2021.02.023.0,85.331184,65.890015,0.9630351,1584.0
2021.012.024.0,66.689354,84.095184,1.3402618,17.0
2021.07.06.0,230.0,229.73874,-0.8312385,12.999985
2021.08.017.0,88.47486,36.019577,1.2968632,257.0
2021.09.07.0,206.0,254.01474,-0.65585494,7.0
2021.05.024.0,8.300003,7.6449738,-2.3285682,0.0
2021.02.023.0,30.950348,17.611282,1.574474,2507.0
2021.09.07.0,3.399994,7.2817535,-2.3460872,1.0
2021.08.017.0,530.0,656.23206,-0.3199141,2.0
2021.011.012.0,87.354614,86.49815,1.2963115,3.0
2021.012.03.0,0.1000061,3.632248,-3.3767416,0.0
2021.02.023.0,124.0,100.5035,-0.7307403,4498.0
2021.012.024.0,293.0,348.79916,0.46405423,0.0
2021.07.027.0,24.0,24.833038,-1.6633046,28.0
2021.02.023.0,314.0,284.0417,-0.13419986,3766.0
2021.03.017.0,56.0,97.76794,-1.1948261,2.0
2021.06.015.0,63.0,60.192314,-1.551455,3.0
2021.012.03.0,9.655075,17.430283,1.8927811,723.0
2021.010.022.0,2.0,4.116974,-2.5671613,0.0
2021.09.030.0,43.0,40.100235,-1.7113688,0.0
2021.09.07.0,167.0,229.20319,0.9875126,0.0
2021.05.03.0,11.451248,9.182449,2.2577791,21.0
2021.012.024.0,87.598305,99.21356,1.4517661,109.0
2021.04.09.0,29.060104,31.294647,2.179489,80.0
2021.011.012.0,17.710083,22.137085,1.9779614,2.0
2021.05.03.0,525.68243,440.62885,0.5088564,3.0
2021.02.023.0,910.0,798.7995,-0.09392893,0.0
2021.09.030.0,476.0,496.05823,-0.47699308,0.0
2021.09.030.0,219.40616,170.27133,0.6327927,55.0
2021.04.09.0,50.0,77.82407,1.4890909,0.0
2021.09.07.0,646.4829,607.4991,0.4048611,0.0
2021.012.03.0,50.0,34.401077,-1.4892564,2.0
2021.08.017.0,2.100006,4.12146,-2.4651887,78.0
2021.012.03.0,3.8240662,12.471558,3.053426,1.0
2021.06.015.0,25.949463,36.19609,1.7160121,15.0
2021.012.03.0,130.06638,138.66473,1.3221177,0.0
2021.09.07.0,397.0,422.85242,0.43228233,0.0
2021.08.017.0,740.4594,820.9843,-0.2142396,0.0
2021.07.06.0,31.930496,34.746292,1.9065466,0.0
2021.011.012.0,252.0,266.99213,-0.52858734,28.0
2021.08.017.0,281.8711,258.88452,0.54595435,0.0
2021.02.023.0,128.75595,131.93217,1.3252383,18.0
2021.07.027.0,597.1352,564.8136,0.52132654,0.0
2021.01.022.0,40.484253,36.289734,1.8654203,9.0
2021.07.06.0,280.36078,305.05728,1.0562526,6.0
2021.09.030.0,424.0,412.7757,0.07027471,0.0
2021.011.012.0,903.92444,818.128,0.07711625,3.0
2021.09.030.0,14.5,15.408371,-2.0019271,7.0
2021.09.030.0,36.53502,17.174652,1.3923403,375.0
2021.04.09.0,94.0,84.31292,1.0917778,0.0
2021.012.024.0,36.0,20.438354,-1.1378291,1505.0
2021.09.030.0,212.40059,162.00793,-0.3576336,0.0
2021.011.012.0,204.11945,218.54393,0.6721332,4.0
2021.09.07.0,15.5,21.654343,-1.7024257,179.0
2021.05.03.0,235.0,150.44804,0.79282403,0.0
2021.09.07.0,64.23286,55.996147,1.4576094,85.0
2021.010.022.0,42.0,34.123016,-1.7359345,60.000015
2021.09.07.0,30.5,20.752914,-1.8549964,1.0
2021.012.024.0,289.0,283.42358,-0.458174,1.0
2021.03.017.0,137.89444,95.00911,1.0084026,0.0
2021.07.06.0,20.19368,13.157211,1.7368218,1598.0
2021.012.03.0,555.0,507.32416,-0.14872313,0.0
2021.012.024.0,47.1053,51.649033,1.5813153,21.0
2021.05.03.0,8.33963,7.0472717,2.5167434,68.0
2021.08.017.0,94.53761,42.004974,1.2262073,239.0
2021.08.017.0,124.348434,107.445755,1.1372223,6.0
2021.09.030.0,51.0,50.036224,-1.649631,0.0
2021.08.017.0,82.41212,19.004257,1.3553276,730.0
2021.06.015.0,11.5,13.125763,-1.885473,108.0
2021.09.030.0,224.62555,211.81941,1.1396165,2.0
2021.07.06.0,232.10236,257.59183,1.0652069,0.0
2021.09.07.0,700.0,704.313,-0.1594361,1.0
2021.02.023.0,56.916206,57.72294,1.9087707,1.0
2021.010.022.0,12.263626,6.3502197,2.2525725,202.0
2021.05.03.0,190.0142,197.34645,1.1155081,1.0
2021.09.07.0,73.11344,69.22431,1.7713383,9.0
2021.011.012.0,35.5,43.87349,-1.3340938,477.0
2021.09.030.0,147.0,197.5078,-1.0651643,4.0
2021.06.015.0,16.203262,22.99942,2.2436652,1.0
2021.09.07.0,312.24713,310.0467,0.7097397,21.0
2021.02.023.0,74.13784,67.95725,1.392871,4.0
2021.09.030.0,433.62598,412.08606,0.32490098,0.0
2021.011.012.0,10.996292,20.692383,2.438421,0.0
2021.012.024.0,3.300003,4.7956085,-2.2254512,24.0
2021.012.03.0,289.0,312.2366,0.7158425,0.0
2021.07.06.0,11.206772,14.431366,2.1635315,96.0
2021.07.027.0,7.199997,9.259186,-2.1961596,0.0
2021.03.017.0,15.0,15.336121,-1.8004053,0.0
2021.012.024.0,25.5,20.599594,-1.8245261,0.0
2021.07.027.0,221.26923,222.84175,1.0676956,0.0
2021.06.015.0,370.0,440.29382,0.61470044,0.0
2021.011.012.0,233.06808,251.15019,1.1367078,0.0
2021.05.03.0,177.42038,99.17322,1.0089148,573.0
2021.08.017.0,128.07158,89.27658,1.2334614,71.0
2021.010.022.0,70.82042,59.17749,1.4534551,20.0
2021.07.06.0,42.0,71.61746,1.9163512,0.0
2021.011.012.0,259.0,265.5594,-0.6792865,11.0
2021.05.024.0,360.0,371.1399,-0.7381692,0.0
2021.08.017.0,13.455185,19.576706,2.4614253,10.0
2021.04.09.0,9.0,9.25235,1.9468957,0.0
2021.05.024.0,455.0,474.01013,-0.43689418,14.0
2021.05.024.0,28.5,20.456345,-1.619304,3.0
2021.010.022.0,222.0,221.91386,0.60241413,0.0
2021.07.06.0,120.9543,139.1846,1.1304902,0.0
2021.09.030.0,82.84862,61.078598,1.3013635,5.0
2021.05.03.0,16.77063,23.24083,2.350305,1.0
2021.012.024.0,74.243675,93.86008,1.5216522,0.0
2021.05.024.0,460.20935,447.21045,0.679397,0.0
2021.09.07.0,8.0,11.991684,2.5813994,0.0
2021.09.030.0,18.0,27.002274,-1.7326715,6.0
2021.06.015.0,24.371567,32.204132,1.7507023,37.0
2021.04.09.0,240.0,252.88947,0.57961774,0.0
2021.02.023.0,27.5,23.668533,-1.6339569,7.0
2021.06.015.0,240.55124,261.6093,1.0243503,0.0
2021.05.024.0,234.0,235.38538,-0.8782072,6.0
2021.06.015.0,470.0,539.3768,0.4438349,0.0
2021.011.012.0,705.0,688.21484,0.25172496,0.0
2021.09.030.0,155.66754,127.7332,1.0910021,0.0
2021.02.023.0,111.75431,88.72512,1.1571115,2.0
2021.08.017.0,328.3896,276.9925,0.7975557,31.0
2021.02.023.0,294.39178,264.75922,1.0254059,0.0
2021.07.06.0,39.953354,26.62143,1.2897667,1370.0
2021.05.024.0,121.0,107.86483,-0.76536965,5231.0
2021.011.012.0,317.0,306.8699,-0.7494328,0.0
2021.08.017.0,2.0,5.6533813,-2.5185368,0.0
2021.07.06.0,481.70264,494.54816,0.5037737,0.0
2021.010.022.0,277.0,255.33374,-0.115654945,1797.0
2021.05.03.0,72.76125,72.05166,1.8506067,1.0
2021.08.017.0,812.903,730.5407,0.18974757,4.0
2021.07.06.0,16.563843,15.822098,1.8481622,114.0
2021.07.06.0,346.10403,377.74146,0.39157462,37.0
2021.08.017.0,9.899994,14.236206,-1.7329652,531.0
2021.05.03.0,50.0,46.204544,1.8151852,0.0
2021.03.017.0,430.0,470.65527,-0.014898539,2.0
2021.012.024.0,121.50702,146.39969,0.94456637,6.0
2021.09.07.0,92.04719,74.25113,-0.24111152,0.0
2021.03.017.0,25.0,23.013168,-1.7216694,0.0
2021.09.07.0,525.0,468.1601,0.14077508,0.0
2021.04.09.0,96.53837,109.366486,1.6500252,0.0
2021.010.022.0,109.52126,79.79856,1.149936,264.0
2021.09.030.0,537.0,519.9988,0.097858906,0.0
2021.03.017.0,60.50534,64.84751,1.7216488,22.0
2021.03.017.0,587.39886,552.188,0.42829192,0.0
2021.05.024.0,502.0,496.5387,0.36717463,0.0
2021.07.027.0,29.979279,31.26326,2.1073723,1.0
2021.05.03.0,712.0,566.855,0.24138951,0.0
2021.08.017.0,3.300003,6.3028107,-2.3923748,0.0
2021.07.027.0,197.30571,161.51584,0.7934866,195.0
2021.02.023.0,384.03516,344.59503,0.84404516,0.0
2021.012.024.0,38.5,32.567017,-1.3608575,37.0
2021.09.07.0,83.0,111.89445,-0.8691082,482.0
2021.07.06.0,320.0,353.53815,-0.33883667,14.0
2021.05.024.0,941.0,825.4726,0.07559848,0.0
2021.011.012.0,37.281067,27.521881,1.4671296,275.0
2021.012.024.0,337.0,349.54016,0.12148464,0.0
2021.011.012.0,605.0,547.1711,-0.37159562,8.0
2021.08.017.0,58.223877,34.016174,1.5483353,99.0
2021.04.09.0,120.0,140.29349,-0.84784985,11.0
2021.01.022.0,45.33467,38.625916,1.7009393,4.0
2021.010.022.0,342.00156,338.0396,0.73870885,2.0
2021.09.030.0,165.0,193.82173,-0.9089856,15.0
2021.09.07.0,0.19999695,3.8828583,-2.9752042,0.0
2021.05.024.0,352.0,318.20117,0.7023369,0.0
2021.08.017.0,13.5,24.63388,-1.551678,497.0
2021.07.027.0,326.0,324.97174,0.33825612,0.0
2021.08.017.0,656.0,551.8404,0.19229674,0.0
2021.02.023.0,8.5,9.005905,-1.9590061,88.0
2021.07.06.0,455.0,453.55835,-0.42169833,0.0
2021.012.024.0,174.0,171.89627,-0.2419281,2093.0
2021.07.027.0,292.14047,279.35474,0.12129569,1423.0
2021.010.022.0,182.0,183.40872,0.7384565,0.0
2021.07.06.0,292.79694,328.45294,0.5134667,1.0
2021.05.024.0,23.0,15.870239,-1.7115445,5.0
2021.08.017.0,158.0,250.85196,-0.2917645,535.0
2021.09.030.0,67.0,73.143974,-1.0099821,5689.0
2021.06.015.0,97.0,159.10287,1.2057972,0.0
2021.012.03.0,398.68958,401.07147,0.7717817,0.0
2021.04.09.0,18.81871,20.354187,2.542045,115.0
2021.012.024.0,138.37154,164.5787,1.061311,5.0
2021.012.03.0,215.0,233.4677,0.602981,0.0
2021.05.03.0,117.0,42.649307,1.0783733,0.0
2021.04.09.0,60.0,87.34507,1.4586043,0.0
2021.07.06.0,55.57614,59.186775,1.7575893,0.0
2021.06.015.0,283.13245,309.25464,0.89215505,5.0
2021.011.012.0,2.199997,4.779602,-2.4049175,100.0
2021.012.03.0,168.40248,179.81447,1.1256673,10.0
2021.09.07.0,24.0,55.6836,-1.0231428,3902.0
2021.02.023.0,304.66437,276.85892,0.7497022,38.0
2021.05.024.0,741.6054,638.6143,-0.30583978,0.0
2021.07.027.0,812.0,761.3205,0.19401944,0.0
2021.09.07.0,4.49704,5.266159,2.432798,130.99998
2021.02.023.0,269.51068,247.9433,1.0808467,0.0
2021.03.017.0,72.99999,131.55096,-1.0508146,3.0
2021.09.030.0,1.0,3.4433289,-2.4845445,1.0
2021.05.024.0,175.66434,135.46054,0.6867535,772.0
2021.012.03.0,34.0,51.18344,1.1716294,0.0
2021.08.017.0,141.0,69.712,1.0184829,0.0
2021.05.03.0,7.8127594,11.176575,2.3855324,66.0
2021.08.017.0,216.0,276.233,-0.7681267,40.0
2021.012.024.0,48.261154,55.699677,1.8636678,2.0
2021.03.017.0,22.571396,20.359314,1.992027,7.0
2021.09.030.0,288.9637,359.37982,-0.4352851,0.0
2021.06.015.0,67.36027,84.0867,1.6091301,29.0
2021.09.07.0,2.5853882,8.414932,2.8978114,0.0
2021.08.017.0,552.57733,649.42065,-0.1350838,0.0
2021.01.022.0,13.913559,11.127777,2.115199,349.0
2021.012.024.0,5.0,6.8671722,-2.3705041,1.0
2021.05.024.0,19.0,9.414551,-2.1861207,0.0
2021.011.012.0,68.0,63.749275,-0.47498298,20925.0
2021.011.012.0,1.6933441,4.8469086,3.2126298,6.0
2021.05.024.0,105.0,120.72951,-1.3654792,2.0
2021.010.022.0,338.29092,321.28546,0.95962757,0.0
2021.07.06.0,65.99999,74.57007,-0.7352562,3340.0
2021.05.024.0,146.0,172.56491,-1.185797,0.0
2021.01.022.0,425.0,471.07965,-0.40067792,38.0
2021.08.017.0,18.0,26.696838,-1.6802273,1.0
2021.011.012.0,6.0,30.45256,1.8731033,0.0
2021.03.017.0,67.0,88.1524,-1.4083164,0.0
2021.09.07.0,3.3238983,7.8691864,2.7832825,89.0
2021.011.012.0,1.9015656,6.3090057,2.955357,27.0
2021.08.017.0,13.0,13.056717,-1.9056499,6.0
2021.012.024.0,560.0,592.886,0.34406257,0.0
2021.02.023.0,33.0,35.961426,1.4058107,0.0
2021.05.03.0,50.074493,22.06047,1.5689038,818.0
2021.011.012.0,96.0,101.2596,0.7567214,0.0
2021.02.023.0,32.5,24.227097,-1.5638669,2.0
2021.010.022.0,0.1000061,-1.8587799,-3.3742158,11.0
2021.05.024.0,23.0,13.210739,-1.984411,0.0
2021.012.024.0,187.0,192.31839,0.23474944,0.0
2021.012.024.0,9.9262085,6.401596,2.6213646,78.0
2021.08.017.0,79.0,114.26256,-1.4046834,0.0
2021.09.030.0,207.90395,199.65833,1.1773809,10.0
2021.08.017.0,456.0,551.1017,-0.25569487,2.0
2021.07.06.0,237.0,255.942,0.4498825,0.0
2021.011.012.0,1.3999939,3.5464935,-2.6766298,0.0
2021.010.022.0,466.62384,453.28687,-0.0105650425,0.0
2021.09.030.0,834.17114,733.25903,0.075389385,11.0
2021.09.07.0,2.3815155,10.953476,3.1826768,951.0
2021.05.024.0,10.677307,15.097778,2.5030944,5.0
2021.07.027.0,53.85881,52.824463,1.5951163,4.0
2021.03.017.0,300.0,402.85397,-0.2628472,3.0
2021.05.03.0,248.0,94.505615,0.56618154,0.0
2021.09.07.0,3.0,7.531967,-1.9933672,994.0
2021.05.03.0,314.34833,280.91425,0.84658676,0.0
2021.011.012.0,119.52333,139.08733,1.3871701,2.0
2021.01.022.0,456.0,436.6454,0.037093878,0.0
2021.05.03.0,301.99152,177.20905,0.6050166,331.0
2021.05.024.0,428.3239,402.98788,0.7374816,1.0
2021.010.022.0,8.0,9.270126,-2.104383,129.0
2021.08.017.0,446.0,401.74048,0.49160957,0.0
2021.01.022.0,116.0,108.163506,-1.1791098,0.0
2021.01.022.0,126.0,47.324524,0.9341432,0.0
2021.02.023.0,91.0,93.74708,-1.1437516,32.0
2021.07.06.0,191.0,148.53876,0.16543448,0.0
2021.07.06.0,367.0,357.73843,0.0756619,0.0
2021.01.022.0,314.0,363.80768,-0.27339768,163.0
2021.012.024.0,720.0,641.423,-0.1365335,0.0
2021.07.027.0,85.11594,70.43285,1.3806726,1.0
2021.05.03.0,228.70595,125.02019,0.82001644,659.0
2021.010.022.0,5.699997,9.553162,-2.0407925,6.0
2021.06.015.0,127.0,197.07016,1.0148985,0.0
2021.011.012.0,45.0,43.99196,-1.4493072,7.0
2021.02.023.0,14.126694,10.136429,2.1118963,876.0
2021.012.03.0,0.8999939,3.7318573,-2.6234405,52.0
2021.07.06.0,35.81218,38.819427,2.056045,0.0
2021.012.03.0,157.0,113.514084,-0.17791915,5485.0
2021.05.03.0,744.0,642.38617,0.3474964,0.0
2021.09.030.0,6.300003,6.6614685,-2.3160207,0.0
2021.07.06.0,76.0,81.23945,-1.0128076,32.0
2021.010.022.0,433.50702,428.40363,0.070981145,29.0
2021.01.022.0,211.10109,205.72295,1.2492651,0.0
2021.05.03.0,970.0,794.115,0.108528376,0.0
2021.010.022.0,9.899994,14.659103,-1.9350646,301.0
2021.04.09.0,-1.0,6.7087708,641.34674,0.0
2021.03.017.0,38.3571,43.203125,2.0295064,0.0
2021.08.017.0,83.0,132.29944,-1.3408425,16.0
2021.09.030.0,394.0,394.2049,0.14343798,0.0
2021.03.017.0,18.5,26.632492,-1.6708076,11.0
2021.05.024.0,2.300003,5.908783,-2.6117818,0.0
2021.012.03.0,4.0,0.18261719,2.7793489,0.0
2021.02.023.0,364.0,382.82968,-0.6815045,0.0
2021.07.027.0,230.52202,189.15413,0.68621445,3.0
2021.04.09.0,22.59526,26.001236,2.426722,0.0
2021.05.03.0,12.085876,8.210388,2.2640004,58.0
2021.08.017.0,340.2906,232.24579,0.27812672,552.0
2021.07.027.0,293.0,329.6848,-0.6488867,0.0
2021.08.017.0,326.96756,288.25494,0.9823474,3.0
2021.09.07.0,318.09595,293.13998,1.0057055,2.0
2021.01.022.0,11.7947235,16.229248,2.3705206,12.999985
2021.05.024.0,201.0,192.21828,0.5518868,0.0
2021.05.024.0,42.709473,46.23082,-1.2815096,0.0
2021.07.06.0,191.0,190.87268,-0.9423988,2.0
2021.09.07.0,103.88403,95.579605,1.0889418,201.0
2021.09.07.0,665.2437,614.0336,-0.027317047,0.0
2021.05.024.0,311.0,329.04114,0.22796738,0.0
2021.010.022.0,75.937225,64.19807,1.3788975,10.0
2021.01.022.0,166.0,80.71973,0.7332752,0.0
2021.012.03.0,3.4201813,13.120178,3.1298647,0.0
2021.010.022.0,205.0,236.57831,-0.8442476,30.0
2021.02.023.0,105.0,127.28684,-1.0316687,4.0
2021.07.06.0,37.89563,36.85457,1.8043194,1.0
2021.07.027.0,46.0,55.143143,1.6705649,0.0
2021.01.022.0,19.44722,24.735168,2.2744904,7.0
2021.04.09.0,23.689407,24.71872,2.5518122,1.0
2021.05.024.0,830.0,796.8532,-0.16107428,1.0
2021.03.017.0,94.0,125.7462,-1.2983296,0.0
2021.09.07.0,78.0,95.09789,-1.2109511,0.0
2021.010.022.0,585.135,582.1575,0.3148831,3.0
2021.011.012.0,0.1000061,1.9010773,-3.231037,0.0
2021.05.024.0,18.0,8.028519,-2.0775182,0.0
2021.02.023.0,201.98619,193.61621,1.2800318,0.0
2021.012.03.0,208.29321,221.75757,0.9801176,0.0
2021.06.015.0,195.0,176.08797,-0.55206513,473.0
2021.08.017.0,5.300003,6.7869873,-2.0233722,130.99998
2021.07.027.0,20.450348,17.777267,1.9553552,5.0
2021.01.022.0,61.0,58.820892,-0.8731539,5428.0
2021.011.012.0,23.281265,19.633972,1.7683346,140.0
2021.03.017.0,12.0,29.325287,-1.5833423,153.0
2021.011.012.0,5.417984,4.2527924,1.724352,4071.0
2021.09.07.0,818.94525,747.38104,0.18036127,3.0
2021.011.012.0,26.0,37.76979,-1.4692805,329.0
2021.08.017.0,10.0,11.194412,-2.0240388,1.0
2021.06.015.0,22.0,16.180695,-1.8763592,0.0
2021.03.017.0,471.80212,432.92926,0.13005388,40.0
2021.05.024.0,212.03662,179.7964,1.0977192,17.0
2021.08.017.0,928.63684,830.32776,-0.04739809,0.0
2021.012.024.0,420.0,494.4809,0.5190079,0.0
2021.012.024.0,9.101181,8.303497,2.6729195,442.0
2021.05.03.0,130.0,88.80152,1.2071401,0.0
2021.05.024.0,36.0,37.746536,-1.3073187,1307.0
2021.06.015.0,213.16298,308.52386,0.20447397,568.0
2021.07.06.0,65.60496,72.92188,1.3459775,8.0
2021.07.06.0,38.988663,38.242737,1.7572901,6.0
2021.06.015.0,8.899994,11.704727,-1.929549,21.0
2021.08.017.0,50.0,59.368484,-1.4550529,142.0
2021.05.024.0,60.0,72.743286,-1.0860918,1367.0
2021.06.015.0,28.5,19.257645,-2.0211115,0.0
2021.08.017.0,27.5,28.849533,-1.7876031,7.0
2021.09.07.0,1.6000061,6.1994934,-2.1155832,693.0
2021.07.06.0,657.3748,655.8345,0.42234802,4.0
2021.010.022.0,286.74817,279.65634,0.8619543,0.0
2021.01.022.0,220.0,243.94098,-0.9622903,0.0
2021.012.03.0,72.0,43.667557,-1.3294175,0.0
2021.08.017.0,50.0,106.34268,-1.2200682,61.0
2021.09.030.0,52.0,60.635033,-1.5884829,9.0
2021.08.017.0,204.54156,269.0282,-0.16632807,0.0
2021.05.024.0,555.0729,535.9531,0.08349502,39.0
2021.011.012.0,29.566864,26.661362,1.6129997,104.0
2021.010.022.0,135.0,157.93286,-1.0884054,0.0
2021.08.017.0,75.0,103.53793,-1.2413414,1.0
2021.05.03.0,88.65888,47.166077,1.4467719,102.0
2021.01.022.0,14.169815,15.91481,2.0430622,276.0
2021.06.015.0,109.0,108.462975,-1.3357401,1.0
2021.09.07.0,6.183609,6.842743,2.2431204,747.0
2021.09.030.0,116.0,152.44365,-0.9448974,213.0
2021.05.024.0,269.32742,181.64548,-0.5692291,0.0
2021.05.024.0,47.5,50.291916,-1.2031944,946.0
2021.04.09.0,25.077682,26.01709,2.3443532,3.0
2021.04.09.0,180.0,196.06178,0.7941325,0.0
2021.08.017.0,28.15915,18.084091,1.9483176,18.0
2021.05.024.0,19.5,10.121826,-2.123217,0.0
2021.07.06.0,52.018272,31.483109,1.1204286,3543.0
2021.02.023.0,211.0,226.1383,-1.0230641,4.0
2021.03.017.0,10.5,16.582947,-1.8784945,0.0
2021.02.023.0,115.0,150.14018,-0.91587186,5.0
2021.01.022.0,163.0,147.91116,-1.0321665,3.0
2021.010.022.0,16.5,12.65892,-2.0994613,0.0
2021.07.027.0,3.0,7.4293365,-2.3211582,0.0
2021.07.06.0,625.0,590.08514,-0.21475744,2.0
2021.012.03.0,69.00001,68.543144,0.8212707,0.0
2021.012.024.0,230.0,226.85646,-0.8048909,1.0
2021.02.023.0,54.427643,55.03836,1.9290606,15.0
2021.08.017.0,195.0,270.27774,-0.16828191,959.0
2021.011.012.0,0.1000061,3.0694122,-3.2661684,0.0
2021.08.017.0,74.349365,37.861923,1.4127588,116.0
2021.09.030.0,388.75604,388.0458,-0.2614267,0.0
2021.012.024.0,115.845184,107.04838,0.61421037,2221.0
2021.05.024.0,1028.1781,825.6184,0.07129586,1.0
2021.09.07.0,41.925995,23.900726,1.0881816,1896.0
2021.05.03.0,15.0,21.945435,-1.6842227,20.0
2021.011.012.0,140.38411,138.74231,0.95773464,4.0
2021.05.024.0,270.81833,269.9109,0.6454146,12.0
2021.012.024.0,5.399994,7.2025146,-2.0033646,3.0
2021.010.022.0,64.5868,54.383163,1.494467,9.0
2021.010.022.0,63.0,75.07064,-1.5450304,0.0
2021.03.017.0,26.5,53.53,-1.2683928,365.0
2021.09.07.0,271.39096,247.08954,0.88069993,11.0
2021.012.03.0,5.643448,7.5035553,2.5689397,2.0
2021.07.027.0,36.783585,25.866272,1.6081206,66.0
2021.012.03.0,129.0,115.051994,0.35231054,0.0
2021.03.017.0,51.431213,53.327713,1.8488594,1.0
2021.09.030.0,823.4495,701.77814,0.1585834,0.0
2021.012.03.0,1.5,4.063675,-2.4427602,0.0
2021.05.03.0,80.0,56.992287,1.6201075,0.0
2021.02.023.0,7.636566,12.556885,2.6482396,41.0
2021.09.07.0,508.02063,466.9732,0.6305437,3.0
2021.09.07.0,101.0,123.794914,-1.0683329,14.0
2021.02.023.0,583.0,554.82684,0.2096343,0.0
2021.011.012.0,140.0,169.57904,-0.6206682,1047.0
2021.09.07.0,226.0,269.55115,-0.29289222,244.0
2021.010.022.0,525.40485,505.7962,0.6158736,0.0
2021.03.017.0,422.0,418.77094,0.63553023,0.0
2021.05.03.0,13.728378,19.294891,2.6134067,0.0
2021.07.06.0,52.0,78.27943,1.7574182,0.0
2021.07.06.0,22.0,30.018478,1.5077757,0.0
2021.09.030.0,642.00635,625.2437,0.3210752,2.0
2021.08.017.0,127.0,229.37968,-0.42528915,1807.0
2021.08.017.0,23.0,18.88884,-1.7676897,1.0
2021.03.017.0,47.980087,21.559341,1.4584484,970.0
2021.02.023.0,713.0,674.4611,-0.005381942,0.0
2021.09.030.0,20.5,38.161346,-1.6122854,2995.0
2021.06.015.0,56.0,49.240417,-1.2274601,305.0
2021.09.07.0,3.2892761,11.861557,2.8265672,4.0
2021.09.07.0,33.0,30.085266,-1.6409366,2.0
2021.06.015.0,42.279617,47.550507,1.9815812,117.0
2021.09.030.0,199.0,253.2908,-0.6528144,30.0
2021.07.06.0,37.0,43.30185,1.161813,0.0
2021.05.03.0,77.0,107.479996,-1.3896878,0.0
2021.011.012.0,268.42346,251.28291,0.055369735,273.0
2021.03.017.0,592.0,557.68536,0.3870895,0.0
2021.02.023.0,7.831772,14.224075,2.6731904,2.0
2021.03.017.0,279.34314,314.7898,-0.06539106,0.0
2021.09.07.0,2.45076,8.948364,2.80191,2.0
2021.03.017.0,175.0,143.68393,0.563539,0.0
2021.02.023.0,6.160507,13.091553,2.8328848,0.0
2021.06.015.0,247.24088,329.2912,0.10591793,691.0
2021.01.022.0,133.0,173.51093,-0.48715425,4604.0
2021.09.030.0,80.7091,66.41402,1.6155282,1.0
2021.06.015.0,45.0,43.383057,-1.3281739,174.0
2021.05.024.0,212.76387,183.02043,0.53638554,772.0
2021.05.024.0,72.60993,54.14048,-1.0490172,0.0
2021.02.023.0,12.0,3.0021973,-1.8912935,706.0
2021.06.015.0,542.0,565.5213,-0.034778476,1.0
2021.011.012.0,1.800003,3.9130554,-2.6071107,0.0
2021.09.07.0,602.0,583.1341,0.09155238,0.0
2021.07.027.0,736.0,679.98676,0.10993099,0.0
2021.06.015.0,545.0,485.94012,-0.16975689,43.0
2021.05.024.0,311.0,271.21234,-0.23324537,2611.0
2021.05.03.0,24.5,73.46057,-0.902544,4038.0
2021.07.027.0,396.0,389.62552,0.1834346,0.0
2021.012.024.0,127.58597,153.13678,1.5269098,23.0
2021.08.017.0,829.54816,831.9276,-0.12758207,0.0
2021.05.024.0,31.0,25.75386,-1.6314449,20.0
2021.010.022.0,29.250626,28.449387,2.0726805,12.999985
2021.05.024.0,3.399994,4.1367493,-2.5362642,0.0
2021.05.03.0,577.0,438.68225,0.46348345,0.0
2021.04.09.0,79.0,73.312515,1.1866689,0.0
2021.09.07.0,120.0,117.750305,1.0303191,0.0
2021.01.022.0,466.0,404.57794,0.5074067,0.0
2021.010.022.0,625.0,643.1082,-0.35592484,1.0
2021.09.030.0,175.09465,122.269966,0.8120024,10.0
2021.08.017.0,136.48685,111.80819,1.0898808,3.0
2021.08.017.0,173.9141,80.85593,0.81767434,950.0
2021.05.024.0,37.368042,28.976227,1.6110802,359.0
2021.012.024.0,42.0,57.717003,1.2635031,0.0
2021.02.023.0,467.0,461.37628,0.6282729,0.0
2021.05.03.0,100.84926,56.47336,1.3291429,315.0
2021.09.07.0,3.7104645,7.873581,2.6297626,14.0
2021.09.030.0,612.0,559.62354,-0.0254668,1.0
2021.05.03.0,112.92949,121.66258,1.5254507,1.0
2021.011.012.0,2.6097717,7.5509644,2.5280962,101.0
2021.05.03.0,60.0,74.804695,-1.3726287,0.0
2021.01.022.0,33.988663,22.520477,1.6186438,2581.0
2021.012.024.0,18.5,13.697601,-1.9844158,8.0
2021.01.022.0,481.37488,443.9724,0.48395646,3.0
2021.05.03.0,9.0,9.455566,-1.9737346,242.0
2021.09.030.0,153.0,123.84754,0.47665942,0.0
2021.02.023.0,623.5957,584.01556,0.20154798,2.0
2021.012.024.0,10.282471,7.6533966,2.4752524,198.0
2021.09.030.0,192.19849,142.7489,0.7357321,4.0
2021.02.023.0,816.9653,723.62573,0.22149312,1.0
2021.010.022.0,740.0,696.4176,-0.06828654,1.0
2021.05.024.0,2.800003,4.253769,-2.5809143,5.0
2021.05.024.0,102.09366,102.93898,1.5472718,4.0
2021.07.027.0,2.300003,6.7452393,-2.3205268,1.0
2021.09.07.0,43.58168,35.19983,1.783659,2.0
2021.06.015.0,43.177475,53.470352,1.9101583,7.0
2021.04.09.0,251.0,316.33228,0.84016985,0.0
2021.07.06.0,22.0,29.845276,1.4827769,0.0
2021.09.030.0,162.0,231.44331,-0.96605945,0.0
2021.05.024.0,507.94745,513.7067,0.14165759,1.0
2021.09.030.0,359.0,350.25348,0.22267115,0.0
2021.08.017.0,642.0586,664.30444,-0.028512836,0.0
2021.06.015.0,56.0,48.76779,-1.4480069,47.0
2021.09.030.0,591.2847,583.74786,0.39460826,0.0
2021.011.012.0,43.0,42.934204,-1.5741241,0.0
2021.03.017.0,341.25708,290.32214,0.4130987,0.0
2021.04.09.0,391.0,418.54636,0.5706986,0.0
2021.011.012.0,686.13885,680.6156,0.30871344,47.0
2021.09.030.0,0.6000061,3.4369965,-2.943422,0.0
2021.08.017.0,615.0,752.6835,-0.22846293,16.0
2021.012.024.0,9.044922,4.6499634,2.6996083,529.0
2021.06.015.0,340.0,403.46204,0.69497895,0.0
2021.02.023.0,396.0,394.39697,0.23939466,0.0
2021.03.017.0,109.48564,82.925545,1.1632632,1.0
2021.03.017.0,698.97144,635.5521,0.28338408,21.0
2021.07.027.0,140.0,177.19078,-0.7126124,8.0
2021.05.03.0,54.182938,38.32292,1.6585914,358.0
2021.09.07.0,550.8414,496.7151,0.5688245,2.0
2021.08.017.0,7.399994,7.9508514,-2.2228696,0.0
2021.010.022.0,1.5,3.6990967,-2.619242,0.0
2021.09.07.0,49.45378,39.06096,1.5851388,62.0
2021.01.022.0,375.0,320.6775,0.34427965,0.0
2021.05.03.0,20.0,39.12906,-1.4496396,40.0
2021.05.024.0,141.5648,98.235634,0.82590955,2012.0
2021.04.09.0,124.0,103.78631,0.8777637,0.0
2021.02.023.0,190.0,236.56049,-0.690547,20.0
2021.02.023.0,10.203033,14.03627,2.430094,60.000015
2021.011.012.0,43.0,51.36287,0.2444042,0.0
2021.011.012.0,3.0,8.511093,1.7543907,0.0
2021.09.07.0,577.0,571.821,0.42952466,0.0
2021.06.015.0,90.849525,122.59923,1.2953112,1.0
2021.07.027.0,42.209854,40.466873,1.8406258,10.0
2021.07.027.0,31.195602,33.069183,2.065649,3.0
2021.07.06.0,16.596298,17.574753,1.8442463,150.0
2021.09.030.0,769.0,739.4009,0.075752616,0.0
2021.07.027.0,910.0,830.8208,-0.05113685,0.0
2021.09.030.0,6.300003,8.06398,-2.1863616,0.0
2021.010.022.0,129.0,175.12343,-1.1787302,0.0
2021.09.030.0,13.5,14.527512,-1.9634912,78.0
2021.010.022.0,15.84491,14.031631,2.046348,456.0
2021.04.09.0,425.0,405.45377,0.1952275,0.0
2021.06.015.0,58.268875,66.37979,1.7749124,1.0
2021.09.030.0,92.0,101.97291,-0.8507643,4928.0
2021.010.022.0,159.22633,110.87928,0.48874843,3042.0
2021.09.030.0,170.99626,136.86401,1.0288954,1.0
2021.02.023.0,371.60373,365.9414,0.28880966,50.0
2021.06.015.0,124.645226,147.36307,1.1768802,0.0
2021.01.022.0,119.703606,87.68921,1.1389045,52.0
2021.02.023.0,570.0,561.1192,-0.22374916,0.0
2021.011.012.0,237.0,232.58223,-0.9375465,0.0
2021.08.017.0,400.0,483.7713,-0.5146346,0.0
2021.07.027.0,6.5,8.414597,-2.2771904,0.0
2021.011.012.0,171.66751,183.42284,1.1434515,5.0
2021.09.030.0,9.399994,10.384323,-2.1064382,0.0
2021.012.024.0,90.0,94.85621,-1.2658229,0.0
2021.010.022.0,19.5,20.885788,-1.7079921,3.0
2021.04.09.0,154.348,172.45299,1.2803789,0.0
2021.05.03.0,17.041763,23.455627,2.3668265,35.0
2021.08.017.0,639.2579,548.1776,0.4824201,20.0
2021.03.017.0,595.0,680.6681,-0.24089694,0.0
2021.012.024.0,13.5,12.899353,-1.7798281,20.0
2021.09.030.0,2.899994,4.8322754,-2.3733327,4.0
2021.09.030.0,374.13303,353.018,0.20167398,30.0
2021.09.030.0,4.800003,5.772476,-2.4629285,7.0
2021.012.03.0,7.199997,6.4091797,-2.567921,0.0
2021.04.09.0,33.44252,34.15419,2.0839908,0.0
2021.010.022.0,66.7036,56.88746,1.501733,5.0
2021.08.017.0,6.100006,9.829788,-1.9411738,289.0
2021.02.023.0,272.0,292.82294,-0.8513615,0.0
2021.02.023.0,7.1413574,14.470001,2.6695108,0.0
2021.011.012.0,2.0448456,6.617096,2.7632802,45.0
2021.09.07.0,117.97706,110.19822,1.0450855,144.0
2021.05.024.0,327.0,349.03622,-0.65216017,2.0
2021.02.023.0,171.56921,136.18317,0.5141164,1127.0
2021.05.024.0,369.89404,322.40845,-0.59558964,0.0
2021.07.027.0,461.14465,459.92285,0.5355778,0.0
2021.05.024.0,1.8999939,5.4320526,-2.6423175,0.0
2021.05.03.0,24.184006,26.29863,2.2374213,0.0
2021.011.012.0,0.1000061,3.2126007,-3.306032,0.0
2021.07.06.0,510.0,481.4853,-0.02293551,1.0
2021.05.024.0,62.166664,42.472565,1.3059479,315.0
2021.05.03.0,199.0,246.09901,-0.93731666,1.0
2021.06.015.0,77.655975,97.974266,1.4945792,1.0
2021.05.024.0,919.83453,791.1713,-0.14873576,0.0
2021.012.024.0,109.66224,135.95947,1.2167951,0.0
2021.011.012.0,55.066673,49.689148,1.2107172,265.0
2021.011.012.0,0.19999695,3.3877106,-3.2436683,361.0
2021.02.023.0,24.307526,14.954468,1.7757102,220.0
2021.02.023.0,99.801735,103.40259,1.5483246,0.0
2021.06.015.0,335.71362,371.52362,0.75844276,0.0
2021.012.024.0,72.99999,71.76402,-1.3638098,2.0
2021.07.06.0,45.45378,44.360794,1.6171342,26.0
2021.06.015.0,456.0,446.69202,-0.4993372,0.0
2021.010.022.0,15.5,12.874481,-1.6930163,1438.0
2021.09.07.0,280.81427,273.3266,0.3937074,164.0
2021.09.030.0,20.0,20.944366,-1.81759,8.0
2021.012.024.0,37.5,33.778183,-1.6538277,0.0
2021.010.022.0,234.0,217.68478,0.14547873,0.0
2021.012.03.0,0.1000061,4.3372803,-3.4022205,0.0
2021.012.024.0,162.57587,196.06935,1.3326588,9.0
2021.07.06.0,81.0,83.22235,-1.473475,0.0
2021.05.024.0,209.57834,140.32088,-0.72699094,0.0
2021.03.017.0,2.100006,0.714798,-2.412655,610.0
2021.09.030.0,0.5,2.0753784,-2.8178813,0.0
2021.06.015.0,136.0,210.78198,0.80169296,0.0
2021.02.023.0,5.8652954,13.026855,2.9001012,189.0
2021.07.027.0,40.831192,27.03505,1.5213697,14.0
2021.03.017.0,171.0,282.45688,-0.6110165,1.0
2021.07.06.0,13.033997,12.814926,2.0414042,74.0
2021.07.06.0,207.18272,238.89973,0.74737954,0.0
2021.01.022.0,115.58681,85.344894,1.1408015,33.0
2021.03.017.0,391.0,355.41064,0.2868582,0.0
2021.05.03.0,303.7648,244.34091,0.92996997,6.0
2021.08.017.0,705.1691,596.32465,0.4128672,0.0
2021.05.03.0,2.600006,8.052826,-2.1753645,59.0
2021.09.030.0,3.300003,4.156067,-2.3453205,0.0
2021.09.07.0,90.69798,85.79133,1.1974108,32.0
2021.02.023.0,660.0,625.65906,-0.11430085,0.0
2021.012.03.0,153.9571,160.7398,1.2122103,12.0
2021.010.022.0,24.5,18.133835,-1.934938,0.0
2021.012.03.0,700.19226,640.6664,-0.023693562,0.0
2021.05.024.0,346.6676,314.56143,0.9018369,0.0
2021.011.012.0,72.0,77.991486,-1.3237798,15.0
2021.09.07.0,174.34915,163.45381,0.7762104,237.0
2021.05.024.0,61.999992,60.082977,-1.3396041,88.0
2021.011.012.0,235.26653,238.8751,0.61780655,5.0
2021.012.03.0,538.70886,510.97583,-0.060165882,0.0
2021.011.012.0,21.0,19.646713,-1.859607,0.0
2021.03.017.0,311.89487,273.636,0.9165521,0.0
2021.07.06.0,486.0061,483.97083,0.67389226,0.0
2021.010.022.0,535.0,597.36633,-0.2553637,2.0
2021.05.024.0,109.0,97.94018,-1.2731164,2.0
2021.011.012.0,15.99588,17.453476,2.0681288,87.0
2021.012.024.0,198.01395,183.92282,0.22551,1468.0
2021.09.07.0,9.770172,9.326843,1.9655207,3205.0
2021.07.06.0,98.03298,99.709526,1.3473611,33.0
2021.05.024.0,65.00001,64.11543,-1.538147,0.0
2021.05.03.0,20.4225,24.519638,2.3586204,118.0
2021.03.017.0,3.699997,6.6796417,-2.0568612,34.0
2021.010.022.0,35.0,57.918213,-1.3058953,2346.0
2021.09.030.0,10.5,9.420029,-2.0165317,1.0
2021.07.027.0,441.0,416.59308,0.10306096,0.0
2021.02.023.0,144.24449,142.63205,1.2638323,14.0
2021.09.07.0,40.488663,35.29013,1.7746475,17.0
2021.02.023.0,281.0,266.4039,0.50802565,0.0
2021.09.030.0,48.664856,18.52835,1.2251977,828.0
2021.012.024.0,3.699997,5.489273,-2.4187167,0.0
2021.09.030.0,12.358963,11.451035,1.9946628,91.0
2021.09.030.0,12.0,10.024612,-2.0095887,39.0
2021.08.017.0,160.75813,153.7206,1.2748553,0.0
2021.010.022.0,113.73266,78.7337,-0.71201396,0.0
2021.04.09.0,169.0,140.20276,0.674726,0.0
2021.07.06.0,160.62823,177.94696,0.7373729,38.0
2021.05.024.0,352.06924,322.51443,0.5320617,217.0
2021.07.06.0,413.0,425.00513,-0.17631459,5.0
2021.07.06.0,62.511925,67.67341,1.380998,1.0
2021.04.09.0,38.530807,33.11151,2.0450602,11.0
2021.012.03.0,0.19999695,3.5297241,-2.8769634,3.0
2021.09.030.0,337.0,337.9926,0.45502555,0.0
2021.06.015.0,6.699997,9.529785,-2.2947772,0.0
2021.011.012.0,20.0,20.04712,-1.7362394,2.0
2021.05.024.0,84.31596,57.83645,1.1333001,372.0
2021.07.027.0,26.830307,27.344528,2.2637086,3.0
2021.05.024.0,162.94014,134.47807,0.9996812,0.0
2021.08.017.0,326.0,286.20267,0.77142406,0.0
2021.09.030.0,157.0,178.90927,-0.52680373,3993.0
2021.07.06.0,30.244461,34.166153,1.9548372,0.0
2021.012.03.0,170.0,140.80388,-0.8636155,6.0
2021.02.023.0,128.0,140.24864,-1.1051378,0.0
2021.07.06.0,10.209396,18.732315,2.2041078,1.0
2021.05.024.0,410.48676,388.23474,0.586251,22.0
2021.09.07.0,352.67523,354.39203,0.6186069,11.0
2021.05.024.0,399.43848,375.89963,0.7938862,0.0
2021.02.023.0,453.0,448.78015,0.410748,0.0
2021.07.027.0,47.0,47.453598,1.2869453,0.0
2021.010.022.0,635.0,624.7524,-0.17514324,3.0
2021.07.06.0,44.5,45.36789,-1.2779682,3.0
2021.012.03.0,683.0,734.08795,0.24964797,0.0
2021.05.024.0,389.99387,335.3758,0.664865,2.0
2021.07.06.0,249.80238,277.07288,1.0037634,0.0
2021.05.024.0,101.0,99.84545,-1.1260784,43.0
2021.03.017.0,934.3303,799.39435,0.03232944,1.0
2021.05.03.0,823.073,681.0851,0.31922328,1.0
2021.08.017.0,329.1337,530.1406,-0.4751742,0.0
2021.05.03.0,74.0,96.7538,-1.2826965,1.0
2021.010.022.0,63.0,98.55092,-1.0048845,5109.0
2021.07.027.0,1.8999939,5.236252,-2.4534075,1.0
2021.07.06.0,799.0,816.7497,0.16762316,0.0
2021.06.015.0,147.44093,179.36943,1.0143374,0.0
2021.05.024.0,820.72,712.9996,-0.22615457,0.0
2021.09.07.0,14.839432,12.257294,1.6389059,2185.0
2021.08.017.0,233.0,352.38245,-0.6133113,4.0
2021.09.07.0,8.0,2.2170715,2.6571088,0.0
2021.06.015.0,64.0,64.78155,-1.3689854,1.0
2021.04.09.0,945.0,826.3201,-0.012130022,0.0
2021.03.017.0,73.80432,67.81761,1.4029981,0.0
2021.05.024.0,328.9438,304.05142,0.6005788,21.0
2021.06.015.0,524.87604,541.4229,0.4700613,2.0
2021.07.06.0,30.0,32.387863,-1.4504738,4.0
2021.012.03.0,394.96545,417.9837,0.5044632,0.0
2021.010.022.0,420.0,425.88297,-0.6020367,1.0
2021.05.03.0,127.0,46.616882,1.007152,0.0
2021.012.03.0,319.0,339.4549,0.6307869,0.0
2021.02.023.0,108.0,124.773026,-1.2000403,0.0
2021.012.03.0,116.65396,127.86532,1.2350272,0.0
2021.09.07.0,43.0,18.289536,1.2973046,0.0
2021.09.030.0,140.05437,69.37254,0.55267143,1998.0002
2021.010.022.0,545.0,559.445,-0.43889904,0.0
2021.07.06.0,152.0,205.43819,0.9070326,0.0
2021.05.024.0,190.0,272.45563,-0.6164949,3.0
2021.07.06.0,52.0,86.32038,1.6368179,0.0
2021.05.03.0,207.0,204.31044,1.2274699,0.0
2021.05.024.0,247.69287,223.98306,0.6986306,0.0
2021.012.03.0,110.17565,118.20824,1.4229841,3.0
2021.04.09.0,845.0,807.20306,-0.09547293,0.0
2021.011.012.0,11.5,12.570969,-2.058781,0.0
2021.02.023.0,580.0,566.16754,-0.43424916,3.0
2021.011.012.0,8.0,10.42189,1.0999413,0.0
2021.09.07.0,272.0,315.8295,-0.724097,0.0
2021.09.07.0,129.96625,118.72888,1.387103,80.0
2021.011.012.0,296.34775,318.38605,0.7324288,3.0
2021.012.024.0,7.699997,8.149414,-2.1902456,0.0
2021.06.015.0,60.166718,70.623604,1.734968,0.0
2021.012.024.0,38.39511,38.131424,1.3795016,745.0
2021.012.024.0,9.31369,9.688217,2.6219819,67.0
2021.01.022.0,123.60124,131.51466,1.4590056,37.0
2021.02.023.0,41.0,44.864,-1.3500955,751.0
2021.09.030.0,223.0,228.213,0.15021455,0.0
2021.010.022.0,91.001305,60.5897,0.89592534,3630.0
2021.06.015.0,23.793686,27.4888,1.7939277,123.0
2021.07.027.0,3.0,6.8536987,-2.347441,7.0
2021.09.07.0,100.0,140.69884,-0.73767996,145.0
2021.010.022.0,16.5,14.766525,-1.7755318,165.0
2021.04.09.0,102.225464,115.61667,1.6054921,12.999985
2021.07.06.0,2.100006,7.319977,-2.3038027,0.0
2021.05.024.0,359.0,374.40198,-0.38961554,5.0
2021.012.03.0,0.1000061,3.4783783,-3.3628433,0.0
2021.02.023.0,33.0,37.75586,1.3821099,0.0
2021.08.017.0,600.0,686.2341,-0.02759552,1.0
2021.012.024.0,235.32468,283.5509,0.45091927,6.0
2021.03.017.0,244.0,236.69138,0.7585895,0.0
2021.06.015.0,131.04308,162.7914,1.0922914,2.0
2021.012.024.0,17.0,14.711365,-1.7496274,1.0
2021.010.022.0,155.36136,160.20782,1.3127521,7.0
2021.05.03.0,66.4685,36.87892,1.5281056,39.0
2021.011.012.0,201.21103,224.12097,1.2293311,23.0
2021.07.06.0,87.0,109.695404,1.1123655,0.0
2021.08.017.0,63.28662,36.734848,1.4603459,100.0
2021.02.023.0,285.0,306.74982,0.09727669,0.0
2021.02.023.0,432.13004,428.53992,0.48998606,0.0
2021.05.03.0,676.12115,571.0774,0.47208095,0.0
2021.05.024.0,2.0,0.8244934,-2.5308912,229.0
2021.012.024.0,28.226334,30.78366,1.6077849,339.0
2021.07.06.0,46.5468,49.481155,1.5732698,22.0
2021.07.06.0,142.20213,164.98979,1.4283484,2.0
2021.06.015.0,176.0,245.57547,0.66767144,0.0
2021.02.023.0,143.0,152.24573,-1.2291081,0.0
2021.011.012.0,6.0,25.358887,2.2974405,0.0
2021.02.023.0,236.86395,172.1277,0.6679313,652.0
2021.012.024.0,3.100006,5.586685,-2.3042314,0.0
2021.09.07.0,408.0,451.63934,-0.27796483,1.0
2021.012.024.0,144.0,152.83986,-0.63847613,223.0
2021.05.024.0,510.0,557.5449,-0.48821497,1.0
2021.05.03.0,40.0,42.621155,2.0786617,0.0
2021.012.024.0,561.788,575.59955,0.398633,0.0
2021.011.012.0,107.0,137.87218,-0.7671039,1407.0
2021.09.030.0,755.0,735.87415,-0.18827748,12.0
2021.07.06.0,43.847702,48.630005,1.9117794,0.0
2021.05.024.0,98.0,113.28096,-0.86524224,1916.0
2021.05.03.0,498.19348,439.10834,0.687989,7.0
2021.02.023.0,192.0,214.45953,-0.8820176,4.0
2021.07.027.0,95.0,126.04551,-0.90475726,23.0
2021.05.03.0,9.108887,12.802155,2.408539,23.0
2021.010.022.0,246.0,285.50912,-0.7400286,15.0
2021.08.017.0,14.5,12.150726,-2.1032236,0.0
2021.09.030.0,25.5,35.591095,-1.7050931,51.0
2021.05.024.0,159.0,186.50018,-0.8268368,217.0
2021.011.012.0,89.852264,66.54504,0.90347046,529.0
2021.07.06.0,266.0,335.27606,0.8644496,0.0
2021.01.022.0,172.10799,173.1419,1.2410687,30.0
2021.012.024.0,11.807495,11.721283,2.273456,235.0
2021.03.017.0,15.0,10.58139,-1.9705446,3.0
2021.08.017.0,21.157166,14.529968,2.238686,218.0
2021.05.03.0,47.0,23.549103,1.782477,0.0
2021.012.024.0,122.016884,148.08409,1.1410205,3.0
2021.08.017.0,15.0,28.532227,-1.8007207,0.0
2021.011.012.0,36.0,49.67357,1.29438,0.0
2021.012.024.0,107.0,108.696465,0.6651325,0.0
2021.05.03.0,95.1789,103.40133,1.6649246,0.0
2021.07.027.0,338.123,320.7981,0.95038,2.0
2021.07.027.0,306.0,299.26855,0.40940988,0.0
2021.09.07.0,59.0,71.859184,-1.3364954,2.0
2021.08.017.0,2.0,5.856308,-2.5437667,0.0
2021.010.022.0,176.0,162.88391,0.38596416,0.0
2021.09.07.0,14.0,13.419479,-1.9978325,3.0
2021.012.03.0,470.3656,473.29523,0.6485857,0.0
2021.07.027.0,225.04526,216.11136,0.34355974,604.0
2021.05.03.0,44.897385,27.308014,1.771992,67.0
2021.09.030.0,262.06876,246.78241,1.026922,1.0
2021.012.024.0,139.08092,170.89865,1.4428003,1.0
2021.011.012.0,469.0,469.6781,-0.008252144,2.0
2021.06.015.0,23.21579,29.33574,1.8308734,83.0
2021.07.06.0,116.64719,124.42554,1.1940778,4.0
2021.01.022.0,313.0,351.5492,-0.6018212,16.0
2021.03.017.0,210.0,173.39526,0.46609652,0.0
2021.07.027.0,6.300003,7.99971,-2.3346555,0.0
2021.010.022.0,737.0,713.4708,0.03655827,0.0
2021.012.024.0,9.569946,7.444992,2.5823393,4.0
2021.07.027.0,169.08939,134.54907,0.9026068,4.0
2021.02.023.0,138.0,126.17319,0.64021754,0.0
2021.07.06.0,29.151428,30.729156,1.9797845,23.0
2021.011.012.0,434.0,457.90753,0.0724746,0.0
2021.03.017.0,138.03201,143.83742,1.4586668,118.0
2021.01.022.0,19.651108,13.6506195,1.9212795,573.0
2021.09.07.0,93.0,49.910126,0.6175461,0.0
2021.09.030.0,259.27075,211.65726,0.02804339,3305.0
2021.010.022.0,458.0,440.98383,-0.010967255,14.0
2021.011.012.0,16.5,60.855927,-1.2042983,14988.0
2021.011.012.0,161.0,168.66145,0.4227308,0.0
2021.011.012.0,91.0,90.19228,0.8366938,0.0
2021.07.06.0,148.5352,164.04965,0.79948866,20.0
2021.02.023.0,54.404762,60.9533,1.8789371,0.0
2021.010.022.0,72.0,77.74053,1.3116026,0.0
2021.03.017.0,19.0,39.986877,-1.377836,614.0
2021.05.024.0,231.0,241.66989,-0.986819,241.0
2021.07.06.0,8.882172,18.407654,2.3726454,3.0
2021.08.017.0,40.0,45.882843,-1.6154585,1.0
2021.09.07.0,109.11006,108.89967,1.4713702,43.0
2021.011.012.0,10.91069,14.39563,2.5004106,232.0
2021.09.07.0,434.37906,399.59906,0.7620256,3.0
2021.03.017.0,181.0,259.78464,-0.73387456,1.0
2021.01.022.0,21.707367,13.880829,1.8539504,590.0
2021.05.03.0,34.32625,20.368546,1.9692217,295.0
2021.012.03.0,71.466705,54.30832,0.773973,4068.0
2021.09.07.0,1.5,6.989273,-2.2001054,343.0
2021.012.03.0,102.730286,112.0455,1.4713204,1.0
2021.05.03.0,17.728241,10.555115,2.067622,318.0
2021.07.06.0,72.0,102.53133,1.5124545,0.0
2021.02.023.0,487.0,488.22083,-0.33698177,22.0
2021.09.07.0,0.1000061,3.4062042,-3.1513164,0.0
2021.02.023.0,63.0,61.69409,-1.2878826,34.0
2021.08.017.0,259.35202,227.3382,0.9488673,15.0
2021.06.015.0,234.0,198.791,-0.43881965,357.0
2021.03.017.0,95.97299,92.13454,1.3939474,0.0
2021.011.012.0,114.942894,113.99145,1.1100913,3.0
2021.05.03.0,663.99994,583.9514,0.43128192,0.0
2021.09.07.0,83.8258,84.826065,1.6593949,0.0
2021.06.015.0,168.0,277.94125,0.31487668,0.0
2021.012.03.0,5.3953857,5.632492,2.402256,88.0
2021.011.012.0,100.92366,79.85548,0.8067761,791.0
2021.09.07.0,118.99525,75.912834,0.4156078,4098.0
2021.09.030.0,25.405197,15.601517,1.5717839,305.0
2021.05.03.0,132.0,193.5591,-1.0927465,0.0
2021.08.017.0,125.2018,121.31993,1.4356306,2.0
2021.010.022.0,0.8999939,2.684845,-2.7138498,0.0
2021.011.012.0,8.239624,5.8623505,1.3634152,10123.0
2021.010.022.0,802.0151,710.69696,0.03620684,1.0
2021.02.023.0,593.4408,534.11835,0.5109916,0.0
2021.012.03.0,563.0,595.1796,0.40654743,0.0
2021.09.030.0,95.05629,63.23107,1.2412468,14.0
2021.02.023.0,9.01741,12.337219,2.534199,18.0
2021.03.017.0,275.0,386.6529,-0.3331201,0.0
2021.012.03.0,498.2036,509.75104,0.58654785,0.0
2021.012.024.0,187.07083,221.06693,1.2322527,0.0
2021.06.015.0,36.91678,56.94111,1.4233416,106.0
2021.08.017.0,40.0,80.73341,-1.3774974,3.0
2021.010.022.0,2.399994,5.122406,-2.5666063,2.0
2021.09.030.0,329.0,337.87842,0.28296053,0.0
2021.02.023.0,152.0,174.95784,-1.0049591,4.0
2021.09.030.0,7.0,7.467682,-2.262613,0.0
2021.06.015.0,52.0,40.092743,-1.711559,0.0
2021.03.017.0,152.0307,98.843,0.95454067,2.0
2021.08.017.0,247.10234,135.681,0.5652323,1143.0
2021.01.022.0,300.0,243.34917,0.49634087,0.0
2021.011.012.0,0.1000061,1.941803,-3.2180493,0.0
2021.02.023.0,62.39807,51.776558,1.6387064,1.0
2021.04.09.0,61.38392,59.866478,1.5762229,19.0
2021.07.027.0,660.0,688.35315,-0.30498695,0.0
2021.06.015.0,21.482132,26.140884,1.9301367,28.0
2021.09.030.0,467.0,446.31152,0.2222997,0.0
2021.09.030.0,25.0,16.843033,-1.9711947,0.0
2021.08.017.0,905.0,807.2187,0.035802007,0.0
2021.09.07.0,115.0,141.24619,-1.1983993,0.0
2021.011.012.0,1.7149811,3.6024017,3.0969343,100.0
2021.08.017.0,31.0,32.584167,1.9286053,0.0
2021.08.017.0,2.100006,1.2457886,-2.6230514,1630.0
2021.07.06.0,12.0,19.799515,2.1282587,0.0
2021.011.012.0,520.0,465.35126,-0.47082067,1.0
2021.02.023.0,110.4264,91.43535,0.79494905,3739.0
2021.01.022.0,26.348923,30.021164,2.10242,115.0
2021.08.017.0,15.831665,17.797104,2.300654,633.0
2021.05.024.0,48.01735,32.254166,1.4725622,289.0
2021.05.03.0,290.0,186.01228,0.64073145,0.0
2021.03.017.0,19.768494,19.000626,2.1172564,53.0
2021.09.030.0,94.530426,81.2965,-0.7724848,0.0
2021.07.027.0,118.7844,121.95,1.534111,0.0
2021.08.017.0,527.70166,393.23987,0.16343713,3.0
2021.06.015.0,49.0,32.69394,-1.7917144,0.0
2021.07.027.0,178.44095,181.03766,1.2359402,0.0
2021.010.022.0,22.0,15.9711,-1.9887731,0.0
2021.09.030.0,504.9547,469.03613,0.21235049,1.0
2021.02.023.0,590.0,624.54065,-0.35625052,4.0
2021.09.030.0,4.5,4.7947693,-2.2859333,0.0
2021.02.023.0,224.74843,218.00803,1.1866181,0.0
2021.02.023.0,18.712326,16.672455,1.8664404,70.0
2021.09.030.0,15.288803,12.630524,1.8478872,88.0
2021.07.027.0,466.0,439.0058,0.019476056,0.0
2021.07.06.0,79.41877,83.94038,1.4778261,1.0
2021.07.06.0,20.726135,20.851425,1.7010777,268.0
2021.07.06.0,195.81429,216.19485,0.58866143,222.0
2021.011.012.0,0.1000061,1.9761353,-3.2433436,0.0
2021.012.03.0,3.9837494,9.18869,2.7865772,0.0
2021.09.030.0,4.0,2.6657867,-2.264548,424.0
2021.05.024.0,5.100006,7.305954,-2.1263032,1.0
2021.012.024.0,34.838852,37.895493,1.4601326,536.0
2021.07.06.0,30.837479,35.709167,1.930454,0.0
2021.011.012.0,502.0,524.9213,0.2835958,0.0
2021.010.022.0,380.62823,378.5551,0.66344714,5.0
2021.05.024.0,132.46063,82.253525,-0.7510779,0.0
2021.08.017.0,385.79013,336.70282,0.8571167,0.0
2021.011.012.0,35.0,34.314682,-1.5121825,8.0
2021.05.024.0,27.0,33.434097,-1.4292829,536.0
2021.05.03.0,370.93185,313.57355,0.76191807,1.0
2021.05.03.0,25.0,58.57615,-1.316232,2.0
2021.05.024.0,935.0,808.986,-0.08866358,4.0
2021.012.024.0,390.0,455.0605,0.5975692,0.0
2021.06.015.0,91.0,86.78191,-1.244947,0.0
2021.010.022.0,263.1215,251.88416,0.93373287,0.0
2021.03.017.0,267.0,315.00885,-0.06736362,688.0
2021.03.017.0,82.07686,68.07557,1.3008673,7.0
2021.05.024.0,196.0,211.53934,-0.93544126,0.0
2021.010.022.0,10.5,11.129089,-2.1567605,0.0
2021.05.024.0,11.575912,16.272934,2.4280968,109.0
2021.07.06.0,30.5,25.990463,-1.7449119,0.0
2021.012.03.0,3.4721222,13.485107,3.1202192,0.0
2021.09.07.0,6.100006,9.793335,-2.2915113,0.0
2021.05.024.0,31.0,12.922806,-1.9081047,8.0
2021.011.012.0,41.352463,30.709717,1.3952237,189.0
2021.04.09.0,90.85128,104.11722,1.6898305,0.0
2021.05.024.0,420.57104,421.0453,0.3308363,2.0
2021.03.017.0,196.0,323.0084,-0.51617956,4.0
2021.012.024.0,684.28296,684.92975,0.23133504,1.0
2021.010.022.0,34.717865,31.592834,2.0240147,1.0
2021.04.09.0,30.354233,31.372696,2.1938648,7.0
2021.010.022.0,2.699997,4.2385864,-2.5191438,31.0
2021.09.030.0,1.699997,3.4206696,-2.7290218,1.0
2021.09.07.0,173.6786,161.36612,1.1529398,0.0
2021.05.024.0,36.0,33.564194,-1.5611756,2.0
2021.07.06.0,930.0,802.52435,-0.07362807,0.0
2021.010.022.0,402.85742,423.12167,-0.1797477,0.0
2021.06.015.0,530.0,510.08612,-0.40276337,0.0
2021.04.09.0,55.089775,51.91165,1.650969,85.0
2021.011.012.0,18.152878,21.178604,1.9569317,16.0
2021.08.017.0,34.5,26.412903,-1.8244135,0.0
2021.07.06.0,67.0,88.70676,1.2570597,0.0
2021.07.027.0,294.0,283.0312,0.0024871826,0.0
2021.07.06.0,61.999992,52.880478,1.006828,0.0
2021.07.027.0,112.0,88.382126,0.8255728,0.0
2021.012.024.0,130.62383,157.69513,0.8873089,31.0
2021.04.09.0,291.0,346.58752,0.7587924,0.0
2021.07.027.0,330.31635,333.44275,0.7662735,1.0
2021.05.03.0,11.05513,8.891342,2.2137206,133.0
2021.010.022.0,54.999992,62.238785,-1.4767265,96.0
2021.09.07.0,160.0,157.57935,0.81317544,0.0
2021.09.07.0,18.0,10.748993,1.7244271,0.0
2021.04.09.0,9.0,11.229858,433.52536,0.0
2021.09.07.0,24.0,20.735916,-1.7946851,0.0
2021.010.022.0,650.76166,580.2386,0.24541736,1.0
2021.07.06.0,13.0,10.94194,-2.0513847,0.0
2021.02.023.0,74.283585,54.973328,1.0499607,2152.0
2021.011.012.0,186.0,201.4808,0.30752242,0.0
2021.05.024.0,89.36573,57.41591,1.0691345,1596.0
2021.09.030.0,397.0,390.71408,0.33964324,0.0
2021.07.027.0,242.0,258.44952,0.23805082,0.0
2021.03.017.0,358.9083,329.51785,0.5099163,1.0
2021.012.024.0,92.0,94.72741,0.7812431,0.0
2021.03.017.0,400.30182,369.52847,0.42069685,10.0
2021.011.012.0,16.5,13.947067,-1.8691857,51.0
2021.07.027.0,86.0,84.66794,1.2762169,0.0
2021.02.023.0,466.0,450.781,-0.1367079,122.0
2021.010.022.0,5.199997,6.7392273,-2.2264392,1.0
2021.012.03.0,364.0,353.53394,-0.41446328,0.0
2021.05.03.0,243.0,355.7929,-0.08351302,65.0
2021.07.06.0,4.600006,11.34343,-1.9220867,15.0
2021.09.07.0,195.0,194.1412,0.65881896,0.0
2021.012.03.0,286.0,257.4037,-0.5844288,11.0
2021.09.030.0,143.0,182.84436,-0.8511505,103.0
2021.09.030.0,7.699997,6.476013,-2.206075,0.0
2021.07.027.0,11.874298,7.8333893,2.27147,253.0
2021.05.03.0,115.0,167.6533,-1.1827247,1.0
2021.011.012.0,204.73961,225.3781,0.98434645,0.0
2021.07.027.0,549.13354,523.39526,0.5853245,0.0
2021.04.09.0,851.0,807.4984,0.1561904,0.0
2021.05.03.0,29.43599,14.421326,1.8014679,305.0
2021.03.017.0,388.0,454.85577,-0.31476092,2.0
2021.011.012.0,0.8999939,8.566177,-2.250479,197.0
2021.05.024.0,57.116882,31.724976,1.370702,1813.0
2021.07.027.0,17.807526,18.60057,2.059755,406.0
2021.011.012.0,31.138275,29.34491,1.5536256,54.0
2021.07.027.0,34.235977,22.490067,1.638205,98.0
2021.010.022.0,448.0,476.08917,-0.39325714,21.0
2021.010.022.0,5.399994,7.844269,-2.191461,34.0
2021.01.022.0,11.619751,16.13208,2.3301184,106.0
2021.03.017.0,23.14711,19.572647,1.9686531,27.0
2021.02.023.0,8.522186,13.87645,2.5290954,273.0
2021.05.03.0,38.516632,25.974243,1.8796018,159.0
2021.010.022.0,384.3902,363.68558,0.16994333,16.0
2021.09.07.0,343.91672,316.76837,0.94265336,0.0
2021.07.027.0,239.0,251.08649,-0.12420118,1480.0002
2021.08.017.0,75.0,167.97313,-0.6950381,1308.0
2021.011.012.0,26.0,38.549088,1.5975802,0.0
2021.012.024.0,50.0,35.395737,-0.9593768,2917.0
2021.01.022.0,138.85461,150.63676,1.3597572,74.0
2021.012.03.0,162.0,103.38388,0.18549848,0.0
2021.01.022.0,98.09449,103.44678,1.6077837,0.0
2021.07.027.0,135.00325,135.95978,1.4701537,1.0
2021.09.07.0,372.0,348.04114,0.13195622,0.0
2021.02.023.0,3.399994,6.2417297,-2.1865234,27.0
2021.012.03.0,17.258957,36.031326,1.5772521,655.0
2021.011.012.0,278.0,265.81268,-0.85003066,1.0
2021.011.012.0,464.0,460.84167,-0.30279064,0.0
2021.05.024.0,117.57227,128.09003,1.386051,30.0
2021.07.06.0,36.802597,37.00943,1.814203,0.0
2021.07.027.0,12.5,13.591049,-2.013791,1.0
2021.011.012.0,165.67824,163.47119,0.8454328,2.0
2021.03.017.0,322.19168,263.24435,0.14912426,484.0
2021.012.03.0,913.0,792.36816,0.0042647123,0.0
2021.012.03.0,0.6000061,3.1696167,-2.765457,0.0
2021.05.03.0,534.0,481.828,0.5985229,0.0
2021.06.015.0,17.314804,22.62088,2.0950344,3.0
2021.07.027.0,129.0,153.01454,-1.0978367,2.0
2021.09.030.0,89.88125,30.893967,0.88880014,1437.0
2021.04.09.0,46.001495,39.10048,1.8023213,42.0
2021.05.03.0,99.74761,31.020721,1.1741612,2305.0
2021.07.027.0,115.0,122.503586,-1.3655353,0.0
2021.09.030.0,55.708138,16.576096,1.1674051,7749.0
2021.07.06.0,48.461914,52.053673,1.8564186,23.0
2021.06.015.0,76.0,74.18665,-1.485013,3.0
2021.05.024.0,354.0765,242.95052,-0.4271655,0.0
2021.09.030.0,36.0,55.419914,-1.4455781,46.0
2021.02.023.0,150.24748,112.18118,0.96433014,57.0
2021.04.09.0,34.0,7.499771,1.415263,0.0
2021.09.07.0,53.0,79.60629,-1.0978878,108.0
2021.09.030.0,12.115692,10.078522,2.0056784,44.0
2021.07.027.0,70.569214,40.940933,1.1879976,304.0
2021.09.07.0,118.538155,114.28656,1.4311786,0.0
2021.01.022.0,96.35318,66.311226,1.2802321,132.0
2021.012.024.0,218.0,273.55334,0.70973206,0.0
2021.09.030.0,35.0,28.154205,-1.8218715,0.0
2021.03.017.0,95.0,189.09093,-0.6621301,1200.0
2021.07.027.0,165.83153,168.88957,1.2897446,0.0
2021.01.022.0,31.932404,15.05101,1.6762794,2210.0
2021.010.022.0,82.05403,65.461334,1.3860235,16.0
2021.01.022.0,104.721176,111.74408,1.5577878,1.0
2021.09.07.0,0.19999695,3.1666565,-3.1917856,0.0
2021.05.03.0,180.84715,167.49873,1.2612175,4.0
2021.010.022.0,288.45135,223.60378,0.016817212,1606.0
2021.01.022.0,698.3669,639.64703,0.3723929,1.0
2021.03.017.0,209.33417,159.5037,0.89682984,0.0
2021.04.09.0,211.0,280.9928,-0.5089803,40.0
2021.06.015.0,15.0,18.356445,-1.7773299,17.0
2021.05.024.0,748.444,699.56537,0.091048,0.0
2021.05.024.0,172.0656,142.10402,0.94586515,6.0
2021.05.024.0,12.67453,14.689209,2.3643706,214.0
2021.09.07.0,747.0,718.1962,0.19166279,0.0
2021.03.017.0,19.844223,18.260391,2.092021,62.0
2021.07.06.0,45.654816,50.462067,1.8869811,0.0
2021.05.03.0,21.612885,24.62767,2.30841,129.0
2021.05.03.0,150.0,98.20109,1.1361324,0.0
2021.012.03.0,0.3999939,3.196228,-2.9126508,0.0
2021.05.024.0,54.000008,50.479507,-1.4276536,40.0
2021.07.06.0,22.0,25.122879,1.6901482,0.0
2021.05.03.0,40.611816,33.416748,1.831842,80.0
2021.03.017.0,190.43948,130.22354,0.80123997,32.0
2021.011.012.0,45.0,34.609604,-1.722336,0.0
2021.06.015.0,92.695656,146.34203,0.7390492,681.0
2021.07.027.0,14.564713,13.680511,2.1627083,515.0
2021.01.022.0,10.238464,17.262222,2.4007008,85.0
2021.07.027.0,6.100006,8.095291,-2.2433822,2.0
2021.09.07.0,25.891373,15.052567,1.3473368,1606.0
2021.05.024.0,22.5,11.614563,-2.0202997,0.0
2021.07.06.0,182.0,209.82657,0.61676,0.0
2021.05.03.0,157.0,170.7715,1.4468617,0.0
2021.08.017.0,661.3707,793.0435,-0.28968382,0.0
2021.07.06.0,45.0,55.903275,-0.9132924,1617.0
2021.05.03.0,448.21753,405.6852,0.7532995,0.0
2021.03.017.0,123.6219,97.760445,1.1163269,3.0
2021.09.030.0,2.100006,1.9826965,-2.6625173,0.0
2021.07.027.0,108.759636,66.13951,0.8934825,693.0
2021.011.012.0,1.0,2.8112183,-2.6872132,46.0
2021.06.015.0,300.0,372.52637,0.76632786,0.0
2021.02.023.0,9.955429,13.394379,2.4372854,83.0
2021.06.015.0,83.053825,103.84912,1.478558,1.0
2021.012.024.0,136.90143,148.20595,0.4878193,1021.0
2021.06.015.0,28.0,28.892838,-1.5160847,216.0
2021.07.06.0,216.40233,239.09024,1.127065,0.0
2021.09.07.0,21.5,35.92357,-1.5171688,11.0
2021.05.03.0,273.36206,262.26465,1.1083773,0.0
2021.07.027.0,54.999992,74.168594,-1.1829369,42.0
2021.07.027.0,8.199997,9.962402,-1.8844774,595.0
2021.05.03.0,383.0,493.60883,-0.3117764,2.0
2021.05.03.0,423.0,539.5546,-0.41941833,1.0
2021.02.023.0,72.99999,62.39686,1.0148262,0.0
2021.011.012.0,129.06645,109.94964,0.6223278,1093.0
2021.07.06.0,576.0,626.9538,0.2789669,0.0
2021.07.06.0,113.102036,138.8042,1.5444022,0.0
2021.09.07.0,57.0,55.321754,-1.5936148,0.0
2021.07.027.0,21.997955,18.778885,1.9183925,380.0
2021.09.07.0,59.0645,47.620483,-0.47793102,0.0
2021.01.022.0,13.2447815,17.95552,2.1302052,16.0
2021.03.017.0,505.0,446.69434,0.062477946,0.0
2021.012.024.0,101.27339,123.35844,1.0726597,79.0
2021.05.03.0,23.493637,25.284546,2.2705598,156.0
2021.09.07.0,147.0,206.2543,1.0899571,0.0
2021.07.06.0,64.99745,65.44285,1.6443166,5.0
2021.08.017.0,35.5,87.02874,-1.1066585,1306.0
2021.05.024.0,57.0,45.585846,-1.6405602,0.0
2021.07.027.0,105.17497,111.48785,1.5799605,20.0
2021.07.027.0,13.312317,15.810699,2.119957,291.0
2021.07.027.0,76.0,74.262505,1.3620795,0.0
2021.08.017.0,1027.7256,803.82214,0.034232974,1.0
2021.012.024.0,133.33345,163.43925,1.4842249,0.0
2021.02.023.0,41.5,45.819824,-1.4168808,1.0
2021.07.06.0,20.5,22.421555,-1.6224608,0.0
2021.07.027.0,426.0,458.73163,-0.426064,0.0
2021.08.017.0,24.5,44.156372,-1.6261466,21.0
2021.07.06.0,7.7523193,20.030289,2.4775949,2.0
2021.05.03.0,105.0,136.84433,-1.1289256,5.0
2021.012.024.0,30.5,29.009186,-1.4563625,74.0
2021.012.03.0,200.0,210.47253,0.6737648,0.0
2021.010.022.0,204.24142,196.5315,1.139319,1.0
2021.07.027.0,56.0,57.72242,1.6471297,0.0
2021.08.017.0,11.9296875,19.640182,2.4466794,33.0
2021.07.06.0,30.0,22.153091,-1.690418,0.0
2021.09.07.0,14.5,41.56218,-1.2718408,6762.0005
2021.011.012.0,1.800003,5.6330414,-2.2701228,6.0
2021.010.022.0,208.0,191.31165,0.2668332,0.0
2021.07.027.0,135.85484,92.72381,0.7239133,1380.0
2021.03.017.0,76.18593,83.49157,1.5310419,4.0
2021.012.024.0,460.2931,494.97498,0.5507982,0.0
2021.03.017.0,331.2674,300.27383,0.043139815,488.0
2021.011.012.0,7.699997,14.457947,-1.894541,104.0
2021.05.03.0,12.520508,8.24852,2.1959395,51.0
2021.03.017.0,802.0,742.07263,0.12970614,0.0
2021.01.022.0,356.0,244.1114,0.13471699,0.0
2021.011.012.0,3.0530548,7.1605377,2.2851672,842.0
2021.02.023.0,17.164719,10.617813,1.9151689,209.0
2021.07.027.0,160.0,191.56581,-0.9852412,0.0
2021.07.027.0,11.521896,17.441925,2.2309608,65.0
2021.02.023.0,32.0,34.096252,-1.4512722,529.0
2021.011.012.0,27.5,25.478912,-1.764952,0.0
2021.05.03.0,320.0,211.95044,0.5543277,0.0
2021.09.030.0,429.3407,409.51917,0.06442082,19.0
2021.011.012.0,11.150452,10.701935,1.1119367,7857.0
2021.010.022.0,151.0,134.6135,0.50509536,0.0
2021.06.015.0,48.0,89.66946,1.1041259,0.0
2021.012.024.0,98.78892,91.924965,0.73513436,1788.0
2021.05.03.0,18.5,30.024673,-1.5999463,21.0
2021.03.017.0,29.5,30.444626,-1.6524119,0.0
2021.08.017.0,202.0,297.0253,-0.47902584,1.0
2021.011.012.0,47.0,55.98654,-1.1956551,2268.0
2021.09.030.0,70.640945,58.162994,1.3946055,9.0
2021.05.024.0,3.800003,6.61705,-2.4923885,0.0
2021.07.027.0,72.99999,75.29386,-1.5631166,0.0
2021.07.06.0,42.040604,46.40419,1.9425095,0.0
2021.06.015.0,54.371017,60.317688,1.8402255,1.0
2021.02.023.0,244.0,266.54233,-0.91142106,1.0
2021.010.022.0,59.0,82.933846,-1.2393637,136.0
2021.07.06.0,3.600006,7.7282715,-2.240277,4.0
2021.09.07.0,7.5,8.778503,-2.0310547,0.0
2021.011.012.0,185.0,204.73999,-0.6936979,10.0
2021.011.012.0,75.06048,78.7969,1.3654109,6.0
2021.02.023.0,113.0,108.69815,0.7385478,0.0
2021.010.022.0,71.0,91.768616,-1.4775062,0.0
2021.02.023.0,72.836075,83.00709,1.6826836,1.0
2021.09.07.0,591.3876,535.7447,0.20940518,1.0
2021.010.022.0,36.185104,33.20584,1.8915318,76.0
2021.09.030.0,486.2696,500.3426,-0.29216886,0.0
2021.012.03.0,8.199997,6.0643463,-2.5092556,0.0
2021.07.027.0,13.517105,15.782913,2.275637,250.0
2021.05.024.0,1.699997,4.968277,-2.5934489,1.0
2021.09.030.0,242.34715,227.92815,1.0838848,0.0
2021.01.022.0,116.97455,126.76674,1.4563503,0.0
2021.06.015.0,88.451675,111.80952,1.3623773,0.0
2021.05.03.0,445.09894,393.93774,0.59821737,6.0
2021.01.022.0,180.0,131.347,0.808117,0.0
2021.03.017.0,335.0,427.0421,-0.1745621,12.0
2021.011.012.0,26.0,44.33333,1.4348496,0.0
2021.012.024.0,275.0,314.35016,0.31234992,0.0
2021.07.027.0,19.5,26.859955,-1.4316065,1694.0
2021.07.06.0,74.111664,77.79519,1.5356778,0.0
2021.06.015.0,56.0,49.756973,-1.6300457,0.0
2021.010.022.0,27.0,29.309998,-1.6068928,102.0
2021.09.030.0,230.0,342.97906,-0.5505595,1.0
2021.010.022.0,144.73468,151.74565,1.3543578,83.0
2021.06.015.0,283.31876,357.38715,0.0040756464,529.0
2021.02.023.0,263.0,288.5186,0.7947798,0.0
2021.012.024.0,210.43546,246.84393,0.77144647,0.0
2021.09.07.0,50.0,43.998672,-1.6490641,0.0
2021.02.023.0,354.0,365.69067,-0.55979466,0.0
2021.011.012.0,574.2818,582.7699,0.45948303,1.0
2021.03.017.0,235.0,355.60812,-0.4312122,0.0
2021.06.015.0,176.38885,204.85178,1.2375813,20.0
2021.02.023.0,160.37077,127.68002,0.8927254,15.0
2021.03.017.0,274.0,275.58105,0.6520319,0.0
2021.05.03.0,111.94444,67.89386,1.2936853,259.0
2021.011.012.0,1.7366333,6.7274323,3.0818293,0.0
2021.04.09.0,52.0,43.573837,-1.583607,0.0
2021.05.03.0,155.85149,48.390594,0.8756855,1993.0
2021.02.023.0,303.0,329.68127,0.67825806,0.0
2021.05.024.0,747.4297,681.34235,-0.09561694,0.0
2021.02.023.0,53.0,50.835403,-1.3995225,8.0
2021.09.07.0,376.0,365.14014,0.03358805,0.0
2021.02.023.0,491.0,497.5197,-0.51251864,2.0
2021.05.024.0,193.0,213.83096,-0.7606518,55.0
2021.07.027.0,71.79146,62.154533,1.4863234,10.0
2021.08.017.0,319.90836,290.48456,0.7470019,22.0
2021.04.09.0,501.0,517.2253,0.37420392,0.0
2021.011.012.0,274.0,303.7226,0.45159757,0.0
2021.07.027.0,780.0,733.94244,0.007319689,0.0
2021.012.03.0,409.0,425.50885,0.42473316,0.0
2021.09.030.0,4.0,4.450836,-2.4564836,28.0
2021.09.07.0,340.0,311.90387,0.5359553,0.0
2021.07.027.0,321.0,328.42914,0.763988,0.0
2021.06.015.0,85.61777,126.866104,0.8118172,1195.0
2021.06.015.0,170.0,179.15233,-1.0723693,0.0
2021.08.017.0,143.0,211.44455,-1.0827005,0.0
2021.011.012.0,3.0,9.538757,1.7144558,0.0
2021.08.017.0,188.04054,152.98994,0.87472415,12.999985
2021.09.07.0,211.53477,198.6273,1.0403306,6.0
2021.06.015.0,374.2259,452.32642,0.32510102,0.0
2021.010.022.0,166.10532,117.08802,0.90952057,53.0
2021.05.024.0,290.91318,278.95505,0.30946195,982.0
2021.012.03.0,24.0,15.1147,-1.8468361,0.0
2021.05.03.0,205.61076,137.6961,0.87652075,107.0
2021.02.023.0,223.0,225.31963,-0.37232256,1631.0
2021.03.017.0,91.43443,49.222183,1.0513244,451.0
2021.09.07.0,63.0,35.788193,0.83012944,0.0
2021.05.03.0,30.0,39.873642,2.0939035,0.0
2021.05.03.0,14.0,18.277084,-1.735163,21.0
2021.012.024.0,375.79813,420.84964,0.6942229,0.0
2021.03.017.0,19.0,17.990448,-1.8558578,0.0
2021.07.06.0,92.0,130.49124,1.2878958,0.0
2021.010.022.0,369.0,400.112,-0.51237273,20.0
2021.05.024.0,4.199997,6.7091064,-2.2738693,2.0
2021.011.012.0,2.2773132,7.089493,2.5995607,36.0
2021.05.024.0,360.0,308.4201,-0.13495827,2173.0
2021.02.023.0,149.5216,128.75668,0.6040826,1477.0
2021.09.07.0,3.199997,7.498871,-2.2625744,1.0
2021.011.012.0,0.19999695,1.8885651,-3.1395938,10.0
2021.08.017.0,149.62527,119.324776,1.0194497,1.0
2021.02.023.0,333.0,353.82465,0.6096219,0.0
2021.010.022.0,34.0,41.153976,-1.4594057,67.0
2021.09.030.0,125.01012,107.30417,1.2015412,14.0
2021.010.022.0,119.11383,83.862114,0.6993215,2431.0
2021.03.017.0,30.025742,24.750076,1.7517997,103.0
2021.09.07.0,91.25388,89.848076,1.6371226,10.0
2021.07.027.0,232.0,304.1579,-0.41237378,118.0
2021.012.024.0,88.0,67.44131,-1.162379,5.0
2021.07.027.0,88.0,114.03926,-1.2580311,4.0
2021.08.017.0,134.66707,226.45335,-0.40864825,0.0
2021.012.024.0,52.0,69.70459,1.0737102,0.0
2021.09.07.0,18.0,15.640717,-1.9354138,0.0
2021.011.012.0,1.7690887,5.7677155,2.924979,11.0
2021.011.012.0,0.3999939,2.5768585,-3.0129368,0.0
2021.05.03.0,725.0,798.82947,-0.07211614,0.0
2021.08.017.0,239.0,301.40237,-0.04849553,682.0
2021.08.017.0,184.27692,163.1319,1.2230109,1.0
2021.012.024.0,69.00001,67.17017,-0.7823074,2025.0
2021.09.030.0,401.59827,472.20984,-0.42961693,0.0
2021.05.024.0,5.300003,8.744476,-2.1125538,10.0
2021.05.03.0,12.989746,8.435699,2.1889858,115.0
2021.07.027.0,40.0,53.409218,-1.3690221,51.0
2021.05.03.0,179.88611,55.80983,0.7674515,3561.0
2021.05.024.0,632.0,648.55414,0.18678129,0.0
2021.011.012.0,304.0,330.53574,0.38168812,0.0
2021.04.09.0,9.0,10.203918,399.6673,0.0
2021.01.022.0,402.253,368.21088,0.7794919,5.0
2021.06.015.0,714.0384,741.77704,0.1568836,0.0
2021.010.022.0,238.32468,237.81766,-0.53192663,0.0
2021.05.024.0,17.0,9.107834,-2.219134,0.0
2021.09.030.0,179.14091,124.22573,0.36281037,2587.0
2021.012.024.0,52.1158,58.58171,1.8265041,7.0
2021.012.03.0,186.84785,204.02148,1.0461016,45.0
2021.05.03.0,261.18127,232.53528,0.99060726,0.0
2021.09.07.0,84.60496,73.330315,1.2621468,47.0
2021.06.015.0,275.0,304.66364,-0.5738101,0.0
2021.05.03.0,5.0,10.760193,-1.8195796,637.0
2021.09.07.0,0.3999939,4.0543365,-2.75122,85.0
2021.02.023.0,6.5,7.6380615,-2.0612326,45.0
2021.09.030.0,18.5,12.117706,-2.0531712,41.0
2021.05.03.0,10.778137,11.089401,2.4072723,130.0
2021.09.030.0,77.837975,27.9254,0.9474161,3388.0
2021.06.015.0,177.0,251.69775,0.8028079,0.0
2021.04.09.0,651.0,647.3568,0.17715442,0.0
2021.07.06.0,60.418907,61.24653,1.4392684,28.0
2021.07.06.0,94.0,93.28367,-0.90480256,142.0
2021.08.017.0,435.94592,393.70154,0.5447686,40.0
2021.09.07.0,337.0,383.0785,0.5280392,0.0
2021.07.027.0,6.0,7.1484985,-2.3044035,1.0
2021.02.023.0,15.521896,15.4027405,2.0386267,225.0
2021.012.03.0,135.0,101.694595,-1.004185,3.0
2021.011.012.0,270.9251,286.01453,1.0257616,0.0
2021.05.03.0,610.14526,524.1682,0.54418194,0.0
2021.010.022.0,221.86812,212.8397,1.0719272,0.0
2021.09.07.0,155.01256,102.3775,0.20994127,4151.0
2021.05.03.0,37.707016,28.200592,1.8006294,237.0
2021.05.03.0,62.278137,28.139923,1.6004608,271.0
2021.02.023.0,56.881866,68.011314,1.8124253,0.0
2021.07.06.0,187.0,199.08594,-0.67014,5.0
2021.012.03.0,260.0,286.39093,0.46207058,0.0
2021.05.03.0,15.989883,21.46019,2.4637136,4.0
2021.09.030.0,7.199997,8.213867,-2.153837,0.0
2021.05.024.0,100.0,111.37441,-1.3678586,0.0
2021.010.022.0,39.5,37.468216,-1.6659708,0.0
2021.06.015.0,50.228333,76.11836,1.1739006,962.99994
2021.07.06.0,296.0,363.76163,0.78960323,0.0
2021.03.017.0,38.252914,20.997742,1.6230553,418.0
2021.09.030.0,122.471634,78.654945,1.0807048,42.0
2021.07.06.0,77.0,97.81334,1.182123,0.0
2021.09.07.0,103.79101,95.21067,1.132228,19.0
2021.03.017.0,266.0,346.2188,-0.7267504,5.0
2021.03.017.0,309.1208,250.43848,0.48024344,8.0
2021.012.024.0,180.0,191.63264,-0.52763176,24.0
2021.06.015.0,132.22646,161.22356,1.4345553,41.0
2021.05.024.0,615.0,608.99664,-0.20516253,10.0
2021.08.017.0,11.278702,18.745667,2.519839,0.0
2021.05.03.0,186.0,62.78662,0.8101175,0.0
2021.01.022.0,22.148087,27.62262,2.2045255,124.0
2021.05.024.0,142.0,164.03416,-0.88235545,2.0
2021.03.017.0,53.218277,58.24128,1.804677,12.0
2021.012.024.0,224.0,189.46547,-0.073574305,2919.0002
2021.012.024.0,45.0,44.188156,-1.22731,92.0
2021.010.022.0,710.0,767.35767,-0.23971534,1.0
2021.05.03.0,238.59773,213.74106,1.0474126,1.0
2021.012.024.0,59.67974,70.94459,1.7169003,1.0
2021.07.06.0,29.355972,19.519913,1.4864458,1680.0
2021.09.07.0,4.5143433,6.9993134,2.4851325,32.0
2021.012.024.0,78.922966,100.844406,1.2423037,77.0
2021.04.09.0,191.0,258.85934,1.0144327,0.0
2021.05.03.0,7.399994,21.148788,-1.5527527,1544.0
2021.01.022.0,18.179993,23.184875,2.310008,12.0
2021.012.03.0,454.0,440.59247,-0.2783463,0.0
2021.06.015.0,18.0,39.797775,1.8694993,0.0
2021.09.07.0,0.19999695,3.4940033,-3.1025074,0.0
2021.09.030.0,459.0,421.82007,-0.009067774,8.0
2021.03.017.0,339.68115,302.7118,0.8444456,0.0
2021.012.024.0,339.05063,387.52985,0.7622844,0.0
2021.05.024.0,77.26619,47.119354,1.192693,473.0
2021.07.06.0,41.674698,42.02272,1.7023284,0.0
2021.05.024.0,76.0,69.28127,-1.2669599,61.0
2021.012.024.0,679.99994,699.2998,0.16072261,0.0
2021.05.024.0,545.0,625.5124,-0.41297626,0.0
2021.08.017.0,2.699997,5.2726135,-2.420451,0.0
2021.01.022.0,50.80191,46.108032,1.648995,53.0
2021.012.024.0,174.32335,208.81458,1.281586,11.0
2021.05.024.0,562.0,566.2933,0.28002906,0.0
2021.012.03.0,3.8798828,11.254669,3.077031,2.0
2021.03.017.0,146.0,208.54665,-0.7880807,2.0
2021.011.012.0,6.0,26.229156,2.2842422,0.0
2021.09.030.0,15.5,26.62436,-1.7269151,4891.0
2021.012.024.0,61.32509,66.60585,1.7730236,5.0
2021.09.030.0,909.89276,759.9785,-0.0086500645,0.0
2021.010.022.0,71.0,93.44772,-1.1503189,179.0
2021.07.06.0,100.16311,117.79174,1.0519977,39.0
2021.03.017.0,29.5,39.137436,-1.4653862,1.0
2021.08.017.0,59.161125,31.732132,1.5865504,109.0
2021.08.017.0,3.0,5.8621063,-2.4022214,0.0
2021.04.09.0,140.0,169.37961,0.9009589,0.0
2021.06.015.0,576.81726,553.87946,-0.16020763,0.0
2021.09.07.0,8.0,12.947403,1.7527755,0.0
2021.03.017.0,440.04004,416.38544,0.64360607,2.0
2021.011.012.0,3.0,9.953995,1.7896863,0.0
2021.08.017.0,741.5398,639.15204,0.078455925,4.0
2021.09.030.0,355.0,434.67633,-0.30628657,1.0
2021.01.022.0,348.4948,315.9531,0.7205708,55.0
2021.03.017.0,414.5296,341.91766,0.2846775,5.0
2021.012.024.0,54.222122,60.829323,1.5358589,0.0
2021.09.07.0,0.19999695,1.8611298,-3.2062104,0.0
2021.012.024.0,72.6764,63.404366,0.9354811,1321.0
2021.05.024.0,530.0,532.2714,-0.3247304,9.0
2021.08.017.0,23.0,19.326035,-1.9994986,45.0
2021.02.023.0,178.49406,130.4739,0.8414468,77.0
2021.06.015.0,47.575317,55.753784,1.8665104,1.0
2021.05.03.0,560.0,690.1573,-0.2482667,0.0
2021.09.030.0,10.872406,5.0986176,2.073013,401.0
2021.011.012.0,99.451225,119.4899,1.5060964,0.0
2021.05.024.0,20.0,6.297806,-2.0370753,4.0
2021.08.017.0,51.0,31.859818,1.6870929,0.0
2021.07.06.0,35.0,34.099762,-1.373373,46.0
2021.011.012.0,0.19999695,3.5461578,-2.9414876,31.0
2021.012.024.0,415.5456,456.40082,0.6236378,2.0
2021.05.024.0,110.0,117.77049,-1.0676267,31.0
2021.07.027.0,103.0,130.72047,-1.1790817,0.0
2021.09.07.0,461.53143,453.81744,0.4139297,0.0
2021.011.012.0,267.8117,279.35196,0.8181212,0.0
2021.06.015.0,67.462,101.40735,0.96284986,2440.0
2021.07.06.0,508.09827,511.06842,0.6186464,0.0
2021.02.023.0,9.412613,6.5284424,2.4879732,1759.0
2021.011.012.0,0.19999695,2.8564453,-3.218345,502.0
2021.07.06.0,38.5,18.186386,-1.5494611,0.0
2021.03.017.0,166.39087,171.1366,1.3013141,5.0
2021.05.03.0,133.81686,37.144745,0.9792004,2868.0
2021.012.024.0,195.0,243.82782,0.56190896,0.0
2021.05.03.0,47.0,113.07887,-0.5542166,3377.0
2021.07.027.0,5.199997,8.099304,-2.0993254,134.0
2021.06.015.0,270.0,329.50653,0.0042470694,0.0
2021.02.023.0,51.439095,50.43039,1.9706173,0.0
2021.09.030.0,62.380386,62.135162,1.6558493,0.0
2021.01.022.0,15.32608,16.727463,2.0652163,134.0
2021.01.022.0,31.049774,35.606964,1.9580344,2.0
2021.06.015.0,36.0,34.86563,-1.4274294,130.99998
2021.03.017.0,229.53601,217.22081,1.1063027,0.0
2021.02.023.0,25.355133,17.046478,1.6997464,364.0
2021.03.017.0,43.64415,46.128693,1.9499096,67.0
2021.04.09.0,265.0,278.6737,0.51013255,0.0
2021.09.030.0,459.11993,459.3991,0.5971439,5.0
2021.09.030.0,344.02917,318.22467,0.27439606,8.0
2021.05.03.0,32.231064,30.120895,1.9591357,70.0
2021.05.024.0,488.47247,486.22235,0.43627715,0.0
2021.07.06.0,8.217239,19.499298,2.3856232,0.0
2021.07.06.0,84.88403,90.09837,1.2106221,150.0
2021.011.012.0,76.0,73.93693,0.9563447,0.0
2021.03.017.0,46.0,54.5038,-1.4575996,0.0
2021.05.03.0,84.0,175.8299,-0.6955998,120.0
2021.012.024.0,1.8999939,4.4938354,-2.4876063,0.0
2021.02.023.0,47.140762,41.22586,1.2873311,1858.0
2021.05.024.0,234.81364,220.72633,0.46728075,1071.0
2021.09.07.0,300.0,273.4176,0.6517594,0.0
2021.07.06.0,121.0,118.53565,-0.78733945,63.0
2021.05.024.0,14.373138,16.651764,2.2078967,8.0
2021.07.027.0,12.569504,15.4019165,2.2846081,201.0
2021.05.03.0,3.699997,10.326553,-1.9357631,108.0
2021.010.022.0,18.157425,13.003143,1.9431075,318.0
2021.06.015.0,78.0,150.39867,0.7628634,0.0
2021.07.027.0,2.100006,5.992935,-2.4789011,0.0
2021.05.024.0,828.9368,724.5308,0.0,3.0
2021.05.03.0,273.0,353.39008,-0.6920769,0.0
2021.011.012.0,189.0,202.09296,-1.0323217,70.0
2021.011.012.0,216.0,219.98067,-0.3394382,424.0
2021.011.012.0,327.8838,359.1482,0.64488935,36.0
2021.04.09.0,31.648376,32.72896,2.142617,19.0
2021.02.023.0,251.0,241.99791,0.5678859,0.0
2021.011.012.0,17.667282,22.477554,2.008976,1.0
2021.05.03.0,87.0,153.50092,-0.21008396,4497.0
2021.012.024.0,484.0406,534.2096,0.47581196,0.0
2021.04.09.0,-1.0,8.1558075,501.89746,0.0
2021.011.012.0,110.79582,105.85335,1.1459482,14.0
2021.011.012.0,0.1000061,2.9761505,-3.2869556,0.0
2021.08.017.0,8.800003,9.422806,-2.1544511,0.0
2021.011.012.0,404.0,429.25146,0.15151906,0.0
2021.05.024.0,264.0,248.92351,-0.3332491,2356.0
2021.05.024.0,551.9802,515.9341,0.5545778,0.0
2021.05.024.0,707.0,693.3638,0.095384836,0.0
2021.08.017.0,34.284637,17.816177,1.8926206,75.0
2021.05.024.0,23.969894,10.397751,1.9025104,1408.0
2021.010.022.0,19.213684,16.041351,1.8661975,186.0
2021.011.012.0,822.9959,771.2615,0.15579271,4.0
2021.05.03.0,37.0,21.323929,1.8030709,0.0
2021.01.022.0,585.0,622.3699,-0.33472776,46.0
2021.05.024.0,615.19836,561.837,0.0257051,0.0
2021.08.017.0,47.0,59.562164,-1.6438417,5.0
2021.011.012.0,69.70946,48.869904,1.0664557,526.0
2021.011.012.0,20.567078,22.44815,1.860428,12.999985
2021.02.023.0,302.23383,248.03487,0.4887054,141.0
2021.03.017.0,53.055824,31.19339,1.4118463,751.0
2021.09.07.0,21.0,17.135986,-1.8694232,0.0
2021.012.024.0,3.0,5.6360626,-2.3688247,1.0
2021.07.06.0,19.161224,18.825256,1.7724594,385.0
2021.05.024.0,246.0,259.78415,0.3961352,0.0
2021.02.023.0,110.0,110.392075,-1.3572142,0.0
2021.07.06.0,91.0,84.262276,-1.0870979,15.0
2021.07.027.0,25.54663,29.418045,2.1515038,0.0
2021.07.06.0,21.0,23.171494,-1.2758594,489.0
2021.011.012.0,3.0422363,8.629669,2.3223352,390.0
2021.06.015.0,70.0,65.30039,-1.1236765,496.0
2021.09.030.0,572.28345,532.41144,0.09396398,7.0
2021.07.027.0,55.974007,38.32242,1.3258923,155.0
2021.09.030.0,297.0,215.25052,-0.0989238,3277.0
2021.012.03.0,17.0,10.133759,-2.0334656,1.0
2021.02.023.0,89.31318,92.44904,1.5916735,9.0
2021.03.017.0,34.177185,25.045105,1.6392511,62.0
2021.05.03.0,1.699997,10.205948,-2.0960588,14.0
2021.05.03.0,120.0,80.840004,1.2840016,0.0
2021.09.07.0,8.0,-0.77072144,2.670235,0.0
2021.012.03.0,290.33746,295.31213,1.0011134,0.0
2021.010.022.0,368.1566,324.96686,0.30711114,22.0
2021.011.012.0,3.5,34.92659,-1.7840533,7388.0
2021.05.024.0,132.06514,137.45706,1.3442429,4.0
2021.05.03.0,24.564758,26.712845,2.075742,15.0
2021.03.017.0,22.0,21.094604,-1.789629,0.0
2021.07.06.0,16.0,12.402634,-1.9798295,0.0
2021.03.017.0,470.69537,438.4698,0.3043908,0.0
2021.02.023.0,130.474,99.78508,0.70188475,1273.0
2021.04.09.0,625.0,647.9158,-0.13404644,0.0
2021.011.012.0,33.0,71.48127,-0.8523474,20171.0
2021.010.022.0,0.1000061,1.3474274,-3.3672702,3.0
2021.012.024.0,270.8082,307.38947,0.9562336,0.0
2021.07.027.0,6.800003,8.6553955,-2.2232082,0.0
2021.07.06.0,67.0,82.32606,1.3395989,0.0
2021.08.017.0,239.0,330.46558,-0.7788143,1.0
2021.05.03.0,80.42831,83.43069,1.7852342,1.0
2021.02.023.0,20.759933,17.627792,1.8005466,140.0
2021.07.027.0,87.0,68.75785,1.0091919,0.0
2021.07.06.0,125.80206,146.25888,1.504927,0.0
2021.09.07.0,8.0,6.136261,2.6421719,0.0
2021.011.012.0,250.9966,270.07913,1.0793697,1.0
2021.03.017.0,4.300003,6.238449,-2.3390324,0.0
2021.07.06.0,59.550735,40.562668,1.0300443,1992.0
2021.09.030.0,230.22748,191.43973,0.14631748,1126.0
2021.01.022.0,496.0,448.91052,0.4297073,0.0
2021.09.030.0,2.100006,4.1524353,-2.6040924,11.0
2021.010.022.0,86.0,100.96553,-1.320679,14.0
2021.04.09.0,44.20735,38.77072,1.8425207,0.0
2021.01.022.0,141.93723,93.917366,1.0220636,234.0
2021.03.017.0,3.0,6.2829742,-2.2969139,6.0
2021.03.017.0,44.5,75.96367,-1.2721474,3.0
2021.06.015.0,8.899994,11.602936,-1.9595637,2.0
2021.01.022.0,368.23398,326.4425,0.84928966,6.0
2021.07.06.0,142.26141,156.10129,1.0379306,4.0
2021.011.012.0,85.501686,93.97506,1.2452145,2.0
2021.010.022.0,237.56389,190.49504,-0.24842119,0.0
2021.012.024.0,386.85403,432.17572,0.30623627,0.0
2021.05.024.0,135.0,120.32875,-1.1920321,16.0
2021.02.023.0,50.15149,47.07013,1.7018158,4.0
2021.09.030.0,11.5,20.492218,-1.858599,3452.0
2021.01.022.0,746.0,736.91846,0.25605202,0.0
2021.011.012.0,4.8071594,4.5965576,1.8415014,2258.0
2021.09.07.0,4.199997,8.235535,-2.16087,0.0
2021.07.06.0,715.0,663.5701,-0.10906398,2.0
2021.05.024.0,15.772675,9.35968,2.2168214,69.0
2021.012.024.0,217.56578,250.54182,1.1307029,296.0
2021.05.024.0,46.5,37.269196,-1.4893448,25.0
2021.010.022.0,11.5,15.831375,-1.8182657,1234.0
2021.010.022.0,23.326202,16.436493,1.7821087,552.0
2021.011.012.0,14.5,24.131363,-1.7022483,163.0
2021.010.022.0,292.25296,283.29077,1.0579278,1.0
2021.07.06.0,92.87943,99.30923,1.3791026,3.0
2021.01.022.0,65.99999,20.777283,1.3255415,0.0
2021.010.022.0,30.0,25.09642,-1.8115475,0.0
2021.09.030.0,157.0,157.95845,0.9838892,0.0
2021.06.015.0,305.92303,336.43597,0.8276736,2.0
2021.03.017.0,32.5,35.911697,-1.6877015,4.0
2021.08.017.0,102.16424,102.25124,1.545602,64.0
2021.07.06.0,87.725876,93.454056,1.4113253,14.0
2021.011.012.0,462.49194,510.1986,0.36618114,50.0
2021.09.030.0,5.699997,6.8182526,-2.224839,0.0
2021.011.012.0,945.0,809.7519,-0.0030664206,0.0
2021.03.017.0,56.0,74.66857,-1.4600608,0.0
2021.010.022.0,115.63808,91.42823,1.0950295,21.0
2021.06.015.0,213.63448,247.17873,0.7461355,5.0
2021.05.03.0,497.0,392.41708,0.56472635,0.0
2021.09.07.0,13.322113,11.933456,1.762734,2262.0
2021.07.06.0,12.0,26.137177,1.7660422,0.0
2021.02.023.0,3.100006,5.766037,-2.248751,33.0
2021.02.023.0,5.574875,13.331665,2.9628842,159.0
2021.07.06.0,14.866455,14.437042,1.9825901,57.0
2021.011.012.0,259.0,251.01498,-0.20348096,552.0
2021.09.07.0,0.19999695,2.6095428,-3.1232426,0.0
2021.05.024.0,322.96295,317.51108,0.22488034,2193.0
2021.011.012.0,55.678055,57.201447,1.592219,34.0
2021.01.022.0,426.0,372.0818,0.58152413,0.0
2021.07.06.0,206.0,288.65933,1.0450585,0.0
2021.07.027.0,7.600006,9.461639,-2.1214797,5.0
2021.09.07.0,183.0,236.00745,-0.3978045,88.0
2021.012.024.0,760.0,738.6049,0.063623786,0.0
2021.04.09.0,42.413223,35.88553,1.8826803,0.0
2021.02.023.0,103.0,114.97579,-0.85772634,2268.0
2021.07.06.0,13.236618,16.870834,2.0712855,35.0
2021.05.024.0,163.0,163.73038,-1.0796111,2.0
2021.03.017.0,165.16696,118.53793,0.9089206,0.0
2021.09.030.0,360.0,367.27368,-0.6637752,6.0
2021.05.024.0,39.417816,29.397598,1.5598263,297.0
2021.03.017.0,240.7277,187.88744,0.8067976,1.0
2021.06.015.0,128.0,219.1606,0.5045116,0.0
