,timestamp,true price,estimated price,strike price,time to maturity
0,2021.01.018.0,11.8220825,15.407112,9599.068,0.14793894
1,2021.01.019.0,10.9047165,12.766525,9599.068,0.14084865
2,2021.01.020.0,11.363403,11.156746,9599.068,0.13848522
3,2021.01.020.0,14.574158,11.151413,9978.915,0.13848522
4,2021.01.018.0,40.26022,53.572754,9978.915,0.36301085
5,2021.01.019.0,36.590786,48.951313,9978.915,0.35592058
6,2021.01.020.0,37.966824,43.379757,9978.915,0.35355714
7,2021.01.019.0,15.950203,14.4554825,10358.763,0.14084865
8,2021.01.020.0,15.491524,14.4973755,10358.763,0.13848522
9,2021.01.020.0,16.408875,14.667816,10928.533,0.13848522
10,2021.01.018.0,25.12379,21.90786,11308.381,0.14793894
11,2021.01.019.0,19.160957,21.600563,11308.381,0.14084865
12,2021.01.020.0,18.702278,18.125435,11308.381,0.13848522
13,2021.01.019.0,58.607407,64.29815,11308.381,0.35592058
14,2021.01.020.0,62.276848,58.90478,11308.381,0.35355714
15,2021.01.018.0,148.50864,111.71074,11498.305,0.5780828
16,2021.01.019.0,121.905205,116.55937,11498.305,0.57099247
17,2021.01.020.0,122.82257,111.7653,11498.305,0.568629
18,2021.01.018.0,9.712151,8.466537,11878.151,0.08176296
19,2021.01.019.0,7.785698,7.422035,11878.151,0.074672684
20,2021.01.020.0,6.684868,4.736862,11878.151,0.072309256
21,2021.01.019.0,22.830395,22.303955,11878.151,0.14084865
22,2021.01.020.0,27.417187,19.474968,11878.151,0.13848522
23,2021.01.020.0,23.747757,21.947968,12068.075,0.13848522
24,2021.01.019.0,8.703064,6.1477356,12163.037,0.074672684
25,2021.01.020.0,8.794792,4.56443,12163.037,0.072309256
26,2021.01.018.0,10.9047165,9.614227,12257.999,0.08176296
27,2021.01.019.0,9.528687,8.524773,12257.999,0.074672684
28,2021.01.020.0,8.519592,5.9410553,12257.999,0.072309256
29,2021.01.018.0,30.16927,28.67387,12257.999,0.14793894
30,2021.01.019.0,26.041153,23.796799,12257.999,0.14084865
31,2021.01.020.0,29.251907,20.394882,12257.999,0.13848522
32,2021.01.019.0,87.96291,96.97184,12257.999,0.35592058
33,2021.01.020.0,90.71499,88.614685,12257.999,0.35355714
34,2021.01.020.0,32.00399,28.426132,12447.923,0.14084865
35,2021.01.020.0,32.46267,21.407578,12542.885,0.13848522
36,2021.01.018.0,13.656799,11.747704,12637.846,0.08176296
37,2021.01.019.0,10.9047165,9.483566,12637.846,0.074672684
38,2021.01.020.0,11.363403,7.345131,12637.846,0.072309256
39,2021.01.020.0,30.627949,22.620895,12637.846,0.14084865
40,2021.01.019.0,11.363403,8.752769,12732.808,0.074672684
41,2021.01.020.0,9.987366,7.1312714,12732.808,0.072309256
42,2021.01.019.0,35.21475,32.226715,12732.808,0.14084865
43,2021.01.020.0,33.83871,27.062496,12732.808,0.13848522
44,2021.01.018.0,14.1154785,12.511253,12827.77,0.08176296
45,2021.01.019.0,12.280762,9.910301,12827.77,0.074672684
46,2021.01.020.0,10.9047165,7.7166443,12827.77,0.072309256
47,2021.01.018.0,41.17758,34.073692,12827.77,0.14793894
48,2021.01.019.0,35.21475,34.30802,12827.77,0.14084865
49,2021.01.020.0,37.508144,27.34129,12827.77,0.13848522
50,2021.01.018.0,13.656799,12.638138,12922.731,0.08176296
51,2021.01.019.0,12.739441,8.462135,12922.731,0.074672684
52,2021.01.020.0,11.8220825,8.315262,12922.731,0.072309256
53,2021.01.019.0,36.132103,28.960903,12922.731,0.14084865
54,2021.01.020.0,35.673428,28.14238,12922.731,0.13848522
55,2021.01.018.0,15.032837,15.614525,13017.693,0.08176296
56,2021.01.019.0,13.19812,10.16777,13017.693,0.074672684
57,2021.01.020.0,12.280762,8.547241,13017.693,0.072309256
58,2021.01.019.0,38.884182,29.423615,13017.693,0.14084865
59,2021.01.020.0,38.425507,26.215096,13017.693,0.13848522
60,2021.01.019.0,15.491524,11.39003,13112.655,0.074672684
61,2021.01.020.0,14.1154785,8.868835,13112.655,0.072309256
62,2021.01.018.0,17.78492,14.862778,13207.617,0.08176296
63,2021.01.019.0,14.574158,11.2780075,13207.617,0.074672684
64,2021.01.020.0,12.280762,8.785561,13207.617,0.072309256
65,2021.01.018.0,51.268536,45.779068,13207.617,0.14793894
66,2021.01.019.0,43.92966,40.339836,13207.617,0.14084865
67,2021.01.020.0,45.764378,32.370045,13207.617,0.13848522
68,2021.01.018.0,19.160957,15.308105,13302.579,0.08176296
69,2021.01.019.0,15.491524,10.063232,13302.579,0.074672684
70,2021.01.020.0,14.574158,9.492836,13302.579,0.072309256
71,2021.01.019.0,41.63626,42.12194,13302.579,0.14084865
72,2021.01.020.0,48.516457,32.469532,13302.579,0.13848522
73,2021.01.018.0,20.995674,18.707481,13397.541,0.08176296
74,2021.01.019.0,16.867554,12.924469,13397.541,0.074672684
75,2021.01.020.0,15.491524,10.433502,13397.541,0.072309256
76,2021.01.019.0,48.516457,49.83447,13397.541,0.14084865
77,2021.01.020.0,52.185894,37.961777,13397.541,0.13848522
78,2021.01.018.0,21.91304,16.699509,13492.502,0.08176296
79,2021.01.019.0,17.32624,15.275558,13492.502,0.074672684
80,2021.01.020.0,17.32624,11.846092,13492.502,0.072309256
81,2021.01.018.0,21.91304,18.829384,13587.465,0.08176296
82,2021.01.019.0,18.243599,12.708244,13587.465,0.074672684
83,2021.01.020.0,16.867554,11.78891,13587.465,0.072309256
84,2021.01.018.0,65.02892,62.80665,13587.465,0.14793894
85,2021.01.019.0,55.85533,49.33723,13587.465,0.14084865
86,2021.01.020.0,60.44213,35.901054,13587.465,0.13848522
87,2021.01.018.0,28.334553,25.96915,13682.426,0.08176296
88,2021.01.019.0,19.160957,17.286163,13682.426,0.074672684
89,2021.01.020.0,18.243599,11.5411,13682.426,0.072309256
90,2021.01.018.0,70.53308,60.809895,13682.426,0.14793894
91,2021.01.019.0,60.44213,60.10681,13682.426,0.14084865
92,2021.01.020.0,64.111565,49.59713,13682.426,0.13848522
93,2021.01.018.0,28.334553,18.636375,13777.388,0.08176296
94,2021.01.019.0,20.536995,16.60215,13777.388,0.074672684
95,2021.01.020.0,20.995674,12.775909,13777.388,0.072309256
96,2021.01.018.0,78.789314,78.82841,13777.388,0.14793894
97,2021.01.019.0,67.781006,57.29704,13777.388,0.14084865
98,2021.01.020.0,68.698364,49.28958,13777.388,0.13848522
99,2021.01.018.0,33.83871,25.222649,13872.35,0.08176296
100,2021.01.019.0,22.830395,17.132675,13872.35,0.074672684
101,2021.01.020.0,24.206432,10.775551,13872.35,0.072309256
102,2021.01.019.0,73.28516,59.38192,13872.35,0.14084865
103,2021.01.020.0,74.20252,40.992615,13872.35,0.13848522
104,2021.01.018.0,35.673428,29.67929,13967.312,0.08176296
105,2021.01.019.0,25.12379,24.347786,13967.312,0.074672684
106,2021.01.020.0,26.499832,15.228661,13967.312,0.072309256
107,2021.01.018.0,92.549706,73.4358,13967.312,0.14793894
108,2021.01.019.0,76.03724,64.87735,13967.312,0.14084865
109,2021.01.020.0,81.5414,56.925194,13967.312,0.13848522
110,2021.01.018.0,39.801544,31.434692,14062.273,0.08176296
111,2021.01.019.0,26.041153,23.672077,14062.273,0.074672684
112,2021.01.020.0,30.16927,10.39669,14062.273,0.072309256
113,2021.01.018.0,112.73161,93.53834,14062.273,0.14793894
114,2021.01.019.0,78.789314,103.781006,14062.273,0.14084865
115,2021.01.020.0,84.29347,73.60942,14062.273,0.13848522
116,2021.01.018.0,43.47098,34.158733,14157.235,0.08176296
117,2021.01.019.0,31.545307,23.61248,14157.235,0.074672684
118,2021.01.020.0,30.627949,11.916687,14157.235,0.072309256
119,2021.01.018.0,110.8969,98.84694,14157.235,0.14793894
120,2021.01.019.0,87.96291,81.39224,14157.235,0.14084865
121,2021.01.020.0,88.88027,58.41065,14157.235,0.13848522
122,2021.01.019.0,267.76535,290.13467,14157.235,0.35592058
123,2021.01.020.0,296.2035,277.38214,14157.235,0.35355714
124,2021.01.018.0,49.433815,37.831528,14252.197,0.08176296
125,2021.01.019.0,35.673428,26.431385,14252.197,0.074672684
126,2021.01.020.0,36.132103,12.828392,14252.197,0.072309256
127,2021.01.020.0,103.55802,86.9601,14252.197,0.13848522
128,2021.01.018.0,55.85533,53.030735,14347.158,0.08176296
129,2021.01.019.0,37.049465,37.483498,14347.158,0.074672684
130,2021.01.020.0,40.718903,20.852997,14347.158,0.072309256
131,2021.01.018.0,129.24408,116.6992,14347.158,0.14793894
132,2021.01.019.0,101.7233,118.68988,14347.158,0.14084865
133,2021.01.020.0,114.56633,89.19919,14347.158,0.13848522
134,2021.01.018.0,63.194206,56.86195,14442.121,0.08176296
135,2021.01.019.0,43.0123,36.95537,14442.121,0.074672684
136,2021.01.020.0,48.516457,19.262672,14442.121,0.072309256
137,2021.01.018.0,136.58295,123.67795,14442.121,0.14793894
138,2021.01.019.0,108.14481,127.84636,14442.121,0.14084865
139,2021.01.020.0,120.07049,102.88388,14442.121,0.13848522
140,2021.01.018.0,73.28516,74.62668,14537.082,0.08176296
141,2021.01.019.0,49.433815,66.94618,14537.082,0.074672684
142,2021.01.020.0,54.020615,40.776413,14537.082,0.072309256
143,2021.01.019.0,117.31841,150.47557,14537.082,0.14084865
144,2021.01.020.0,131.0788,120.02939,14537.082,0.13848522
145,2021.01.018.0,84.29347,52.20251,14632.044,0.08176296
146,2021.01.019.0,56.77269,38.274815,14632.044,0.074672684
147,2021.01.020.0,65.02892,16.694572,14632.044,0.072309256
148,2021.01.018.0,175.11205,157.96436,14632.044,0.14793894
149,2021.01.019.0,129.24408,149.87202,14632.044,0.14084865
150,2021.01.020.0,148.50864,109.19646,14632.044,0.13848522
151,2021.01.018.0,96.21915,86.408966,14727.006,0.08176296
152,2021.01.019.0,63.194206,74.841805,14727.006,0.074672684
153,2021.01.020.0,72.3678,50.46631,14727.006,0.072309256
154,2021.01.018.0,223.73209,161.97484,14727.006,0.14793894
155,2021.01.019.0,147.59128,196.61511,14727.006,0.14084865
156,2021.01.020.0,134.74823,150.46349,14727.006,0.13848522
157,2021.01.018.0,108.14481,109.535675,14821.968,0.08176296
158,2021.01.019.0,71.45044,96.83198,14821.968,0.074672684
159,2021.01.020.0,80.62404,61.81234,14821.968,0.072309256
160,2021.01.018.0,202.63283,197.58203,14821.968,0.14793894
161,2021.01.019.0,172.35997,188.00894,14821.968,0.14084865
162,2021.01.020.0,172.35997,158.7937,14821.968,0.13848522
163,2021.01.015.0,136.58295,90.33358,14916.93,0.08412639
164,2021.01.018.0,122.82257,111.56385,14916.93,0.08176296
165,2021.01.019.0,80.62404,95.481926,14916.93,0.074672684
166,2021.01.020.0,91.63235,54.6709,14916.93,0.072309256
167,2021.01.018.0,230.15361,205.17819,14916.93,0.14793894
168,2021.01.019.0,176.94678,205.57793,14916.93,0.14084865
169,2021.01.020.0,196.21132,166.79068,14916.93,0.13848522
170,2021.01.018.0,139.33504,116.941635,15011.892,0.08176296
171,2021.01.019.0,95.30179,120.69391,15011.892,0.074672684
172,2021.01.020.0,105.39274,82.59506,15011.892,0.072309256
173,2021.01.019.0,210.88907,250.6484,15011.892,0.14084865
174,2021.01.020.0,213.64114,200.34769,15011.892,0.13848522
175,2021.01.018.0,160.4343,145.01778,15106.854,0.08176296
176,2021.01.019.0,107.227455,138.44766,15106.854,0.074672684
177,2021.01.020.0,120.07049,94.656746,15106.854,0.072309256
178,2021.01.018.0,280.60837,250.91924,15106.854,0.14793894
179,2021.01.019.0,214.5585,244.83513,15106.854,0.14084865
180,2021.01.020.0,234.7404,193.79813,15106.854,0.13848522
181,2021.01.018.0,601.6842,441.76605,15106.854,0.36301085
182,2021.01.020.0,523.7086,441.12158,15106.854,0.35592058
183,2021.01.020.0,798.9165,444.21228,15106.854,0.568629
184,2021.01.018.0,208.13698,191.81927,15296.777,0.08176296
185,2021.01.019.0,141.16975,183.61682,15296.777,0.074672684
186,2021.01.020.0,159.51694,131.15753,15296.777,0.072309256
187,2021.01.019.0,268.68268,294.0149,15296.777,0.14084865
188,2021.01.020.0,285.1952,255.59035,15296.777,0.13848522
189,2021.01.018.0,269.60004,225.17299,15486.7,0.08176296
190,2021.01.019.0,182.45093,206.4559,15486.7,0.074672684
191,2021.01.020.0,206.30226,152.71933,15486.7,0.072309256
192,2021.01.018.0,444.81567,367.53418,15486.7,0.14793894
193,2021.01.019.0,301.70764,366.13226,15486.7,0.14084865
194,2021.01.020.0,361.336,308.54395,15486.7,0.13848522
195,2021.01.020.0,652.139,442.84766,15486.7,0.35592058
196,2021.01.018.0,319.13748,261.5561,15676.624,0.08176296
197,2021.01.019.0,240.24455,252.46877,15676.624,0.074672684
198,2021.01.020.0,271.43478,215.04884,15676.624,0.072309256
199,2021.01.018.0,387.9394,383.6974,15676.624,0.14793894
200,2021.01.019.0,384.27002,385.5393,15676.624,0.14084865
201,2021.01.020.0,422.79907,379.88202,15676.624,0.13848522
202,2021.01.018.0,234.7404,244.93326,15866.548,0.08176296
203,2021.01.019.0,310.88123,238.40407,15866.548,0.074672684
204,2021.01.020.0,294.36877,273.07343,15866.548,0.072309256
205,2021.01.018.0,303.54236,345.8308,15866.548,0.14793894
206,2021.01.019.0,433.80737,348.12158,15866.548,0.14084865
207,2021.01.020.0,367.7575,376.0459,15866.548,0.13848522
208,2021.01.018.0,169.6079,182.61218,16056.472,0.08176296
209,2021.01.019.0,267.76535,171.4877,16056.472,0.074672684
210,2021.01.020.0,210.88907,237.29768,16056.472,0.072309256
211,2021.01.018.0,243.914,293.01312,16056.472,0.14793894
212,2021.01.019.0,340.23672,280.8235,16056.472,0.14084865
213,2021.01.020.0,301.70764,325.7236,16056.472,0.13848522
214,2021.01.018.0,120.07049,139.5747,16246.3955,0.08176296
215,2021.01.019.0,194.37659,124.85515,16246.3955,0.074672684
216,2021.01.020.0,146.67392,189.2744,16246.3955,0.072309256
217,2021.01.018.0,187.03772,232.36218,16246.3955,0.14793894
218,2021.01.019.0,285.1952,219.60051,16246.3955,0.14084865
219,2021.01.020.0,225.5668,283.3502,16246.3955,0.13848522
220,2021.01.018.0,85.21083,94.8322,16436.318,0.08176296
221,2021.01.019.0,140.2524,83.529434,16436.318,0.074672684
222,2021.01.020.0,99.88858,140.2244,16436.318,0.072309256
223,2021.01.018.0,142.08711,180.58664,16436.318,0.14793894
224,2021.01.019.0,218.22794,165.80405,16436.318,0.14084865
225,2021.01.020.0,178.7815,227.60095,16436.318,0.13848522
226,2021.01.018.0,58.607407,63.089725,16626.242,0.08176296
227,2021.01.019.0,98.97122,58.35772,16626.242,0.074672684
228,2021.01.020.0,66.86365,106.93262,16626.242,0.072309256
229,2021.01.020.0,134.74823,174.2479,16626.242,0.13848522
230,2021.01.018.0,39.342865,43.623974,16816.166,0.08176296
231,2021.01.019.0,67.781006,38.034225,16816.166,0.074672684
232,2021.01.020.0,40.718903,73.34947,16816.166,0.072309256
233,2021.01.019.0,129.24408,84.40202,16816.166,0.14084865
234,2021.01.020.0,103.55802,142.25119,16816.166,0.13848522
235,2021.01.020.0,25.582474,49.26437,17006.09,0.072309256
236,2021.01.018.0,65.02892,67.26245,17006.09,0.14793894
237,2021.01.019.0,98.05386,61.683907,17006.09,0.14084865
238,2021.01.020.0,74.20252,102.81024,17006.09,0.13848522
239,2021.01.020.0,200.79811,183.67361,17006.09,0.35592058
240,2021.01.019.0,277.8563,283.14233,17006.09,0.57099247
241,2021.01.020.0,263.17853,320.02148,17006.09,0.568629
242,2021.01.019.0,62.276848,38.392666,17385.938,0.14084865
243,2021.01.020.0,44.84702,61.65751,17385.938,0.13848522
244,2021.01.025.0,6.9600754,6.6719513,9599.068,0.13139495
245,2021.01.026.0,7.2352905,8.094124,9599.068,0.12430467
246,2021.01.027.0,6.684868,8.304115,9599.068,0.12194124
247,2021.01.025.0,11.363403,8.962585,9978.915,0.13139495
248,2021.01.025.0,36.132103,38.966885,9978.915,0.34646687
249,2021.01.026.0,38.425507,38.616695,9978.915,0.3393766
250,2021.01.026.0,8.152641,8.660767,10168.839,0.12430467
251,2021.01.026.0,10.9047165,9.777153,10358.763,0.12430467
252,2021.01.027.0,9.528687,10.216568,10358.763,0.12194124
253,2021.01.027.0,10.446045,13.3022995,10928.533,0.12194124
254,2021.01.025.0,13.19812,12.300697,11308.381,0.13139495
255,2021.01.026.0,15.491524,11.721298,11308.381,0.12430467
256,2021.01.027.0,13.656799,13.230469,11308.381,0.12194124
257,2021.01.025.0,59.52477,58.237137,11308.381,0.34646687
258,2021.01.027.0,61.35949,56.77833,11308.381,0.3393766
259,2021.01.025.0,136.58295,106.383415,11498.305,0.5615388
260,2021.01.026.0,151.26071,114.45096,11498.305,0.5544485
261,2021.01.027.0,153.09543,124.16469,11498.305,0.55208504
262,2021.01.025.0,3.7493134,1.6720505,11878.151,0.06521897
263,2021.01.026.0,4.6666794,1.7335434,11878.151,0.058128685
264,2021.01.027.0,5.0336227,4.49926,11878.151,0.05576526
265,2021.01.025.0,15.032837,17.249794,11878.151,0.13139495
266,2021.01.026.0,19.160957,15.003288,11878.151,0.12430467
267,2021.01.027.0,20.078316,17.545395,11878.151,0.12194124
268,2021.01.026.0,4.4832077,2.2609177,11973.113,0.058128685
269,2021.01.027.0,5.584038,3.6070786,11973.113,0.05576526
270,2021.01.025.0,4.6666794,1.632576,12068.075,0.06521897
271,2021.01.026.0,4.4832077,3.4555664,12068.075,0.058128685
272,2021.01.027.0,6.2261887,3.2169724,12068.075,0.05576526
273,2021.01.025.0,20.078316,17.355164,12068.075,0.13139495
274,2021.01.026.0,22.830395,16.318695,12068.075,0.12430467
275,2021.01.027.0,19.160957,20.714561,12068.075,0.12194124
276,2021.01.026.0,6.2261887,3.7432175,12163.037,0.06521897
277,2021.01.027.0,5.950981,5.3257217,12163.037,0.05576526
278,2021.01.025.0,4.758415,2.6683807,12257.999,0.06521897
279,2021.01.026.0,5.7675095,3.1434631,12257.999,0.058128685
280,2021.01.027.0,5.2170944,5.502617,12257.999,0.05576526
281,2021.01.025.0,20.536995,20.22242,12257.999,0.13139495
282,2021.01.026.0,26.041153,20.885666,12257.999,0.12430467
283,2021.01.027.0,22.371712,22.160591,12257.999,0.12194124
284,2021.01.025.0,98.97122,83.243614,12257.999,0.34646687
285,2021.01.026.0,110.8969,88.08762,12257.999,0.3393766
286,2021.01.027.0,103.55802,87.96244,12257.999,0.33701316
287,2021.01.025.0,5.400566,4.149475,12447.923,0.06521897
288,2021.01.026.0,4.4832077,4.303993,12447.923,0.058128685
289,2021.01.027.0,5.492302,3.1000595,12447.923,0.05576526
290,2021.01.027.0,25.12379,21.781395,12447.923,0.12194124
291,2021.01.026.0,28.793228,20.351234,12542.885,0.13139495
292,2021.01.027.0,27.875874,24.190979,12542.885,0.12194124
293,2021.01.025.0,5.8592453,3.1024475,12637.846,0.06521897
294,2021.01.026.0,7.602234,4.9350586,12637.846,0.058128685
295,2021.01.027.0,6.501396,7.518486,12637.846,0.05576526
296,2021.01.027.0,24.665112,30.744621,12637.846,0.12194124
297,2021.01.025.0,5.8592453,3.7305145,12732.808,0.06521897
298,2021.01.026.0,6.3179245,4.095047,12732.808,0.058128685
299,2021.01.027.0,7.4187546,5.621689,12732.808,0.05576526
300,2021.01.026.0,32.921345,23.601284,12732.808,0.12430467
301,2021.01.027.0,28.334553,28.270393,12732.808,0.12194124
302,2021.01.025.0,9.070007,3.7502441,12827.77,0.06521897
303,2021.01.026.0,8.6113205,9.135887,12827.77,0.058128685
304,2021.01.027.0,6.8683395,7.342346,12827.77,0.05576526
305,2021.01.025.0,29.710594,26.597359,12827.77,0.13139495
306,2021.01.026.0,36.132103,28.340363,12827.77,0.12430467
307,2021.01.027.0,31.086628,27.382504,12827.77,0.12194124
308,2021.01.025.0,7.693962,4.3981857,12922.731,0.06521897
309,2021.01.026.0,9.436951,6.7005463,12922.731,0.058128685
310,2021.01.027.0,9.070007,8.932831,12922.731,0.05576526
311,2021.01.025.0,32.00399,27.564732,12922.731,0.13139495
312,2021.01.026.0,37.966824,25.83326,12922.731,0.12430467
313,2021.01.025.0,8.244377,4.430519,13017.693,0.06521897
314,2021.01.026.0,9.070007,7.4157104,13017.693,0.058128685
315,2021.01.027.0,9.161743,7.3075104,13017.693,0.05576526
316,2021.01.025.0,33.380024,23.293148,13017.693,0.13139495
317,2021.01.026.0,44.84702,27.320126,13017.693,0.12430467
318,2021.01.027.0,37.508144,35.836292,13017.693,0.12194124
319,2021.01.025.0,7.9691772,4.5874634,13112.655,0.06521897
320,2021.01.026.0,11.8220825,5.9868546,13112.655,0.058128685
321,2021.01.027.0,9.070007,12.2061,13112.655,0.05576526
322,2021.01.025.0,7.693962,5.8375244,13207.617,0.06521897
323,2021.01.026.0,10.9047165,7.0183563,13207.617,0.058128685
324,2021.01.027.0,9.89563,11.736938,13207.617,0.05576526
325,2021.01.025.0,37.508144,33.392586,13207.617,0.13139495
326,2021.01.026.0,48.516457,35.16228,13207.617,0.12430467
327,2021.01.027.0,43.47098,40.11714,13207.617,0.12194124
328,2021.01.025.0,8.519592,4.364334,13302.579,0.06521897
329,2021.01.026.0,13.656799,7.6664276,13302.579,0.058128685
330,2021.01.027.0,10.446045,13.913963,13302.579,0.05576526
331,2021.01.027.0,46.68174,43.2216,13302.579,0.12194124
332,2021.01.025.0,9.528687,6.202591,13397.541,0.06521897
333,2021.01.026.0,13.19812,9.399139,13397.541,0.058128685
334,2021.01.027.0,10.9047165,12.377174,13397.541,0.05576526
335,2021.01.025.0,46.68174,24.92154,13397.541,0.13139495
336,2021.01.026.0,60.44213,35.037216,13397.541,0.12430467
337,2021.01.027.0,56.77269,39.218277,13397.541,0.12194124
338,2021.01.025.0,10.9047165,5.956047,13492.502,0.06521897
339,2021.01.026.0,15.491524,10.402626,13492.502,0.058128685
340,2021.01.027.0,11.8220825,14.053047,13492.502,0.05576526
341,2021.01.025.0,11.8220825,5.6408463,13587.465,0.06521897
342,2021.01.026.0,17.32624,10.747963,13587.465,0.058128685
343,2021.01.027.0,12.739441,16.821007,13587.465,0.05576526
344,2021.01.025.0,55.85533,37.340534,13587.465,0.13139495
345,2021.01.026.0,68.698364,48.992718,13587.465,0.12430467
346,2021.01.027.0,57.69005,54.181374,13587.465,0.12194124
347,2021.01.025.0,12.739441,9.636368,13682.426,0.06521897
348,2021.01.026.0,18.702278,11.640518,13682.426,0.058128685
349,2021.01.027.0,14.1154785,16.027618,13682.426,0.05576526
350,2021.01.025.0,55.85533,39.790157,13682.426,0.13139495
351,2021.01.026.0,75.11988,51.92137,13682.426,0.12430467
352,2021.01.027.0,66.86365,60.075813,13682.426,0.12194124
353,2021.01.025.0,15.032837,10.728561,13777.388,0.06521897
354,2021.01.026.0,24.206432,13.514153,13777.388,0.058128685
355,2021.01.027.0,16.408875,23.650764,13777.388,0.05576526
356,2021.01.025.0,65.94629,43.017857,13777.388,0.13139495
357,2021.01.026.0,83.376114,56.790802,13777.388,0.12430467
358,2021.01.027.0,72.3678,64.653595,13777.388,0.12194124
359,2021.01.025.0,15.950203,6.6063538,13872.35,0.06521897
360,2021.01.026.0,23.747757,10.039345,13872.35,0.058128685
361,2021.01.027.0,18.702278,19.334457,13872.35,0.05576526
362,2021.01.025.0,70.53308,37.729984,13872.35,0.13139495
363,2021.01.026.0,92.549706,47.70742,13872.35,0.12430467
364,2021.01.027.0,73.28516,60.00442,13872.35,0.12194124
365,2021.01.025.0,17.32624,11.72728,13967.312,0.06521897
366,2021.01.026.0,26.499832,12.734489,13967.312,0.058128685
367,2021.01.027.0,20.078316,24.519703,13967.312,0.05576526
368,2021.01.025.0,71.45044,57.922417,13967.312,0.13139495
369,2021.01.026.0,99.88858,66.897736,13967.312,0.12430467
370,2021.01.027.0,85.21083,82.87717,13967.312,0.12194124
371,2021.01.025.0,20.536995,13.405479,14062.273,0.06521897
372,2021.01.026.0,32.00399,16.04654,14062.273,0.058128685
373,2021.01.027.0,23.747757,28.223095,14062.273,0.05576526
374,2021.01.025.0,78.789314,65.887794,14062.273,0.13139495
375,2021.01.026.0,108.14481,60.39973,14062.273,0.12430467
376,2021.01.027.0,91.63235,86.273346,14062.273,0.12194124
377,2021.01.025.0,23.28907,13.166237,14157.235,0.06521897
378,2021.01.026.0,37.049465,16.220581,14157.235,0.058128685
379,2021.01.027.0,26.958511,23.507908,14157.235,0.05576526
380,2021.01.025.0,86.12819,63.59482,14157.235,0.13139495
381,2021.01.026.0,109.97954,62.382683,14157.235,0.12430467
382,2021.01.027.0,103.55802,77.78034,14157.235,0.12194124
383,2021.01.026.0,344.82355,284.4763,14157.235,0.3393766
384,2021.01.025.0,26.958511,14.522331,14252.197,0.06521897
385,2021.01.026.0,42.09494,17.000381,14252.197,0.058128685
386,2021.01.027.0,31.545307,31.70824,14252.197,0.05576526
387,2021.01.025.0,91.63235,69.73002,14252.197,0.13139495
388,2021.01.026.0,121.905205,82.95658,14252.197,0.12430467
389,2021.01.027.0,120.07049,116.16354,14252.197,0.12194124
390,2021.01.025.0,30.627949,12.444382,14347.158,0.06521897
391,2021.01.026.0,47.5991,22.472996,14347.158,0.058128685
392,2021.01.027.0,36.590786,34.69213,14347.158,0.05576526
393,2021.01.025.0,100.80594,86.255684,14347.158,0.13139495
394,2021.01.026.0,140.2524,89.03298,14347.158,0.12430467
395,2021.01.027.0,126.492004,111.25787,14347.158,0.12194124
396,2021.01.025.0,35.21475,19.433418,14442.121,0.06521897
397,2021.01.026.0,55.85533,23.348675,14442.121,0.058128685
398,2021.01.027.0,42.553623,47.471554,14442.121,0.05576526
399,2021.01.025.0,112.73161,87.33824,14442.121,0.13139495
400,2021.01.026.0,150.34335,102.94621,14442.121,0.12430467
401,2021.01.027.0,130.16144,142.692,14442.121,0.12194124
402,2021.01.025.0,39.801544,17.700691,14537.082,0.06521897
403,2021.01.026.0,62.276848,29.058926,14537.082,0.058128685
404,2021.01.027.0,49.433815,54.675034,14537.082,0.05576526
405,2021.01.026.0,174.1947,109.74938,14537.082,0.12430467
406,2021.01.027.0,142.08711,155.78888,14537.082,0.12194124
407,2021.01.025.0,47.5991,32.64413,14632.044,0.06521897
408,2021.01.026.0,75.11988,32.36571,14632.044,0.058128685
409,2021.01.027.0,58.607407,43.394176,14632.044,0.05576526
410,2021.01.025.0,130.16144,112.888985,14632.044,0.13139495
411,2021.01.026.0,176.02942,119.1056,14632.044,0.12430467
412,2021.01.027.0,164.10373,150.41913,14632.044,0.12194124
413,2021.01.025.0,51.268536,38.18637,14727.006,0.06521897
414,2021.01.026.0,77.871956,41.37692,14727.006,0.058128685
415,2021.01.027.0,62.276848,63.60045,14727.006,0.05576526
416,2021.01.025.0,142.08711,112.103455,14727.006,0.13139495
417,2021.01.026.0,192.54187,120.272354,14727.006,0.12430467
418,2021.01.027.0,171.44261,167.57922,14727.006,0.12194124
419,2021.01.025.0,59.52477,29.698315,14821.968,0.06521897
420,2021.01.026.0,95.30179,44.174522,14821.968,0.058128685
421,2021.01.027.0,75.11988,91.68522,14821.968,0.05576526
422,2021.01.025.0,157.68222,132.49327,14821.968,0.13139495
423,2021.01.026.0,212.72377,147.48389,14821.968,0.12430467
424,2021.01.027.0,194.37659,189.29439,14821.968,0.12194124
425,2021.01.025.0,68.698364,51.788387,14916.93,0.06521897
426,2021.01.026.0,129.24408,59.49134,14916.93,0.058128685
427,2021.01.027.0,87.04555,128.83234,14916.93,0.05576526
428,2021.01.025.0,174.1947,137.1482,14916.93,0.13139495
429,2021.01.026.0,246.66608,151.51242,14916.93,0.12430467
430,2021.01.027.0,216.39322,211.92305,14916.93,0.12194124
431,2021.01.025.0,78.789314,65.80031,15011.892,0.06521897
432,2021.01.026.0,121.905205,80.311066,15011.892,0.058128685
433,2021.01.027.0,99.88858,129.16145,15011.892,0.05576526
434,2021.01.026.0,253.08759,178.21707,15011.892,0.12430467
435,2021.01.027.0,235.65776,220.99078,15011.892,0.12194124
436,2021.01.025.0,91.63235,70.35759,15106.854,0.06521897
437,2021.01.026.0,139.33504,63.23079,15106.854,0.058128685
438,2021.01.027.0,117.31841,101.3525,15106.854,0.05576526
439,2021.01.025.0,206.30226,166.6311,15106.854,0.13139495
440,2021.01.026.0,280.60837,175.49908,15106.854,0.12430467
441,2021.01.027.0,262.26117,229.21262,15106.854,0.12194124
442,2021.01.027.0,574.1634,433.59906,15106.854,0.33701316
443,2021.01.025.0,120.07049,101.12884,15296.777,0.06521897
444,2021.01.026.0,184.28564,114.53618,15296.777,0.058128685
445,2021.01.027.0,155.8475,174.72498,15296.777,0.05576526
446,2021.01.026.0,353.99713,219.75496,15296.777,0.12430467
447,2021.01.027.0,319.13748,286.2708,15296.777,0.12194124
448,2021.01.025.0,162.26901,123.0025,15486.7,0.06521897
449,2021.01.026.0,238.40985,141.36038,15486.7,0.058128685
450,2021.01.027.0,204.46753,195.87837,15486.7,0.05576526
451,2021.01.025.0,304.45972,242.50185,15486.7,0.13139495
452,2021.01.026.0,410.8734,263.6255,15486.7,0.12430467
453,2021.01.027.0,373.26166,310.31067,15486.7,0.12194124
454,2021.01.025.0,211.80643,174.74075,15676.624,0.06521897
455,2021.01.026.0,303.54236,182.1502,15676.624,0.058128685
456,2021.01.027.0,273.2695,228.75443,15676.624,0.05576526
457,2021.01.025.0,367.7575,331.61536,15676.624,0.13139495
458,2021.01.026.0,436.55945,328.6728,15676.624,0.12430467
459,2021.01.027.0,430.13794,357.62775,15676.624,0.12194124
460,2021.01.025.0,279.691,240.73347,15866.548,0.06521897
461,2021.01.026.0,238.40985,230.63315,15866.548,0.058128685
462,2021.01.027.0,226.48418,207.269,15866.548,0.05576526
463,2021.01.025.0,452.1546,367.04602,15866.548,0.13139495
464,2021.01.026.0,357.66656,363.83228,15866.548,0.12430467
465,2021.01.027.0,361.336,344.83966,15866.548,0.12194124
466,2021.01.025.0,287.02988,251.8282,16056.472,0.06521897
467,2021.01.026.0,163.18637,225.12856,16056.472,0.058128685
468,2021.01.027.0,153.09543,157.56828,16056.472,0.05576526
469,2021.01.025.0,398.0304,370.68292,16056.472,0.13139495
470,2021.01.026.0,272.35214,367.5678,16056.472,0.12430467
471,2021.01.027.0,280.60837,311.062,16056.472,0.12194124
472,2021.01.025.0,207.21962,221.9142,16246.3955,0.06521897
473,2021.01.026.0,107.227455,181.607,16246.3955,0.058128685
474,2021.01.027.0,98.97122,113.34111,16246.3955,0.05576526
475,2021.01.025.0,316.38538,327.53036,16246.3955,0.13139495
476,2021.01.026.0,209.97171,315.9164,16246.3955,0.12430467
477,2021.01.027.0,218.22794,246.60178,16246.3955,0.12194124
478,2021.01.025.0,145.75655,170.85538,16436.318,0.06521897
479,2021.01.026.0,66.86365,137.28185,16436.318,0.058128685
480,2021.01.027.0,61.35949,77.787346,16436.318,0.05576526
481,2021.01.025.0,251.25287,276.3203,16436.318,0.13139495
482,2021.01.026.0,159.51694,253.41415,16436.318,0.12430467
483,2021.01.027.0,171.44261,186.29338,16436.318,0.12194124
484,2021.01.025.0,101.7233,119.33505,16626.242,0.06521897
485,2021.01.026.0,43.47098,92.700386,16626.242,0.058128685
486,2021.01.027.0,38.884182,46.0504,16626.242,0.05576526
487,2021.01.025.0,200.79811,214.42488,16626.242,0.13139495
488,2021.01.026.0,121.905205,195.8616,16626.242,0.12430467
489,2021.01.027.0,124.65729,139.5812,16626.242,0.12194124
490,2021.01.025.0,68.698364,87.659485,16816.166,0.06521897
491,2021.01.026.0,28.793228,66.007515,16816.166,0.058128685
492,2021.01.027.0,25.12379,31.688503,16816.166,0.05576526
493,2021.01.025.0,152.17807,173.08463,16816.166,0.13139495
494,2021.01.026.0,91.63235,154.91312,16816.166,0.12430467
495,2021.01.027.0,90.71499,107.15009,16816.166,0.12194124
496,2021.01.025.0,47.5991,65.75795,17006.09,0.06521897
497,2021.01.026.0,19.160957,43.308853,17006.09,0.058128685
498,2021.01.027.0,16.408875,20.923325,17006.09,0.05576526
499,2021.01.025.0,119.15312,140.22546,17006.09,0.13139495
500,2021.01.026.0,68.698364,131.81201,17006.09,0.12430467
501,2021.01.027.0,68.698364,86.02254,17006.09,0.12194124
502,2021.01.027.0,236.57512,292.8717,17006.09,0.33701316
503,2021.01.025.0,32.00399,54.361454,17196.014,0.06521897
504,2021.01.026.0,13.656799,33.889362,17196.014,0.058128685
505,2021.01.027.0,10.9047165,17.24488,17196.014,0.05576526
506,2021.01.025.0,87.96291,107.9971,17196.014,0.13139495
507,2021.01.026.0,49.433815,91.140175,17196.014,0.12430467
508,2021.01.027.0,50.351173,57.76989,17196.014,0.12194124
509,2021.01.025.0,21.91304,38.893723,17385.938,0.06521897
510,2021.01.026.0,9.987366,26.615414,17385.938,0.058128685
511,2021.01.027.0,8.6113205,14.723404,17385.938,0.05576526
512,2021.01.025.0,69.61572,80.214516,17385.938,0.13139495
513,2021.01.026.0,37.966824,68.239815,17385.938,0.12430467
514,2021.01.027.0,37.508144,46.82043,17385.938,0.12194124
515,2021.01.026.0,7.785698,19.60595,17575.861,0.058128685
516,2021.01.027.0,6.4096603,11.191772,17575.861,0.05576526
517,2021.01.026.0,30.16927,44.10044,17575.861,0.12430467
518,2021.01.027.0,33.83871,33.439198,17575.861,0.12194124
519,2021.01.026.0,6.4096603,15.1236725,17765.783,0.058128685
520,2021.01.027.0,5.400566,11.0204315,17765.783,0.05576526
521,2021.01.027.0,4.5749435,7.4112167,17955.707,0.05576526
522,2021.01.027.0,17.32624,22.426449,17955.707,0.12194124
523,2021.01.027.0,110.8969,149.94714,18145.63,0.5544485
524,2021.02.01.0,8.6113205,10.544891,9599.068,0.11485095
525,2021.02.02.0,8.978264,9.368042,9599.068,0.10776067
526,2021.02.03.0,8.336113,9.531998,9599.068,0.10539725
527,2021.02.03.0,9.345215,9.197487,9978.915,0.10539725
528,2021.02.02.0,44.38834,45.65147,9978.915,0.32283258
529,2021.02.03.0,43.47098,41.449146,9978.915,0.32046914
530,2021.02.01.0,12.280762,11.824989,10358.763,0.11485095
531,2021.02.02.0,10.9047165,11.106201,10358.763,0.10776067
532,2021.02.03.0,12.280762,9.468826,10358.763,0.10539725
533,2021.02.02.0,46.68174,49.472225,10358.763,0.32283258
534,2021.02.03.0,47.5991,43.843994,10358.763,0.32046914
535,2021.02.02.0,13.19812,11.100327,10928.533,0.10776067
536,2021.02.03.0,13.19812,9.489716,10928.533,0.10539725
537,2021.02.01.0,20.078316,13.834404,11308.381,0.11485095
538,2021.02.02.0,15.491524,15.144325,11308.381,0.10776067
539,2021.02.03.0,15.032837,10.473663,11308.381,0.10539725
540,2021.02.02.0,69.61572,60.43123,11308.381,0.32283258
541,2021.02.03.0,67.781006,52.2765,11308.381,0.32046914
542,2021.02.02.0,15.950203,16.167381,11498.305,0.10776067
543,2021.02.03.0,15.491524,10.460899,11498.305,0.10539725
544,2021.02.01.0,176.94678,165.62622,11498.305,0.5449948
545,2021.02.02.0,151.26071,174.1112,11498.305,0.5379045
546,2021.02.03.0,146.67392,160.63245,11498.305,0.53554106
547,2021.02.03.0,17.78492,9.986282,11688.229,0.10539725
548,2021.02.01.0,1.1807175,1.3212204,11878.151,0.048674982
549,2021.02.02.0,1.5476608,-4.7453613,11878.151,0.0415847
550,2021.02.03.0,0.9055023,2.416336,11878.151,0.03922127
551,2021.02.01.0,23.747757,19.845009,11878.151,0.11485095
552,2021.02.02.0,19.160957,15.582977,11878.151,0.10776067
553,2021.02.03.0,19.160957,12.02272,11878.151,0.10539725
554,2021.02.01.0,1.1807175,-2.8725052,11973.113,0.048674982
555,2021.02.02.0,1.3641815,-6.141098,11973.113,0.0415847
556,2021.02.03.0,0.9055023,-1.4523773,11973.113,0.03922127
557,2021.02.01.0,1.4559174,-0.1161499,12068.075,0.048674982
558,2021.02.02.0,1.4559174,-4.6285706,12068.075,0.0415847
559,2021.02.03.0,0.9055023,-3.279663,12068.075,0.03922127
560,2021.02.01.0,27.417187,25.307957,12068.075,0.11485095
561,2021.02.02.0,19.160957,19.29699,12068.075,0.10776067
562,2021.02.03.0,19.160957,12.762047,12068.075,0.10539725
563,2021.02.02.0,2.189804,-4.693489,12163.037,0.0415847
564,2021.02.03.0,0.9055023,6.4490356,12163.037,0.03922127
565,2021.02.01.0,1.5476608,1.1313934,12257.999,0.048674982
566,2021.02.02.0,2.3732834,-4.6123505,12257.999,0.0415847
567,2021.02.03.0,0.9055023,4.0552826,12257.999,0.03922127
568,2021.02.01.0,30.627949,27.873417,12257.999,0.11485095
569,2021.02.02.0,24.206432,19.526337,12257.999,0.10776067
570,2021.02.03.0,21.91304,17.141739,12257.999,0.10539725
571,2021.02.01.0,129.24408,112.754654,12257.999,0.32992285
572,2021.02.02.0,102.64066,98.357445,12257.999,0.32283258
573,2021.02.03.0,106.3101,83.227974,12257.999,0.32046914
574,2021.02.03.0,215.47586,218.15611,12257.999,0.53554106
575,2021.02.01.0,1.7311325,1.7920609,12447.923,0.048674982
576,2021.02.02.0,2.556755,-4.01519,12447.923,0.0415847
577,2021.02.03.0,0.9055023,3.2605057,12447.923,0.03922127
578,2021.02.02.0,27.417187,25.456661,12447.923,0.10776067
579,2021.02.03.0,22.830395,20.01252,12447.923,0.10539725
580,2021.02.03.0,26.041153,23.96674,12542.885,0.10776067
581,2021.02.01.0,2.0980759,5.8549347,12637.846,0.048674982
582,2021.02.02.0,2.6484833,-1.9728317,12637.846,0.0415847
583,2021.02.03.0,0.9055023,1.4275742,12637.846,0.03922127
584,2021.02.03.0,26.041153,17.246307,12637.846,0.10539725
585,2021.02.01.0,2.4650192,6.364479,12732.808,0.048674982
586,2021.02.02.0,2.556755,-1.5322571,12732.808,0.0415847
587,2021.02.03.0,0.9055023,-0.7127075,12732.808,0.03922127
588,2021.02.01.0,41.63626,34.726383,12732.808,0.11485095
589,2021.02.02.0,30.627949,26.816853,12732.808,0.10776067
590,2021.02.03.0,26.499832,19.867058,12732.808,0.10539725
591,2021.02.01.0,2.7402267,7.3504868,12827.77,0.048674982
592,2021.02.02.0,2.7402267,-1.044632,12827.77,0.0415847
593,2021.02.03.0,1.0889816,-0.5284805,12827.77,0.03922127
594,2021.02.01.0,43.47098,36.335537,12827.77,0.11485095
595,2021.02.02.0,34.756065,27.715538,12827.77,0.10776067
596,2021.02.03.0,30.16927,19.039513,12827.77,0.10539725
597,2021.02.01.0,3.0154343,7.98423,12922.731,0.048674982
598,2021.02.02.0,3.0154343,-0.6314087,12922.731,0.0415847
599,2021.02.03.0,0.99723816,-0.18514252,12922.731,0.03922127
600,2021.02.02.0,33.83871,32.486576,12922.731,0.10776067
601,2021.02.03.0,30.627949,24.019474,12922.731,0.10539725
602,2021.02.01.0,3.2906342,9.142494,13017.693,0.048674982
603,2021.02.02.0,2.9236984,0.23525238,13017.693,0.0415847
604,2021.02.03.0,0.99723816,-0.5255356,13017.693,0.03922127
605,2021.02.01.0,51.268536,52.34982,13017.693,0.11485095
606,2021.02.02.0,37.966824,38.38623,13017.693,0.10776067
607,2021.02.03.0,32.00399,25.669167,13017.693,0.10539725
608,2021.02.01.0,3.7493134,10.154266,13112.655,0.048674982
609,2021.02.02.0,2.7402267,0.7502136,13112.655,0.0415847
610,2021.02.03.0,1.0889816,-1.9826889,13112.655,0.03922127
611,2021.02.03.0,33.83871,20.961021,13112.655,0.10539725
612,2021.02.01.0,4.1162567,11.957436,13207.617,0.048674982
613,2021.02.02.0,3.4741135,1.754982,13207.617,0.0415847
614,2021.02.03.0,0.99723816,0.28308868,13207.617,0.03922127
615,2021.02.01.0,64.111565,58.238335,13207.617,0.11485095
616,2021.02.02.0,45.3057,33.55307,13207.617,0.10776067
617,2021.02.03.0,36.590786,23.626743,13207.617,0.10539725
618,2021.02.03.0,182.45093,188.8497,13207.617,0.32046914
619,2021.02.01.0,4.850151,15.298965,13302.579,0.048674982
620,2021.02.02.0,3.3823776,3.3438873,13302.579,0.0415847
621,2021.02.03.0,0.99723816,0.040412903,13302.579,0.03922127
622,2021.02.02.0,47.5991,40.130085,13302.579,0.10776067
623,2021.02.03.0,45.3057,30.327648,13302.579,0.10539725
624,2021.02.01.0,5.308838,17.163956,13397.541,0.048674982
625,2021.02.02.0,4.0245285,3.768898,13397.541,0.0415847
626,2021.02.03.0,0.99723816,0.9308243,13397.541,0.03922127
627,2021.02.01.0,72.3678,56.23948,13397.541,0.11485095
628,2021.02.02.0,49.433815,33.487312,13397.541,0.10776067
629,2021.02.03.0,44.84702,26.171665,13397.541,0.10539725
630,2021.02.03.0,201.71547,244.4732,13397.541,0.32046914
631,2021.02.01.0,6.684868,21.707764,13492.502,0.048674982
632,2021.02.02.0,4.850151,5.940727,13492.502,0.0415847
633,2021.02.03.0,1.0889816,1.5694122,13492.502,0.03922127
634,2021.02.02.0,55.85533,58.361546,13492.502,0.10776067
635,2021.02.03.0,48.516457,38.06441,13492.502,0.10539725
636,2021.02.01.0,7.5104904,27.025753,13587.465,0.048674982
637,2021.02.02.0,4.941887,8.739372,13587.465,0.0415847
638,2021.02.03.0,1.0889816,2.0561676,13587.465,0.03922127
639,2021.02.01.0,87.96291,84.0034,13587.465,0.11485095
640,2021.02.02.0,58.607407,54.15373,13587.465,0.10776067
641,2021.02.03.0,54.937973,33.3868,13587.465,0.10539725
642,2021.02.01.0,288.86462,256.2155,13587.465,0.32992285
643,2021.02.02.0,225.5668,275.90384,13587.465,0.32283258
644,2021.02.01.0,8.886536,21.531883,13682.426,0.048674982
645,2021.02.02.0,4.941887,6.6485596,13682.426,0.0415847
646,2021.02.03.0,1.1807175,0.40494537,13682.426,0.03922127
647,2021.02.01.0,98.05386,85.473885,13682.426,0.11485095
648,2021.02.02.0,58.607407,63.842094,13682.426,0.10776067
649,2021.02.03.0,56.77269,38.020447,13682.426,0.10539725
650,2021.02.01.0,11.363403,27.334404,13777.388,0.048674982
651,2021.02.02.0,5.1253586,10.228592,13777.388,0.0415847
652,2021.02.03.0,1.2724533,2.5514374,13777.388,0.03922127
653,2021.02.01.0,103.55802,99.03412,13777.388,0.11485095
654,2021.02.02.0,71.45044,76.20749,13777.388,0.10776067
655,2021.02.03.0,58.607407,49.52935,13777.388,0.10539725
656,2021.02.01.0,14.1154785,38.683205,13872.35,0.048674982
657,2021.02.02.0,5.8592453,14.5054245,13872.35,0.0415847
658,2021.02.03.0,1.6393967,3.1005554,13872.35,0.03922127
659,2021.02.01.0,110.8969,115.17854,13872.35,0.11485095
660,2021.02.02.0,78.789314,73.590805,13872.35,0.10776067
661,2021.02.03.0,66.86365,48.70145,13872.35,0.10539725
662,2021.02.01.0,16.867554,41.545914,13967.312,0.048674982
663,2021.02.02.0,6.9600754,17.582497,13967.312,0.0415847
664,2021.02.03.0,1.7311325,6.085861,13967.312,0.03922127
665,2021.02.01.0,120.07049,97.5414,13967.312,0.11485095
666,2021.02.02.0,84.29347,77.53023,13967.312,0.10776067
667,2021.02.03.0,72.3678,50.865765,13967.312,0.10539725
668,2021.02.01.0,20.536995,48.911095,14062.273,0.048674982
669,2021.02.02.0,7.5104904,20.263985,14062.273,0.0415847
670,2021.02.03.0,2.189804,5.1215897,14062.273,0.03922127
671,2021.02.01.0,129.24408,136.2996,14062.273,0.11485095
672,2021.02.02.0,93.467064,100.997086,14062.273,0.10776067
673,2021.02.03.0,78.789314,60.831333,14062.273,0.10539725
674,2021.02.01.0,25.582474,39.58507,14157.235,0.048674982
675,2021.02.02.0,8.794792,16.263786,14157.235,0.0415847
676,2021.02.03.0,2.189804,2.044365,14157.235,0.03922127
677,2021.02.01.0,144.83919,118.11708,14157.235,0.11485095
678,2021.02.02.0,101.7233,92.74855,14157.235,0.10776067
679,2021.02.03.0,87.96291,64.24134,14157.235,0.10539725
680,2021.02.01.0,31.086628,57.970406,14252.197,0.048674982
681,2021.02.02.0,10.446045,26.657455,14252.197,0.0415847
682,2021.02.03.0,2.831955,8.411514,14252.197,0.03922127
683,2021.02.01.0,163.18637,157.92992,14252.197,0.11485095
684,2021.02.02.0,110.8969,122.98369,14252.197,0.10776067
685,2021.02.03.0,93.467064,77.1053,14252.197,0.10539725
686,2021.02.01.0,37.508144,57.616318,14347.158,0.048674982
687,2021.02.02.0,12.739441,24.487156,14347.158,0.0415847
688,2021.02.03.0,3.198906,7.2629776,14347.158,0.03922127
689,2021.02.01.0,175.11205,179.11334,14347.158,0.11485095
690,2021.02.02.0,119.15312,121.23454,14347.158,0.10776067
691,2021.02.03.0,102.64066,74.19213,14347.158,0.10539725
692,2021.02.02.0,349.41034,424.69556,14347.158,0.32283258
693,2021.02.01.0,45.3057,67.42568,14442.121,0.048674982
694,2021.02.02.0,15.032837,31.918041,14442.121,0.0415847
695,2021.02.03.0,4.391472,9.606712,14442.121,0.03922127
696,2021.02.01.0,189.7898,181.11981,14442.121,0.11485095
697,2021.02.02.0,129.24408,135.51457,14442.121,0.10776067
698,2021.02.03.0,115.48369,88.53723,14442.121,0.10539725
699,2021.02.01.0,54.937973,79.296585,14537.082,0.048674982
700,2021.02.02.0,17.78492,41.083717,14537.082,0.0415847
701,2021.02.03.0,5.2170944,13.161484,14537.082,0.03922127
702,2021.02.01.0,205.38492,215.94778,14537.082,0.11485095
703,2021.02.02.0,140.2524,154.17148,14537.082,0.10776067
704,2021.02.03.0,125.574646,97.5246,14537.082,0.10539725
705,2021.02.01.0,64.111565,68.44653,14632.044,0.048674982
706,2021.02.02.0,20.536995,44.674118,14632.044,0.0415847
707,2021.02.03.0,7.143547,23.828194,14632.044,0.03922127
708,2021.02.01.0,220.06265,217.11923,14632.044,0.11485095
709,2021.02.02.0,154.01279,172.16797,14632.044,0.10776067
710,2021.02.03.0,137.50032,111.71352,14632.044,0.10539725
711,2021.02.01.0,75.11988,112.55427,14727.006,0.048674982
712,2021.02.02.0,25.12379,59.37369,14727.006,0.0415847
713,2021.02.03.0,9.070007,22.068108,14727.006,0.03922127
714,2021.02.01.0,242.99664,250.51804,14727.006,0.11485095
715,2021.02.02.0,168.69054,201.10022,14727.006,0.10776067
716,2021.02.03.0,150.34335,128.49814,14727.006,0.10539725
717,2021.02.01.0,88.88027,111.42729,14821.968,0.048674982
718,2021.02.02.0,30.627949,67.597115,14821.968,0.0415847
719,2021.02.03.0,11.8220825,35.64318,14821.968,0.03922127
720,2021.02.01.0,264.0959,261.7077,14821.968,0.11485095
721,2021.02.02.0,182.45093,208.90298,14821.968,0.10776067
722,2021.02.03.0,165.0211,144.03142,14821.968,0.10539725
723,2021.02.01.0,103.55802,122.234375,14916.93,0.048674982
724,2021.02.02.0,37.508144,74.82926,14916.93,0.0415847
725,2021.02.03.0,16.867554,41.087196,14916.93,0.03922127
726,2021.02.01.0,281.52573,281.01074,14916.93,0.11485095
727,2021.02.02.0,199.88077,241.04095,14916.93,0.10776067
728,2021.02.03.0,178.7815,171.473,14916.93,0.10539725
729,2021.02.01.0,120.98785,165.45609,15011.892,0.048674982
730,2021.02.02.0,45.3057,93.73861,15011.892,0.0415847
731,2021.02.03.0,21.91304,41.69684,15011.892,0.03922127
732,2021.02.01.0,312.71594,296.32477,15011.892,0.11485095
733,2021.02.02.0,220.98001,250.65515,15011.892,0.10776067
734,2021.02.03.0,201.71547,183.75943,15011.892,0.10539725
735,2021.02.01.0,140.2524,124.72178,15106.854,0.048674982
736,2021.02.02.0,55.85533,84.105865,15106.854,0.0415847
737,2021.02.03.0,30.16927,46.878227,15106.854,0.03922127
738,2021.02.01.0,338.402,332.22278,15106.854,0.11485095
739,2021.02.02.0,235.65776,301.0904,15106.854,0.10776067
740,2021.02.03.0,215.47586,222.30043,15106.854,0.10539725
741,2021.02.02.0,890.6524,444.55542,15106.854,0.5379045
742,2021.02.03.0,918.17316,444.4087,15106.854,0.53554106
743,2021.02.01.0,165.93845,199.2623,15201.815,0.048674982
744,2021.02.02.0,67.781006,123.362656,15201.815,0.0415847
745,2021.02.03.0,39.342865,65.82774,15201.815,0.03922127
746,2021.02.02.0,260.42645,295.6242,15201.815,0.10776067
747,2021.02.03.0,241.16191,225.27771,15201.815,0.10539725
748,2021.02.01.0,195.29396,185.16226,15296.777,0.048674982
749,2021.02.02.0,78.789314,138.96857,15296.777,0.0415847
750,2021.02.03.0,52.185894,70.00682,15296.777,0.03922127
751,2021.02.01.0,397.11304,319.68518,15296.777,0.11485095
752,2021.02.02.0,282.44308,317.34372,15296.777,0.10776067
753,2021.02.03.0,269.60004,246.76532,15296.777,0.10539725
754,2021.02.01.0,226.48418,176.56107,15391.738,0.048674982
755,2021.02.02.0,99.88858,158.51546,15391.738,0.0415847
756,2021.02.03.0,69.61572,90.19852,15391.738,0.03922127
757,2021.02.01.0,442.98096,308.57324,15391.738,0.11485095
758,2021.02.02.0,309.96387,331.36044,15391.738,0.10776067
759,2021.02.03.0,292.53406,274.21124,15391.738,0.10539725
760,2021.02.01.0,228.31888,143.05098,15486.7,0.048674982
761,2021.02.02.0,117.31841,164.23975,15486.7,0.0415847
762,2021.02.03.0,87.96291,98.85614,15486.7,0.03922127
763,2021.02.01.0,386.10468,296.53235,15486.7,0.11485095
764,2021.02.02.0,346.65826,321.66156,15486.7,0.10776067
765,2021.02.03.0,318.22012,296.4342,15486.7,0.10539725
766,2021.02.01.0,183.36829,104.73172,15581.662,0.048674982
767,2021.02.02.0,143.00447,121.198975,15581.662,0.0415847
768,2021.02.03.0,112.73161,91.922264,15581.662,0.03922127
769,2021.02.01.0,338.402,276.37183,15581.662,0.11485095
770,2021.02.02.0,376.9311,299.42596,15581.662,0.10776067
771,2021.02.03.0,354.9145,305.3507,15581.662,0.10539725
772,2021.02.01.0,143.00447,103.0838,15676.624,0.048674982
773,2021.02.02.0,173.27734,116.2775,15676.624,0.0415847
774,2021.02.03.0,143.00447,113.448166,15676.624,0.03922127
775,2021.02.01.0,298.95557,283.90778,15676.624,0.11485095
776,2021.02.02.0,415.4602,300.80472,15676.624,0.10776067
777,2021.02.03.0,392.52625,338.82013,15676.624,0.10539725
778,2021.02.01.0,109.06218,97.021835,15771.586,0.048674982
779,2021.02.02.0,208.13698,117.47818,15771.586,0.0415847
780,2021.02.03.0,176.94678,161.43765,15771.586,0.03922127
781,2021.02.01.0,254.00494,239.92793,15771.586,0.11485095
782,2021.02.02.0,425.55115,265.27072,15771.586,0.10776067
783,2021.02.03.0,427.38586,330.69897,15771.586,0.10539725
784,2021.02.01.0,79.70667,70.64921,15866.548,0.048674982
785,2021.02.02.0,206.30226,90.64676,15866.548,0.0415847
786,2021.02.03.0,195.29396,153.16675,15866.548,0.03922127
787,2021.02.01.0,218.22794,234.47026,15866.548,0.11485095
788,2021.02.02.0,376.9311,259.73676,15866.548,0.10776067
789,2021.02.03.0,377.84845,326.85333,15866.548,0.10539725
790,2021.02.01.0,59.52477,56.535324,15961.51,0.048674982
791,2021.02.02.0,160.4343,71.89034,15961.51,0.0415847
792,2021.02.03.0,153.09543,140.87875,15961.51,0.03922127
793,2021.02.01.0,185.203,190.78781,15961.51,0.11485095
794,2021.02.02.0,326.47635,213.14636,15961.51,0.10776067
795,2021.02.03.0,331.98047,293.31946,15961.51,0.10539725
796,2021.02.01.0,43.0123,42.7478,16056.472,0.048674982
797,2021.02.02.0,127.40936,44.61054,16056.472,0.0415847
798,2021.02.03.0,118.23577,109.75331,16056.472,0.03922127
799,2021.02.01.0,159.51694,154.6124,16056.472,0.11485095
800,2021.02.02.0,290.69934,190.97057,16056.472,0.10776067
801,2021.02.03.0,291.6167,274.67017,16056.472,0.10539725
802,2021.02.02.0,509.94818,425.65808,16056.472,0.32283258
803,2021.02.01.0,31.545307,32.129425,16151.434,0.048674982
804,2021.02.02.0,95.30179,39.40813,16151.434,0.0415847
805,2021.02.03.0,88.88027,113.73193,16151.434,0.03922127
806,2021.02.01.0,133.83087,154.755,16151.434,0.11485095
807,2021.02.02.0,252.17023,174.56216,16151.434,0.10776067
808,2021.02.03.0,252.17023,257.39374,16151.434,0.10539725
809,2021.02.01.0,22.371712,19.752098,16246.3955,0.048674982
810,2021.02.02.0,70.53308,24.356186,16246.3955,0.0415847
811,2021.02.03.0,63.194206,100.8705,16246.3955,0.03922127
812,2021.02.01.0,109.97954,111.897736,16246.3955,0.11485095
813,2021.02.02.0,219.1453,138.35757,16246.3955,0.10776067
814,2021.02.03.0,220.06265,218.97014,16246.3955,0.10539725
815,2021.02.01.0,17.32624,17.01159,16341.356,0.048674982
816,2021.02.02.0,52.185894,19.096191,16341.356,0.0415847
817,2021.02.03.0,45.764378,92.63653,16341.356,0.03922127
818,2021.02.02.0,188.87244,125.71779,16341.356,0.10776067
819,2021.02.03.0,192.54187,206.95244,16341.356,0.10539725
820,2021.02.01.0,13.19812,8.977379,16436.318,0.048674982
821,2021.02.02.0,36.132103,12.143005,16436.318,0.0415847
822,2021.02.03.0,31.545307,73.98756,16436.318,0.03922127
823,2021.02.01.0,76.9546,89.851944,16436.318,0.11485095
824,2021.02.02.0,162.26901,97.81374,16436.318,0.10776067
825,2021.02.03.0,165.93845,182.71832,16436.318,0.10539725
826,2021.02.01.0,10.446045,10.914734,16531.281,0.048674982
827,2021.02.02.0,26.499832,11.540924,16531.281,0.0415847
828,2021.02.03.0,20.078316,55.603996,16531.281,0.03922127
829,2021.02.01.0,63.194206,72.73238,16531.281,0.11485095
830,2021.02.02.0,134.74823,88.82484,16531.281,0.10776067
831,2021.02.03.0,141.16975,158.47171,16531.281,0.10539725
832,2021.02.01.0,8.060913,6.285736,16626.242,0.048674982
833,2021.02.02.0,18.702278,7.1903152,16626.242,0.0415847
834,2021.02.03.0,14.1154785,37.16051,16626.242,0.03922127
835,2021.02.01.0,57.69005,58.115692,16626.242,0.11485095
836,2021.02.02.0,117.31841,78.09516,16626.242,0.10776067
837,2021.02.03.0,121.905205,140.97768,16626.242,0.10539725
838,2021.02.01.0,7.051811,8.177116,16721.205,0.048674982
839,2021.02.02.0,14.1154785,9.869377,16721.205,0.0415847
840,2021.02.03.0,9.620415,28.932991,16721.205,0.03922127
841,2021.02.02.0,98.97122,53.0822,16721.205,0.10776067
842,2021.02.03.0,103.55802,120.81074,16721.205,0.10539725
843,2021.02.01.0,6.1344604,9.661629,16816.166,0.048674982
844,2021.02.02.0,10.446045,9.658745,16816.166,0.0415847
845,2021.02.03.0,7.143547,18.740242,16816.166,0.03922127
846,2021.02.01.0,39.342865,41.723473,16816.166,0.11485095
847,2021.02.02.0,82.458755,48.46196,16816.166,0.10776067
848,2021.02.03.0,87.96291,108.43151,16816.166,0.10539725
849,2021.02.01.0,5.308838,11.92765,16911.127,0.048674982
850,2021.02.02.0,8.794792,12.106659,16911.127,0.0415847
851,2021.02.03.0,4.850151,18.094528,16911.127,0.03922127
852,2021.02.01.0,32.46267,39.927113,16911.127,0.11485095
853,2021.02.02.0,66.86365,41.57372,16911.127,0.10776067
854,2021.02.03.0,75.11988,87.67676,16911.127,0.10539725
855,2021.02.01.0,4.941887,13.882927,17006.09,0.048674982
856,2021.02.02.0,6.7766037,12.569588,17006.09,0.0415847
857,2021.02.03.0,3.9327927,12.30806,17006.09,0.03922127
858,2021.02.01.0,27.875874,26.359879,17006.09,0.11485095
859,2021.02.02.0,55.85533,29.41724,17006.09,0.10776067
860,2021.02.03.0,64.111565,72.96413,17006.09,0.10539725
861,2021.02.03.0,225.5668,228.32516,17006.09,0.32046914
862,2021.02.01.0,4.391472,11.944672,17101.05,0.048674982
863,2021.02.02.0,5.6757812,10.667633,17101.05,0.0415847
864,2021.02.03.0,3.198906,10.896797,17101.05,0.03922127
865,2021.02.02.0,51.268536,31.64204,17101.05,0.10776067
866,2021.02.03.0,54.020615,72.14572,17101.05,0.10539725
867,2021.02.01.0,3.9327927,12.105713,17196.014,0.048674982
868,2021.02.02.0,4.6666794,10.101921,17196.014,0.0415847
869,2021.02.03.0,2.6484833,8.13073,17196.014,0.03922127
870,2021.02.01.0,19.160957,23.53347,17196.014,0.11485095
871,2021.02.02.0,41.17758,24.830093,17196.014,0.10776067
872,2021.02.03.0,44.84702,59.65107,17196.014,0.10539725
873,2021.02.01.0,3.4741135,10.607071,17290.975,0.048674982
874,2021.02.02.0,4.208,8.698296,17290.975,0.0415847
875,2021.02.03.0,2.28154,7.9065094,17290.975,0.03922127
876,2021.02.01.0,20.078316,23.795933,17290.975,0.11485095
877,2021.02.02.0,37.966824,27.77158,17290.975,0.10776067
878,2021.02.03.0,39.801544,46.136803,17290.975,0.10539725
879,2021.02.01.0,3.198906,9.070114,17385.938,0.048674982
880,2021.02.02.0,4.758415,8.728775,17385.938,0.0415847
881,2021.02.03.0,2.00634,10.234268,17385.938,0.03922127
882,2021.02.01.0,15.491524,22.169518,17385.938,0.11485095
883,2021.02.02.0,33.83871,20.435585,17385.938,0.10776067
884,2021.02.03.0,32.46267,49.22994,17385.938,0.10539725
885,2021.02.01.0,3.198906,9.702301,17480.898,0.048674982
886,2021.02.02.0,3.10717,8.27639,17480.898,0.0415847
887,2021.02.03.0,1.8228607,5.5626373,17480.898,0.03922127
888,2021.02.02.0,27.875874,14.558197,17480.898,0.10776067
889,2021.02.03.0,29.251907,44.821312,17480.898,0.10539725
890,2021.02.01.0,3.10717,10.581627,17575.861,0.048674982
891,2021.02.02.0,3.10717,9.057739,17575.861,0.0415847
892,2021.02.03.0,1.8228607,5.904503,17575.861,0.03922127
893,2021.02.01.0,10.9047165,20.495506,17575.861,0.11485095
894,2021.02.02.0,25.12379,17.297722,17575.861,0.10776067
895,2021.02.03.0,26.499832,43.959633,17575.861,0.10539725
896,2021.02.01.0,2.6484833,8.562317,17670.822,0.048674982
897,2021.02.02.0,3.4741135,7.9231033,17670.822,0.0415847
898,2021.02.03.0,2.0980759,6.8357697,17670.822,0.03922127
899,2021.02.01.0,2.6484833,9.788277,17765.783,0.048674982
900,2021.02.02.0,2.6484833,7.373108,17765.783,0.0415847
901,2021.02.03.0,1.7311325,4.6836014,17765.783,0.03922127
902,2021.02.02.0,18.702278,17.116371,17765.783,0.10776067
903,2021.02.03.0,19.619637,27.111889,17765.783,0.10539725
904,2021.02.02.0,2.7402267,5.69458,17860.746,0.0415847
905,2021.02.03.0,1.5476608,4.3842697,17860.746,0.03922127
906,2021.02.03.0,20.536995,22.378845,17860.746,0.10539725
907,2021.02.01.0,2.6484833,9.293343,17955.707,0.048674982
908,2021.02.02.0,2.556755,6.8372116,17955.707,0.0415847
909,2021.02.03.0,1.2724533,4.027649,17955.707,0.03922127
910,2021.02.01.0,7.9691772,14.695854,17955.707,0.11485095
911,2021.02.02.0,15.491524,11.307121,17955.707,0.10776067
912,2021.02.03.0,13.19812,23.829807,17955.707,0.10539725
913,2021.02.03.0,1.3641815,3.2392502,18050.67,0.03922127
914,2021.02.03.0,13.656799,41.400467,18050.67,0.10539725
915,2021.02.01.0,2.00634,5.9861755,18145.63,0.048674982
916,2021.02.02.0,2.00634,5.4759293,18145.63,0.0415847
917,2021.02.03.0,1.7311325,3.1582413,18145.63,0.03922127
918,2021.02.03.0,14.574158,15.800133,18145.63,0.10539725
919,2021.02.017.0,2.6484833,4.8673477,9599.068,0.09830696
920,2021.02.018.0,2.00634,2.0855484,9599.068,0.06994583
921,2021.02.019.0,1.9145966,0.41799164,9599.068,0.0675824
922,2021.02.018.0,23.747757,33.75809,9978.915,0.28501773
923,2021.02.019.0,25.12379,30.699501,9978.915,0.28265432
924,2021.02.019.0,2.189804,1.2103577,10168.839,0.0675824
925,2021.02.019.0,28.334553,30.965096,10168.839,0.28265432
926,2021.02.017.0,3.10717,6.7464294,10358.763,0.09830696
927,2021.02.018.0,2.6484833,2.8908463,10358.763,0.06994583
928,2021.02.019.0,2.4650192,2.0459595,10358.763,0.0675824
929,2021.02.017.0,27.875874,43.50356,10358.763,0.3133789
930,2021.02.018.0,27.875874,35.11821,10358.763,0.28501773
931,2021.02.019.0,33.83871,31.95982,10358.763,0.28265432
932,2021.02.019.0,2.28154,2.4923172,10548.687,0.0675824
933,2021.02.019.0,2.4650192,2.4579086,10738.609,0.0675824
934,2021.02.018.0,2.9236984,3.6662216,10928.533,0.06994583
935,2021.02.019.0,2.831955,1.9221191,10928.533,0.0675824
936,2021.02.018.0,3.5658493,2.650055,11118.457,0.06994583
937,2021.02.019.0,3.0154343,5.314804,11118.457,0.0675824
938,2021.02.017.0,5.0336227,6.285446,11308.381,0.09830696
939,2021.02.018.0,3.2906342,3.58741,11308.381,0.06994583
940,2021.02.019.0,3.0154343,2.3903885,11308.381,0.0675824
941,2021.02.019.0,3.5658493,3.5753784,11498.305,0.0675824
942,2021.02.017.0,106.3101,115.00371,11498.305,0.52845085
943,2021.02.018.0,99.88858,91.814606,11498.305,0.5000897
944,2021.02.017.0,5.2170944,6.8029327,11688.229,0.09830696
945,2021.02.018.0,4.1162567,3.2548447,11688.229,0.06994583
946,2021.02.019.0,3.7493134,3.0070343,11688.229,0.0675824
947,2021.02.017.0,5.492302,8.235222,11878.151,0.09830696
948,2021.02.018.0,4.4832077,3.8153381,11878.151,0.06994583
949,2021.02.019.0,4.0245285,3.6967697,11878.151,0.0675824
950,2021.02.018.0,41.17758,55.024006,11878.151,0.28501773
951,2021.02.017.0,6.7766037,9.177689,12068.075,0.09830696
952,2021.02.018.0,4.4832077,4.666168,12068.075,0.06994583
953,2021.02.019.0,4.299736,3.3243103,12068.075,0.0675824
954,2021.02.017.0,5.950981,11.6241,12257.999,0.09830696
955,2021.02.018.0,4.6666794,4.952263,12257.999,0.06994583
956,2021.02.019.0,4.758415,4.2946014,12257.999,0.0675824
957,2021.02.017.0,56.77269,80.84547,12257.999,0.3133789
958,2021.02.018.0,50.351173,62.07843,12257.999,0.28501773
959,2021.02.018.0,4.850151,4.890274,12352.961,0.06994583
960,2021.02.019.0,4.758415,4.9183884,12352.961,0.0675824
961,2021.02.017.0,7.5104904,10.985466,12447.923,0.09830696
962,2021.02.018.0,5.1253586,5.0753326,12447.923,0.06994583
963,2021.02.019.0,4.941887,3.6174545,12447.923,0.0675824
964,2021.02.019.0,5.400566,5.2930374,12542.885,0.0675824
965,2021.02.018.0,5.6757812,6.095131,12637.846,0.06994583
966,2021.02.019.0,5.584038,4.9465637,12637.846,0.0675824
967,2021.02.017.0,8.6113205,11.555923,12732.808,0.09830696
968,2021.02.018.0,5.7675095,5.7555237,12732.808,0.06994583
969,2021.02.019.0,5.492302,4.766655,12732.808,0.0675824
970,2021.02.017.0,8.978264,14.958672,12827.77,0.09830696
971,2021.02.018.0,5.950981,7.5438385,12827.77,0.06994583
972,2021.02.019.0,5.950981,5.324196,12827.77,0.0675824
973,2021.02.018.0,6.3179245,6.530113,12922.731,0.06994583
974,2021.02.019.0,5.950981,5.4870453,12922.731,0.0675824
975,2021.02.017.0,10.9047165,16.338509,13017.693,0.09830696
976,2021.02.018.0,6.5931396,7.6645203,13017.693,0.06994583
977,2021.02.019.0,6.3179245,5.860634,13017.693,0.0675824
978,2021.02.017.0,10.9047165,14.615555,13112.655,0.09830696
979,2021.02.018.0,6.8683395,6.8950653,13112.655,0.06994583
980,2021.02.019.0,6.5931396,5.8455734,13112.655,0.0675824
981,2021.02.017.0,9.987366,18.888428,13207.617,0.09830696
982,2021.02.018.0,7.2352905,7.36483,13207.617,0.06994583
983,2021.02.019.0,7.143547,7.482361,13207.617,0.0675824
984,2021.02.017.0,101.7233,129.75899,13207.617,0.3133789
985,2021.02.018.0,86.12819,92.92448,13207.617,0.28501773
986,2021.02.019.0,106.3101,77.29425,13207.617,0.28265432
987,2021.02.017.0,11.363403,21.851944,13302.579,0.09830696
988,2021.02.018.0,7.693962,9.386223,13302.579,0.06994583
989,2021.02.019.0,7.602234,7.016594,13302.579,0.0675824
990,2021.02.017.0,9.987366,19.105522,13397.541,0.09830696
991,2021.02.018.0,8.060913,6.017174,13397.541,0.06994583
992,2021.02.019.0,7.602234,5.942993,13397.541,0.0675824
993,2021.02.017.0,12.739441,26.180843,13492.502,0.09830696
994,2021.02.018.0,8.6113205,9.690895,13492.502,0.06994583
995,2021.02.019.0,8.519592,4.9268036,13492.502,0.0675824
996,2021.02.017.0,10.9047165,25.434029,13587.465,0.09830696
997,2021.02.018.0,9.161743,7.210594,13587.465,0.06994583
998,2021.02.019.0,8.886536,6.4514694,13587.465,0.0675824
999,2021.02.019.0,38.884182,49.9781,13587.465,0.1526658
1000,2021.02.017.0,14.1154785,22.085266,13682.426,0.09830696
1001,2021.02.018.0,9.89563,7.1658707,13682.426,0.06994583
1002,2021.02.019.0,9.89563,4.999687,13682.426,0.0675824
1003,2021.02.017.0,44.38834,86.87225,13682.426,0.18102694
1004,2021.02.018.0,40.718903,53.309402,13682.426,0.1526658
1005,2021.02.019.0,47.5991,43.18116,13682.426,0.15030237
1006,2021.02.017.0,14.1154785,19.120934,13777.388,0.09830696
1007,2021.02.018.0,9.987366,0.7431946,13777.388,0.06994583
1008,2021.02.019.0,10.9047165,2.9812088,13777.388,0.0675824
1009,2021.02.019.0,48.516457,50.6407,13777.388,0.15030237
1010,2021.02.017.0,12.739441,25.551975,13872.35,0.09830696
1011,2021.02.018.0,12.280762,3.9832535,13872.35,0.06994583
1012,2021.02.019.0,10.9047165,6.7559967,13872.35,0.0675824
1013,2021.02.017.0,15.032837,30.001678,13967.312,0.09830696
1014,2021.02.018.0,11.8220825,6.062668,13967.312,0.06994583
1015,2021.02.019.0,12.280762,4.5073853,13967.312,0.0675824
1016,2021.02.017.0,17.32624,33.82107,14062.273,0.09830696
1017,2021.02.018.0,12.739441,6.294922,14062.273,0.06994583
1018,2021.02.019.0,13.19812,6.1643066,14062.273,0.0675824
1019,2021.02.017.0,16.867554,38.312008,14157.235,0.09830696
1020,2021.02.018.0,14.1154785,16.418198,14157.235,0.06994583
1021,2021.02.019.0,14.574158,16.057823,14157.235,0.0675824
1022,2021.02.017.0,20.536995,56.967358,14252.197,0.09830696
1023,2021.02.018.0,15.491524,20.128525,14252.197,0.06994583
1024,2021.02.019.0,16.408875,11.315453,14252.197,0.0675824
1025,2021.02.017.0,20.078316,47.438927,14347.158,0.09830696
1026,2021.02.018.0,17.32624,15.596817,14347.158,0.06994583
1027,2021.02.019.0,18.702278,14.160446,14347.158,0.0675824
1028,2021.02.019.0,217.31056,270.8478,14347.158,0.28265432
1029,2021.02.017.0,23.28907,59.54605,14442.121,0.09830696
1030,2021.02.018.0,19.619637,15.469559,14442.121,0.06994583
1031,2021.02.019.0,20.536995,10.353615,14442.121,0.0675824
1032,2021.02.017.0,26.499832,74.74039,14537.082,0.09830696
1033,2021.02.018.0,21.454361,29.860817,14537.082,0.06994583
1034,2021.02.019.0,23.28907,19.992844,14537.082,0.0675824
1035,2021.02.017.0,31.086628,78.49755,14632.044,0.09830696
1036,2021.02.018.0,24.665112,34.462,14632.044,0.06994583
1037,2021.02.019.0,26.958511,17.852188,14632.044,0.0675824
1038,2021.02.017.0,35.673428,81.56494,14727.006,0.09830696
1039,2021.02.018.0,27.875874,32.901672,14727.006,0.06994583
1040,2021.02.019.0,30.627949,25.459438,14727.006,0.0675824
1041,2021.02.017.0,38.425507,96.48219,14821.968,0.09830696
1042,2021.02.018.0,32.00399,42.811592,14821.968,0.06994583
1043,2021.02.019.0,35.21475,30.24736,14821.968,0.0675824
1044,2021.02.017.0,43.47098,105.63841,14916.93,0.09830696
1045,2021.02.018.0,36.132103,41.445778,14916.93,0.06994583
1046,2021.02.019.0,41.17758,20.397911,14916.93,0.0675824
1047,2021.02.017.0,47.5991,121.70805,15011.892,0.09830696
1048,2021.02.018.0,42.09494,59.318893,15011.892,0.06994583
1049,2021.02.019.0,46.68174,42.912613,15011.892,0.0675824
1050,2021.02.017.0,55.85533,139.58513,15106.854,0.09830696
1051,2021.02.018.0,47.5991,64.51506,15106.854,0.06994583
1052,2021.02.019.0,53.103252,33.25598,15106.854,0.0675824
1053,2021.02.019.0,342.07144,387.02832,15106.854,0.28265432
1054,2021.02.017.0,642.96533,443.77106,15106.854,0.52845085
1055,2021.02.018.0,624.61816,443.5157,15106.854,0.5000897
1056,2021.02.017.0,64.111565,149.54906,15201.815,0.09830696
1057,2021.02.018.0,57.69005,77.47429,15201.815,0.06994583
1058,2021.02.019.0,63.194206,55.271027,15201.815,0.0675824
1059,2021.02.017.0,72.3678,157.59134,15296.777,0.09830696
1060,2021.02.018.0,65.02892,79.980225,15296.777,0.06994583
1061,2021.02.019.0,73.28516,58.097824,15296.777,0.0675824
1062,2021.02.019.0,725.5277,443.99005,15296.777,0.49772623
1063,2021.02.017.0,85.21083,208.83356,15391.738,0.09830696
1064,2021.02.018.0,75.11988,107.470215,15391.738,0.06994583
1065,2021.02.019.0,84.29347,66.12891,15391.738,0.0675824
1066,2021.02.017.0,97.136505,209.02417,15486.7,0.09830696
1067,2021.02.018.0,86.12819,116.39584,15486.7,0.06994583
1068,2021.02.019.0,98.97122,79.79519,15486.7,0.0675824
1069,2021.02.017.0,110.8969,234.59932,15581.662,0.09830696
1070,2021.02.018.0,97.136505,134.30515,15581.662,0.06994583
1071,2021.02.019.0,112.73161,91.654335,15581.662,0.0675824
1072,2021.02.017.0,127.40936,270.84973,15676.624,0.09830696
1073,2021.02.018.0,131.0788,154.92868,15676.624,0.06994583
1074,2021.02.019.0,124.65729,119.50385,15676.624,0.0675824
1075,2021.02.018.0,263.17853,372.97754,15676.624,0.1526658
1076,2021.02.019.0,285.1952,291.92584,15676.624,0.15030237
1077,2021.02.017.0,143.92183,311.90796,15771.586,0.09830696
1078,2021.02.018.0,131.0788,215.25072,15771.586,0.06994583
1079,2021.02.019.0,149.426,153.5776,15771.586,0.0675824
1080,2021.02.017.0,167.77318,317.64377,15866.548,0.09830696
1081,2021.02.018.0,150.34335,212.75168,15866.548,0.06994583
1082,2021.02.019.0,170.52525,155.98079,15866.548,0.0675824
1083,2021.02.017.0,191.62451,288.8792,15961.51,0.09830696
1084,2021.02.018.0,174.1947,226.0972,15961.51,0.06994583
1085,2021.02.019.0,194.37659,192.86343,15961.51,0.0675824
1086,2021.02.017.0,220.98001,266.16476,16056.472,0.09830696
1087,2021.02.018.0,199.88077,226.67796,16056.472,0.06994583
1088,2021.02.019.0,221.89737,198.51385,16056.472,0.0675824
1089,2021.02.019.0,448.4851,384.96484,16056.472,0.15030237
1090,2021.02.019.0,633.7918,438.7373,16056.472,0.28265432
1091,2021.02.017.0,251.25287,227.924,16151.434,0.09830696
1092,2021.02.018.0,230.15361,244.72498,16151.434,0.06994583
1093,2021.02.019.0,252.17023,219.50446,16151.434,0.0675824
1094,2021.02.017.0,285.1952,197.114,16246.3955,0.09830696
1095,2021.02.018.0,255.83968,254.02829,16246.3955,0.06994583
1096,2021.02.019.0,287.02988,247.81323,16246.3955,0.0675824
1097,2021.02.018.0,707.18054,435.15717,16246.3955,0.28501773
1098,2021.02.019.0,587.9238,437.7433,16246.3955,0.28265432
1099,2021.02.017.0,321.88953,170.0627,16341.356,0.09830696
1100,2021.02.018.0,297.12085,265.0285,16341.356,0.06994583
1101,2021.02.019.0,326.47635,246.51544,16341.356,0.0675824
1102,2021.02.017.0,306.29443,141.48792,16436.318,0.09830696
1103,2021.02.018.0,326.47635,247.20248,16436.318,0.06994583
1104,2021.02.019.0,289.78198,266.0774,16436.318,0.0675824
1105,2021.02.017.0,560.403,396.4997,16436.318,0.3133789
1106,2021.02.018.0,587.9238,418.93628,16436.318,0.28501773
1107,2021.02.019.0,564.9898,428.90686,16436.318,0.28265432
1108,2021.02.017.0,259.5091,116.37705,16531.281,0.09830696
1109,2021.02.018.0,275.10422,222.01198,16531.281,0.06994583
1110,2021.02.019.0,248.5008,236.87993,16531.281,0.0675824
1111,2021.02.017.0,221.89737,90.18023,16626.242,0.09830696
1112,2021.02.018.0,233.82304,204.947,16626.242,0.06994583
1113,2021.02.019.0,206.30226,210.358,16626.242,0.0675824
1114,2021.02.018.0,528.2954,384.9143,16626.242,0.28501773
1115,2021.02.019.0,482.42743,413.42157,16626.242,0.28265432
1116,2021.02.017.0,188.87244,74.28378,16721.205,0.09830696
1117,2021.02.018.0,198.04602,179.76859,16721.205,0.06994583
1118,2021.02.019.0,174.1947,177.25809,16721.205,0.0675824
1119,2021.02.017.0,156.76486,65.44984,16816.166,0.09830696
1120,2021.02.018.0,165.93845,152.64429,16816.166,0.06994583
1121,2021.02.019.0,144.83919,130.8989,16816.166,0.0675824
1122,2021.02.017.0,131.99615,51.591232,16911.127,0.09830696
1123,2021.02.018.0,138.41768,139.87222,16911.127,0.06994583
1124,2021.02.019.0,119.15312,122.95947,16911.127,0.0675824
1125,2021.02.017.0,107.227455,34.617085,17006.09,0.09830696
1126,2021.02.018.0,112.73161,111.50041,17006.09,0.06994583
1127,2021.02.019.0,96.21915,87.38031,17006.09,0.0675824
1128,2021.02.017.0,349.41034,294.34875,17006.09,0.3133789
1129,2021.02.018.0,367.7575,367.16046,17006.09,0.28501773
1130,2021.02.019.0,312.71594,401.30267,17006.09,0.28265432
1131,2021.02.017.0,87.96291,33.204334,17101.05,0.09830696
1132,2021.02.018.0,92.549706,105.80762,17101.05,0.06994583
1133,2021.02.019.0,77.871956,82.51844,17101.05,0.0675824
1134,2021.02.017.0,70.53308,31.283138,17196.014,0.09830696
1135,2021.02.018.0,71.45044,78.31774,17196.014,0.06994583
1136,2021.02.019.0,63.194206,54.903015,17196.014,0.0675824
1137,2021.02.017.0,55.85533,20.927559,17290.975,0.09830696
1138,2021.02.018.0,59.52477,65.61622,17290.975,0.06994583
1139,2021.02.019.0,48.516457,48.485935,17290.975,0.0675824
1140,2021.02.017.0,44.84702,18.716484,17385.938,0.09830696
1141,2021.02.018.0,47.5991,53.01408,17385.938,0.06994583
1142,2021.02.019.0,37.966824,40.59093,17385.938,0.0675824
1143,2021.02.017.0,37.508144,16.542892,17480.898,0.09830696
1144,2021.02.018.0,36.590786,42.62208,17480.898,0.06994583
1145,2021.02.019.0,29.710594,27.368252,17480.898,0.0675824
1146,2021.02.017.0,29.251907,15.827644,17575.861,0.09830696
1147,2021.02.018.0,29.251907,29.380623,17575.861,0.06994583
1148,2021.02.019.0,22.830395,24.61517,17575.861,0.0675824
1149,2021.02.018.0,17.32624,9.444183,17765.783,0.06994583
1150,2021.02.019.0,14.1154785,6.252632,17765.783,0.0675824
1151,2021.02.019.0,11.363403,8.530037,17860.746,0.0675824
1152,2021.02.017.0,11.363403,10.748184,17955.707,0.09830696
1153,2021.02.018.0,10.9047165,8.51712,17955.707,0.06994583
1154,2021.02.019.0,8.886536,6.4916153,17955.707,0.0675824
1155,2021.02.019.0,44.84702,59.776024,17955.707,0.15030237
1156,2021.02.018.0,152.17807,118.45398,17955.707,0.28501773
1157,2021.02.019.0,133.83087,142.20625,17955.707,0.28265432
1158,2021.02.018.0,8.886536,9.820061,18050.67,0.06994583
1159,2021.02.019.0,7.143547,6.013939,18050.67,0.0675824
1160,2021.02.018.0,7.4187546,6.490341,18145.63,0.06994583
1161,2021.02.019.0,5.0336227,5.3119965,18145.63,0.0675824
1162,2021.02.018.0,6.3179245,5.7343063,18240.594,0.06994583
1163,2021.02.019.0,4.208,2.3222198,18240.594,0.0675824
1164,2021.02.019.0,3.8410568,0.09806061,18430.518,0.0675824
1165,2021.02.019.0,3.3823776,-0.3567505,18525.479,0.0675824
1166,2021.02.024.0,2.189804,-1.6330338,9599.068,0.05576526
1167,2021.02.025.0,1.3641815,0.7757797,9599.068,0.053401835
1168,2021.02.026.0,2.00634,-2.5553513,9599.068,0.051038407
1169,2021.02.024.0,26.958511,24.343765,9978.915,0.27083716
1170,2021.02.025.0,21.454361,27.329945,9978.915,0.26847374
1171,2021.02.026.0,27.417187,25.200195,9978.915,0.26611033
1172,2021.02.026.0,2.28154,2.3779144,10168.839,0.053401835
1173,2021.02.026.0,1.8228607,-0.33070374,10358.763,0.051038407
1174,2021.02.024.0,29.251907,28.400322,10358.763,0.27083716
1175,2021.02.025.0,28.793228,29.181751,10358.763,0.26847374
1176,2021.02.026.0,31.086628,29.676674,10358.763,0.26611033
1177,2021.02.024.0,3.3823776,1.6584473,10928.533,0.05576526
1178,2021.02.025.0,2.189804,4.2010193,10928.533,0.053401835
1179,2021.02.026.0,3.198906,0.990448,10928.533,0.051038407
1180,2021.02.026.0,3.6575851,1.9352188,11118.457,0.051038407
1181,2021.02.024.0,3.6575851,1.9918442,11308.381,0.05576526
1182,2021.02.025.0,2.4650192,4.023926,11308.381,0.053401835
1183,2021.02.026.0,3.8410568,1.1275253,11308.381,0.051038407
1184,2021.02.026.0,3.8410568,1.3765488,11498.305,0.051038407
1185,2021.02.025.0,104.47538,77.29879,11498.305,0.4835457
1186,2021.02.026.0,131.0788,80.90798,11498.305,0.48118225
1187,2021.02.024.0,3.9327927,2.2305756,11688.229,0.05576526
1188,2021.02.026.0,4.1162567,4.5758743,11688.229,0.053401835
1189,2021.02.026.0,4.4832077,4.250244,11878.151,0.053401835
1190,2021.02.024.0,4.5749435,3.1913528,12068.075,0.05576526
1191,2021.02.025.0,2.00634,5.033577,12068.075,0.053401835
1192,2021.02.026.0,4.6666794,0.19164276,12068.075,0.051038407
1193,2021.02.024.0,4.5749435,3.4600296,12257.999,0.05576526
1194,2021.02.025.0,2.6484833,4.715126,12257.999,0.053401835
1195,2021.02.026.0,4.941887,1.0705719,12257.999,0.051038407
1196,2021.02.025.0,55.85533,56.610878,12257.999,0.26847374
1197,2021.02.026.0,72.3678,52.75612,12257.999,0.26611033
1198,2021.02.024.0,4.758415,3.4498825,12352.961,0.05576526
1199,2021.02.025.0,3.6575851,4.9967346,12352.961,0.053401835
1200,2021.02.026.0,5.2170944,2.5018692,12352.961,0.051038407
1201,2021.02.024.0,4.941887,4.3311615,12447.923,0.05576526
1202,2021.02.025.0,3.2906342,4.377159,12447.923,0.053401835
1203,2021.02.026.0,5.308838,1.5904999,12447.923,0.051038407
1204,2021.02.026.0,5.400566,2.595543,12542.885,0.051038407
1205,2021.02.024.0,5.584038,3.8046646,12637.846,0.05576526
1206,2021.02.025.0,3.9327927,5.6735306,12637.846,0.053401835
1207,2021.02.026.0,5.7675095,2.4018707,12637.846,0.051038407
1208,2021.02.024.0,5.492302,4.323784,12732.808,0.05576526
1209,2021.02.025.0,3.198906,5.5952225,12732.808,0.053401835
1210,2021.02.026.0,5.950981,1.5151367,12732.808,0.051038407
1211,2021.02.024.0,5.7675095,3.3248749,12827.77,0.05576526
1212,2021.02.025.0,3.8410568,5.8902206,12827.77,0.053401835
1213,2021.02.026.0,6.0427094,2.358879,12827.77,0.051038407
1214,2021.02.024.0,6.1344604,3.525261,12922.731,0.05576526
1215,2021.02.025.0,4.6666794,5.466896,12922.731,0.053401835
1216,2021.02.026.0,6.7766037,2.7949524,12922.731,0.051038407
1217,2021.02.024.0,6.0427094,3.3524017,13017.693,0.05576526
1218,2021.02.025.0,4.208,5.628586,13017.693,0.053401835
1219,2021.02.026.0,7.693962,2.322525,13017.693,0.051038407
1220,2021.02.025.0,20.536995,27.616116,13017.693,0.1361218
1221,2021.02.026.0,33.83871,22.601097,13017.693,0.13375838
1222,2021.02.024.0,6.684868,3.3447342,13112.655,0.05576526
1223,2021.02.025.0,4.850151,7.168663,13112.655,0.053401835
1224,2021.02.026.0,8.060913,3.7082367,13112.655,0.051038407
1225,2021.02.024.0,6.684868,5.198784,13207.617,0.05576526
1226,2021.02.025.0,4.299736,6.33506,13207.617,0.053401835
1227,2021.02.026.0,8.519592,2.285057,13207.617,0.051038407
1228,2021.02.025.0,25.582474,24.87836,13207.617,0.1361218
1229,2021.02.026.0,35.673428,22.025993,13207.617,0.13375838
1230,2021.02.024.0,97.136505,85.334496,13207.617,0.27083716
1231,2021.02.025.0,92.549706,87.18394,13207.617,0.26847374
1232,2021.02.026.0,132.91351,83.43762,13207.617,0.26611033
1233,2021.02.024.0,7.5104904,3.6456375,13302.579,0.05576526
1234,2021.02.025.0,4.941887,5.896324,13302.579,0.053401835
1235,2021.02.026.0,8.886536,2.2947083,13302.579,0.051038407
1236,2021.02.024.0,32.46267,28.581184,13302.579,0.13848522
1237,2021.02.025.0,27.875874,33.505096,13302.579,0.1361218
1238,2021.02.026.0,45.3057,24.146862,13302.579,0.13375838
1239,2021.02.024.0,8.152641,4.0038376,13397.541,0.05576526
1240,2021.02.025.0,5.1253586,7.4641724,13397.541,0.053401835
1241,2021.02.026.0,9.987366,2.697937,13397.541,0.051038407
1242,2021.02.024.0,8.427856,1.3709412,13492.502,0.05576526
1243,2021.02.025.0,4.4832077,10.225937,13492.502,0.053401835
1244,2021.02.026.0,10.9047165,3.0008698,13492.502,0.051038407
1245,2021.02.025.0,32.921345,29.954014,13492.502,0.1361218
1246,2021.02.026.0,54.937973,27.704842,13492.502,0.13375838
1247,2021.02.024.0,8.6113205,4.433365,13587.465,0.05576526
1248,2021.02.025.0,5.6757812,7.8105164,13587.465,0.053401835
1249,2021.02.026.0,11.8220825,2.9144592,13587.465,0.051038407
1250,2021.02.025.0,36.132103,29.432808,13587.465,0.1361218
1251,2021.02.026.0,56.77269,30.980835,13587.465,0.13375838
1252,2021.02.024.0,8.978264,4.697052,13682.426,0.05576526
1253,2021.02.025.0,5.8592453,7.779251,13682.426,0.053401835
1254,2021.02.026.0,12.739441,3.4280548,13682.426,0.051038407
1255,2021.02.024.0,48.516457,33.67133,13682.426,0.13848522
1256,2021.02.025.0,34.756065,48.516636,13682.426,0.1361218
1257,2021.02.026.0,61.35949,35.505024,13682.426,0.13375838
1258,2021.02.024.0,9.712151,5.4057083,13777.388,0.05576526
1259,2021.02.025.0,7.3270187,8.9772415,13777.388,0.053401835
1260,2021.02.026.0,15.032837,4.1942444,13777.388,0.051038407
1261,2021.02.025.0,42.09494,47.81944,13777.388,0.1361218
1262,2021.02.026.0,67.781006,34.34576,13777.388,0.13375838
1263,2021.02.024.0,10.9047165,5.2566833,13872.35,0.05576526
1264,2021.02.025.0,6.4096603,8.734642,13872.35,0.053401835
1265,2021.02.026.0,15.950203,3.5958939,13872.35,0.051038407
1266,2021.02.024.0,12.739441,4.871681,13967.312,0.05576526
1267,2021.02.025.0,7.785698,13.557335,13967.312,0.053401835
1268,2021.02.026.0,18.243599,6.0545807,13967.312,0.051038407
1269,2021.02.025.0,44.38834,56.950745,13967.312,0.1361218
1270,2021.02.026.0,85.21083,38.03981,13967.312,0.13375838
1271,2021.02.024.0,14.1154785,8.001472,14062.273,0.05576526
1272,2021.02.025.0,7.3270187,10.463608,14062.273,0.053401835
1273,2021.02.026.0,20.536995,3.6279678,14062.273,0.051038407
1274,2021.02.025.0,49.433815,58.705498,14062.273,0.1361218
1275,2021.02.026.0,94.38442,38.63291,14062.273,0.13375838
1276,2021.02.024.0,15.950203,6.5290604,14157.235,0.05576526
1277,2021.02.025.0,7.693962,16.856339,14157.235,0.053401835
1278,2021.02.026.0,24.206432,6.815132,14157.235,0.051038407
1279,2021.02.025.0,54.937973,73.62751,14157.235,0.1361218
1280,2021.02.026.0,103.55802,48.995346,14157.235,0.13375838
1281,2021.02.025.0,175.11205,151.5005,14157.235,0.26847374
1282,2021.02.026.0,257.67438,143.5402,14157.235,0.26611033
1283,2021.02.024.0,17.78492,2.5235825,14252.197,0.05576526
1284,2021.02.025.0,8.978264,14.898895,14252.197,0.053401835
1285,2021.02.026.0,26.499832,3.8914413,14252.197,0.051038407
1286,2021.02.024.0,19.160957,8.854149,14347.158,0.05576526
1287,2021.02.025.0,9.987366,17.331932,14347.158,0.053401835
1288,2021.02.026.0,31.086628,5.611168,14347.158,0.051038407
1289,2021.02.024.0,87.96291,64.7407,14347.158,0.13848522
1290,2021.02.025.0,66.86365,74.24457,14347.158,0.1361218
1291,2021.02.026.0,131.0788,56.214302,14347.158,0.13375838
1292,2021.02.024.0,22.830395,9.215736,14442.121,0.05576526
1293,2021.02.025.0,10.9047165,16.241966,14442.121,0.053401835
1294,2021.02.026.0,33.83871,3.2359238,14442.121,0.051038407
1295,2021.02.026.0,138.41768,62.534615,14442.121,0.13375838
1296,2021.02.024.0,26.499832,3.9335861,14537.082,0.05576526
1297,2021.02.025.0,11.8220825,22.856373,14537.082,0.053401835
1298,2021.02.026.0,40.26022,8.218918,14537.082,0.051038407
1299,2021.02.024.0,30.627949,6.8394623,14632.044,0.05576526
1300,2021.02.025.0,13.19812,34.29825,14632.044,0.053401835
1301,2021.02.026.0,46.68174,12.729485,14632.044,0.051038407
1302,2021.02.026.0,165.93845,68.6592,14632.044,0.13375838
1303,2021.02.024.0,33.83871,11.071762,14727.006,0.05576526
1304,2021.02.025.0,16.867554,28.150959,14727.006,0.053401835
1305,2021.02.026.0,54.020615,8.522682,14727.006,0.051038407
1306,2021.02.026.0,177.86414,84.57035,14727.006,0.13375838
1307,2021.02.024.0,39.342865,17.681862,14821.968,0.05576526
1308,2021.02.025.0,19.160957,39.329082,14821.968,0.053401835
1309,2021.02.026.0,61.35949,17.488335,14821.968,0.051038407
1310,2021.02.024.0,46.223057,13.461357,14916.93,0.05576526
1311,2021.02.025.0,22.371712,51.269695,14916.93,0.053401835
1312,2021.02.026.0,70.53308,21.731903,14916.93,0.051038407
1313,2021.02.024.0,54.020615,17.647644,15011.892,0.05576526
1314,2021.02.025.0,26.041153,58.477642,15011.892,0.053401835
1315,2021.02.026.0,84.29347,18.982231,15011.892,0.051038407
1316,2021.02.024.0,64.111565,17.268776,15106.854,0.05576526
1317,2021.02.025.0,30.627949,59.986412,15106.854,0.053401835
1318,2021.02.026.0,94.38442,27.307365,15106.854,0.051038407
1319,2021.02.025.0,149.426,161.41989,15106.854,0.1361218
1320,2021.02.026.0,254.00494,133.75159,15106.854,0.13375838
1321,2021.02.025.0,335.64996,316.2639,15106.854,0.26847374
1322,2021.02.026.0,456.74133,311.62833,15106.854,0.26611033
1323,2021.02.025.0,675.07294,442.7699,15106.854,0.4835457
1324,2021.02.026.0,835.61084,442.0177,15106.854,0.48118225
1325,2021.02.024.0,74.20252,28.372433,15201.815,0.05576526
1326,2021.02.025.0,38.425507,79.73809,15201.815,0.053401835
1327,2021.02.026.0,110.8969,32.294205,15201.815,0.051038407
1328,2021.02.025.0,165.93845,183.70102,15201.815,0.1361218
1329,2021.02.026.0,277.8563,145.74004,15201.815,0.13375838
1330,2021.02.024.0,86.12819,40.574112,15296.777,0.05576526
1331,2021.02.025.0,45.764378,93.708786,15296.777,0.053401835
1332,2021.02.026.0,126.492004,40.62505,15296.777,0.051038407
1333,2021.02.024.0,99.88858,32.870102,15391.738,0.05576526
1334,2021.02.025.0,54.937973,99.13573,15391.738,0.053401835
1335,2021.02.026.0,147.59128,58.8226,15391.738,0.051038407
1336,2021.02.025.0,198.04602,220.11755,15391.738,0.1361218
1337,2021.02.026.0,333.8152,190.05539,15391.738,0.13375838
1338,2021.02.024.0,114.56633,49.795803,15486.7,0.05576526
1339,2021.02.025.0,64.111565,112.99658,15486.7,0.053401835
1340,2021.02.026.0,164.10373,71.17431,15486.7,0.051038407
1341,2021.02.025.0,220.06265,251.58194,15486.7,0.1361218
1342,2021.02.026.0,357.66656,221.53027,15486.7,0.13375838
1343,2021.02.024.0,131.99615,61.625298,15581.662,0.05576526
1344,2021.02.025.0,76.03724,124.88349,15581.662,0.053401835
1345,2021.02.026.0,188.87244,77.82767,15581.662,0.051038407
1346,2021.02.025.0,240.24455,250.73357,15581.662,0.1361218
1347,2021.02.026.0,388.85675,238.4188,15581.662,0.13375838
1348,2021.02.024.0,152.17807,67.08762,15676.624,0.05576526
1349,2021.02.025.0,90.71499,134.48026,15676.624,0.053401835
1350,2021.02.026.0,217.31056,94.43825,15676.624,0.051038407
1351,2021.02.024.0,331.06314,254.10382,15676.624,0.13848522
1352,2021.02.025.0,265.01324,297.84964,15676.624,0.1361218
1353,2021.02.026.0,423.71643,275.59103,15676.624,0.13375838
1354,2021.02.024.0,174.1947,105.150894,15771.586,0.05576526
1355,2021.02.025.0,107.227455,164.78836,15771.586,0.053401835
1356,2021.02.026.0,243.914,113.49622,15771.586,0.051038407
1357,2021.02.025.0,288.86462,311.3285,15771.586,0.1361218
1358,2021.02.026.0,477.84064,276.16785,15771.586,0.13375838
1359,2021.02.024.0,198.04602,123.058304,15866.548,0.05576526
1360,2021.02.025.0,120.98785,184.71198,15866.548,0.053401835
1361,2021.02.026.0,276.02158,122.79592,15866.548,0.051038407
1362,2021.02.025.0,312.71594,331.3499,15866.548,0.1361218
1363,2021.02.026.0,505.3614,306.93195,15866.548,0.13375838
1364,2021.02.024.0,225.5668,152.3291,15961.51,0.05576526
1365,2021.02.025.0,142.08711,207.91461,15961.51,0.053401835
1366,2021.02.026.0,313.6333,142.773,15961.51,0.051038407
1367,2021.02.024.0,255.83968,156.18477,16056.472,0.05576526
1368,2021.02.025.0,165.93845,212.01703,16056.472,0.053401835
1369,2021.02.026.0,294.36877,164.56134,16056.472,0.051038407
1370,2021.02.024.0,473.25385,335.98322,16056.472,0.13848522
1371,2021.02.025.0,376.9311,358.52856,16056.472,0.1361218
1372,2021.02.026.0,455.82397,343.21033,16056.472,0.13375838
1373,2021.02.024.0,288.86462,177.9421,16151.434,0.05576526
1374,2021.02.025.0,195.29396,221.20204,16151.434,0.053401835
1375,2021.02.026.0,247.58344,190.91583,16151.434,0.051038407
1376,2021.02.025.0,420.96436,375.14178,16151.434,0.1361218
1377,2021.02.026.0,427.38586,365.7293,16151.434,0.13375838
1378,2021.02.024.0,312.71594,217.8666,16246.3955,0.05576526
1379,2021.02.025.0,224.64944,264.6234,16246.3955,0.053401835
1380,2021.02.026.0,205.38492,221.82874,16246.3955,0.051038407
1381,2021.02.025.0,468.66705,387.82782,16246.3955,0.1361218
1382,2021.02.026.0,351.24506,387.0669,16246.3955,0.13375838
1383,2021.02.026.0,546.6426,438.52295,16246.3955,0.26611033
1384,2021.02.024.0,265.01324,224.32408,16341.356,0.05576526
1385,2021.02.025.0,261.3438,227.94278,16341.356,0.053401835
1386,2021.02.026.0,167.77318,232.30656,16341.356,0.051038407
1387,2021.02.025.0,514.53503,382.25903,16341.356,0.1361218
1388,2021.02.026.0,310.88123,391.5514,16341.356,0.13375838
1389,2021.02.024.0,220.98001,241.35547,16436.318,0.05576526
1390,2021.02.025.0,287.02988,191.97263,16436.318,0.053401835
1391,2021.02.026.0,134.74823,220.32794,16436.318,0.051038407
1392,2021.02.024.0,358.58392,404.252,16436.318,0.13848522
1393,2021.02.025.0,404.4519,379.9344,16436.318,0.1361218
1394,2021.02.026.0,281.52573,369.53113,16436.318,0.13375838
1395,2021.02.024.0,185.203,233.39099,16531.281,0.05576526
1396,2021.02.025.0,241.16191,177.7916,16531.281,0.053401835
1397,2021.02.026.0,108.14481,190.96866,16531.281,0.051038407
1398,2021.02.024.0,152.17807,209.87764,16626.242,0.05576526
1399,2021.02.025.0,199.88077,148.71199,16626.242,0.053401835
1400,2021.02.026.0,86.12819,167.27509,16626.242,0.051038407
1401,2021.02.024.0,122.82257,181.61162,16721.205,0.05576526
1402,2021.02.025.0,162.26901,124.43822,16721.205,0.053401835
1403,2021.02.026.0,37.508144,146.94205,16721.205,0.051038407
1404,2021.02.025.0,272.35214,290.44586,16721.205,0.1361218
1405,2021.02.026.0,186.12036,276.81744,16721.205,0.13375838
1406,2021.02.024.0,98.05386,150.77322,16816.166,0.05576526
1407,2021.02.025.0,131.99615,91.67543,16816.166,0.053401835
1408,2021.02.026.0,50.351173,109.64676,16816.166,0.051038407
1409,2021.02.025.0,283.36047,256.39734,16816.166,0.1361218
1410,2021.02.026.0,170.52525,279.71155,16816.166,0.13375838
1411,2021.02.026.0,312.71594,408.7469,16816.166,0.26611033
1412,2021.02.024.0,75.11988,134.8038,16911.127,0.05576526
1413,2021.02.025.0,105.39274,78.87017,16911.127,0.053401835
1414,2021.02.026.0,40.26022,106.33788,16911.127,0.051038407
1415,2021.02.024.0,59.52477,90.71693,17006.09,0.05576526
1416,2021.02.025.0,82.458755,54.9244,17006.09,0.053401835
1417,2021.02.026.0,30.627949,72.4411,17006.09,0.051038407
1418,2021.02.025.0,207.21962,189.21306,17006.09,0.1361218
1419,2021.02.026.0,126.492004,199.02953,17006.09,0.13375838
1420,2021.02.024.0,321.88953,393.52795,17006.09,0.27083716
1421,2021.02.025.0,355.83185,366.76074,17006.09,0.26847374
1422,2021.02.026.0,241.16191,355.9638,17006.09,0.26611033
1423,2021.02.024.0,46.68174,79.45486,17101.05,0.05576526
1424,2021.02.025.0,61.35949,39.51749,17101.05,0.053401835
1425,2021.02.026.0,23.747757,53.79369,17101.05,0.051038407
1426,2021.02.024.0,35.673428,59.988937,17196.014,0.05576526
1427,2021.02.025.0,46.68174,35.20374,17196.014,0.053401835
1428,2021.02.026.0,18.243599,42.042667,17196.014,0.051038407
1429,2021.02.024.0,26.958511,51.18705,17290.975,0.05576526
1430,2021.02.025.0,36.132103,26.068748,17290.975,0.053401835
1431,2021.02.026.0,14.1154785,32.76017,17290.975,0.051038407
1432,2021.02.026.0,78.789314,141.08751,17290.975,0.13375838
1433,2021.02.024.0,20.536995,37.371635,17385.938,0.05576526
1434,2021.02.025.0,27.417187,20.328156,17385.938,0.053401835
1435,2021.02.026.0,11.8220825,29.025799,17385.938,0.051038407
1436,2021.02.026.0,71.45044,115.806526,17385.938,0.13375838
1437,2021.02.024.0,15.950203,25.85376,17480.898,0.05576526
1438,2021.02.025.0,20.078316,14.702019,17480.898,0.053401835
1439,2021.02.026.0,9.712151,19.579323,17480.898,0.051038407
1440,2021.02.024.0,12.280762,20.463272,17575.861,0.05576526
1441,2021.02.025.0,15.491524,11.663002,17575.861,0.053401835
1442,2021.02.026.0,7.785698,17.249405,17575.861,0.051038407
1443,2021.02.025.0,12.280762,10.30452,17670.822,0.053401835
1444,2021.02.026.0,6.684868,11.137596,17670.822,0.051038407
1445,2021.02.026.0,43.92966,60.207985,17670.822,0.13375838
1446,2021.02.024.0,8.152641,11.535133,17765.783,0.05576526
1447,2021.02.025.0,9.436951,7.2647552,17765.783,0.053401835
1448,2021.02.026.0,5.400566,9.585449,17765.783,0.051038407
1449,2021.02.025.0,61.35949,54.104263,17765.783,0.1361218
1450,2021.02.026.0,36.590786,58.855106,17765.783,0.13375838
1451,2021.02.024.0,6.8683395,9.590027,17860.746,0.05576526
1452,2021.02.025.0,6.2261887,5.935669,17860.746,0.053401835
1453,2021.02.026.0,4.850151,5.655937,17860.746,0.051038407
1454,2021.02.024.0,5.492302,6.6338043,17955.707,0.05576526
1455,2021.02.025.0,6.4096603,4.44928,17955.707,0.053401835
1456,2021.02.026.0,4.299736,6.588257,17955.707,0.051038407
1457,2021.02.025.0,46.68174,30.921577,17955.707,0.1361218
1458,2021.02.026.0,27.417187,37.293053,17955.707,0.13375838
1459,2021.02.026.0,93.467064,120.75038,17955.707,0.26847374
1460,2021.02.024.0,4.941887,5.3668213,18050.67,0.05576526
1461,2021.02.025.0,4.941887,3.0214233,18050.67,0.053401835
1462,2021.02.026.0,3.9327927,3.3022842,18050.67,0.051038407
1463,2021.02.024.0,4.391472,3.9573288,18145.63,0.05576526
1464,2021.02.025.0,5.6757812,3.0631485,18145.63,0.053401835
1465,2021.02.026.0,3.8410568,4.651146,18145.63,0.051038407
1466,2021.02.024.0,4.0245285,2.2550888,18240.594,0.05576526
1467,2021.02.025.0,3.7493134,0.91313934,18240.594,0.053401835
1468,2021.02.026.0,3.10717,0.7272568,18240.594,0.051038407
1469,2021.02.025.0,3.3823776,0.8012314,18335.555,0.053401835
1470,2021.02.026.0,2.831955,0.446846,18335.555,0.051038407
1471,2021.02.024.0,3.198906,-1.0698624,18430.518,0.05576526
1472,2021.02.025.0,3.4741135,0.23628235,18430.518,0.053401835
1473,2021.02.026.0,2.556755,0.07170868,18430.518,0.051038407
1474,2021.02.026.0,19.160957,19.805672,18430.518,0.13375838
1475,2021.02.024.0,2.9236984,-0.15205383,18525.479,0.05576526
1476,2021.02.025.0,3.0154343,-0.14976501,18525.479,0.053401835
1477,2021.02.026.0,2.3732834,-0.70046234,18525.479,0.051038407
1478,2021.03.04.0,0.99723816,-1.8811111,9599.068,0.03685784
1479,2021.03.05.0,1.3641815,-3.1506805,9599.068,0.034494415
1480,2021.03.08.0,1.1807175,3.936264,9599.068,0.032130986
1481,2021.03.04.0,28.334553,24.58659,9978.915,0.25192976
1482,2021.03.05.0,30.16927,31.033749,9978.915,0.24956635
1483,2021.03.08.0,29.251907,31.954033,9978.915,0.2472029
1484,2021.03.04.0,23.28907,30.968563,10358.763,0.25192976
1485,2021.03.05.0,33.380024,30.616596,10358.763,0.24956635
1486,2021.03.08.0,35.673428,35.851788,10358.763,0.2472029
1487,2021.03.04.0,2.6484833,1.5196915,11308.381,0.03685784
1488,2021.03.05.0,1.8228607,9.159279,11308.381,0.034494415
1489,2021.03.08.0,1.2724533,5.197296,11308.381,0.032130986
1490,2021.03.05.0,132.91351,101.65956,11498.305,0.46463823
1491,2021.03.08.0,136.58295,105.91989,11498.305,0.46227482
1492,2021.03.08.0,1.4559174,4.720619,11688.229,0.032130986
1493,2021.03.05.0,2.00634,4.8249054,12068.075,0.03685784
1494,2021.03.08.0,1.7311325,5.3486023,12068.075,0.032130986
1495,2021.03.04.0,2.0980759,2.8980408,12257.999,0.03685784
1496,2021.03.05.0,2.28154,5.049721,12257.999,0.034494415
1497,2021.03.08.0,1.5476608,5.036537,12257.999,0.032130986
1498,2021.03.05.0,83.376114,49.441532,12257.999,0.24956635
1499,2021.03.08.0,74.20252,56.0511,12257.999,0.2472029
1500,2021.03.05.0,2.6484833,1.5595169,12352.961,0.03685784
1501,2021.03.08.0,2.189804,6.3978653,12352.961,0.032130986
1502,2021.03.04.0,1.6393967,2.3540955,12447.923,0.03685784
1503,2021.03.05.0,2.7402267,1.0417938,12447.923,0.034494415
1504,2021.03.08.0,2.189804,8.945305,12447.923,0.032130986
1505,2021.03.04.0,2.189804,2.2018585,12637.846,0.03685784
1506,2021.03.08.0,1.7311325,1.7626572,12637.846,0.034494415
1507,2021.03.04.0,3.6575851,4.052017,12732.808,0.03685784
1508,2021.03.05.0,2.0980759,10.09169,12732.808,0.034494415
1509,2021.03.08.0,1.8228607,4.626648,12732.808,0.032130986
1510,2021.03.08.0,1.8228607,2.5098495,12827.77,0.03685784
1511,2021.03.04.0,4.208,3.5511703,12922.731,0.03685784
1512,2021.03.08.0,1.8228607,7.1060257,12922.731,0.034494415
1513,2021.03.04.0,1.9145966,3.5134277,13017.693,0.03685784
1514,2021.03.05.0,2.9236984,1.6188049,13017.693,0.034494415
1515,2021.03.08.0,2.28154,7.4670715,13017.693,0.032130986
1516,2021.03.04.0,32.00399,19.852318,13017.693,0.1195778
1517,2021.03.05.0,35.21475,31.683884,13017.693,0.117214374
1518,2021.03.08.0,31.545307,30.295788,13017.693,0.11485095
1519,2021.03.08.0,121.905205,96.68062,13017.693,0.2472029
1520,2021.03.04.0,3.5658493,3.6034698,13112.655,0.03685784
1521,2021.03.05.0,3.9327927,6.353035,13112.655,0.034494415
1522,2021.03.08.0,1.9145966,6.117218,13112.655,0.032130986
1523,2021.03.08.0,32.46267,29.785564,13112.655,0.11485095
1524,2021.03.04.0,3.198906,4.379051,13207.617,0.03685784
1525,2021.03.05.0,3.7493134,6.0584335,13207.617,0.034494415
1526,2021.03.08.0,2.6484833,6.5816803,13207.617,0.032130986
1527,2021.03.04.0,43.92966,25.839108,13207.617,0.1195778
1528,2021.03.05.0,41.17758,43.680176,13207.617,0.117214374
1529,2021.03.08.0,36.590786,35.28237,13207.617,0.11485095
1530,2021.03.04.0,130.16144,83.89969,13207.617,0.25192976
1531,2021.03.05.0,133.83087,99.5818,13207.617,0.24956635
1532,2021.03.08.0,132.91351,100.80531,13207.617,0.2472029
1533,2021.03.04.0,4.4832077,3.2761612,13302.579,0.03685784
1534,2021.03.05.0,3.8410568,9.645111,13302.579,0.034494415
1535,2021.03.04.0,41.63626,30.173935,13302.579,0.1195778
1536,2021.03.05.0,44.84702,35.37129,13302.579,0.117214374
1537,2021.03.08.0,45.3057,33.42913,13302.579,0.11485095
1538,2021.03.04.0,3.6575851,3.972229,13397.541,0.03685784
1539,2021.03.05.0,5.8592453,6.958725,13397.541,0.034494415
1540,2021.03.08.0,2.6484833,11.676376,13397.541,0.032130986
1541,2021.03.08.0,48.516457,34.013405,13397.541,0.11485095
1542,2021.03.04.0,3.6575851,6.7932663,13492.502,0.03685784
1543,2021.03.05.0,3.0154343,7.6609955,13492.502,0.034494415
1544,2021.03.08.0,2.6484833,4.51429,13492.502,0.032130986
1545,2021.03.04.0,45.764378,29.973488,13492.502,0.1195778
1546,2021.03.05.0,48.516457,40.645405,13492.502,0.117214374
1547,2021.03.08.0,48.516457,35.151287,13492.502,0.11485095
1548,2021.03.04.0,4.391472,5.263054,13587.465,0.03685784
1549,2021.03.05.0,4.5749435,9.221619,13587.465,0.034494415
1550,2021.03.08.0,4.4832077,7.210663,13587.465,0.032130986
1551,2021.03.05.0,61.35949,51.585533,13587.465,0.117214374
1552,2021.03.08.0,54.937973,48.775017,13587.465,0.11485095
1553,2021.03.04.0,5.308838,5.9092865,13682.426,0.03685784
1554,2021.03.05.0,5.8592453,12.303055,13682.426,0.034494415
1555,2021.03.08.0,3.5658493,10.492531,13682.426,0.032130986
1556,2021.03.04.0,53.103252,32.390495,13682.426,0.1195778
1557,2021.03.05.0,60.44213,40.94486,13682.426,0.117214374
1558,2021.03.08.0,58.607407,41.843067,13682.426,0.11485095
1559,2021.03.04.0,5.0336227,5.472847,13777.388,0.03685784
1560,2021.03.05.0,5.400566,10.110802,13777.388,0.034494415
1561,2021.03.08.0,3.7493134,7.8235703,13777.388,0.032130986
1562,2021.03.04.0,60.44213,40.257423,13777.388,0.1195778
1563,2021.03.05.0,63.194206,59.650787,13777.388,0.117214374
1564,2021.03.08.0,59.52477,48.16222,13777.388,0.11485095
1565,2021.03.04.0,5.950981,7.1238556,13872.35,0.03685784
1566,2021.03.05.0,6.3179245,12.291153,13872.35,0.034494415
1567,2021.03.08.0,3.198906,10.104713,13872.35,0.032130986
1568,2021.03.04.0,60.44213,44.542587,13872.35,0.1195778
1569,2021.03.05.0,72.3678,58.832886,13872.35,0.117214374
1570,2021.03.08.0,71.45044,58.393776,13872.35,0.11485095
1571,2021.03.04.0,6.8683395,7.4992905,13967.312,0.03685784
1572,2021.03.05.0,6.9600754,13.44529,13967.312,0.034494415
1573,2021.03.08.0,4.391472,9.816917,13967.312,0.032130986
1574,2021.03.04.0,65.94629,48.723984,13967.312,0.1195778
1575,2021.03.05.0,83.376114,62.204514,13967.312,0.117214374
1576,2021.03.08.0,73.28516,65.09805,13967.312,0.11485095
1577,2021.03.04.0,7.3270187,8.971733,14062.273,0.03685784
1578,2021.03.05.0,9.987366,14.609215,14062.273,0.034494415
1579,2021.03.08.0,5.400566,15.534325,14062.273,0.032130986
1580,2021.03.04.0,81.5414,58.81453,14062.273,0.1195778
1581,2021.03.05.0,87.04555,78.17177,14062.273,0.117214374
1582,2021.03.08.0,83.376114,65.718636,14062.273,0.11485095
1583,2021.03.04.0,7.9691772,14.06765,14157.235,0.03685784
1584,2021.03.05.0,11.363403,15.701622,14157.235,0.034494415
1585,2021.03.08.0,5.7675095,15.600586,14157.235,0.032130986
1586,2021.03.04.0,89.79763,53.511253,14157.235,0.1195778
1587,2021.03.05.0,93.467064,93.54231,14157.235,0.117214374
1588,2021.03.08.0,87.04555,87.22978,14157.235,0.11485095
1589,2021.03.05.0,273.2695,221.90614,14157.235,0.24956635
1590,2021.03.04.0,9.89563,13.490189,14252.197,0.03685784
1591,2021.03.05.0,10.446045,19.033371,14252.197,0.034494415
1592,2021.03.08.0,6.4096603,14.631912,14252.197,0.032130986
1593,2021.03.05.0,103.55802,75.46469,14252.197,0.117214374
1594,2021.03.08.0,100.80594,88.74242,14252.197,0.11485095
1595,2021.03.04.0,9.987366,16.045189,14347.158,0.03685784
1596,2021.03.05.0,11.8220825,18.529999,14347.158,0.034494415
1597,2021.03.08.0,8.6113205,16.204437,14347.158,0.032130986
1598,2021.03.04.0,99.88858,80.23373,14347.158,0.1195778
1599,2021.03.05.0,116.40105,94.935616,14347.158,0.117214374
1600,2021.03.08.0,107.227455,102.45659,14347.158,0.11485095
1601,2021.03.04.0,13.19812,15.679871,14442.121,0.03685784
1602,2021.03.05.0,14.1154785,24.627403,14442.121,0.034494415
1603,2021.03.08.0,9.712151,20.020508,14442.121,0.032130986
1604,2021.03.04.0,105.39274,76.31012,14442.121,0.1195778
1605,2021.03.05.0,122.82257,101.44203,14442.121,0.117214374
1606,2021.03.08.0,120.07049,118.554146,14442.121,0.11485095
1607,2021.03.04.0,16.408875,21.120903,14537.082,0.03685784
1608,2021.03.05.0,16.408875,31.398376,14537.082,0.034494415
1609,2021.03.08.0,10.9047165,22.139473,14537.082,0.032130986
1610,2021.03.04.0,130.16144,95.597694,14537.082,0.1195778
1611,2021.03.05.0,135.6656,139.24567,14537.082,0.117214374
1612,2021.03.08.0,132.91351,118.53879,14537.082,0.11485095
1613,2021.03.04.0,19.160957,24.97554,14632.044,0.03685784
1614,2021.03.05.0,20.078316,33.715485,14632.044,0.034494415
1615,2021.03.08.0,13.19812,26.394516,14632.044,0.032130986
1616,2021.03.04.0,137.50032,98.66269,14632.044,0.1195778
1617,2021.03.05.0,147.59128,143.38187,14632.044,0.117214374
1618,2021.03.08.0,143.92183,136.49298,14632.044,0.11485095
1619,2021.03.04.0,23.28907,22.718277,14727.006,0.03685784
1620,2021.03.05.0,23.747757,35.084,14727.006,0.034494415
1621,2021.03.08.0,16.408875,26.595577,14727.006,0.032130986
1622,2021.03.04.0,151.26071,105.9063,14727.006,0.1195778
1623,2021.03.05.0,164.10373,157.31873,14727.006,0.117214374
1624,2021.03.08.0,159.51694,160.55835,14727.006,0.11485095
1625,2021.03.04.0,29.251907,28.889545,14821.968,0.03685784
1626,2021.03.05.0,29.251907,46.26193,14821.968,0.034494415
1627,2021.03.08.0,20.536995,34.281685,14821.968,0.032130986
1628,2021.03.04.0,167.77318,117.41455,14821.968,0.1195778
1629,2021.03.05.0,177.86414,163.78748,14821.968,0.117214374
1630,2021.03.08.0,176.02942,163.57272,14821.968,0.11485095
1631,2021.03.04.0,34.756065,31.662315,14916.93,0.03685784
1632,2021.03.05.0,34.756065,47.73259,14916.93,0.034494415
1633,2021.03.08.0,26.499832,34.32062,14916.93,0.032130986
1634,2021.03.04.0,185.203,129.54333,14916.93,0.1195778
1635,2021.03.05.0,198.04602,186.27122,14916.93,0.117214374
1636,2021.03.08.0,194.37659,187.72217,14916.93,0.11485095
1637,2021.03.04.0,42.09494,36.133224,15011.892,0.03685784
1638,2021.03.05.0,42.553623,61.675636,15011.892,0.034494415
1639,2021.03.08.0,32.46267,45.330227,15011.892,0.032130986
1640,2021.03.04.0,190.70715,138.09575,15011.892,0.1195778
1641,2021.03.05.0,214.5585,181.57883,15011.892,0.117214374
1642,2021.03.08.0,217.31056,193.3917,15011.892,0.11485095
1643,2021.03.04.0,51.268536,35.214867,15106.854,0.03685784
1644,2021.03.05.0,51.268536,44.55952,15106.854,0.034494415
1645,2021.03.08.0,39.801544,37.871677,15106.854,0.032130986
1646,2021.03.04.0,216.39322,164.47443,15106.854,0.1195778
1647,2021.03.05.0,240.24455,204.79831,15106.854,0.117214374
1648,2021.03.08.0,232.90569,218.73009,15106.854,0.11485095
1649,2021.03.04.0,441.1463,380.80988,15106.854,0.25192976
1650,2021.03.05.0,505.3614,381.5982,15106.854,0.24956635
1651,2021.03.04.0,61.35949,47.675747,15201.815,0.03685784
1652,2021.03.05.0,61.35949,80.457115,15201.815,0.034494415
1653,2021.03.08.0,51.268536,58.430305,15201.815,0.032130986
1654,2021.03.04.0,231.07097,190.58966,15201.815,0.1195778
1655,2021.03.05.0,268.68268,217.31664,15201.815,0.117214374
1656,2021.03.08.0,258.59174,248.0816,15201.815,0.11485095
1657,2021.03.04.0,74.20252,51.050056,15296.777,0.03685784
1658,2021.03.05.0,78.789314,83.73289,15296.777,0.034494415
1659,2021.03.08.0,63.194206,70.42283,15296.777,0.032130986
1660,2021.03.04.0,253.08759,218.692,15296.777,0.1195778
1661,2021.03.05.0,284.27783,234.83687,15296.777,0.117214374
1662,2021.03.08.0,289.78198,264.04578,15296.777,0.11485095
1663,2021.03.04.0,87.96291,63.44775,15391.738,0.03685784
1664,2021.03.05.0,93.467064,91.871864,15391.738,0.034494415
1665,2021.03.08.0,79.70667,86.421455,15391.738,0.032130986
1666,2021.03.04.0,289.78198,240.72623,15391.738,0.1195778
1667,2021.03.05.0,312.71594,272.39352,15391.738,0.117214374
1668,2021.03.08.0,315.46802,275.99902,15391.738,0.11485095
1669,2021.03.04.0,103.55802,79.10836,15486.7,0.03685784
1670,2021.03.05.0,114.56633,114.70916,15486.7,0.034494415
1671,2021.03.08.0,96.21915,97.90577,15486.7,0.032130986
1672,2021.03.04.0,321.88953,254.2413,15486.7,0.1195778
1673,2021.03.05.0,347.57562,285.69067,15486.7,0.117214374
1674,2021.03.08.0,336.56732,290.6864,15486.7,0.11485095
1675,2021.03.04.0,124.65729,95.155235,15581.662,0.03685784
1676,2021.03.05.0,133.83087,99.766884,15581.662,0.034494415
1677,2021.03.08.0,119.15312,85.336205,15581.662,0.032130986
1678,2021.03.04.0,346.65826,272.9123,15581.662,0.1195778
1679,2021.03.05.0,378.7658,305.55792,15581.662,0.117214374
1680,2021.03.08.0,372.3443,318.57,15581.662,0.11485095
1681,2021.03.04.0,150.34335,109.741135,15676.624,0.03685784
1682,2021.03.05.0,160.4343,122.75632,15676.624,0.034494415
1683,2021.03.08.0,147.59128,104.08701,15676.624,0.032130986
1684,2021.03.04.0,378.7658,312.4206,15676.624,0.1195778
1685,2021.03.05.0,413.6255,326.7612,15676.624,0.117214374
1686,2021.03.08.0,406.28662,339.31088,15676.624,0.11485095
1687,2021.03.04.0,175.11205,144.9788,15771.586,0.03685784
1688,2021.03.05.0,191.62451,149.94518,15771.586,0.034494415
1689,2021.03.08.0,177.86414,142.75865,15771.586,0.032130986
1690,2021.03.05.0,455.82397,340.47583,15771.586,0.117214374
1691,2021.03.08.0,448.4851,346.26196,15771.586,0.11485095
1692,2021.03.04.0,210.88907,142.70085,15866.548,0.03685784
1693,2021.03.05.0,230.15361,176.05862,15866.548,0.034494415
1694,2021.03.08.0,212.72377,165.87207,15866.548,0.032130986
1695,2021.03.04.0,428.30322,360.32147,15866.548,0.1195778
1696,2021.03.05.0,454.90668,359.912,15866.548,0.117214374
1697,2021.03.08.0,431.97266,361.8526,15866.548,0.11485095
1698,2021.03.04.0,245.7487,182.04286,15961.51,0.03685784
1699,2021.03.05.0,231.98833,209.47269,15961.51,0.034494415
1700,2021.03.08.0,183.36829,191.65567,15961.51,0.032130986
1701,2021.03.08.0,386.10468,373.3023,15961.51,0.11485095
1702,2021.03.04.0,220.06265,162.65326,16056.472,0.03685784
1703,2021.03.05.0,176.02942,151.60059,16056.472,0.034494415
1704,2021.03.08.0,143.00447,116.94069,16056.472,0.032130986
1705,2021.03.04.0,401.69983,369.80664,16056.472,0.1195778
1706,2021.03.05.0,365.9228,359.3595,16056.472,0.117214374
1707,2021.03.08.0,348.49298,348.50708,16056.472,0.11485095
1708,2021.03.04.0,177.86414,186.03108,16151.434,0.03685784
1709,2021.03.05.0,137.50032,149.31146,16151.434,0.034494415
1710,2021.03.08.0,105.39274,118.18108,16151.434,0.032130986
1711,2021.03.04.0,361.336,362.42596,16151.434,0.1195778
1712,2021.03.05.0,329.22842,341.99078,16151.434,0.117214374
1713,2021.03.08.0,297.12085,330.0127,16151.434,0.11485095
1714,2021.03.04.0,140.2524,185.05087,16246.3955,0.03685784
1715,2021.03.05.0,104.47538,124.92843,16246.3955,0.034494415
1716,2021.03.08.0,75.11988,85.9517,16246.3955,0.032130986
1717,2021.03.04.0,318.22012,342.96503,16246.3955,0.1195778
1718,2021.03.05.0,276.02158,310.64362,16246.3955,0.117214374
1719,2021.03.08.0,262.26117,274.56964,16246.3955,0.11485095
1720,2021.03.04.0,107.227455,155.45557,16341.356,0.03685784
1721,2021.03.05.0,76.9546,94.038315,16341.356,0.034494415
1722,2021.03.08.0,51.268536,64.08789,16341.356,0.032130986
1723,2021.03.04.0,274.18686,312.1363,16341.356,0.1195778
1724,2021.03.05.0,242.99664,276.77863,16341.356,0.117214374
1725,2021.03.08.0,228.31888,253.56274,16341.356,0.11485095
1726,2021.03.08.0,325.55896,370.4796,16341.356,0.18102694
1727,2021.03.04.0,80.62404,119.30237,16436.318,0.03685784
1728,2021.03.05.0,57.69005,72.01097,16436.318,0.034494415
1729,2021.03.08.0,35.673428,48.766613,16436.318,0.032130986
1730,2021.03.04.0,212.72377,290.38184,16436.318,0.1195778
1731,2021.03.05.0,220.98001,232.80496,16436.318,0.117214374
1732,2021.03.08.0,197.12868,222.36388,16436.318,0.11485095
1733,2021.03.04.0,60.44213,95.55836,16531.281,0.03685784
1734,2021.03.05.0,41.63626,54.551537,16531.281,0.034494415
1735,2021.03.08.0,25.12379,32.47007,16531.281,0.032130986
1736,2021.03.04.0,210.88907,256.81116,16531.281,0.1195778
1737,2021.03.05.0,192.54187,218.43065,16531.281,0.117214374
1738,2021.03.08.0,167.77318,192.93198,16531.281,0.11485095
1739,2021.03.04.0,44.38834,79.95268,16626.242,0.03685784
1740,2021.03.05.0,30.16927,42.4866,16626.242,0.034494415
1741,2021.03.08.0,17.32624,23.71526,16626.242,0.032130986
1742,2021.03.04.0,179.69885,238.3647,16626.242,0.1195778
1743,2021.03.05.0,165.0211,190.87051,16626.242,0.117214374
1744,2021.03.08.0,143.00447,164.31546,16626.242,0.11485095
1745,2021.03.04.0,32.46267,86.23188,16721.205,0.03685784
1746,2021.03.05.0,16.408875,38.7923,16721.205,0.034494415
1747,2021.03.08.0,12.739441,13.903076,16721.205,0.032130986
1748,2021.03.04.0,156.76486,207.94684,16721.205,0.1195778
1749,2021.03.05.0,134.74823,155.6733,16721.205,0.117214374
1750,2021.03.08.0,122.82257,132.98358,16721.205,0.11485095
1751,2021.03.04.0,23.747757,51.090282,16816.166,0.03685784
1752,2021.03.05.0,15.950203,25.42043,16816.166,0.034494415
1753,2021.03.08.0,8.978264,10.899895,16816.166,0.032130986
1754,2021.03.04.0,129.24408,195.72429,16816.166,0.1195778
1755,2021.03.05.0,118.23577,148.94516,16816.166,0.117214374
1756,2021.03.08.0,102.64066,117.96199,16816.166,0.11485095
1757,2021.03.05.0,241.16191,288.4798,16816.166,0.24956635
1758,2021.03.04.0,17.32624,46.727013,16911.127,0.03685784
1759,2021.03.05.0,12.280762,17.738548,16911.127,0.034494415
1760,2021.03.08.0,7.143547,10.120895,16911.127,0.032130986
1761,2021.03.04.0,111.814255,162.45422,16911.127,0.1195778
1762,2021.03.05.0,100.80594,119.46271,16911.127,0.117214374
1763,2021.03.08.0,86.12819,94.36073,16911.127,0.11485095
1764,2021.03.04.0,12.739441,22.81031,17006.09,0.03685784
1765,2021.03.05.0,9.253471,10.290695,17006.09,0.034494415
1766,2021.03.08.0,5.8592453,4.2626343,17006.09,0.032130986
1767,2021.03.04.0,93.467064,141.305,17006.09,0.1195778
1768,2021.03.05.0,83.376114,96.06986,17006.09,0.117214374
1769,2021.03.08.0,71.45044,77.271774,17006.09,0.11485095
1770,2021.03.08.0,193.45923,205.65968,17006.09,0.24956635
1771,2021.03.04.0,10.446045,22.372147,17101.05,0.03685784
1772,2021.03.05.0,7.2352905,11.357002,17101.05,0.034494415
1773,2021.03.08.0,4.941887,8.879456,17101.05,0.032130986
1774,2021.03.04.0,77.871956,123.64598,17101.05,0.1195778
1775,2021.03.05.0,64.111565,82.06524,17101.05,0.117214374
1776,2021.03.08.0,58.607407,63.33425,17101.05,0.11485095
1777,2021.03.04.0,8.060913,15.167519,17196.014,0.03685784
1778,2021.03.05.0,5.950981,8.115425,17196.014,0.034494415
1779,2021.03.08.0,4.391472,6.268852,17196.014,0.032130986
1780,2021.03.04.0,65.02892,103.72128,17196.014,0.1195778
1781,2021.03.05.0,57.69005,70.68706,17196.014,0.117214374
1782,2021.03.08.0,52.185894,49.989033,17196.014,0.11485095
1783,2021.03.04.0,6.1344604,11.886078,17290.975,0.03685784
1784,2021.03.05.0,5.1253586,6.8273544,17290.975,0.034494415
1785,2021.03.08.0,3.6575851,6.967705,17290.975,0.032130986
1786,2021.03.04.0,54.937973,88.82575,17290.975,0.1195778
1787,2021.03.05.0,48.516457,54.53071,17290.975,0.117214374
1788,2021.03.08.0,39.801544,42.124714,17290.975,0.11485095
1789,2021.03.04.0,4.941887,8.812424,17385.938,0.03685784
1790,2021.03.05.0,4.4832077,5.9351196,17385.938,0.034494415
1791,2021.03.08.0,3.2906342,6.4058533,17385.938,0.032130986
1792,2021.03.04.0,43.47098,72.51199,17385.938,0.1195778
1793,2021.03.05.0,43.0123,44.443478,17385.938,0.117214374
1794,2021.03.08.0,34.297386,38.413673,17385.938,0.11485095
1795,2021.03.04.0,4.391472,8.067482,17480.898,0.03685784
1796,2021.03.05.0,4.208,6.1410294,17480.898,0.034494415
1797,2021.03.08.0,2.7402267,5.756233,17480.898,0.032130986
1798,2021.03.04.0,40.26022,61.0941,17480.898,0.1195778
1799,2021.03.05.0,34.297386,39.904327,17480.898,0.117214374
1800,2021.03.08.0,28.334553,31.117893,17480.898,0.11485095
1801,2021.03.04.0,3.5658493,6.9431915,17575.861,0.03685784
1802,2021.03.05.0,3.5658493,4.6672363,17575.861,0.034494415
1803,2021.03.08.0,3.2906342,4.7743835,17575.861,0.032130986
1804,2021.03.04.0,31.086628,46.922535,17575.861,0.1195778
1805,2021.03.05.0,30.627949,33.508087,17575.861,0.117214374
1806,2021.03.08.0,23.28907,29.472332,17575.861,0.11485095
1807,2021.03.04.0,2.4650192,4.648163,17670.822,0.03685784
1808,2021.03.05.0,2.831955,2.6880798,17670.822,0.034494415
1809,2021.03.08.0,2.6484833,4.2294693,17670.822,0.032130986
1810,2021.03.05.0,26.041153,17.693565,17670.822,0.117214374
1811,2021.03.08.0,22.371712,19.97834,17670.822,0.11485095
1812,2021.03.04.0,3.0154343,4.2300186,17765.783,0.03685784
1813,2021.03.05.0,3.3823776,3.5229187,17765.783,0.034494415
1814,2021.03.08.0,2.831955,4.1703644,17765.783,0.032130986
1815,2021.03.04.0,24.206432,33.42764,17765.783,0.1195778
1816,2021.03.05.0,22.371712,19.717072,17765.783,0.117214374
1817,2021.03.08.0,23.747757,20.314957,17765.783,0.11485095
1818,2021.03.04.0,2.4650192,2.1767426,17860.746,0.03685784
1819,2021.03.05.0,2.4650192,1.8470612,17860.746,0.034494415
1820,2021.03.08.0,2.3732834,2.2350082,17860.746,0.032130986
1821,2021.03.04.0,20.995674,28.825878,17860.746,0.1195778
1822,2021.03.05.0,20.078316,19.931847,17860.746,0.117214374
1823,2021.03.08.0,20.995674,18.482246,17860.746,0.11485095
1824,2021.03.04.0,2.3732834,3.1856918,17955.707,0.03685784
1825,2021.03.05.0,2.4650192,2.6240692,17955.707,0.034494415
1826,2021.03.08.0,2.189804,2.5657501,17955.707,0.032130986
1827,2021.03.04.0,17.32624,22.422241,17955.707,0.1195778
1828,2021.03.05.0,16.408875,17.455612,17955.707,0.117214374
1829,2021.03.08.0,14.574158,14.405617,17955.707,0.11485095
1830,2021.03.05.0,73.28516,80.975555,17955.707,0.24956635
1831,2021.03.08.0,71.45044,73.77339,17955.707,0.2472029
1832,2021.03.04.0,1.9145966,1.6204071,18050.67,0.03685784
1833,2021.03.05.0,2.4650192,0.45233154,18050.67,0.034494415
1834,2021.03.08.0,2.3732834,3.1087494,18050.67,0.032130986
1835,2021.03.04.0,1.7311325,0.44742584,18145.63,0.03685784
1836,2021.03.05.0,1.8228607,0.4587021,18145.63,0.034494415
1837,2021.03.08.0,3.10717,1.3141098,18145.63,0.032130986
1838,2021.03.05.0,12.739441,11.860619,18145.63,0.117214374
1839,2021.03.08.0,12.280762,13.631157,18145.63,0.11485095
1840,2021.03.04.0,1.5476608,0.27096558,18335.555,0.03685784
1841,2021.03.05.0,9.987366,13.526405,18335.555,0.117214374
1842,2021.03.05.0,1.5476608,-0.53951263,18430.518,0.034494415
1843,2021.03.04.0,9.528687,12.899353,18430.518,0.1195778
1844,2021.03.05.0,8.244377,10.323547,18430.518,0.117214374
1845,2021.03.08.0,7.693962,9.475578,18430.518,0.11485095
1846,2021.03.05.0,1.3641815,-1.0233765,18525.479,0.034494415
1847,2021.03.011.0,18.243599,27.983109,9978.915,0.23538578
1848,2021.03.012.0,16.408875,23.566944,9978.915,0.23302233
1849,2021.03.015.0,16.408875,20.815964,9978.915,0.23065889
1850,2021.03.011.0,21.91304,29.247952,10358.763,0.23538578
1851,2021.03.012.0,19.160957,26.559235,10358.763,0.23302233
1852,2021.03.015.0,17.78492,26.196926,10358.763,0.23065889
1853,2021.03.015.0,29.710594,35.836742,11498.305,0.23065889
1854,2021.03.011.0,101.7233,101.791534,11498.305,0.45045763
1855,2021.03.012.0,96.21915,92.34616,11498.305,0.44809425
1856,2021.03.015.0,94.38442,89.87665,11498.305,0.4457308
1857,2021.03.012.0,36.132103,36.35748,11688.229,0.23302233
1858,2021.03.015.0,30.16927,37.312645,11688.229,0.23065889
1859,2021.03.011.0,45.3057,52.908527,12257.999,0.23538578
1860,2021.03.012.0,41.17758,45.964966,12257.999,0.23302233
1861,2021.03.015.0,38.425507,43.361046,12257.999,0.23065889
1862,2021.03.011.0,12.280762,16.660782,13017.693,0.10303382
1863,2021.03.012.0,11.363403,12.8078,13017.693,0.10067039
1864,2021.03.015.0,11.363403,11.814484,13017.693,0.09830696
1865,2021.03.015.0,65.94629,55.694065,13017.693,0.23065889
1866,2021.03.012.0,11.8220825,10.408066,13112.655,0.10067039
1867,2021.03.015.0,11.8220825,12.558754,13112.655,0.09830696
1868,2021.03.011.0,14.574158,18.613113,13207.617,0.10303382
1869,2021.03.012.0,12.739441,14.8613205,13207.617,0.10067039
1870,2021.03.015.0,13.19812,12.667168,13207.617,0.09830696
1871,2021.03.011.0,81.5414,88.66157,13207.617,0.23538578
1872,2021.03.012.0,71.45044,72.58961,13207.617,0.23302233
1873,2021.03.015.0,71.45044,68.54852,13207.617,0.23065889
1874,2021.03.011.0,15.032837,25.257027,13302.579,0.10303382
1875,2021.03.012.0,14.574158,17.115921,13302.579,0.10067039
1876,2021.03.015.0,13.656799,14.39904,13302.579,0.09830696
1877,2021.03.012.0,15.491524,16.209106,13397.541,0.10067039
1878,2021.03.015.0,15.491524,17.934006,13397.541,0.09830696
1879,2021.03.011.0,16.867554,29.77359,13492.502,0.10303382
1880,2021.03.012.0,15.491524,18.348724,13492.502,0.10067039
1881,2021.03.015.0,15.950203,16.0504,13492.502,0.09830696
1882,2021.03.011.0,18.702278,30.49229,13587.465,0.10303382
1883,2021.03.012.0,17.32624,17.416077,13587.465,0.10067039
1884,2021.03.015.0,16.408875,19.36866,13587.465,0.09830696
1885,2021.03.011.0,20.078316,26.505936,13682.426,0.10303382
1886,2021.03.012.0,18.243599,20.007332,13682.426,0.10067039
1887,2021.03.015.0,18.243599,19.035881,13682.426,0.09830696
1888,2021.03.011.0,22.371712,29.140587,13777.388,0.10303382
1889,2021.03.012.0,19.619637,16.31057,13777.388,0.10067039
1890,2021.03.015.0,19.619637,13.701981,13777.388,0.09830696
1891,2021.03.011.0,24.665112,24.838886,13872.35,0.10303382
1892,2021.03.012.0,21.91304,18.174011,13872.35,0.10067039
1893,2021.03.015.0,23.28907,22.223785,13872.35,0.09830696
1894,2021.03.011.0,27.875874,37.457706,13967.312,0.10303382
1895,2021.03.012.0,24.665112,23.267876,13967.312,0.10067039
1896,2021.03.015.0,25.12379,19.83683,13967.312,0.09830696
1897,2021.03.011.0,31.545307,44.372692,14062.273,0.10303382
1898,2021.03.012.0,27.875874,29.163944,14062.273,0.10067039
1899,2021.03.015.0,28.334553,22.60498,14062.273,0.09830696
1900,2021.03.011.0,34.297386,36.98934,14157.235,0.10303382
1901,2021.03.012.0,28.793228,27.594662,14157.235,0.10067039
1902,2021.03.015.0,28.793228,24.409748,14157.235,0.09830696
1903,2021.03.012.0,143.92183,167.02591,14157.235,0.23302233
1904,2021.03.015.0,142.08711,132.40244,14157.235,0.23065889
1905,2021.03.012.0,32.921345,24.677185,14252.197,0.10067039
1906,2021.03.015.0,32.00399,29.064247,14252.197,0.09830696
1907,2021.03.011.0,43.0123,54.430614,14347.158,0.10303382
1908,2021.03.012.0,35.673428,40.39844,14347.158,0.10067039
1909,2021.03.015.0,36.132103,37.19459,14347.158,0.09830696
1910,2021.03.011.0,47.5991,50.407967,14442.121,0.10303382
1911,2021.03.012.0,39.801544,26.922699,14442.121,0.10067039
1912,2021.03.015.0,40.26022,32.26246,14442.121,0.09830696
1913,2021.03.011.0,52.185894,70.18629,14537.082,0.10303382
1914,2021.03.012.0,44.84702,36.856995,14537.082,0.10067039
1915,2021.03.015.0,44.38834,36.588997,14537.082,0.09830696
1916,2021.03.011.0,59.52477,77.8682,14632.044,0.10303382
1917,2021.03.012.0,50.351173,36.979473,14632.044,0.10067039
1918,2021.03.015.0,49.433815,38.584934,14632.044,0.09830696
1919,2021.03.011.0,68.698364,87.37576,14727.006,0.10303382
1920,2021.03.012.0,57.69005,45.714397,14727.006,0.10067039
1921,2021.03.015.0,55.85533,40.54351,14727.006,0.09830696
1922,2021.03.011.0,78.789314,99.01099,14821.968,0.10303382
1923,2021.03.012.0,65.02892,54.66485,14821.968,0.10067039
1924,2021.03.015.0,65.02892,48.496338,14821.968,0.09830696
1925,2021.03.011.0,89.79763,114.88208,14916.93,0.10303382
1926,2021.03.012.0,74.20252,66.680695,14916.93,0.10067039
1927,2021.03.015.0,72.3678,59.469803,14916.93,0.09830696
1928,2021.03.011.0,101.7233,141.30693,15011.892,0.10303382
1929,2021.03.012.0,84.29347,96.9281,15011.892,0.10067039
1930,2021.03.015.0,81.5414,77.22398,15011.892,0.09830696
1931,2021.03.011.0,114.56633,165.81914,15106.854,0.10303382
1932,2021.03.012.0,94.38442,108.451355,15106.854,0.10067039
1933,2021.03.015.0,92.549706,73.51227,15106.854,0.09830696
1934,2021.03.015.0,285.1952,343.90442,15106.854,0.23065889
1935,2021.03.011.0,130.16144,163.72769,15201.815,0.10303382
1936,2021.03.012.0,106.3101,106.54222,15201.815,0.10067039
1937,2021.03.015.0,104.47538,90.988754,15201.815,0.09830696
1938,2021.03.011.0,145.75655,197.24048,15296.777,0.10303382
1939,2021.03.012.0,119.15312,131.89912,15296.777,0.10067039
1940,2021.03.015.0,115.48369,99.61215,15296.777,0.09830696
1941,2021.03.011.0,162.26901,224.21962,15391.738,0.10303382
1942,2021.03.012.0,136.58295,151.42505,15391.738,0.10067039
1943,2021.03.015.0,131.99615,109.924706,15391.738,0.09830696
1944,2021.03.011.0,184.28564,251.46977,15486.7,0.10303382
1945,2021.03.012.0,153.09543,177.77771,15486.7,0.10067039
1946,2021.03.015.0,148.50864,128.70636,15486.7,0.09830696
1947,2021.03.011.0,205.38492,240.98564,15581.662,0.10303382
1948,2021.03.012.0,174.1947,179.0419,15581.662,0.10067039
1949,2021.03.015.0,166.8558,143.72845,15581.662,0.09830696
1950,2021.03.011.0,230.15361,256.19702,15676.624,0.10303382
1951,2021.03.012.0,195.29396,202.31662,15676.624,0.10067039
1952,2021.03.015.0,188.87244,161.853,15676.624,0.09830696
1953,2021.03.011.0,255.83968,273.83777,15771.586,0.10303382
1954,2021.03.012.0,218.22794,214.98569,15771.586,0.10067039
1955,2021.03.015.0,216.39322,180.12814,15771.586,0.09830696
1956,2021.03.011.0,286.11252,333.9876,15866.548,0.10303382
1957,2021.03.012.0,244.83136,273.37372,15866.548,0.10067039
1958,2021.03.015.0,242.07928,225.0538,15866.548,0.09830696
1959,2021.03.011.0,318.22012,359.39935,15961.51,0.10303382
1960,2021.03.012.0,276.93893,319.883,15961.51,0.10067039
1961,2021.03.015.0,272.35214,264.55386,15961.51,0.09830696
1962,2021.03.011.0,356.7492,332.26947,16056.472,0.10303382
1963,2021.03.012.0,308.12915,328.2311,16056.472,0.10067039
1964,2021.03.015.0,303.54236,284.6683,16056.472,0.09830696
1965,2021.03.011.0,396.19568,292.22397,16151.434,0.10303382
1966,2021.03.012.0,350.3277,334.7649,16151.434,0.10067039
1967,2021.03.015.0,343.9062,315.10324,16151.434,0.09830696
1968,2021.03.011.0,355.83185,261.11694,16246.3955,0.10303382
1969,2021.03.012.0,352.1624,303.86646,16246.3955,0.10067039
1970,2021.03.015.0,327.3937,315.53815,16246.3955,0.09830696
1971,2021.03.015.0,505.3614,431.79877,16246.3955,0.23065889
1972,2021.03.011.0,309.96387,227.94392,16341.356,0.10303382
1973,2021.03.012.0,305.37708,280.50458,16341.356,0.10067039
1974,2021.03.015.0,283.36047,279.1117,16341.356,0.09830696
1975,2021.03.011.0,418.21228,339.35175,16341.356,0.16920978
1976,2021.03.012.0,404.4519,370.48334,16341.356,0.16684636
1977,2021.03.015.0,390.69147,379.19714,16341.356,0.16448292
1978,2021.03.011.0,272.35214,191.12582,16436.318,0.10303382
1979,2021.03.012.0,262.26117,248.4429,16436.318,0.10067039
1980,2021.03.015.0,242.07928,242.1003,16436.318,0.09830696
1981,2021.03.011.0,233.82304,164.7232,16531.281,0.10303382
1982,2021.03.012.0,225.5668,219.4627,16531.281,0.10067039
1983,2021.03.015.0,203.5502,211.7315,16531.281,0.09830696
1984,2021.03.011.0,202.63283,136.51889,16626.242,0.10303382
1985,2021.03.012.0,190.70715,190.45975,16626.242,0.10067039
1986,2021.03.015.0,168.69054,178.91435,16626.242,0.09830696
1987,2021.03.011.0,170.52525,109.2754,16721.205,0.10303382
1988,2021.03.012.0,159.51694,159.82898,16721.205,0.10067039
1989,2021.03.015.0,140.2524,141.67216,16721.205,0.09830696
1990,2021.03.011.0,147.59128,90.808655,16816.166,0.10303382
1991,2021.03.012.0,132.91351,137.9317,16816.166,0.10067039
1992,2021.03.015.0,115.48369,118.63045,16816.166,0.09830696
1993,2021.03.011.0,121.905205,75.44359,16911.127,0.10303382
1994,2021.03.012.0,110.8969,112.172165,16911.127,0.10067039
1995,2021.03.015.0,95.30179,93.281235,16911.127,0.09830696
1996,2021.03.011.0,99.88858,57.557106,17006.09,0.10303382
1997,2021.03.012.0,87.96291,90.34071,17006.09,0.10067039
1998,2021.03.015.0,75.11988,68.913925,17006.09,0.09830696
1999,2021.03.015.0,232.90569,213.68,17006.09,0.23065889
2000,2021.03.011.0,83.376114,51.285732,17101.05,0.10303382
2001,2021.03.012.0,71.45044,79.59044,17101.05,0.10067039
2002,2021.03.015.0,62.276848,61.253113,17101.05,0.09830696
2003,2021.03.011.0,68.698364,36.945923,17196.014,0.10303382
2004,2021.03.012.0,58.607407,62.508667,17196.014,0.10067039
2005,2021.03.015.0,50.351173,46.76627,17196.014,0.09830696
2006,2021.03.011.0,55.85533,30.633705,17290.975,0.10303382
2007,2021.03.012.0,46.68174,49.021362,17290.975,0.10067039
2008,2021.03.015.0,41.17758,35.485306,17290.975,0.09830696
2009,2021.03.011.0,46.223057,29.410263,17385.938,0.10303382
2010,2021.03.012.0,37.966824,41.643826,17385.938,0.10067039
2011,2021.03.015.0,32.00399,24.027763,17385.938,0.09830696
2012,2021.03.011.0,37.508144,25.484726,17480.898,0.10303382
2013,2021.03.012.0,31.545307,34.393227,17480.898,0.10067039
2014,2021.03.015.0,26.499832,24.242477,17480.898,0.09830696
2015,2021.03.011.0,30.627949,19.257576,17575.861,0.10303382
2016,2021.03.012.0,25.582474,27.194717,17575.861,0.10067039
2017,2021.03.015.0,22.830395,22.310623,17575.861,0.09830696
2018,2021.03.011.0,23.747757,13.190079,17670.822,0.10303382
2019,2021.03.012.0,21.91304,20.378235,17670.822,0.10067039
2020,2021.03.015.0,17.32624,19.841461,17670.822,0.09830696
2021,2021.03.011.0,20.536995,19.878029,17765.783,0.10303382
2022,2021.03.012.0,18.243599,17.410568,17765.783,0.10067039
2023,2021.03.015.0,14.574158,13.478813,17765.783,0.09830696
2024,2021.03.011.0,17.32624,11.306213,17860.746,0.10303382
2025,2021.03.012.0,15.032837,14.126343,17860.746,0.10067039
2026,2021.03.015.0,12.739441,9.249519,17860.746,0.09830696
2027,2021.03.012.0,13.19812,13.762993,17955.707,0.10067039
2028,2021.03.015.0,10.9047165,9.332085,17955.707,0.09830696
2029,2021.03.015.0,41.17758,38.764828,17955.707,0.16684636
2030,2021.03.012.0,76.9546,74.440605,17955.707,0.23302233
2031,2021.03.012.0,10.9047165,6.827858,18050.67,0.10067039
2032,2021.03.015.0,9.345215,4.2279205,18050.67,0.09830696
2033,2021.03.011.0,10.446045,11.630699,18145.63,0.10303382
2034,2021.03.012.0,9.987366,8.011055,18145.63,0.10067039
2035,2021.03.012.0,7.877434,7.346344,18335.555,0.10067039
2036,2021.03.012.0,7.2352905,10.124741,18430.518,0.10303382
2037,2021.03.015.0,4.4832077,2.9057922,18905.326,0.09830696
2038,2021.03.018.0,10.446045,18.335335,9978.915,0.21884176
2039,2021.03.019.0,11.363403,16.22474,9978.915,0.21647835
2040,2021.03.022.0,9.987366,17.266373,9978.915,0.2141149
2041,2021.03.018.0,12.280762,19.356125,10358.763,0.21884176
2042,2021.03.019.0,13.19812,18.167603,10358.763,0.21647835
2043,2021.03.022.0,11.8220825,19.315674,10358.763,0.2141149
2044,2021.03.018.0,76.9546,79.61689,11498.305,0.43391368
2045,2021.03.019.0,84.29347,74.585884,11498.305,0.43155023
2046,2021.03.022.0,79.70667,77.19963,11498.305,0.42918682
2047,2021.03.022.0,20.078316,33.625896,11688.229,0.2141149
2048,2021.03.019.0,27.417187,31.24295,12068.075,0.21647835
2049,2021.03.022.0,24.206432,33.057926,12068.075,0.2141149
2050,2021.03.018.0,24.665112,40.552704,12257.999,0.21884176
2051,2021.03.019.0,26.499832,37.400814,12257.999,0.21647835
2052,2021.03.022.0,26.499832,40.531456,12257.999,0.2141149
2053,2021.03.018.0,7.2352905,10.691605,13017.693,0.08648982
2054,2021.03.019.0,7.4187546,6.8236313,13017.693,0.08412639
2055,2021.03.022.0,5.492302,7.8060837,13017.693,0.08176296
2056,2021.03.018.0,43.0123,51.403362,13017.693,0.21884176
2057,2021.03.019.0,51.268536,53.3684,13017.693,0.21647835
2058,2021.03.022.0,44.84702,56.060204,13017.693,0.2141149
2059,2021.03.018.0,7.4187546,11.085022,13112.655,0.08648982
2060,2021.03.019.0,7.602234,7.2191925,13112.655,0.08412639
2061,2021.03.022.0,6.3179245,8.758209,13112.655,0.08176296
2062,2021.03.018.0,8.060913,10.472939,13207.617,0.08648982
2063,2021.03.019.0,8.336113,7.077484,13207.617,0.08412639
2064,2021.03.022.0,6.0427094,9.077278,13207.617,0.08176296
2065,2021.03.018.0,49.433815,56.626625,13207.617,0.21884176
2066,2021.03.019.0,53.103252,50.760788,13207.617,0.21647835
2067,2021.03.022.0,48.516457,57.591244,13207.617,0.2141149
2068,2021.03.022.0,195.29396,189.50015,13207.617,0.42918682
2069,2021.03.018.0,8.336113,12.846649,13302.579,0.08648982
2070,2021.03.019.0,9.070007,6.4906387,13302.579,0.08412639
2071,2021.03.022.0,7.2352905,9.926842,13302.579,0.08176296
2072,2021.03.018.0,8.794792,12.2511215,13397.541,0.08648982
2073,2021.03.019.0,9.712151,8.517471,13397.541,0.08412639
2074,2021.03.022.0,6.9600754,10.719543,13397.541,0.08176296
2075,2021.03.018.0,9.253471,12.753815,13492.502,0.08648982
2076,2021.03.019.0,10.446045,8.768341,13492.502,0.08412639
2077,2021.03.022.0,6.684868,10.088768,13492.502,0.08176296
2078,2021.03.018.0,9.987366,12.388283,13587.465,0.08648982
2079,2021.03.019.0,10.9047165,9.158577,13587.465,0.08412639
2080,2021.03.022.0,8.152641,12.052925,13587.465,0.08176296
2081,2021.03.018.0,10.446045,11.659294,13682.426,0.08648982
2082,2021.03.019.0,11.8220825,7.076477,13682.426,0.08412639
2083,2021.03.022.0,8.336113,12.182663,13682.426,0.08176296
2084,2021.03.018.0,31.545307,30.661419,13682.426,0.1526658
2085,2021.03.019.0,44.38834,25.411224,13682.426,0.15030237
2086,2021.03.022.0,30.16927,47.992695,13682.426,0.14793894
2087,2021.03.018.0,10.9047165,12.807251,13777.388,0.08648982
2088,2021.03.019.0,13.656799,7.1524963,13777.388,0.08412639
2089,2021.03.022.0,9.345215,15.984451,13777.388,0.08176296
2090,2021.03.018.0,10.446045,13.0158,13872.35,0.08648982
2091,2021.03.019.0,14.1154785,7.5914,13872.35,0.08412639
2092,2021.03.022.0,10.9047165,16.108467,13872.35,0.08176296
2093,2021.03.018.0,12.739441,15.7534485,13967.312,0.08648982
2094,2021.03.019.0,15.032837,12.687653,13967.312,0.08412639
2095,2021.03.022.0,10.9047165,14.114601,13967.312,0.08176296
2096,2021.03.018.0,14.1154785,13.850082,14062.273,0.08648982
2097,2021.03.019.0,15.950203,8.277252,14062.273,0.08412639
2098,2021.03.022.0,11.8220825,15.8997345,14062.273,0.08176296
2099,2021.03.018.0,14.574158,17.111458,14157.235,0.08648982
2100,2021.03.019.0,18.702278,12.050171,14157.235,0.08412639
2101,2021.03.022.0,12.280762,20.186668,14157.235,0.08176296
2102,2021.03.019.0,125.574646,105.871956,14157.235,0.21647835
2103,2021.03.022.0,99.88858,126.14395,14157.235,0.2141149
2104,2021.03.018.0,16.408875,18.58519,14252.197,0.08648982
2105,2021.03.019.0,21.454361,9.952606,14252.197,0.08412639
2106,2021.03.022.0,15.032837,17.073074,14252.197,0.08176296
2107,2021.03.018.0,17.78492,21.475426,14347.158,0.08648982
2108,2021.03.019.0,23.28907,10.767838,14347.158,0.08412639
2109,2021.03.022.0,15.950203,17.65525,14347.158,0.08176296
2110,2021.03.018.0,19.160957,21.174683,14442.121,0.08648982
2111,2021.03.019.0,27.417187,9.157097,14442.121,0.08412639
2112,2021.03.022.0,17.32624,31.177254,14442.121,0.08176296
2113,2021.03.018.0,21.91304,25.99411,14537.082,0.08648982
2114,2021.03.019.0,30.627949,11.553123,14537.082,0.08412639
2115,2021.03.022.0,19.619637,25.764057,14537.082,0.08176296
2116,2021.03.018.0,23.747757,27.633385,14632.044,0.08648982
2117,2021.03.019.0,34.297386,18.839012,14632.044,0.08412639
2118,2021.03.022.0,23.28907,41.058887,14632.044,0.08176296
2119,2021.03.018.0,26.958511,29.203281,14727.006,0.08648982
2120,2021.03.019.0,39.801544,14.191299,14727.006,0.08412639
2121,2021.03.022.0,25.582474,44.633106,14727.006,0.08176296
2122,2021.03.018.0,30.627949,36.650867,14821.968,0.08648982
2123,2021.03.019.0,45.764378,16.679047,14821.968,0.08412639
2124,2021.03.022.0,30.16927,49.14294,14821.968,0.08176296
2125,2021.03.018.0,34.297386,28.521461,14916.93,0.08648982
2126,2021.03.019.0,53.103252,17.676285,14916.93,0.08412639
2127,2021.03.022.0,33.83871,48.503643,14916.93,0.08176296
2128,2021.03.018.0,39.342865,34.66972,15011.892,0.08648982
2129,2021.03.019.0,58.607407,23.976555,15011.892,0.08412639
2130,2021.03.022.0,40.26022,59.90355,15011.892,0.08176296
2131,2021.03.018.0,44.84702,53.80803,15106.854,0.08648982
2132,2021.03.019.0,69.61572,36.284775,15106.854,0.08412639
2133,2021.03.022.0,46.223057,72.573715,15106.854,0.08176296
2134,2021.03.022.0,131.0788,161.46198,15106.854,0.14793894
2135,2021.03.022.0,226.48418,247.75519,15106.854,0.2141149
2136,2021.03.018.0,52.185894,60.189438,15201.815,0.08648982
2137,2021.03.019.0,78.789314,35.27654,15201.815,0.08412639
2138,2021.03.022.0,54.020615,67.4457,15201.815,0.08176296
2139,2021.03.018.0,59.52477,81.47281,15296.777,0.08648982
2140,2021.03.019.0,91.63235,57.400253,15296.777,0.08412639
2141,2021.03.022.0,63.194206,89.04824,15296.777,0.08176296
2142,2021.03.022.0,165.93845,183.7078,15296.777,0.14793894
2143,2021.03.018.0,69.61572,84.18759,15391.738,0.08648982
2144,2021.03.019.0,105.39274,52.340336,15391.738,0.08412639
2145,2021.03.022.0,73.28516,100.69645,15391.738,0.08176296
2146,2021.03.022.0,185.203,199.1372,15391.738,0.14793894
2147,2021.03.018.0,77.871956,80.85999,15486.7,0.08648982
2148,2021.03.019.0,120.98785,54.51964,15486.7,0.08412639
2149,2021.03.022.0,85.21083,108.0622,15486.7,0.08176296
2150,2021.03.019.0,246.66608,178.73659,15486.7,0.15030237
2151,2021.03.022.0,202.63283,221.32414,15486.7,0.14793894
2152,2021.03.018.0,93.467064,98.05238,15581.662,0.08648982
2153,2021.03.019.0,139.33504,68.70728,15581.662,0.08412639
2154,2021.03.022.0,101.7233,109.61546,15581.662,0.08176296
2155,2021.03.018.0,109.06218,110.714554,15676.624,0.08648982
2156,2021.03.019.0,161.35165,86.1019,15676.624,0.08412639
2157,2021.03.022.0,118.23577,139.75052,15676.624,0.08176296
2158,2021.03.018.0,126.492004,148.43657,15771.586,0.08648982
2159,2021.03.019.0,186.12036,113.991905,15771.586,0.08412639
2160,2021.03.022.0,136.58295,164.51776,15771.586,0.08176296
2161,2021.03.018.0,147.59128,171.027,15866.548,0.08648982
2162,2021.03.019.0,218.22794,138.62694,15866.548,0.08412639
2163,2021.03.022.0,162.26901,195.95642,15866.548,0.08176296
2164,2021.03.018.0,169.6079,199.79466,15961.51,0.08648982
2165,2021.03.019.0,251.25287,160.83946,15961.51,0.08412639
2166,2021.03.022.0,189.7898,214.07619,15961.51,0.08176296
2167,2021.03.018.0,197.12868,231.83136,16056.472,0.08648982
2168,2021.03.019.0,287.94727,180.08502,16056.472,0.08412639
2169,2021.03.022.0,222.81473,224.26547,16056.472,0.08176296
2170,2021.03.019.0,413.6255,334.16425,16056.472,0.15030237
2171,2021.03.022.0,365.9228,350.11652,16056.472,0.14793894
2172,2021.03.018.0,230.15361,251.05278,16151.434,0.08648982
2173,2021.03.019.0,248.5008,205.48788,16151.434,0.08412639
2174,2021.03.022.0,258.59174,212.75601,16151.434,0.08176296
2175,2021.03.018.0,270.5174,249.72176,16246.3955,0.08648982
2176,2021.03.019.0,205.38492,228.69746,16246.3955,0.08412639
2177,2021.03.022.0,241.16191,185.48572,16246.3955,0.08176296
2178,2021.03.018.0,254.00494,237.97235,16341.356,0.08648982
2179,2021.03.019.0,165.93845,232.2992,16341.356,0.08412639
2180,2021.03.022.0,197.12868,165.669,16341.356,0.08176296
2181,2021.03.018.0,366.84015,364.76978,16341.356,0.1526658
2182,2021.03.019.0,285.1952,357.3861,16341.356,0.15030237
2183,2021.03.022.0,327.3937,315.44135,16341.356,0.14793894
2184,2021.03.018.0,209.05434,203.12946,16436.318,0.08648982
2185,2021.03.019.0,131.99615,200.28781,16436.318,0.08412639
2186,2021.03.022.0,157.68222,143.67747,16436.318,0.08176296
2187,2021.03.018.0,168.69054,168.0269,16531.281,0.08648982
2188,2021.03.019.0,104.47538,166.1484,16531.281,0.08412639
2189,2021.03.022.0,127.40936,116.5069,16531.281,0.08176296
2190,2021.03.018.0,135.6656,137.81522,16626.242,0.08648982
2191,2021.03.019.0,82.458755,136.63594,16626.242,0.08412639
2192,2021.03.022.0,98.97122,94.02985,16626.242,0.08176296
2193,2021.03.018.0,109.06218,119.89133,16721.205,0.08648982
2194,2021.03.019.0,64.111565,107.68427,16721.205,0.08412639
2195,2021.03.022.0,76.03724,68.54291,16721.205,0.08176296
2196,2021.03.018.0,83.376114,84.81897,16816.166,0.08648982
2197,2021.03.019.0,47.5991,81.13459,16816.166,0.08412639
2198,2021.03.022.0,55.85533,54.884476,16816.166,0.08176296
2199,2021.03.018.0,63.194206,63.548244,16911.127,0.08648982
2200,2021.03.019.0,37.049465,54.93187,16911.127,0.08412639
2201,2021.03.022.0,43.92966,32.928333,16911.127,0.08176296
2202,2021.03.018.0,48.516457,48.563004,17006.09,0.08648982
2203,2021.03.019.0,27.875874,39.111767,17006.09,0.08412639
2204,2021.03.022.0,32.46267,26.687275,17006.09,0.08176296
2205,2021.03.022.0,182.45093,175.92993,17006.09,0.2141149
2206,2021.03.018.0,37.049465,28.284294,17101.05,0.08648982
2207,2021.03.019.0,21.454361,25.132156,17101.05,0.08412639
2208,2021.03.022.0,24.206432,20.646011,17101.05,0.08176296
2209,2021.03.019.0,78.789314,124.413864,17101.05,0.15030237
2210,2021.03.022.0,88.88027,91.22229,17101.05,0.14793894
2211,2021.03.018.0,28.334553,29.847214,17196.014,0.08648982
2212,2021.03.019.0,16.867554,27.758003,17196.014,0.08412639
2213,2021.03.022.0,18.702278,17.699577,17196.014,0.08176296
2214,2021.03.022.0,74.20252,77.25858,17196.014,0.14793894
2215,2021.03.019.0,121.905205,192.67902,17196.014,0.21647835
2216,2021.03.018.0,20.995674,17.596916,17290.975,0.08648982
2217,2021.03.019.0,13.19812,15.444283,17290.975,0.08412639
2218,2021.03.022.0,13.656799,12.2118225,17290.975,0.08176296
2219,2021.03.018.0,15.491524,18.118149,17385.938,0.08648982
2220,2021.03.019.0,10.446045,17.822159,17385.938,0.08412639
2221,2021.03.022.0,11.363403,14.104469,17385.938,0.08176296
2222,2021.03.018.0,11.8220825,12.966385,17480.898,0.08648982
2223,2021.03.019.0,8.794792,11.472054,17480.898,0.08412639
2224,2021.03.022.0,8.794792,10.092041,17480.898,0.08176296
2225,2021.03.018.0,9.712151,13.94194,17575.861,0.08648982
2226,2021.03.019.0,7.2352905,13.5703125,17575.861,0.08412639
2227,2021.03.022.0,7.2352905,12.2645035,17575.861,0.08176296
2228,2021.03.018.0,7.693962,11.303627,17670.822,0.08648982
2229,2021.03.019.0,6.1344604,10.093353,17670.822,0.08412639
2230,2021.03.022.0,6.4096603,8.565788,17670.822,0.08176296
2231,2021.03.018.0,6.501396,10.033081,17765.783,0.08648982
2232,2021.03.019.0,5.400566,9.322144,17765.783,0.08412639
2233,2021.03.022.0,5.400566,8.576668,17765.783,0.08176296
2234,2021.03.018.0,5.492302,7.3052826,17860.746,0.08648982
2235,2021.03.019.0,4.5749435,7.283264,17860.746,0.08412639
2236,2021.03.022.0,4.4832077,6.823845,17860.746,0.08176296
2237,2021.03.019.0,4.299736,5.4249344,17955.707,0.08412639
2238,2021.03.022.0,4.1162567,5.7827835,17955.707,0.08176296
2239,2021.03.022.0,43.92966,57.594017,17955.707,0.2141149
2240,2021.03.018.0,4.391472,4.4152756,18050.67,0.08648982
2241,2021.03.019.0,4.0245285,4.9045258,18050.67,0.08412639
2242,2021.03.022.0,4.4832077,6.5983505,18050.67,0.08176296
2243,2021.03.019.0,3.8410568,4.2783966,18145.63,0.08412639
2244,2021.03.019.0,2.0980759,-0.8047333,18905.326,0.08412639
2245,2021.03.022.0,2.00634,-0.65444946,18905.326,0.08176296
2246,2021.03.025.0,9.620415,15.096222,9978.915,0.20229778
2247,2021.03.026.0,8.336113,15.444962,9978.915,0.19993436
2248,2021.03.029.0,8.978264,14.1896515,9978.915,0.19757092
2249,2021.03.025.0,9.161743,15.955574,10358.763,0.20229778
2250,2021.03.026.0,9.987366,17.032478,10358.763,0.19993436
2251,2021.03.029.0,9.620415,17.338028,10358.763,0.19757092
2252,2021.03.026.0,16.408875,26.26326,11308.381,0.19993436
2253,2021.03.029.0,15.032837,24.121853,11308.381,0.19757092
2254,2021.03.025.0,81.5414,81.41835,11498.305,0.41736966
2255,2021.03.026.0,71.45044,78.47361,11498.305,0.41500625
2256,2021.03.029.0,70.53308,74.81073,11498.305,0.4126428
2257,2021.03.025.0,22.830395,36.734287,12068.075,0.20229778
2258,2021.03.029.0,20.995674,34.00668,12068.075,0.19993436
2259,2021.03.025.0,27.875874,40.063538,12257.999,0.20229778
2260,2021.03.026.0,21.91304,36.09456,12257.999,0.19993436
2261,2021.03.029.0,23.28907,31.540714,12257.999,0.19757092
2262,2021.03.029.0,105.39274,102.10768,12257.999,0.4126428
2263,2021.03.029.0,27.875874,42.533092,12447.923,0.20229778
2264,2021.03.025.0,4.208,6.572304,13017.693,0.06994583
2265,2021.03.026.0,3.7493134,3.5065155,13017.693,0.0675824
2266,2021.03.029.0,4.4832077,2.0979156,13017.693,0.06521897
2267,2021.03.025.0,41.63626,54.931244,13017.693,0.20229778
2268,2021.03.026.0,35.673428,42.737823,13017.693,0.19993436
2269,2021.03.029.0,35.21475,39.291214,13017.693,0.19757092
2270,2021.03.025.0,4.299736,6.852791,13112.655,0.06994583
2271,2021.03.026.0,4.299736,2.9149628,13112.655,0.0675824
2272,2021.03.029.0,5.6757812,2.8112793,13112.655,0.06521897
2273,2021.03.025.0,4.6666794,5.829811,13207.617,0.06994583
2274,2021.03.026.0,5.2170944,3.5892792,13207.617,0.0675824
2275,2021.03.029.0,5.8592453,4.0973587,13207.617,0.06521897
2276,2021.03.025.0,51.268536,63.663284,13207.617,0.20229778
2277,2021.03.026.0,43.0123,57.792107,13207.617,0.19993436
2278,2021.03.029.0,36.590786,48.55125,13207.617,0.19757092
2279,2021.03.025.0,5.0336227,11.754555,13302.579,0.06994583
2280,2021.03.029.0,5.950981,5.596573,13302.579,0.0675824
2281,2021.03.025.0,5.0336227,8.808792,13397.541,0.06994583
2282,2021.03.026.0,4.850151,3.1966095,13397.541,0.0675824
2283,2021.03.029.0,5.308838,3.1737442,13397.541,0.06521897
2284,2021.03.025.0,6.8683395,10.667137,13492.502,0.06994583
2285,2021.03.026.0,5.584038,5.1320114,13492.502,0.0675824
2286,2021.03.029.0,6.0427094,3.7167816,13492.502,0.06521897
2287,2021.03.025.0,7.2352905,9.153397,13587.465,0.06994583
2288,2021.03.026.0,5.400566,4.7761765,13587.465,0.0675824
2289,2021.03.029.0,6.1344604,2.5009766,13587.465,0.06521897
2290,2021.03.025.0,28.334553,36.876827,13587.465,0.1361218
2291,2021.03.026.0,22.830395,23.40533,13587.465,0.13375838
2292,2021.03.029.0,23.747757,20.507812,13587.465,0.13139495
2293,2021.03.025.0,7.602234,11.27726,13682.426,0.06994583
2294,2021.03.026.0,6.501396,6.0329666,13682.426,0.0675824
2295,2021.03.029.0,6.9600754,4.169174,13682.426,0.06521897
2296,2021.03.025.0,32.921345,38.63687,13682.426,0.1361218
2297,2021.03.026.0,23.747757,35.185917,13682.426,0.13375838
2298,2021.03.029.0,24.665112,27.412762,13682.426,0.13139495
2299,2021.03.025.0,7.5104904,11.578163,13777.388,0.06994583
2300,2021.03.026.0,7.785698,5.4204865,13777.388,0.0675824
2301,2021.03.029.0,7.2352905,6.044136,13777.388,0.06521897
2302,2021.03.029.0,26.499832,21.894745,13777.388,0.13139495
2303,2021.03.025.0,9.528687,13.41095,13872.35,0.06994583
2304,2021.03.026.0,7.143547,9.55146,13872.35,0.0675824
2305,2021.03.029.0,8.703064,5.5787964,13872.35,0.06521897
2306,2021.03.029.0,28.334553,19.466026,13872.35,0.13139495
2307,2021.03.025.0,10.9047165,15.475815,13967.312,0.06994583
2308,2021.03.026.0,8.6113205,8.7595825,13967.312,0.0675824
2309,2021.03.029.0,8.6113205,4.0532913,13967.312,0.06521897
2310,2021.03.026.0,70.53308,93.04035,13967.312,0.19993436
2311,2021.03.029.0,65.02892,75.244835,13967.312,0.19757092
2312,2021.03.025.0,11.8220825,17.187729,14062.273,0.06994583
2313,2021.03.026.0,9.070007,9.671684,14062.273,0.0675824
2314,2021.03.029.0,9.803894,6.9707565,14062.273,0.06521897
2315,2021.03.026.0,32.921345,33.231697,14062.273,0.13375838
2316,2021.03.029.0,34.756065,24.821304,14062.273,0.13139495
2317,2021.03.025.0,12.739441,18.457275,14157.235,0.06994583
2318,2021.03.026.0,9.528687,9.488464,14157.235,0.0675824
2319,2021.03.029.0,10.9047165,6.643196,14157.235,0.06521897
2320,2021.03.029.0,36.132103,31.950302,14157.235,0.13139495
2321,2021.03.025.0,117.31841,109.10932,14157.235,0.20229778
2322,2021.03.026.0,84.29347,115.38669,14157.235,0.19993436
2323,2021.03.029.0,76.9546,90.55039,14157.235,0.19757092
2324,2021.03.025.0,15.491524,21.18982,14252.197,0.06994583
2325,2021.03.026.0,10.9047165,14.482445,14252.197,0.0675824
2326,2021.03.029.0,11.8220825,9.281578,14252.197,0.06521897
2327,2021.03.029.0,39.801544,33.295155,14252.197,0.13139495
2328,2021.03.025.0,16.408875,19.170128,14347.158,0.06994583
2329,2021.03.026.0,11.363403,14.148674,14347.158,0.0675824
2330,2021.03.029.0,12.739441,8.463997,14347.158,0.06521897
2331,2021.03.029.0,39.801544,33.550907,14347.158,0.13139495
2332,2021.03.025.0,18.702278,22.06012,14442.121,0.06994583
2333,2021.03.026.0,12.280762,14.944679,14442.121,0.0675824
2334,2021.03.029.0,13.656799,9.883148,14442.121,0.06521897
2335,2021.03.025.0,20.536995,32.870552,14537.082,0.06994583
2336,2021.03.026.0,13.19812,18.419754,14537.082,0.0675824
2337,2021.03.029.0,14.574158,8.143265,14537.082,0.06521897
2338,2021.03.029.0,52.185894,52.24219,14537.082,0.13139495
2339,2021.03.025.0,23.747757,33.63888,14632.044,0.06994583
2340,2021.03.026.0,15.032837,14.130188,14632.044,0.0675824
2341,2021.03.029.0,16.408875,7.9912796,14632.044,0.06521897
2342,2021.03.025.0,26.958511,36.137753,14727.006,0.06994583
2343,2021.03.026.0,17.78492,17.950882,14727.006,0.0675824
2344,2021.03.029.0,17.78492,7.3087387,14727.006,0.06521897
2345,2021.03.025.0,34.297386,46.811195,14821.968,0.06994583
2346,2021.03.026.0,19.160957,27.627949,14821.968,0.0675824
2347,2021.03.029.0,19.160957,10.033218,14821.968,0.06521897
2348,2021.03.029.0,67.781006,59.92132,14821.968,0.13139495
2349,2021.03.025.0,37.049465,46.196926,14916.93,0.06994583
2350,2021.03.026.0,21.91304,33.88813,14916.93,0.0675824
2351,2021.03.029.0,21.454361,13.969238,14916.93,0.06521897
2352,2021.03.025.0,43.92966,63.37271,15011.892,0.06994583
2353,2021.03.026.0,24.665112,36.67782,15011.892,0.0675824
2354,2021.03.029.0,23.747757,13.526665,15011.892,0.06521897
2355,2021.03.029.0,78.789314,85.08981,15011.892,0.13139495
2356,2021.03.025.0,51.268536,57.472954,15106.854,0.06994583
2357,2021.03.026.0,28.334553,43.32315,15106.854,0.0675824
2358,2021.03.029.0,27.875874,16.883736,15106.854,0.06521897
2359,2021.03.025.0,142.08711,144.80388,15106.854,0.1361218
2360,2021.03.026.0,101.7233,126.09715,15106.854,0.13375838
2361,2021.03.029.0,91.63235,93.271194,15106.854,0.13139495
2362,2021.03.025.0,245.7487,235.32893,15106.854,0.20229778
2363,2021.03.026.0,193.45923,239.17593,15106.854,0.19993436
2364,2021.03.029.0,170.52525,203.65396,15106.854,0.19757092
2365,2021.03.025.0,59.52477,82.03099,15201.815,0.06994583
2366,2021.03.026.0,33.380024,63.369247,15201.815,0.0675824
2367,2021.03.029.0,30.627949,32.191914,15201.815,0.06521897
2368,2021.03.025.0,70.53308,87.892685,15296.777,0.06994583
2369,2021.03.026.0,39.342865,62.256805,15296.777,0.0675824
2370,2021.03.029.0,34.297386,26.994007,15296.777,0.06521897
2371,2021.03.026.0,127.40936,173.71185,15296.777,0.13375838
2372,2021.03.029.0,106.3101,128.30432,15296.777,0.13139495
2373,2021.03.025.0,81.5414,106.49819,15391.738,0.06994583
2374,2021.03.026.0,46.223057,74.93123,15391.738,0.0675824
2375,2021.03.029.0,40.718903,32.180367,15391.738,0.06521897
2376,2021.03.025.0,206.30226,190.07416,15391.738,0.1361218
2377,2021.03.026.0,140.2524,191.79005,15391.738,0.13375838
2378,2021.03.029.0,119.15312,139.86388,15391.738,0.13139495
2379,2021.03.025.0,97.136505,117.14831,15486.7,0.06994583
2380,2021.03.026.0,54.020615,93.40169,15486.7,0.0675824
2381,2021.03.029.0,46.68174,43.461056,15486.7,0.06521897
2382,2021.03.025.0,223.73209,213.71478,15486.7,0.1361218
2383,2021.03.026.0,157.68222,203.75546,15486.7,0.13375838
2384,2021.03.029.0,134.74823,156.79825,15486.7,0.13139495
2385,2021.03.025.0,109.97954,124.09035,15581.662,0.06994583
2386,2021.03.026.0,63.194206,100.17055,15581.662,0.0675824
2387,2021.03.029.0,54.020615,55.438553,15581.662,0.06521897
2388,2021.03.026.0,175.11205,245.12624,15581.662,0.13375838
2389,2021.03.029.0,149.426,185.10527,15581.662,0.13139495
2390,2021.03.025.0,130.16144,149.59299,15676.624,0.06994583
2391,2021.03.026.0,75.11988,121.8018,15676.624,0.0675824
2392,2021.03.029.0,63.194206,71.83342,15676.624,0.06521897
2393,2021.03.029.0,167.77318,191.49832,15676.624,0.13139495
2394,2021.03.025.0,152.17807,147.97807,15771.586,0.06994583
2395,2021.03.026.0,88.88027,136.80594,15771.586,0.0675824
2396,2021.03.029.0,74.20252,92.46237,15771.586,0.06521897
2397,2021.03.025.0,180.61621,185.83469,15866.548,0.06994583
2398,2021.03.026.0,106.3101,161.61084,15866.548,0.0675824
2399,2021.03.029.0,85.21083,106.46211,15866.548,0.06521897
2400,2021.03.026.0,242.99664,305.76425,15866.548,0.13375838
2401,2021.03.029.0,204.46753,236.5194,15866.548,0.13139495
2402,2021.03.025.0,210.88907,207.36667,15961.51,0.06994583
2403,2021.03.026.0,123.73993,186.81546,15961.51,0.0675824
2404,2021.03.029.0,100.80594,127.12542,15961.51,0.06521897
2405,2021.03.025.0,246.66608,209.27374,16056.472,0.06994583
2406,2021.03.026.0,147.59128,210.01366,16056.472,0.0675824
2407,2021.03.029.0,119.15312,138.49739,16056.472,0.06521897
2408,2021.03.025.0,390.69147,327.09882,16056.472,0.1361218
2409,2021.03.026.0,307.2118,338.339,16056.472,0.13375838
2410,2021.03.029.0,264.0959,315.6914,16056.472,0.13139495
2411,2021.03.026.0,445.73303,410.38727,16056.472,0.19993436
2412,2021.03.029.0,373.26166,406.2317,16056.472,0.19757092
2413,2021.03.025.0,221.89737,202.73886,16151.434,0.06994583
2414,2021.03.026.0,177.86414,213.61496,16151.434,0.0675824
2415,2021.03.029.0,142.08711,190.31467,16151.434,0.06521897
2416,2021.03.029.0,285.1952,322.70312,16151.434,0.13139495
2417,2021.03.025.0,176.94678,180.74405,16246.3955,0.06994583
2418,2021.03.026.0,210.88907,183.79318,16246.3955,0.0675824
2419,2021.03.029.0,167.77318,207.90076,16246.3955,0.06521897
2420,2021.03.026.0,376.9311,277.0856,16246.3955,0.13375838
2421,2021.03.029.0,315.46802,322.84894,16246.3955,0.13139495
2422,2021.03.025.0,140.2524,151.92926,16341.356,0.06994583
2423,2021.03.026.0,237.49248,146.32803,16341.356,0.0675824
2424,2021.03.029.0,201.71547,216.43503,16341.356,0.06521897
2425,2021.03.025.0,252.17023,271.51196,16341.356,0.1361218
2426,2021.03.026.0,353.07977,262.097,16341.356,0.13375838
2427,2021.03.029.0,357.66656,307.2331,16341.356,0.13139495
2428,2021.03.025.0,106.3101,123.424225,16436.318,0.06994583
2429,2021.03.026.0,187.95508,116.67147,16436.318,0.0675824
2430,2021.03.029.0,240.24455,179.6931,16436.318,0.06521897
2431,2021.03.025.0,210.88907,225.04707,16436.318,0.1361218
2432,2021.03.026.0,303.54236,220.83516,16436.318,0.13375838
2433,2021.03.029.0,358.58392,286.28287,16436.318,0.13139495
2434,2021.03.025.0,80.62404,90.37046,16531.281,0.06994583
2435,2021.03.026.0,149.426,86.09331,16531.281,0.0675824
2436,2021.03.029.0,198.96341,149.99509,16531.281,0.06521897
2437,2021.03.025.0,185.203,192.78963,16531.281,0.1361218
2438,2021.03.026.0,265.01324,194.7666,16531.281,0.13375838
2439,2021.03.029.0,316.38538,259.70917,16531.281,0.13139495
2440,2021.03.025.0,58.607407,65.482414,16626.242,0.06994583
2441,2021.03.026.0,113.64897,55.088776,16626.242,0.0675824
2442,2021.03.029.0,156.76486,126.706436,16626.242,0.06521897
2443,2021.03.025.0,42.553623,47.336403,16721.205,0.06994583
2444,2021.03.026.0,85.21083,43.236996,16721.205,0.0675824
2445,2021.03.029.0,119.15312,113.44452,16721.205,0.06521897
2446,2021.03.029.0,236.57512,205.51974,16721.205,0.13139495
2447,2021.03.025.0,31.086628,25.498787,16816.166,0.06994583
2448,2021.03.026.0,62.276848,24.75647,16816.166,0.0675824
2449,2021.03.029.0,90.71499,79.755066,16816.166,0.06521897
2450,2021.03.025.0,107.227455,122.6149,16816.166,0.1361218
2451,2021.03.026.0,160.4343,115.71117,16816.166,0.13375838
2452,2021.03.029.0,199.88077,172.18965,16816.166,0.13139495
2453,2021.03.025.0,20.995674,23.411995,16911.127,0.06994583
2454,2021.03.026.0,45.3057,20.124718,16911.127,0.0675824
2455,2021.03.029.0,68.698364,75.68335,16911.127,0.06521897
2456,2021.03.026.0,134.74823,98.02121,16911.127,0.13375838
2457,2021.03.029.0,170.52525,149.88373,16911.127,0.13139495
2458,2021.03.025.0,16.408875,11.408417,17006.09,0.06994583
2459,2021.03.026.0,32.921345,13.417023,17006.09,0.0675824
2460,2021.03.029.0,50.351173,47.289684,17006.09,0.06521897
2461,2021.03.026.0,110.8969,84.69494,17006.09,0.13375838
2462,2021.03.029.0,140.2524,128.21231,17006.09,0.13139495
2463,2021.03.026.0,184.28564,144.63373,17006.09,0.19993436
2464,2021.03.029.0,224.64944,194.12857,17006.09,0.19757092
2465,2021.03.025.0,12.739441,15.493988,17101.05,0.06994583
2466,2021.03.026.0,23.747757,13.767029,17101.05,0.0675824
2467,2021.03.029.0,36.132103,37.299374,17101.05,0.06521897
2468,2021.03.025.0,59.52477,69.099045,17101.05,0.1361218
2469,2021.03.026.0,90.71499,69.57074,17101.05,0.13375838
2470,2021.03.029.0,117.31841,108.19087,17101.05,0.13139495
2471,2021.03.025.0,10.446045,11.409729,17196.014,0.06994583
2472,2021.03.026.0,17.78492,12.715057,17196.014,0.0675824
2473,2021.03.029.0,25.582474,25.20623,17196.014,0.06521897
2474,2021.03.025.0,50.351173,47.577904,17196.014,0.1361218
2475,2021.03.026.0,76.03724,57.202698,17196.014,0.13375838
2476,2021.03.029.0,97.136505,91.26278,17196.014,0.13139495
2477,2021.03.026.0,140.2524,120.243195,17196.014,0.19993436
2478,2021.03.029.0,168.69054,155.3864,17196.014,0.19757092
2479,2021.03.025.0,7.9691772,10.948685,17290.975,0.06994583
2480,2021.03.026.0,13.19812,13.635178,17290.975,0.0675824
2481,2021.03.029.0,19.619637,23.924484,17290.975,0.06521897
2482,2021.03.029.0,80.62404,76.25703,17290.975,0.13139495
2483,2021.03.025.0,6.3179245,8.926056,17385.938,0.06994583
2484,2021.03.026.0,9.620415,9.847946,17385.938,0.0675824
2485,2021.03.029.0,14.574158,17.046616,17385.938,0.06521897
2486,2021.03.026.0,50.351173,33.112015,17385.938,0.13375838
2487,2021.03.029.0,64.111565,53.50288,17385.938,0.13139495
2488,2021.03.029.0,129.24408,115.55362,17385.938,0.19757092
2489,2021.03.025.0,5.8592453,9.593063,17480.898,0.06994583
2490,2021.03.026.0,8.152641,9.817177,17480.898,0.0675824
2491,2021.03.029.0,10.9047165,12.1766205,17480.898,0.06521897
2492,2021.03.025.0,26.958511,36.47163,17480.898,0.1361218
2493,2021.03.026.0,41.63626,35.367344,17480.898,0.13375838
2494,2021.03.029.0,54.937973,51.274673,17480.898,0.13139495
2495,2021.03.025.0,5.2170944,7.522545,17575.861,0.06994583
2496,2021.03.026.0,6.3179245,8.327721,17575.861,0.0675824
2497,2021.03.029.0,9.253471,9.566963,17575.861,0.06521897
2498,2021.03.026.0,32.921345,26.515518,17575.861,0.13375838
2499,2021.03.029.0,47.5991,40.91669,17575.861,0.13139495
2500,2021.03.025.0,4.299736,6.914978,17670.822,0.06994583
2501,2021.03.026.0,5.584038,7.22921,17670.822,0.0675824
2502,2021.03.029.0,8.060913,8.320465,17670.822,0.06521897
2503,2021.03.029.0,41.63626,33.58344,17670.822,0.13139495
2504,2021.03.025.0,3.7493134,6.3208237,17765.783,0.06994583
2505,2021.03.026.0,4.850151,5.587982,17765.783,0.0675824
2506,2021.03.029.0,7.785698,6.197792,17765.783,0.06521897
2507,2021.03.029.0,37.508144,33.048935,17765.783,0.13139495
2508,2021.03.025.0,2.3732834,5.5852585,17860.746,0.06994583
2509,2021.03.026.0,4.1162567,4.044777,17860.746,0.0675824
2510,2021.03.029.0,5.492302,11.466736,17860.746,0.06521897
2511,2021.03.025.0,4.0245285,5.312813,17955.707,0.06994583
2512,2021.03.026.0,3.7493134,5.7527695,17955.707,0.0675824
2513,2021.03.029.0,4.6666794,4.3264923,17955.707,0.06521897
2514,2021.03.029.0,22.830395,21.0177,17955.707,0.13139495
2515,2021.03.029.0,55.85533,52.166153,17955.707,0.19757092
2516,2021.03.029.0,16.408875,10.093864,18240.594,0.13139495
2517,2021.03.026.0,7.693962,7.904747,18335.555,0.13375838
2518,2021.03.029.0,15.950203,7.884308,18335.555,0.13139495
2519,2021.03.026.0,2.189804,1.101738,18525.479,0.0675824
2520,2021.03.026.0,2.00634,0.91574097,18620.441,0.06994583
2521,2021.03.026.0,1.3641815,0.58903503,18905.326,0.0675824
2522,2021.03.029.0,2.189804,-1.1569366,18905.326,0.06521897
2523,2021.03.026.0,9.987366,10.118576,19665.02,0.19993436
2524,2021.03.029.0,12.280762,8.124664,19665.02,0.19757092
2525,2021.04.01.0,7.051811,11.227524,9978.915,0.18575378
2526,2021.04.06.0,5.400566,10.273415,9978.915,0.18339036
2527,2021.04.07.0,7.143547,7.3987503,9978.915,0.17157322
2528,2021.04.07.0,7.143547,14.316299,10358.763,0.17157322
2529,2021.04.06.0,9.987366,19.167358,11308.381,0.18339036
2530,2021.04.01.0,49.433815,62.024277,11498.305,0.4008257
2531,2021.04.06.0,45.3057,59.16951,11498.305,0.39846227
2532,2021.04.07.0,42.09494,51.92757,11498.305,0.38664514
2533,2021.04.01.0,18.243599,29.340786,12257.999,0.18575378
2534,2021.04.06.0,18.243599,26.262135,12257.999,0.18339036
2535,2021.04.07.0,18.243599,22.82594,12257.999,0.17157322
2536,2021.04.07.0,60.44213,76.060486,12257.999,0.38664514
2537,2021.04.01.0,2.6484833,3.1119308,13017.693,0.053401835
2538,2021.04.06.0,2.4650192,1.3725586,13017.693,0.051038407
2539,2021.04.07.0,2.189804,1.1555176,13017.693,0.03922127
2540,2021.04.01.0,25.12379,35.473953,13017.693,0.18575378
2541,2021.04.06.0,20.078316,34.81173,13017.693,0.18339036
2542,2021.04.07.0,19.619637,30.351906,13017.693,0.17157322
2543,2021.04.06.0,189.7898,247.41602,13017.693,0.6135342
2544,2021.04.07.0,184.28564,226.82996,13017.693,0.60171705
2545,2021.04.01.0,2.9236984,4.8446274,13112.655,0.053401835
2546,2021.04.06.0,2.7402267,1.7864609,13112.655,0.051038407
2547,2021.04.01.0,2.7402267,3.8776321,13207.617,0.053401835
2548,2021.04.06.0,2.7402267,0.6095276,13207.617,0.051038407
2549,2021.04.07.0,2.28154,1.4830399,13207.617,0.03922127
2550,2021.04.01.0,29.251907,35.381657,13207.617,0.18575378
2551,2021.04.06.0,23.28907,36.475086,13207.617,0.18339036
2552,2021.04.07.0,20.536995,30.182838,13207.617,0.17157322
2553,2021.04.06.0,2.6484833,2.0802383,13302.579,0.051038407
2554,2021.04.07.0,2.6484833,0.73722076,13302.579,0.03922127
2555,2021.04.01.0,3.198906,6.6031723,13397.541,0.053401835
2556,2021.04.06.0,2.831955,1.8814774,13397.541,0.051038407
2557,2021.04.01.0,4.0245285,6.286682,13492.502,0.053401835
2558,2021.04.06.0,2.9236984,2.5714264,13492.502,0.051038407
2559,2021.04.01.0,3.5658493,5.4858932,13587.465,0.053401835
2560,2021.04.06.0,2.9236984,1.8836212,13587.465,0.051038407
2561,2021.04.07.0,3.10717,0.91495514,13587.465,0.03922127
2562,2021.04.01.0,12.739441,23.07901,13587.465,0.1195778
2563,2021.04.06.0,10.446045,17.307083,13587.465,0.117214374
2564,2021.04.07.0,9.528687,12.27729,13587.465,0.10539725
2565,2021.04.01.0,3.5658493,3.5035706,13682.426,0.053401835
2566,2021.04.06.0,3.2906342,1.2470856,13682.426,0.051038407
2567,2021.04.07.0,2.6484833,1.1298676,13682.426,0.03922127
2568,2021.04.01.0,15.032837,19.407394,13682.426,0.1195778
2569,2021.04.06.0,9.161743,19.530914,13682.426,0.117214374
2570,2021.04.07.0,9.987366,12.428825,13682.426,0.10539725
2571,2021.04.01.0,3.6575851,3.8207474,13777.388,0.053401835
2572,2021.04.06.0,3.4741135,0.9504242,13777.388,0.051038407
2573,2021.04.07.0,2.6484833,0.6541977,13777.388,0.03922127
2574,2021.04.01.0,15.032837,22.95393,13777.388,0.1195778
2575,2021.04.07.0,10.9047165,21.46547,13777.388,0.117214374
2576,2021.04.01.0,4.941887,5.271057,13872.35,0.053401835
2577,2021.04.06.0,3.5658493,2.3503494,13872.35,0.051038407
2578,2021.04.06.0,12.739441,20.11451,13872.35,0.117214374
2579,2021.04.07.0,13.656799,15.813583,13872.35,0.10539725
2580,2021.04.01.0,4.4832077,5.673767,13967.312,0.053401835
2581,2021.04.06.0,4.0245285,1.6442719,13967.312,0.051038407
2582,2021.04.07.0,3.0154343,1.2651443,13967.312,0.03922127
2583,2021.04.01.0,18.243599,30.917233,13967.312,0.1195778
2584,2021.04.06.0,13.19812,21.387611,13967.312,0.117214374
2585,2021.04.07.0,11.8220825,12.423264,13967.312,0.10539725
2586,2021.04.01.0,45.764378,61.28485,13967.312,0.18575378
2587,2021.04.06.0,34.756065,56.628235,13967.312,0.18339036
2588,2021.04.07.0,32.00399,49.074764,13967.312,0.17157322
2589,2021.04.01.0,5.0336227,4.314125,14062.273,0.053401835
2590,2021.04.06.0,4.1162567,2.3547363,14062.273,0.051038407
2591,2021.04.07.0,3.198906,1.1839066,14062.273,0.03922127
2592,2021.04.01.0,18.702278,28.381927,14062.273,0.1195778
2593,2021.04.06.0,14.574158,21.036514,14062.273,0.117214374
2594,2021.04.07.0,12.739441,17.77324,14062.273,0.10539725
2595,2021.04.01.0,5.400566,8.476318,14157.235,0.053401835
2596,2021.04.06.0,4.391472,2.9942245,14157.235,0.051038407
2597,2021.04.07.0,3.5658493,1.2629166,14157.235,0.03922127
2598,2021.04.01.0,20.078316,24.209064,14157.235,0.1195778
2599,2021.04.06.0,15.491524,24.984558,14157.235,0.117214374
2600,2021.04.07.0,13.656799,18.537842,14157.235,0.10539725
2601,2021.04.01.0,54.020615,75.48114,14157.235,0.18575378
2602,2021.04.06.0,40.26022,63.68041,14157.235,0.18339036
2603,2021.04.07.0,38.425507,45.291275,14157.235,0.17157322
2604,2021.04.01.0,5.0336227,5.768387,14252.197,0.053401835
2605,2021.04.06.0,4.4832077,1.60569,14252.197,0.051038407
2606,2021.04.07.0,4.0245285,0.6222,14252.197,0.03922127
2607,2021.04.06.0,15.950203,24.179222,14252.197,0.117214374
2608,2021.04.07.0,17.32624,21.615173,14252.197,0.10539725
2609,2021.04.01.0,6.2261887,7.638115,14347.158,0.053401835
2610,2021.04.06.0,4.6666794,3.049736,14347.158,0.051038407
2611,2021.04.07.0,3.5658493,0.7647629,14347.158,0.03922127
2612,2021.04.01.0,22.830395,34.062737,14347.158,0.1195778
2613,2021.04.06.0,17.78492,27.089622,14347.158,0.117214374
2614,2021.04.07.0,17.32624,21.418709,14347.158,0.10539725
2615,2021.04.01.0,6.3179245,7.0424805,14442.121,0.053401835
2616,2021.04.06.0,5.2170944,3.0793915,14442.121,0.051038407
2617,2021.04.07.0,4.941887,1.7202301,14442.121,0.03922127
2618,2021.04.06.0,18.702278,26.427654,14442.121,0.117214374
2619,2021.04.07.0,16.867554,15.668755,14442.121,0.10539725
2620,2021.04.01.0,6.7766037,6.5928574,14537.082,0.053401835
2621,2021.04.06.0,5.6757812,3.463066,14537.082,0.051038407
2622,2021.04.07.0,4.0245285,2.3597412,14537.082,0.03922127
2623,2021.04.01.0,28.334553,35.134277,14537.082,0.1195778
2624,2021.04.06.0,20.536995,24.000488,14537.082,0.117214374
2625,2021.04.07.0,21.454361,20.287193,14537.082,0.10539725
2626,2021.04.01.0,7.3270187,13.146919,14632.044,0.053401835
2627,2021.04.06.0,6.0427094,6.4431763,14632.044,0.051038407
2628,2021.04.07.0,4.208,2.2463455,14632.044,0.03922127
2629,2021.04.01.0,31.086628,32.930374,14632.044,0.1195778
2630,2021.04.06.0,22.371712,25.343777,14632.044,0.117214374
2631,2021.04.07.0,19.619637,20.127861,14632.044,0.10539725
2632,2021.04.01.0,8.336113,9.472954,14727.006,0.053401835
2633,2021.04.06.0,6.2261887,3.9371796,14727.006,0.051038407
2634,2021.04.07.0,4.5749435,1.9011765,14727.006,0.03922127
2635,2021.04.01.0,34.297386,40.010063,14727.006,0.1195778
2636,2021.04.06.0,24.206432,34.967846,14727.006,0.117214374
2637,2021.04.07.0,22.371712,30.57904,14727.006,0.10539725
2638,2021.04.01.0,9.070007,12.827454,14821.968,0.053401835
2639,2021.04.06.0,6.8683395,5.062004,14821.968,0.051038407
2640,2021.04.07.0,4.941887,2.7843704,14821.968,0.03922127
2641,2021.04.01.0,39.342865,46.81323,14821.968,0.1195778
2642,2021.04.06.0,26.499832,37.757072,14821.968,0.117214374
2643,2021.04.07.0,23.747757,24.077946,14821.968,0.10539725
2644,2021.04.01.0,9.89563,14.992554,14916.93,0.053401835
2645,2021.04.06.0,7.143547,5.7784424,14916.93,0.051038407
2646,2021.04.07.0,5.0336227,2.6326141,14916.93,0.03922127
2647,2021.04.01.0,41.63626,52.162106,14916.93,0.1195778
2648,2021.04.06.0,28.334553,42.59085,14916.93,0.117214374
2649,2021.04.07.0,26.041153,27.33712,14916.93,0.10539725
2650,2021.04.01.0,11.363403,17.082382,15011.892,0.053401835
2651,2021.04.06.0,7.693962,10.033752,15011.892,0.051038407
2652,2021.04.07.0,5.308838,5.6476593,15011.892,0.03922127
2653,2021.04.01.0,46.68174,55.848663,15011.892,0.1195778
2654,2021.04.06.0,32.921345,38.753933,15011.892,0.117214374
2655,2021.04.07.0,28.334553,28.648159,15011.892,0.10539725
2656,2021.04.01.0,12.280762,17.135796,15106.854,0.053401835
2657,2021.04.06.0,8.427856,9.977776,15106.854,0.051038407
2658,2021.04.07.0,5.6757812,3.7812958,15106.854,0.03922127
2659,2021.04.01.0,52.185894,60.177586,15106.854,0.1195778
2660,2021.04.06.0,36.132103,46.23781,15106.854,0.117214374
2661,2021.04.07.0,31.086628,34.888645,15106.854,0.10539725
2662,2021.04.01.0,124.65729,133.61984,15106.854,0.18575378
2663,2021.04.06.0,93.467064,111.374855,15106.854,0.18339036
2664,2021.04.07.0,87.04555,87.55854,15106.854,0.17157322
2665,2021.04.01.0,13.656799,18.412819,15201.815,0.053401835
2666,2021.04.06.0,8.978264,6.6766586,15201.815,0.051038407
2667,2021.04.07.0,6.2261887,6.4895477,15201.815,0.03922127
2668,2021.04.01.0,60.44213,65.544136,15201.815,0.1195778
2669,2021.04.06.0,40.718903,52.571037,15201.815,0.117214374
2670,2021.04.07.0,36.590786,36.73309,15201.815,0.10539725
2671,2021.04.01.0,16.408875,29.64003,15296.777,0.053401835
2672,2021.04.06.0,9.528687,17.181679,15296.777,0.051038407
2673,2021.04.07.0,6.9600754,8.375595,15296.777,0.03922127
2674,2021.04.01.0,65.94629,80.645134,15296.777,0.1195778
2675,2021.04.06.0,45.764378,63.995354,15296.777,0.117214374
2676,2021.04.07.0,39.342865,37.156967,15296.777,0.10539725
2677,2021.04.01.0,18.243599,30.490524,15391.738,0.053401835
2678,2021.04.06.0,10.9047165,14.025368,15391.738,0.051038407
2679,2021.04.07.0,7.2352905,10.5613785,15391.738,0.03922127
2680,2021.04.01.0,76.03724,95.8937,15391.738,0.1195778
2681,2021.04.06.0,51.268536,77.58723,15391.738,0.117214374
2682,2021.04.07.0,45.3057,47.462677,15391.738,0.10539725
2683,2021.04.01.0,21.454361,34.80758,15486.7,0.053401835
2684,2021.04.06.0,12.280762,20.46437,15486.7,0.051038407
2685,2021.04.07.0,8.060913,10.648674,15486.7,0.03922127
2686,2021.04.01.0,85.21083,94.75827,15486.7,0.1195778
2687,2021.04.06.0,57.69005,75.99293,15486.7,0.117214374
2688,2021.04.07.0,48.516457,48.402645,15486.7,0.10539725
2689,2021.04.01.0,25.582474,35.112797,15581.662,0.053401835
2690,2021.04.06.0,13.19812,22.411133,15581.662,0.051038407
2691,2021.04.07.0,8.794792,13.81572,15581.662,0.03922127
2692,2021.04.01.0,97.136505,100.56718,15581.662,0.1195778
2693,2021.04.06.0,64.111565,80.88154,15581.662,0.117214374
2694,2021.04.07.0,55.85533,51.3534,15581.662,0.10539725
2695,2021.04.01.0,31.086628,48.62206,15676.624,0.053401835
2696,2021.04.06.0,15.491524,23.960075,15676.624,0.051038407
2697,2021.04.07.0,9.89563,8.278717,15676.624,0.03922127
2698,2021.04.01.0,110.8969,115.31825,15676.624,0.1195778
2699,2021.04.06.0,76.9546,97.07938,15676.624,0.117214374
2700,2021.04.07.0,63.194206,64.93034,15676.624,0.10539725
2701,2021.04.01.0,37.508144,50.057903,15771.586,0.053401835
2702,2021.04.06.0,18.702278,32.002113,15771.586,0.051038407
2703,2021.04.07.0,11.363403,14.964989,15771.586,0.03922127
2704,2021.04.01.0,124.65729,132.82315,15771.586,0.1195778
2705,2021.04.06.0,85.21083,113.36281,15771.586,0.117214374
2706,2021.04.07.0,76.9546,81.325806,15771.586,0.10539725
2707,2021.04.01.0,45.3057,59.82167,15866.548,0.053401835
2708,2021.04.06.0,20.995674,31.428043,15866.548,0.051038407
2709,2021.04.07.0,13.656799,10.514328,15866.548,0.03922127
2710,2021.04.01.0,141.16975,161.8391,15866.548,0.1195778
2711,2021.04.06.0,99.88858,132.65578,15866.548,0.117214374
2712,2021.04.07.0,87.04555,84.71962,15866.548,0.10539725
2713,2021.04.01.0,56.77269,77.16086,15961.51,0.053401835
2714,2021.04.06.0,26.041153,51.871567,15961.51,0.051038407
2715,2021.04.07.0,15.950203,22.932064,15961.51,0.03922127
2716,2021.04.01.0,165.0211,184.22302,15961.51,0.1195778
2717,2021.04.06.0,113.64897,153.59819,15961.51,0.117214374
2718,2021.04.07.0,98.97122,108.42621,15961.51,0.10539725
2719,2021.04.01.0,68.698364,71.916794,16056.472,0.053401835
2720,2021.04.06.0,32.46267,44.38241,16056.472,0.051038407
2721,2021.04.07.0,20.078316,19.741386,16056.472,0.03922127
2722,2021.04.01.0,184.28564,204.86984,16056.472,0.1195778
2723,2021.04.06.0,131.0788,175.04266,16056.472,0.117214374
2724,2021.04.07.0,115.48369,132.15388,16056.472,0.10539725
2725,2021.04.06.0,259.5091,307.4594,16056.472,0.18339036
2726,2021.04.07.0,234.7404,249.8763,16056.472,0.17157322
2727,2021.04.01.0,84.29347,108.37752,16151.434,0.053401835
2728,2021.04.06.0,40.718903,67.66402,16151.434,0.051038407
2729,2021.04.07.0,25.582474,34.02047,16151.434,0.03922127
2730,2021.04.06.0,150.34335,198.69992,16151.434,0.117214374
2731,2021.04.07.0,131.99615,147.75717,16151.434,0.10539725
2732,2021.04.01.0,104.47538,117.304214,16246.3955,0.053401835
2733,2021.04.06.0,50.351173,77.55783,16246.3955,0.051038407
2734,2021.04.07.0,32.46267,34.957726,16246.3955,0.03922127
2735,2021.04.01.0,236.57512,250.25415,16246.3955,0.1195778
2736,2021.04.06.0,170.52525,208.2605,16246.3955,0.117214374
2737,2021.04.07.0,154.93015,156.27675,16246.3955,0.10539725
2738,2021.04.01.0,130.16144,145.23123,16341.356,0.053401835
2739,2021.04.06.0,65.02892,103.72244,16341.356,0.051038407
2740,2021.04.07.0,43.92966,58.44136,16341.356,0.03922127
2741,2021.04.01.0,271.43478,293.66113,16341.356,0.1195778
2742,2021.04.06.0,194.37659,241.70486,16341.356,0.117214374
2743,2021.04.07.0,184.28564,178.00366,16341.356,0.10539725
2744,2021.04.01.0,158.59958,148.7226,16436.318,0.053401835
2745,2021.04.06.0,83.376114,118.73537,16436.318,0.051038407
2746,2021.04.07.0,58.607407,75.810196,16436.318,0.03922127
2747,2021.04.01.0,301.70764,313.58594,16436.318,0.1195778
2748,2021.04.06.0,226.48418,272.5787,16436.318,0.117214374
2749,2021.04.07.0,209.05434,221.94287,16436.318,0.10539725
2750,2021.04.01.0,192.54187,144.86827,16531.281,0.053401835
2751,2021.04.06.0,107.227455,142.14471,16531.281,0.051038407
2752,2021.04.07.0,79.70667,92.55863,16531.281,0.03922127
2753,2021.04.01.0,343.9062,309.64288,16531.281,0.1195778
2754,2021.04.06.0,261.3438,311.1895,16531.281,0.117214374
2755,2021.04.07.0,236.57512,266.33838,16531.281,0.10539725
2756,2021.04.01.0,189.7898,134.74174,16626.242,0.053401835
2757,2021.04.06.0,133.83087,151.49763,16626.242,0.051038407
2758,2021.04.07.0,105.39274,121.145004,16626.242,0.03922127
2759,2021.04.01.0,297.12085,258.3663,16626.242,0.1195778
2760,2021.04.06.0,298.0382,275.04425,16626.242,0.117214374
2761,2021.04.07.0,274.18686,277.98376,16626.242,0.10539725
2762,2021.04.01.0,148.50864,111.18043,16721.205,0.053401835
2763,2021.04.06.0,173.27734,139.01901,16721.205,0.051038407
2764,2021.04.07.0,136.58295,150.125,16721.205,0.03922127
2765,2021.04.01.0,254.92232,248.27806,16721.205,0.1195778
2766,2021.04.06.0,321.88953,257.1193,16721.205,0.117214374
2767,2021.04.07.0,309.96387,283.65533,16721.205,0.10539725
2768,2021.04.01.0,113.64897,83.30689,16816.166,0.053401835
2769,2021.04.06.0,149.426,102.49577,16816.166,0.051038407
2770,2021.04.07.0,151.26071,130.38446,16816.166,0.03922127
2771,2021.04.01.0,217.31056,181.09091,16816.166,0.1195778
2772,2021.04.06.0,276.02158,212.87155,16816.166,0.117214374
2773,2021.04.07.0,287.94727,259.99457,16816.166,0.10539725
2774,2021.04.06.0,372.3443,332.45782,16816.166,0.18339036
2775,2021.04.07.0,391.60883,352.64667,16816.166,0.17157322
2776,2021.04.01.0,84.29347,61.296272,16911.127,0.053401835
2777,2021.04.06.0,113.64897,88.374535,16911.127,0.051038407
2778,2021.04.07.0,110.8969,126.650345,16911.127,0.03922127
2779,2021.04.01.0,180.61621,172.57532,16911.127,0.1195778
2780,2021.04.06.0,241.16191,187.58249,16911.127,0.117214374
2781,2021.04.07.0,248.5008,232.26718,16911.127,0.10539725
2782,2021.04.01.0,62.276848,35.788357,17006.09,0.053401835
2783,2021.04.06.0,81.5414,55.856716,17006.09,0.051038407
2784,2021.04.07.0,79.70667,78.2545,17006.09,0.03922127
2785,2021.04.01.0,151.26071,133.9273,17006.09,0.1195778
2786,2021.04.06.0,204.46753,152.62936,17006.09,0.117214374
2787,2021.04.07.0,203.5502,200.8711,17006.09,0.10539725
2788,2021.04.01.0,241.16191,246.59854,17006.09,0.18575378
2789,2021.04.06.0,298.95557,260.9242,17006.09,0.18339036
2790,2021.04.07.0,310.88123,300.49698,17006.09,0.17157322
2791,2021.04.01.0,45.764378,28.334412,17101.05,0.053401835
2792,2021.04.06.0,56.77269,56.74154,17101.05,0.051038407
2793,2021.04.07.0,54.937973,72.9741,17101.05,0.03922127
2794,2021.04.01.0,125.574646,113.427185,17101.05,0.1195778
2795,2021.04.06.0,166.8558,134.21242,17101.05,0.117214374
2796,2021.04.07.0,173.27734,177.67596,17101.05,0.10539725
2797,2021.04.01.0,32.46267,26.265903,17196.014,0.053401835
2798,2021.04.06.0,39.801544,40.07461,17196.014,0.051038407
2799,2021.04.07.0,36.590786,43.83552,17196.014,0.03922127
2800,2021.04.01.0,106.3101,86.03068,17196.014,0.1195778
2801,2021.04.06.0,136.58295,109.69722,17196.014,0.117214374
2802,2021.04.07.0,144.83919,143.98477,17196.014,0.10539725
2803,2021.04.07.0,243.914,245.11731,17196.014,0.17157322
2804,2021.04.01.0,21.91304,21.75792,17290.975,0.053401835
2805,2021.04.06.0,26.499832,25.424225,17290.975,0.051038407
2806,2021.04.07.0,25.12379,27.718494,17290.975,0.03922127
2807,2021.04.01.0,87.96291,72.86092,17290.975,0.1195778
2808,2021.04.06.0,112.73161,88.74575,17290.975,0.117214374
2809,2021.04.07.0,123.73993,115.64331,17290.975,0.10539725
2810,2021.04.07.0,210.88907,219.18103,17290.975,0.17157322
2811,2021.04.01.0,16.867554,14.943504,17385.938,0.053401835
2812,2021.04.06.0,18.243599,20.975212,17385.938,0.051038407
2813,2021.04.07.0,16.408875,23.236202,17385.938,0.03922127
2814,2021.04.01.0,70.53308,65.283325,17385.938,0.1195778
2815,2021.04.06.0,97.136505,70.341805,17385.938,0.117214374
2816,2021.04.07.0,99.88858,100.90038,17385.938,0.10539725
2817,2021.04.01.0,145.75655,160.8447,17385.938,0.18575378
2818,2021.04.06.0,180.61621,169.77344,17385.938,0.18339036
2819,2021.04.07.0,187.03772,204.62408,17385.938,0.17157322
2820,2021.04.01.0,12.739441,12.42186,17480.898,0.053401835
2821,2021.04.06.0,12.280762,15.411873,17480.898,0.051038407
2822,2021.04.07.0,11.363403,12.709938,17480.898,0.03922127
2823,2021.04.01.0,56.77269,41.954872,17480.898,0.1195778
2824,2021.04.06.0,74.20252,50.022907,17480.898,0.117214374
2825,2021.04.07.0,78.789314,74.607735,17480.898,0.10539725
2826,2021.04.01.0,9.987366,10.925766,17575.861,0.053401835
2827,2021.04.06.0,8.703064,11.989357,17575.861,0.051038407
2828,2021.04.07.0,7.4187546,9.035751,17575.861,0.03922127
2829,2021.04.01.0,46.68174,40.29155,17575.861,0.1195778
2830,2021.04.06.0,59.52477,49.974125,17575.861,0.117214374
2831,2021.04.07.0,62.276848,58.57749,17575.861,0.10539725
2832,2021.04.07.0,140.2524,146.10582,17575.861,0.17157322
2833,2021.04.01.0,7.051811,7.5435104,17670.822,0.053401835
2834,2021.04.06.0,6.3179245,9.996834,17670.822,0.051038407
2835,2021.04.07.0,5.584038,8.524063,17670.822,0.03922127
2836,2021.04.01.0,39.342865,34.857376,17670.822,0.1195778
2837,2021.04.06.0,50.351173,39.94564,17670.822,0.117214374
2838,2021.04.07.0,57.69005,52.271446,17670.822,0.10539725
2839,2021.04.01.0,5.950981,7.671486,17765.783,0.053401835
2840,2021.04.06.0,4.941887,7.4023743,17765.783,0.051038407
2841,2021.04.07.0,4.4832077,5.8292236,17765.783,0.03922127
2842,2021.04.06.0,43.47098,33.380863,17765.783,0.117214374
2843,2021.04.07.0,42.09494,41.651516,17765.783,0.10539725
2844,2021.04.06.0,4.391472,5.1033554,17860.746,0.051038407
2845,2021.04.07.0,3.2906342,2.9574432,17860.746,0.03922127
2846,2021.04.01.0,5.308838,5.5986176,17955.707,0.053401835
2847,2021.04.06.0,3.3823776,4.7601547,17955.707,0.051038407
2848,2021.04.07.0,3.7493134,2.4453125,17955.707,0.03922127
2849,2021.04.06.0,29.710594,23.421223,17955.707,0.117214374
2850,2021.04.07.0,30.16927,31.293968,17955.707,0.10539725
2851,2021.04.01.0,58.607407,66.276825,17955.707,0.18575378
2852,2021.04.06.0,79.70667,63.883347,17955.707,0.18339036
2853,2021.04.07.0,82.458755,88.6096,17955.707,0.17157322
2854,2021.04.06.0,255.83968,225.87224,17955.707,0.6135342
2855,2021.04.06.0,25.582474,14.89817,18050.67,0.117214374
2856,2021.04.07.0,25.12379,22.546822,18050.67,0.10539725
2857,2021.04.07.0,19.619637,20.75747,18145.63,0.10539725
2858,2021.04.06.0,13.19812,13.636093,18335.555,0.117214374
2859,2021.04.07.0,13.19812,10.807472,18335.555,0.10539725
2860,2021.04.01.0,1.7311325,-0.8240967,18905.326,0.053401835
2861,2021.04.06.0,1.5476608,60.904243,18905.326,0.051038407
2862,2021.04.07.0,1.5476608,30.655483,18905.326,0.03922127
2863,2021.04.06.0,14.574158,9.94857,19665.02,0.18339036
2864,2021.04.012.0,5.584038,5.482788,9978.915,0.16448292
2865,2021.04.013.0,5.6757812,5.204506,9978.915,0.15739265
2866,2021.04.014.0,5.950981,5.281555,9978.915,0.15502922
2867,2021.04.014.0,7.4187546,5.6768265,10358.763,0.15502922
2868,2021.04.012.0,39.342865,48.952812,11498.305,0.37955484
2869,2021.04.013.0,39.801544,46.765236,11498.305,0.37246457
2870,2021.04.014.0,38.425507,45.603104,11498.305,0.37010112
2871,2021.04.013.0,14.574158,17.4077,12257.999,0.16448292
2872,2021.04.014.0,12.739441,17.814903,12257.999,0.15502922
2873,2021.04.013.0,52.185894,51.880314,12257.999,0.37246457
2874,2021.04.014.0,59.52477,55.920975,12257.999,0.37010112
2875,2021.04.012.0,1.3641815,1.1744232,13017.693,0.032130986
2876,2021.04.013.0,1.3641815,-0.1633606,13017.693,0.025040701
2877,2021.04.014.0,1.0889816,0.886261,13017.693,0.022677273
2878,2021.04.013.0,14.574158,19.928886,13017.693,0.15739265
2879,2021.04.014.0,17.78492,20.786896,13017.693,0.15502922
2880,2021.04.012.0,156.76486,177.50406,13017.693,0.5946268
2881,2021.04.013.0,162.26901,155.71373,13017.693,0.5875365
2882,2021.04.014.0,152.17807,151.29678,13017.693,0.5851731
2883,2021.04.014.0,1.0889816,-1.7786942,13112.655,0.022677273
2884,2021.04.012.0,1.0889816,1.7535782,13207.617,0.032130986
2885,2021.04.013.0,0.99723816,-1.4540176,13207.617,0.025040701
2886,2021.04.014.0,1.4559174,-1.5948486,13207.617,0.022677273
2887,2021.04.014.0,18.702278,24.410587,13207.617,0.15502922
2888,2021.04.014.0,172.35997,161.74097,13207.617,0.5851731
2889,2021.04.014.0,1.1807175,-0.8476486,13302.579,0.022677273
2890,2021.04.013.0,1.0889816,-1.3120117,13397.541,0.025040701
2891,2021.04.014.0,1.0889816,-0.9253845,13397.541,0.022677273
2892,2021.04.014.0,1.2724533,-1.074646,13492.502,0.022677273
2893,2021.04.012.0,9.070007,11.945587,13587.465,0.09830696
2894,2021.04.013.0,9.528687,7.6406326,13587.465,0.091216676
2895,2021.04.014.0,10.9047165,9.463394,13587.465,0.08885325
2896,2021.04.013.0,1.0889816,-0.3763199,13682.426,0.025040701
2897,2021.04.014.0,1.3641815,-2.3120956,13682.426,0.022677273
2898,2021.04.012.0,9.528687,12.377602,13682.426,0.09830696
2899,2021.04.014.0,12.739441,9.871475,13682.426,0.091216676
2900,2021.04.013.0,2.3732834,5.785454,13777.388,0.032130986
2901,2021.04.014.0,1.7311325,3.504776,13777.388,0.022677273
2902,2021.04.013.0,9.803894,12.7994,13777.388,0.091216676
2903,2021.04.014.0,14.1154785,7.9152374,13777.388,0.08885325
2904,2021.04.013.0,1.9145966,1.5015564,13967.312,0.025040701
2905,2021.04.014.0,1.5476608,0.57683563,13967.312,0.022677273
2906,2021.04.012.0,11.363403,16.081696,13967.312,0.09830696
2907,2021.04.013.0,11.8220825,9.787872,13967.312,0.091216676
2908,2021.04.014.0,13.19812,9.609642,13967.312,0.08885325
2909,2021.04.013.0,28.334553,34.815212,13967.312,0.15739265
2910,2021.04.014.0,30.627949,30.75721,13967.312,0.15502922
2911,2021.04.013.0,1.7311325,1.3489227,14062.273,0.032130986
2912,2021.04.014.0,2.189804,-0.7422943,14062.273,0.022677273
2913,2021.04.012.0,11.363403,15.66909,14062.273,0.09830696
2914,2021.04.013.0,12.739441,12.012527,14062.273,0.091216676
2915,2021.04.014.0,14.574158,12.386322,14062.273,0.08885325
2916,2021.04.013.0,27.875874,36.510365,14062.273,0.15739265
2917,2021.04.014.0,35.673428,30.560581,14062.273,0.15502922
2918,2021.04.012.0,2.6484833,0.4004364,14157.235,0.032130986
2919,2021.04.013.0,1.3641815,1.3430405,14157.235,0.025040701
2920,2021.04.014.0,1.6393967,-1.340744,14157.235,0.022677273
2921,2021.04.012.0,12.739441,18.13639,14157.235,0.09830696
2922,2021.04.013.0,13.656799,11.5933075,14157.235,0.091216676
2923,2021.04.014.0,14.574158,14.143379,14157.235,0.08885325
2924,2021.04.012.0,31.086628,40.947086,14157.235,0.16448292
2925,2021.04.013.0,31.086628,35.57421,14157.235,0.15739265
2926,2021.04.014.0,32.921345,34.93246,14157.235,0.15502922
2927,2021.04.012.0,2.189804,-0.4500885,14252.197,0.032130986
2928,2021.04.013.0,2.00634,-0.33966827,14252.197,0.025040701
2929,2021.04.014.0,1.7311325,0.1634674,14252.197,0.022677273
2930,2021.04.014.0,17.32624,13.59964,14252.197,0.08885325
2931,2021.04.012.0,1.7311325,0.51742554,14347.158,0.032130986
2932,2021.04.013.0,2.189804,-2.0623932,14347.158,0.025040701
2933,2021.04.014.0,1.7311325,2.7967682,14347.158,0.022677273
2934,2021.04.012.0,14.1154785,17.193565,14347.158,0.09830696
2935,2021.04.013.0,14.574158,14.448532,14347.158,0.091216676
2936,2021.04.014.0,16.408875,11.5520935,14347.158,0.08885325
2937,2021.04.012.0,1.8228607,3.5410004,14442.121,0.032130986
2938,2021.04.013.0,2.189804,-1.149559,14442.121,0.025040701
2939,2021.04.014.0,1.6393967,2.9046555,14442.121,0.022677273
2940,2021.04.013.0,15.491524,14.521332,14442.121,0.091216676
2941,2021.04.014.0,20.078316,16.853645,14442.121,0.08885325
2942,2021.04.012.0,2.189804,1.3535614,14537.082,0.032130986
2943,2021.04.013.0,1.6393967,-1.6867447,14537.082,0.025040701
2944,2021.04.014.0,2.00634,-1.6762772,14537.082,0.022677273
2945,2021.04.012.0,19.160957,21.539032,14537.082,0.09830696
2946,2021.04.013.0,17.78492,17.020988,14537.082,0.091216676
2947,2021.04.014.0,21.454361,12.326912,14537.082,0.08885325
2948,2021.04.012.0,2.28154,1.1818771,14632.044,0.032130986
2949,2021.04.013.0,2.556755,-1.7564011,14632.044,0.025040701
2950,2021.04.014.0,1.9145966,1.3008118,14632.044,0.022677273
2951,2021.04.012.0,16.867554,29.082932,14632.044,0.09830696
2952,2021.04.013.0,17.78492,19.69448,14632.044,0.091216676
2953,2021.04.014.0,19.160957,16.532005,14632.044,0.08885325
2954,2021.04.012.0,2.6484833,2.844284,14727.006,0.032130986
2955,2021.04.013.0,2.0980759,-1.2334518,14727.006,0.025040701
2956,2021.04.014.0,2.0980759,-1.1840515,14727.006,0.022677273
2957,2021.04.012.0,18.243599,26.698082,14727.006,0.09830696
2958,2021.04.013.0,17.78492,19.565453,14727.006,0.091216676
2959,2021.04.014.0,22.371712,16.249779,14727.006,0.08885325
2960,2021.04.012.0,2.556755,1.2519226,14821.968,0.032130986
2961,2021.04.013.0,2.7402267,-1.7165527,14821.968,0.025040701
2962,2021.04.014.0,2.189804,1.0694809,14821.968,0.022677273
2963,2021.04.012.0,20.078316,24.082905,14821.968,0.09830696
2964,2021.04.013.0,21.91304,20.535583,14821.968,0.091216676
2965,2021.04.014.0,22.371712,23.385406,14821.968,0.08885325
2966,2021.04.012.0,3.10717,2.463646,14916.93,0.032130986
2967,2021.04.013.0,2.28154,0.0069122314,14916.93,0.025040701
2968,2021.04.014.0,2.00634,-1.1097717,14916.93,0.022677273
2969,2021.04.012.0,21.454361,26.940933,14916.93,0.09830696
2970,2021.04.013.0,22.830395,20.926231,14916.93,0.091216676
2971,2021.04.014.0,22.830395,24.22374,14916.93,0.08885325
2972,2021.04.014.0,72.3678,68.28869,14916.93,0.15502922
2973,2021.04.012.0,2.7402267,4.255081,15011.892,0.032130986
2974,2021.04.013.0,2.6484833,-1.769455,15011.892,0.025040701
2975,2021.04.014.0,2.4650192,-0.36684418,15011.892,0.022677273
2976,2021.04.012.0,24.206432,25.714977,15011.892,0.09830696
2977,2021.04.013.0,25.582474,21.437057,15011.892,0.091216676
2978,2021.04.014.0,28.334553,21.17701,15011.892,0.08885325
2979,2021.04.012.0,3.3823776,4.021286,15106.854,0.032130986
2980,2021.04.013.0,2.831955,-1.1338425,15106.854,0.025040701
2981,2021.04.014.0,2.3732834,0.028045654,15106.854,0.022677273
2982,2021.04.012.0,26.958511,32.57782,15106.854,0.09830696
2983,2021.04.013.0,28.334553,27.316872,15106.854,0.091216676
2984,2021.04.014.0,28.793228,24.818298,15106.854,0.08885325
2985,2021.04.012.0,71.45044,72.55572,15106.854,0.16448292
2986,2021.04.013.0,71.45044,70.43016,15106.854,0.15739265
2987,2021.04.014.0,73.28516,68.70995,15106.854,0.15502922
2988,2021.04.012.0,3.10717,7.769432,15201.815,0.032130986
2989,2021.04.013.0,3.5658493,0.09183502,15201.815,0.025040701
2990,2021.04.014.0,3.0154343,2.6272278,15201.815,0.022677273
2991,2021.04.012.0,29.710594,28.79789,15201.815,0.09830696
2992,2021.04.013.0,32.00399,28.320564,15201.815,0.091216676
2993,2021.04.014.0,32.00399,26.30901,15201.815,0.08885325
2994,2021.04.012.0,3.6575851,5.226654,15296.777,0.032130986
2995,2021.04.013.0,3.4741135,2.0237045,15296.777,0.025040701
2996,2021.04.014.0,2.7402267,2.2308807,15296.777,0.022677273
2997,2021.04.012.0,33.380024,36.88376,15296.777,0.09830696
2998,2021.04.013.0,35.673428,30.366695,15296.777,0.091216676
2999,2021.04.014.0,35.21475,30.472202,15296.777,0.08885325
3000,2021.04.013.0,86.12819,76.821365,15296.777,0.15739265
3001,2021.04.014.0,87.96291,79.20377,15296.777,0.15502922
3002,2021.04.012.0,4.0245285,8.596306,15391.738,0.032130986
3003,2021.04.013.0,3.5658493,1.3608093,15391.738,0.025040701
3004,2021.04.014.0,3.0154343,2.920662,15391.738,0.022677273
3005,2021.04.012.0,36.590786,38.421925,15391.738,0.09830696
3006,2021.04.013.0,40.26022,32.80577,15391.738,0.091216676
3007,2021.04.014.0,38.425507,34.93164,15391.738,0.08885325
3008,2021.04.012.0,4.299736,7.19516,15486.7,0.032130986
3009,2021.04.013.0,3.6575851,2.4928284,15486.7,0.025040701
3010,2021.04.014.0,2.9236984,4.2111206,15486.7,0.022677273
3011,2021.04.012.0,43.0123,45.91717,15486.7,0.09830696
3012,2021.04.013.0,45.3057,38.29953,15486.7,0.091216676
3013,2021.04.014.0,43.47098,37.74476,15486.7,0.08885325
3014,2021.04.014.0,119.15312,98.40664,15486.7,0.15502922
3015,2021.04.012.0,4.758415,9.073479,15581.662,0.032130986
3016,2021.04.013.0,4.6666794,2.4399643,15581.662,0.025040701
3017,2021.04.014.0,3.2906342,4.2075653,15581.662,0.022677273
3018,2021.04.012.0,47.5991,49.3887,15581.662,0.09830696
3019,2021.04.013.0,52.185894,41.340237,15581.662,0.091216676
3020,2021.04.014.0,48.516457,44.981327,15581.662,0.08885325
3021,2021.04.013.0,120.98785,109.83215,15581.662,0.15739265
3022,2021.04.014.0,117.31841,108.51644,15581.662,0.15502922
3023,2021.04.012.0,5.308838,13.228912,15676.624,0.032130986
3024,2021.04.013.0,5.308838,5.8029633,15676.624,0.025040701
3025,2021.04.014.0,3.5658493,7.147461,15676.624,0.022677273
3026,2021.04.012.0,54.937973,55.00224,15676.624,0.09830696
3027,2021.04.013.0,60.44213,47.50119,15676.624,0.091216676
3028,2021.04.014.0,55.85533,48.305656,15676.624,0.08885325
3029,2021.04.013.0,138.41768,122.91628,15676.624,0.15739265
3030,2021.04.014.0,121.905205,129.8779,15676.624,0.15502922
3031,2021.04.012.0,6.4096603,17.328178,15771.586,0.032130986
3032,2021.04.013.0,5.6757812,8.48584,15771.586,0.025040701
3033,2021.04.014.0,3.9327927,6.942955,15771.586,0.022677273
3034,2021.04.012.0,65.02892,62.30606,15771.586,0.09830696
3035,2021.04.013.0,67.781006,54.826843,15771.586,0.091216676
3036,2021.04.014.0,64.111565,53.807537,15771.586,0.08885325
3037,2021.04.012.0,7.4187546,14.111267,15866.548,0.032130986
3038,2021.04.013.0,7.4187546,6.583313,15866.548,0.025040701
3039,2021.04.014.0,4.6666794,10.263893,15866.548,0.022677273
3040,2021.04.012.0,70.53308,67.57036,15866.548,0.09830696
3041,2021.04.013.0,78.789314,60.97072,15866.548,0.091216676
3042,2021.04.014.0,72.3678,66.30049,15866.548,0.08885325
3043,2021.04.014.0,165.0211,141.62498,15866.548,0.15502922
3044,2021.04.012.0,9.253471,13.941391,15961.51,0.032130986
3045,2021.04.013.0,8.978264,9.504349,15961.51,0.025040701
3046,2021.04.014.0,5.308838,10.675247,15961.51,0.022677273
3047,2021.04.012.0,84.29347,84.50314,15961.51,0.09830696
3048,2021.04.013.0,91.63235,74.49746,15961.51,0.091216676
3049,2021.04.014.0,83.376114,76.732574,15961.51,0.08885325
3050,2021.04.012.0,11.8220825,14.363564,16056.472,0.032130986
3051,2021.04.013.0,11.363403,6.334221,16056.472,0.025040701
3052,2021.04.014.0,6.7766037,9.066132,16056.472,0.022677273
3053,2021.04.012.0,98.05386,91.362175,16056.472,0.09830696
3054,2021.04.013.0,107.227455,84.990555,16056.472,0.091216676
3055,2021.04.014.0,95.30179,91.05912,16056.472,0.08885325
3056,2021.04.013.0,203.5502,166.54886,16056.472,0.15739265
3057,2021.04.014.0,191.62451,173.97954,16056.472,0.15502922
3058,2021.04.012.0,14.574158,19.226006,16151.434,0.032130986
3059,2021.04.013.0,14.574158,10.10157,16151.434,0.025040701
3060,2021.04.014.0,8.244377,12.512138,16151.434,0.022677273
3061,2021.04.012.0,113.64897,101.8045,16151.434,0.09830696
3062,2021.04.013.0,120.07049,97.66415,16151.434,0.091216676
3063,2021.04.014.0,109.97954,101.94634,16151.434,0.08885325
3064,2021.04.012.0,19.619637,25.267796,16246.3955,0.032130986
3065,2021.04.013.0,19.160957,17.378708,16246.3955,0.025040701
3066,2021.04.014.0,11.363403,13.276993,16246.3955,0.022677273
3067,2021.04.012.0,129.24408,119.64906,16246.3955,0.09830696
3068,2021.04.013.0,142.08711,111.53669,16246.3955,0.091216676
3069,2021.04.014.0,127.40936,119.28087,16246.3955,0.08885325
3070,2021.04.012.0,26.041153,24.239159,16341.356,0.032130986
3071,2021.04.013.0,26.958511,14.384071,16341.356,0.025040701
3072,2021.04.014.0,15.950203,17.97284,16341.356,0.022677273
3073,2021.04.012.0,152.17807,136.46767,16341.356,0.09830696
3074,2021.04.013.0,165.0211,128.63194,16341.356,0.091216676
3075,2021.04.014.0,147.59128,135.34286,16341.356,0.08885325
3076,2021.04.013.0,221.89737,247.04028,16341.356,0.15739265
3077,2021.04.014.0,282.44308,209.90536,16341.356,0.15502922
3078,2021.04.012.0,35.673428,31.411575,16436.318,0.032130986
3079,2021.04.013.0,36.590786,24.39848,16436.318,0.025040701
3080,2021.04.014.0,22.371712,26.75872,16436.318,0.022677273
3081,2021.04.012.0,172.35997,173.40419,16436.318,0.09830696
3082,2021.04.013.0,187.03772,159.34576,16436.318,0.091216676
3083,2021.04.014.0,170.52525,167.89697,16436.318,0.08885325
3084,2021.04.014.0,298.0382,238.14323,16436.318,0.15502922
3085,2021.04.012.0,47.5991,39.124447,16531.281,0.032130986
3086,2021.04.013.0,52.185894,29.770836,16531.281,0.025040701
3087,2021.04.014.0,32.921345,30.269238,16531.281,0.022677273
3088,2021.04.012.0,203.5502,192.09325,16531.281,0.09830696
3089,2021.04.013.0,218.22794,188.50179,16531.281,0.091216676
3090,2021.04.014.0,198.96341,196.81216,16531.281,0.08885325
3091,2021.04.012.0,68.698364,63.790512,16626.242,0.032130986
3092,2021.04.013.0,70.53308,57.17002,16626.242,0.025040701
3093,2021.04.014.0,48.516457,52.312706,16626.242,0.022677273
3094,2021.04.012.0,224.64944,220.33485,16626.242,0.09830696
3095,2021.04.013.0,246.66608,209.2926,16626.242,0.091216676
3096,2021.04.014.0,225.5668,221.6817,16626.242,0.08885325
3097,2021.04.012.0,93.467064,82.66951,16721.205,0.032130986
3098,2021.04.013.0,101.7233,73.27865,16721.205,0.025040701
3099,2021.04.014.0,71.45044,63.5486,16721.205,0.022677273
3100,2021.04.012.0,267.76535,243.6351,16721.205,0.09830696
3101,2021.04.013.0,288.86462,241.11963,16721.205,0.091216676
3102,2021.04.014.0,261.3438,250.16656,16721.205,0.08885325
3103,2021.04.012.0,129.24408,95.805405,16816.166,0.032130986
3104,2021.04.013.0,133.83087,78.17642,16816.166,0.025040701
3105,2021.04.014.0,103.55802,83.38622,16816.166,0.022677273
3106,2021.04.012.0,304.45972,280.2409,16816.166,0.09830696
3107,2021.04.013.0,289.78198,270.50427,16816.166,0.091216676
3108,2021.04.014.0,296.2035,254.86076,16816.166,0.08885325
3109,2021.04.014.0,409.0387,365.4032,16816.166,0.15502922
3110,2021.04.012.0,112.73161,116.82161,16911.127,0.032130986
3111,2021.04.013.0,90.71499,96.48036,16911.127,0.025040701
3112,2021.04.014.0,106.3101,75.443726,16911.127,0.022677273
3113,2021.04.012.0,260.42645,260.7361,16911.127,0.09830696
3114,2021.04.013.0,246.66608,252.14188,16911.127,0.091216676
3115,2021.04.014.0,267.76535,238.1165,16911.127,0.08885325
3116,2021.04.012.0,76.03724,71.0701,17006.09,0.032130986
3117,2021.04.013.0,56.77269,55.430492,17006.09,0.025040701
3118,2021.04.014.0,67.781006,40.593372,17006.09,0.022677273
3119,2021.04.012.0,218.22794,233.35979,17006.09,0.09830696
3120,2021.04.013.0,206.30226,221.22034,17006.09,0.091216676
3121,2021.04.014.0,225.5668,209.58743,17006.09,0.08885325
3122,2021.04.013.0,390.69147,347.94116,17006.09,0.16448292
3123,2021.04.014.0,320.97217,362.35583,17006.09,0.15502922
3124,2021.04.012.0,48.516457,65.232315,17101.05,0.032130986
3125,2021.04.013.0,34.297386,48.05076,17101.05,0.025040701
3126,2021.04.014.0,41.63626,32.83897,17101.05,0.022677273
3127,2021.04.012.0,181.53357,191.64139,17101.05,0.09830696
3128,2021.04.013.0,169.6079,180.90848,17101.05,0.091216676
3129,2021.04.014.0,185.203,167.13405,17101.05,0.08885325
3130,2021.04.013.0,271.43478,307.89587,17101.05,0.15739265
3131,2021.04.014.0,274.18686,289.06693,17101.05,0.15502922
3132,2021.04.012.0,28.793228,51.319202,17196.014,0.032130986
3133,2021.04.013.0,19.619637,32.45867,17196.014,0.025040701
3134,2021.04.014.0,23.28907,19.883766,17196.014,0.022677273
3135,2021.04.012.0,148.50864,159.63562,17196.014,0.09830696
3136,2021.04.013.0,143.00447,151.18091,17196.014,0.091216676
3137,2021.04.014.0,153.09543,143.37996,17196.014,0.08885325
3138,2021.04.013.0,261.3438,276.2578,17196.014,0.15739265
3139,2021.04.014.0,233.82304,270.1131,17196.014,0.15502922
3140,2021.04.012.0,17.32624,27.775848,17290.975,0.032130986
3141,2021.04.013.0,11.363403,19.658714,17290.975,0.025040701
3142,2021.04.014.0,13.656799,15.2450485,17290.975,0.022677273
3143,2021.04.012.0,121.905205,130.34138,17290.975,0.09830696
3144,2021.04.013.0,115.48369,125.0529,17290.975,0.091216676
3145,2021.04.014.0,126.492004,113.00345,17290.975,0.08885325
3146,2021.04.013.0,209.05434,238.57384,17290.975,0.15739265
3147,2021.04.014.0,208.13698,227.62354,17290.975,0.15502922
3148,2021.04.012.0,10.446045,20.057266,17385.938,0.032130986
3149,2021.04.013.0,6.7766037,14.513962,17385.938,0.025040701
3150,2021.04.014.0,7.693962,13.032333,17385.938,0.022677273
3151,2021.04.012.0,98.05386,103.98632,17385.938,0.09830696
3152,2021.04.013.0,93.467064,97.12753,17385.938,0.091216676
3153,2021.04.014.0,103.55802,92.922874,17385.938,0.08885325
3154,2021.04.012.0,198.96341,222.47438,17385.938,0.16448292
3155,2021.04.013.0,182.45093,214.39703,17385.938,0.15739265
3156,2021.04.014.0,184.28564,198.50482,17385.938,0.15502922
3157,2021.04.012.0,6.2261887,17.258797,17480.898,0.032130986
3158,2021.04.013.0,4.299736,14.195862,17480.898,0.025040701
3159,2021.04.014.0,4.6666794,13.268387,17480.898,0.022677273
3160,2021.04.012.0,80.62404,79.29687,17480.898,0.09830696
3161,2021.04.013.0,74.20252,78.53248,17480.898,0.091216676
3162,2021.04.014.0,83.376114,68.04143,17480.898,0.08885325
3163,2021.04.013.0,157.68222,183.8628,17480.898,0.15739265
3164,2021.04.014.0,141.16975,186.20181,17480.898,0.15502922
3165,2021.04.012.0,4.5749435,11.824348,17575.861,0.032130986
3166,2021.04.013.0,3.0154343,9.377296,17575.861,0.025040701
3167,2021.04.014.0,3.5658493,7.4818573,17575.861,0.022677273
3168,2021.04.012.0,64.111565,57.74913,17575.861,0.09830696
3169,2021.04.013.0,60.44213,55.76776,17575.861,0.091216676
3170,2021.04.014.0,65.02892,53.70273,17575.861,0.08885325
3171,2021.04.014.0,136.58295,172.9469,17575.861,0.15502922
3172,2021.04.012.0,3.198906,8.293167,17670.822,0.032130986
3173,2021.04.013.0,1.5476608,7.3560333,17670.822,0.025040701
3174,2021.04.014.0,2.7402267,4.918991,17670.822,0.022677273
3175,2021.04.012.0,51.268536,47.81279,17670.822,0.09830696
3176,2021.04.013.0,48.516457,38.897755,17670.822,0.091216676
3177,2021.04.014.0,53.103252,39.62596,17670.822,0.08885325
3178,2021.04.014.0,115.48369,147.45628,17670.822,0.15502922
3179,2021.04.012.0,2.6484833,3.6295547,17765.783,0.032130986
3180,2021.04.013.0,2.189804,3.4914703,17765.783,0.025040701
3181,2021.04.014.0,1.8228607,3.360054,17765.783,0.022677273
3182,2021.04.013.0,37.966824,42.25582,17765.783,0.091216676
3183,2021.04.014.0,42.09494,38.79474,17765.783,0.08885325
3184,2021.04.013.0,1.8228607,2.2973862,17860.746,0.025040701
3185,2021.04.014.0,2.0980759,1.885025,17860.746,0.022677273
3186,2021.04.013.0,30.627949,27.975658,17860.746,0.091216676
3187,2021.04.014.0,32.921345,21.86911,17860.746,0.08885325
3188,2021.04.013.0,1.1807175,-0.2941208,17955.707,0.025040701
3189,2021.04.014.0,1.1807175,3.7782974,17955.707,0.022677273
3190,2021.04.012.0,25.12379,25.938107,17955.707,0.09830696
3191,2021.04.013.0,24.206432,27.51315,17955.707,0.091216676
3192,2021.04.014.0,26.499832,27.474953,17955.707,0.08885325
3193,2021.04.012.0,65.94629,97.64382,17955.707,0.16448292
3194,2021.04.013.0,74.20252,71.10013,17955.707,0.15739265
3195,2021.04.014.0,71.45044,79.73717,17955.707,0.15502922
3196,2021.04.014.0,220.06265,293.6488,17955.707,0.5851731
3197,2021.04.012.0,20.995674,22.910423,18050.67,0.09830696
3198,2021.04.013.0,20.078316,20.705597,18050.67,0.091216676
3199,2021.04.014.0,21.91304,21.83889,18050.67,0.08885325
3200,2021.04.012.0,16.867554,12.5609665,18145.63,0.09830696
3201,2021.04.013.0,18.243599,14.396194,18145.63,0.091216676
3202,2021.04.014.0,15.491524,19.581093,18145.63,0.08885325
3203,2021.04.013.0,13.656799,13.955673,18240.594,0.091216676
3204,2021.04.014.0,14.1154785,13.347969,18240.594,0.08885325
3205,2021.04.013.0,11.363403,9.742813,18335.555,0.091216676
3206,2021.04.014.0,10.9047165,9.301598,18335.555,0.08885325
3207,2021.04.013.0,0.9055023,3.9621887,18905.326,0.032130986
3208,2021.04.019.0,4.850151,6.726143,9978.915,0.14793894
3209,2021.04.020.0,4.941887,3.8225632,9978.915,0.14084865
3210,2021.04.021.0,4.5749435,3.3773193,9978.915,0.13848522
3211,2021.04.019.0,34.756065,40.893368,11498.305,0.36301085
3212,2021.04.020.0,36.590786,37.316544,11498.305,0.35592058
3213,2021.04.021.0,36.590786,35.359837,11498.305,0.35355714
3214,2021.04.020.0,12.280762,12.068764,12257.999,0.14084865
3215,2021.04.021.0,11.363403,7.8573685,12257.999,0.13848522
3216,2021.04.021.0,50.351173,41.830807,12257.999,0.35592058
3217,2021.04.019.0,132.91351,150.69066,13017.693,0.5780828
3218,2021.04.020.0,137.50032,137.0585,13017.693,0.57099247
3219,2021.04.021.0,140.2524,136.09726,13017.693,0.568629
3220,2021.04.021.0,17.32624,12.163033,13207.617,0.13848522
3221,2021.04.019.0,74.20252,99.47853,13207.617,0.36301085
3222,2021.04.021.0,74.20252,88.2799,13207.617,0.35592058
3223,2021.04.019.0,10.446045,7.389839,13587.465,0.08176296
3224,2021.04.020.0,10.446045,8.106369,13587.465,0.074672684
3225,2021.04.021.0,9.070007,5.9511337,13587.465,0.072309256
3226,2021.04.020.0,9.987366,6.7890472,13682.426,0.074672684
3227,2021.04.021.0,9.620415,4.7369766,13682.426,0.072309256
3228,2021.04.020.0,11.363403,7.0918045,13777.388,0.074672684
3229,2021.04.021.0,10.9047165,5.433975,13777.388,0.072309256
3230,2021.04.021.0,10.9047165,4.7200546,13872.35,0.072309256
3231,2021.04.019.0,12.739441,5.4158936,13967.312,0.08176296
3232,2021.04.020.0,13.19812,5.9539185,13967.312,0.074672684
3233,2021.04.021.0,12.280762,5.8606033,13967.312,0.072309256
3234,2021.04.019.0,12.739441,7.598625,14062.273,0.08176296
3235,2021.04.020.0,12.739441,6.6167755,14062.273,0.074672684
3236,2021.04.021.0,13.656799,6.4346237,14062.273,0.072309256
3237,2021.04.019.0,15.032837,9.5477295,14157.235,0.08176296
3238,2021.04.020.0,13.656799,11.672356,14157.235,0.074672684
3239,2021.04.021.0,13.19812,8.190254,14157.235,0.072309256
3240,2021.04.019.0,27.875874,30.499214,14157.235,0.14793894
3241,2021.04.020.0,28.334553,33.24401,14157.235,0.14084865
3242,2021.04.021.0,28.334553,36.17761,14157.235,0.13848522
3243,2021.04.020.0,14.574158,8.859688,14252.197,0.074672684
3244,2021.04.021.0,13.656799,6.1851807,14252.197,0.072309256
3245,2021.04.019.0,15.032837,11.05191,14347.158,0.08176296
3246,2021.04.020.0,14.574158,9.289055,14347.158,0.074672684
3247,2021.04.021.0,13.656799,8.121399,14347.158,0.072309256
3248,2021.04.019.0,15.491524,10.300575,14442.121,0.08176296
3249,2021.04.020.0,15.950203,10.792267,14442.121,0.074672684
3250,2021.04.021.0,14.574158,9.390007,14442.121,0.072309256
3251,2021.04.019.0,15.950203,15.316933,14537.082,0.08176296
3252,2021.04.020.0,15.950203,12.67923,14537.082,0.074672684
3253,2021.04.021.0,15.950203,10.729439,14537.082,0.072309256
3254,2021.04.020.0,35.21475,39.957577,14537.082,0.14084865
3255,2021.04.021.0,37.966824,44.292828,14537.082,0.13848522
3256,2021.04.019.0,16.867554,15.445564,14632.044,0.08176296
3257,2021.04.020.0,16.408875,12.155655,14632.044,0.074672684
3258,2021.04.021.0,15.950203,9.609932,14632.044,0.072309256
3259,2021.04.020.0,41.17758,44.430084,14632.044,0.14084865
3260,2021.04.019.0,19.619637,17.289139,14727.006,0.08176296
3261,2021.04.020.0,17.78492,15.6942215,14727.006,0.074672684
3262,2021.04.021.0,17.32624,11.010147,14727.006,0.072309256
3263,2021.04.021.0,40.26022,33.566345,14727.006,0.13848522
3264,2021.04.019.0,18.702278,16.821182,14821.968,0.08176296
3265,2021.04.020.0,18.243599,14.967072,14821.968,0.074672684
3266,2021.04.021.0,18.243599,13.393158,14821.968,0.072309256
3267,2021.04.021.0,43.92966,50.251713,14821.968,0.13848522
3268,2021.04.019.0,18.702278,14.862312,14916.93,0.08176296
3269,2021.04.020.0,18.702278,12.96283,14916.93,0.074672684
3270,2021.04.021.0,18.702278,15.221092,14916.93,0.072309256
3271,2021.04.019.0,43.47098,42.12312,14916.93,0.14793894
3272,2021.04.020.0,46.223057,37.034058,14916.93,0.14084865
3273,2021.04.021.0,48.516457,42.38077,14916.93,0.13848522
3274,2021.04.019.0,21.454361,22.153015,15011.892,0.08176296
3275,2021.04.020.0,21.454361,21.628876,15011.892,0.074672684
3276,2021.04.021.0,20.995674,19.828453,15011.892,0.072309256
3277,2021.04.019.0,22.371712,22.866177,15106.854,0.08176296
3278,2021.04.020.0,21.454361,23.2738,15106.854,0.074672684
3279,2021.04.021.0,21.91304,22.206512,15106.854,0.072309256
3280,2021.04.019.0,50.351173,61.683193,15106.854,0.14793894
3281,2021.04.020.0,52.185894,50.787468,15106.854,0.14084865
3282,2021.04.021.0,55.85533,53.435112,15106.854,0.13848522
3283,2021.04.019.0,23.747757,23.93369,15201.815,0.08176296
3284,2021.04.020.0,23.28907,18.18016,15201.815,0.074672684
3285,2021.04.021.0,21.91304,20.721336,15201.815,0.072309256
3286,2021.04.019.0,25.582474,24.05251,15296.777,0.08176296
3287,2021.04.020.0,25.12379,24.734417,15296.777,0.074672684
3288,2021.04.021.0,25.582474,21.420364,15296.777,0.072309256
3289,2021.04.020.0,64.111565,58.53237,15296.777,0.14084865
3290,2021.04.021.0,65.94629,61.842415,15296.777,0.13848522
3291,2021.04.019.0,27.417187,25.824032,15391.738,0.08176296
3292,2021.04.020.0,26.958511,24.86259,15391.738,0.074672684
3293,2021.04.021.0,27.875874,28.112778,15391.738,0.072309256
3294,2021.04.020.0,65.94629,49.032135,15391.738,0.14084865
3295,2021.04.021.0,67.781006,53.464798,15391.738,0.13848522
3296,2021.04.019.0,30.627949,30.481495,15486.7,0.08176296
3297,2021.04.020.0,29.251907,27.090199,15486.7,0.074672684
3298,2021.04.021.0,29.710594,30.555973,15486.7,0.072309256
3299,2021.04.020.0,72.3678,67.25031,15486.7,0.14084865
3300,2021.04.021.0,74.20252,63.463303,15486.7,0.13848522
3301,2021.04.021.0,321.88953,359.58167,15486.7,0.35355714
3302,2021.04.019.0,32.921345,35.365852,15581.662,0.08176296
3303,2021.04.020.0,32.46267,32.792118,15581.662,0.074672684
3304,2021.04.021.0,32.46267,35.45765,15581.662,0.072309256
3305,2021.04.019.0,79.70667,81.01138,15581.662,0.14793894
3306,2021.04.020.0,74.20252,74.29394,15581.662,0.14084865
3307,2021.04.021.0,85.21083,68.04928,15581.662,0.13848522
3308,2021.04.019.0,36.590786,34.87727,15676.624,0.08176296
3309,2021.04.020.0,34.756065,35.16201,15676.624,0.074672684
3310,2021.04.021.0,36.590786,34.40826,15676.624,0.072309256
3311,2021.04.020.0,83.376114,80.43534,15676.624,0.14084865
3312,2021.04.021.0,92.549706,77.217316,15676.624,0.13848522
3313,2021.04.019.0,40.26022,43.140366,15771.586,0.08176296
3314,2021.04.020.0,38.884182,40.219727,15771.586,0.074672684
3315,2021.04.021.0,40.718903,37.371292,15771.586,0.072309256
3316,2021.04.020.0,103.55802,89.31763,15771.586,0.14084865
3317,2021.04.021.0,96.21915,96.7953,15771.586,0.13848522
3318,2021.04.019.0,43.92966,44.179432,15866.548,0.08176296
3319,2021.04.020.0,41.63626,36.720848,15866.548,0.074672684
3320,2021.04.021.0,44.84702,38.00703,15866.548,0.072309256
3321,2021.04.019.0,101.7233,111.056305,15866.548,0.14793894
3322,2021.04.020.0,100.80594,98.396835,15866.548,0.14084865
3323,2021.04.021.0,109.06218,90.494446,15866.548,0.13848522
3324,2021.04.019.0,49.433815,47.86103,15961.51,0.08176296
3325,2021.04.020.0,46.68174,40.801373,15961.51,0.074672684
3326,2021.04.021.0,51.268536,41.367893,15961.51,0.072309256
3327,2021.04.021.0,114.56633,103.27824,15961.51,0.13848522
3328,2021.04.019.0,54.937973,54.00149,16056.472,0.08176296
3329,2021.04.020.0,53.103252,44.451675,16056.472,0.074672684
3330,2021.04.021.0,59.52477,45.466663,16056.472,0.072309256
3331,2021.04.019.0,123.73993,134.32318,16056.472,0.14793894
3332,2021.04.020.0,131.0788,117.86002,16056.472,0.14084865
3333,2021.04.021.0,135.6656,117.66754,16056.472,0.13848522
3334,2021.04.019.0,60.44213,61.271496,16151.434,0.08176296
3335,2021.04.020.0,58.607407,46.257458,16151.434,0.074672684
3336,2021.04.021.0,65.02892,44.68199,16151.434,0.072309256
3337,2021.04.019.0,148.50864,155.78375,16151.434,0.14793894
3338,2021.04.020.0,145.75655,144.8313,16151.434,0.14084865
3339,2021.04.021.0,145.75655,137.96985,16151.434,0.13848522
3340,2021.04.019.0,69.61572,67.618004,16246.3955,0.08176296
3341,2021.04.020.0,65.94629,55.94668,16246.3955,0.074672684
3342,2021.04.021.0,75.11988,51.394714,16246.3955,0.072309256
3343,2021.04.020.0,147.59128,156.56497,16246.3955,0.14084865
3344,2021.04.021.0,172.35997,139.9149,16246.3955,0.13848522
3345,2021.04.019.0,79.70667,74.261734,16341.356,0.08176296
3346,2021.04.020.0,75.11988,62.4221,16341.356,0.074672684
3347,2021.04.021.0,86.12819,58.051735,16341.356,0.072309256
3348,2021.04.019.0,167.77318,203.47876,16341.356,0.14793894
3349,2021.04.020.0,165.0211,168.05359,16341.356,0.14084865
3350,2021.04.021.0,188.87244,159.53444,16341.356,0.13848522
3351,2021.04.019.0,89.79763,91.89647,16436.318,0.08176296
3352,2021.04.020.0,86.12819,72.04531,16436.318,0.074672684
3353,2021.04.021.0,98.05386,63.67237,16436.318,0.072309256
3354,2021.04.020.0,175.11205,180.3899,16436.318,0.14084865
3355,2021.04.021.0,209.97171,164.40332,16436.318,0.13848522
3356,2021.04.019.0,103.55802,115.6585,16531.281,0.08176296
3357,2021.04.020.0,97.136505,91.611435,16531.281,0.074672684
3358,2021.04.021.0,110.8969,79.66478,16531.281,0.072309256
3359,2021.04.021.0,225.5668,190.23306,16531.281,0.13848522
3360,2021.04.019.0,119.15312,129.06381,16626.242,0.08176296
3361,2021.04.020.0,111.814255,105.360344,16626.242,0.074672684
3362,2021.04.021.0,128.32672,87.450745,16626.242,0.072309256
3363,2021.04.019.0,231.07097,262.97086,16626.242,0.14793894
3364,2021.04.020.0,232.90569,212.82167,16626.242,0.14084865
3365,2021.04.021.0,250.33553,209.11519,16626.242,0.13848522
3366,2021.04.019.0,138.41768,148.84378,16721.205,0.08176296
3367,2021.04.020.0,127.40936,122.44737,16721.205,0.074672684
3368,2021.04.021.0,148.50864,111.49829,16721.205,0.072309256
3369,2021.04.019.0,156.76486,170.94489,16816.166,0.08176296
3370,2021.04.020.0,145.75655,137.22168,16816.166,0.074672684
3371,2021.04.021.0,170.52525,114.02393,16816.166,0.072309256
3372,2021.04.020.0,278.77365,266.3073,16816.166,0.14084865
3373,2021.04.021.0,300.79028,244.42911,16816.166,0.13848522
3374,2021.04.019.0,183.36829,211.95291,16911.127,0.08176296
3375,2021.04.020.0,168.69054,172.35109,16911.127,0.074672684
3376,2021.04.021.0,199.88077,144.76428,16911.127,0.072309256
3377,2021.04.019.0,214.5585,220.02992,17006.09,0.08176296
3378,2021.04.020.0,196.21132,176.14081,17006.09,0.074672684
3379,2021.04.021.0,229.23624,160.00314,17006.09,0.072309256
3380,2021.04.020.0,341.15408,337.6997,17006.09,0.14084865
3381,2021.04.021.0,387.9394,326.67825,17006.09,0.13848522
3382,2021.04.019.0,244.83136,260.48566,17101.05,0.08176296
3383,2021.04.020.0,226.48418,221.94693,17101.05,0.074672684
3384,2021.04.021.0,265.9306,195.7125,17101.05,0.072309256
3385,2021.04.021.0,409.0387,373.3263,17101.05,0.14084865
3386,2021.04.019.0,285.1952,242.76463,17196.014,0.08176296
3387,2021.04.020.0,263.17853,249.01112,17196.014,0.074672684
3388,2021.04.021.0,248.5008,225.01459,17196.014,0.072309256
3389,2021.04.020.0,399.86505,356.9101,17196.014,0.14084865
3390,2021.04.021.0,365.9228,363.31714,17196.014,0.13848522
3391,2021.04.019.0,254.00494,208.05255,17290.975,0.08176296
3392,2021.04.020.0,265.01324,235.3751,17290.975,0.074672684
3393,2021.04.021.0,203.5502,244.88844,17290.975,0.072309256
3394,2021.04.019.0,358.58392,302.98315,17290.975,0.14793894
3395,2021.04.020.0,364.08807,329.41843,17290.975,0.14084865
3396,2021.04.021.0,312.71594,335.43808,17290.975,0.13848522
3397,2021.04.019.0,209.97171,182.1535,17385.938,0.08176296
3398,2021.04.020.0,220.06265,203.38211,17385.938,0.074672684
3399,2021.04.021.0,165.93845,212.90921,17385.938,0.072309256
3400,2021.04.019.0,268.68268,267.078,17385.938,0.14793894
3401,2021.04.020.0,312.71594,289.1935,17385.938,0.14084865
3402,2021.04.021.0,266.848,314.82834,17385.938,0.13848522
3403,2021.04.019.0,170.52525,147.296,17480.898,0.08176296
3404,2021.04.020.0,177.86414,170.51794,17480.898,0.074672684
3405,2021.04.021.0,131.0788,177.76212,17480.898,0.072309256
3406,2021.04.019.0,278.77365,245.75356,17480.898,0.14793894
3407,2021.04.020.0,265.9306,279.5909,17480.898,0.14084865
3408,2021.04.021.0,243.914,283.9026,17480.898,0.13848522
3409,2021.04.019.0,138.41768,121.93796,17575.861,0.08176296
3410,2021.04.020.0,143.00447,141.18169,17575.861,0.074672684
3411,2021.04.021.0,103.55802,153.88132,17575.861,0.072309256
3412,2021.04.020.0,241.16191,221.51485,17575.861,0.14084865
3413,2021.04.021.0,202.63283,238.3146,17575.861,0.13848522
3414,2021.04.019.0,110.8969,93.186874,17670.822,0.08176296
3415,2021.04.020.0,113.64897,108.22688,17670.822,0.074672684
3416,2021.04.021.0,79.70667,115.19945,17670.822,0.072309256
3417,2021.04.019.0,200.79811,182.09534,17670.822,0.14793894
3418,2021.04.020.0,198.96341,192.53104,17670.822,0.14084865
3419,2021.04.021.0,170.52525,201.17386,17670.822,0.13848522
3420,2021.04.019.0,87.04555,75.25974,17765.783,0.08176296
3421,2021.04.020.0,90.71499,76.13688,17765.783,0.074672684
3422,2021.04.021.0,61.35949,79.469955,17765.783,0.072309256
3423,2021.04.019.0,173.27734,155.14456,17765.783,0.14793894
3424,2021.04.020.0,179.69885,166.61438,17765.783,0.14084865
3425,2021.04.021.0,148.50864,161.02353,17765.783,0.13848522
3426,2021.04.019.0,67.781006,56.445145,17860.746,0.08176296
3427,2021.04.020.0,68.698364,65.28384,17860.746,0.074672684
3428,2021.04.021.0,46.223057,68.392365,17860.746,0.072309256
3429,2021.04.021.0,126.492004,144.38849,17860.746,0.13848522
3430,2021.04.019.0,53.103252,45.663948,17955.707,0.08176296
3431,2021.04.020.0,54.020615,40.22321,17955.707,0.074672684
3432,2021.04.021.0,35.673428,46.44733,17955.707,0.072309256
3433,2021.04.019.0,127.40936,111.20033,17955.707,0.14793894
3434,2021.04.020.0,130.16144,114.5521,17955.707,0.14084865
3435,2021.04.021.0,104.47538,117.55502,17955.707,0.13848522
3436,2021.04.021.0,216.39322,234.39014,17955.707,0.35355714
3437,2021.04.019.0,41.17758,29.958046,18050.67,0.08176296
3438,2021.04.020.0,42.09494,32.42173,18050.67,0.074672684
3439,2021.04.021.0,26.499832,35.140095,18050.67,0.072309256
3440,2021.04.019.0,32.00399,24.63924,18145.63,0.08176296
3441,2021.04.020.0,32.46267,25.259495,18145.63,0.074672684
3442,2021.04.021.0,20.078316,29.949833,18145.63,0.072309256
3443,2021.04.020.0,92.549706,91.67128,18145.63,0.14084865
3444,2021.04.021.0,71.45044,97.063774,18145.63,0.13848522
3445,2021.04.019.0,24.206432,25.61647,18240.594,0.08176296
3446,2021.04.020.0,24.665112,22.390068,18240.594,0.074672684
3447,2021.04.021.0,15.491524,24.425327,18240.594,0.072309256
3448,2021.04.021.0,61.35949,70.35388,18240.594,0.13848522
3449,2021.04.019.0,17.78492,15.644791,18335.555,0.08176296
3450,2021.04.020.0,17.78492,11.758789,18335.555,0.074672684
3451,2021.04.021.0,12.739441,15.486412,18335.555,0.072309256
3452,2021.04.019.0,15.491524,9.883537,18430.518,0.08176296
3453,2021.04.020.0,14.574158,10.386108,18430.518,0.074672684
3454,2021.04.021.0,9.89563,9.768211,18430.518,0.072309256
3455,2021.04.026.0,5.2170944,0.40361786,9978.915,0.13139495
3456,2021.04.027.0,5.0336227,0.16810608,9978.915,0.12430467
3457,2021.04.028.0,5.492302,-0.6345749,9978.915,0.12194124
3458,2021.04.026.0,34.297386,32.70041,11498.305,0.34646687
3459,2021.04.027.0,33.83871,26.192368,11498.305,0.3393766
3460,2021.04.028.0,34.756065,22.200775,11498.305,0.33701316
3461,2021.04.026.0,124.65729,152.68607,13017.693,0.5615388
3462,2021.04.027.0,127.40936,148.3082,13017.693,0.5544485
3463,2021.04.028.0,123.73993,146.93767,13017.693,0.55208504
3464,2021.04.027.0,15.032837,11.0216675,13207.617,0.12430467
3465,2021.04.028.0,15.950203,8.392731,13207.617,0.12194124
3466,2021.04.027.0,74.20252,72.907234,13207.617,0.3393766
3467,2021.04.028.0,73.28516,74.10785,13207.617,0.33701316
3468,2021.04.026.0,4.0245285,1.7137756,13587.465,0.06521897
3469,2021.04.027.0,4.0245285,-0.40999603,13587.465,0.058128685
3470,2021.04.028.0,4.391472,-0.46141815,13587.465,0.05576526
3471,2021.04.027.0,5.0336227,-0.31048584,13682.426,0.058128685
3472,2021.04.028.0,4.850151,0.32510376,13682.426,0.05576526
3473,2021.04.026.0,4.850151,2.831871,13777.388,0.06521897
3474,2021.04.027.0,5.950981,0.10790253,13777.388,0.058128685
3475,2021.04.028.0,5.6757812,1.7679901,13777.388,0.05576526
3476,2021.04.027.0,7.143547,0.7974014,13872.35,0.058128685
3477,2021.04.028.0,5.0336227,1.7732239,13872.35,0.05576526
3478,2021.04.026.0,5.584038,3.060257,13967.312,0.06521897
3479,2021.04.027.0,7.143547,0.55506897,13967.312,0.058128685
3480,2021.04.028.0,5.6757812,2.2635498,13967.312,0.05576526
3481,2021.04.026.0,5.8592453,4.193016,14062.273,0.06521897
3482,2021.04.027.0,6.3179245,1.1462479,14062.273,0.058128685
3483,2021.04.028.0,6.2261887,1.8320389,14062.273,0.05576526
3484,2021.04.026.0,6.5931396,2.870308,14157.235,0.06521897
3485,2021.04.027.0,6.9600754,1.666481,14157.235,0.058128685
3486,2021.04.028.0,6.4096603,1.8462753,14157.235,0.05576526
3487,2021.04.026.0,24.665112,27.282795,14157.235,0.13139495
3488,2021.04.027.0,23.747757,23.936981,14157.235,0.12430467
3489,2021.04.028.0,22.371712,22.455853,14157.235,0.12194124
3490,2021.04.027.0,7.785698,1.4996796,14252.197,0.058128685
3491,2021.04.026.0,7.2352905,3.5961304,14347.158,0.06521897
3492,2021.04.027.0,7.785698,0.31532288,14347.158,0.058128685
3493,2021.04.028.0,7.143547,1.803154,14347.158,0.05576526
3494,2021.04.028.0,26.958511,27.618267,14347.158,0.12430467
3495,2021.04.026.0,7.4187546,4.719322,14442.121,0.06521897
3496,2021.04.027.0,8.152641,0.82434845,14442.121,0.058128685
3497,2021.04.028.0,7.2352905,2.5207825,14442.121,0.05576526
3498,2021.04.026.0,7.9691772,4.5214767,14537.082,0.06521897
3499,2021.04.027.0,8.886536,1.3382797,14537.082,0.058128685
3500,2021.04.028.0,8.427856,3.0025024,14537.082,0.05576526
3501,2021.04.026.0,8.6113205,6.65567,14632.044,0.06521897
3502,2021.04.027.0,9.253471,3.2285461,14632.044,0.058128685
3503,2021.04.028.0,8.978264,4.7643814,14632.044,0.05576526
3504,2021.04.028.0,31.086628,31.63921,14632.044,0.12194124
3505,2021.04.026.0,9.345215,10.297348,14727.006,0.06521897
3506,2021.04.027.0,9.89563,4.263069,14727.006,0.058128685
3507,2021.04.028.0,9.161743,4.643692,14727.006,0.05576526
3508,2021.04.026.0,37.049465,36.817966,14727.006,0.13139495
3509,2021.04.027.0,35.21475,41.184204,14727.006,0.12430467
3510,2021.04.028.0,32.00399,38.140003,14727.006,0.12194124
3511,2021.04.026.0,10.446045,6.3475647,14821.968,0.06521897
3512,2021.04.027.0,10.446045,3.3596802,14821.968,0.058128685
3513,2021.04.028.0,9.987366,3.541626,14821.968,0.05576526
3514,2021.04.026.0,9.987366,7.0466995,14916.93,0.06521897
3515,2021.04.027.0,9.987366,5.8153305,14916.93,0.058128685
3516,2021.04.028.0,9.528687,4.6734314,14916.93,0.05576526
3517,2021.04.026.0,40.26022,46.993404,14916.93,0.13139495
3518,2021.04.027.0,37.966824,34.216103,14916.93,0.12430467
3519,2021.04.028.0,37.508144,37.474445,14916.93,0.12194124
3520,2021.04.026.0,10.9047165,7.174423,15011.892,0.06521897
3521,2021.04.027.0,11.8220825,3.8938828,15011.892,0.058128685
3522,2021.04.028.0,10.9047165,6.8303986,15011.892,0.05576526
3523,2021.04.026.0,12.280762,9.654816,15106.854,0.06521897
3524,2021.04.027.0,12.280762,5.434677,15106.854,0.058128685
3525,2021.04.028.0,11.363403,5.1589127,15106.854,0.05576526
3526,2021.04.026.0,44.84702,44.741062,15106.854,0.13139495
3527,2021.04.027.0,43.92966,44.669147,15106.854,0.12430467
3528,2021.04.028.0,41.17758,46.23262,15106.854,0.12194124
3529,2021.04.028.0,207.21962,215.22597,15106.854,0.33701316
3530,2021.04.026.0,12.739441,12.770325,15201.815,0.06521897
3531,2021.04.027.0,13.656799,7.341545,15201.815,0.058128685
3532,2021.04.028.0,12.739441,10.436005,15201.815,0.05576526
3533,2021.04.027.0,49.433815,35.472496,15201.815,0.12430467
3534,2021.04.028.0,46.68174,38.067318,15201.815,0.12194124
3535,2021.04.026.0,13.656799,15.381828,15296.777,0.06521897
3536,2021.04.027.0,13.656799,10.625694,15296.777,0.058128685
3537,2021.04.028.0,13.19812,12.401024,15296.777,0.05576526
3538,2021.04.026.0,53.103252,49.18964,15296.777,0.13139495
3539,2021.04.027.0,50.351173,47.10369,15296.777,0.12430467
3540,2021.04.028.0,48.516457,48.646935,15296.777,0.12194124
3541,2021.04.026.0,15.032837,16.738869,15391.738,0.06521897
3542,2021.04.027.0,15.491524,12.189728,15391.738,0.058128685
3543,2021.04.028.0,14.574158,13.152054,15391.738,0.05576526
3544,2021.04.026.0,55.85533,53.564648,15391.738,0.13139495
3545,2021.04.027.0,55.85533,42.309666,15391.738,0.12430467
3546,2021.04.028.0,57.69005,47.980415,15391.738,0.12194124
3547,2021.04.026.0,15.491524,16.378044,15486.7,0.06521897
3548,2021.04.027.0,15.491524,11.025299,15486.7,0.058128685
3549,2021.04.028.0,14.574158,15.936249,15486.7,0.05576526
3550,2021.04.026.0,61.35949,55.214386,15486.7,0.13139495
3551,2021.04.027.0,60.44213,49.006203,15486.7,0.12430467
3552,2021.04.028.0,58.607407,51.995457,15486.7,0.12194124
3553,2021.04.026.0,17.78492,19.848564,15581.662,0.06521897
3554,2021.04.027.0,16.408875,15.957855,15581.662,0.058128685
3555,2021.04.028.0,16.408875,13.816277,15581.662,0.05576526
3556,2021.04.026.0,67.781006,63.91736,15581.662,0.13139495
3557,2021.04.027.0,65.02892,55.094925,15581.662,0.12430467
3558,2021.04.028.0,62.276848,55.454987,15581.662,0.12194124
3559,2021.04.026.0,18.702278,22.667473,15676.624,0.06521897
3560,2021.04.027.0,18.702278,17.22525,15676.624,0.058128685
3561,2021.04.028.0,18.243599,18.466568,15676.624,0.05576526
3562,2021.04.027.0,72.3678,63.750786,15676.624,0.12430467
3563,2021.04.028.0,69.61572,64.10574,15676.624,0.12194124
3564,2021.04.026.0,21.91304,23.145409,15771.586,0.06521897
3565,2021.04.027.0,21.91304,20.385399,15771.586,0.058128685
3566,2021.04.028.0,20.078316,24.662296,15771.586,0.05576526
3567,2021.04.026.0,79.70667,79.99008,15771.586,0.13139495
3568,2021.04.027.0,77.871956,64.07429,15771.586,0.12430467
3569,2021.04.028.0,76.9546,63.208553,15771.586,0.12194124
3570,2021.04.026.0,24.206432,23.781029,15866.548,0.06521897
3571,2021.04.027.0,23.747757,20.169884,15866.548,0.058128685
3572,2021.04.028.0,21.91304,26.598232,15866.548,0.05576526
3573,2021.04.026.0,86.12819,82.39507,15866.548,0.13139495
3574,2021.04.027.0,83.376114,70.56751,15866.548,0.12430467
3575,2021.04.028.0,81.5414,71.839935,15866.548,0.12194124
3576,2021.04.026.0,26.958511,30.827515,15961.51,0.06521897
3577,2021.04.027.0,26.041153,22.260826,15961.51,0.058128685
3578,2021.04.028.0,24.665112,25.958656,15961.51,0.05576526
3579,2021.04.026.0,95.30179,108.17137,15961.51,0.13139495
3580,2021.04.027.0,90.71499,85.09157,15961.51,0.12430467
3581,2021.04.028.0,88.88027,79.92615,15961.51,0.12194124
3582,2021.04.026.0,30.627949,30.273495,16056.472,0.06521897
3583,2021.04.027.0,29.710594,26.798893,16056.472,0.058128685
3584,2021.04.028.0,28.334553,29.344555,16056.472,0.05576526
3585,2021.04.026.0,102.64066,103.45796,16056.472,0.13139495
3586,2021.04.027.0,97.136505,88.16723,16056.472,0.12430467
3587,2021.04.028.0,95.30179,79.27827,16056.472,0.12194124
3588,2021.04.026.0,33.83871,34.28764,16151.434,0.06521897
3589,2021.04.027.0,32.921345,28.088833,16151.434,0.058128685
3590,2021.04.028.0,31.086628,30.947388,16151.434,0.05576526
3591,2021.04.026.0,110.8969,124.69803,16151.434,0.13139495
3592,2021.04.027.0,107.227455,106.19467,16151.434,0.12430467
3593,2021.04.028.0,109.97954,99.43457,16151.434,0.12194124
3594,2021.04.026.0,38.884182,39.632736,16246.3955,0.06521897
3595,2021.04.027.0,37.049465,33.21548,16246.3955,0.058128685
3596,2021.04.028.0,35.673428,36.161144,16246.3955,0.05576526
3597,2021.04.026.0,119.15312,142.18706,16246.3955,0.13139495
3598,2021.04.027.0,113.64897,118.31358,16246.3955,0.12430467
3599,2021.04.028.0,115.48369,115.60864,16246.3955,0.12194124
3600,2021.04.026.0,43.92966,44.955475,16341.356,0.06521897
3601,2021.04.027.0,41.63626,32.16415,16341.356,0.058128685
3602,2021.04.028.0,39.801544,35.474926,16341.356,0.05576526
3603,2021.04.026.0,131.99615,143.68756,16341.356,0.13139495
3604,2021.04.027.0,129.24408,121.08655,16341.356,0.12430467
3605,2021.04.028.0,126.492004,116.88539,16341.356,0.12194124
3606,2021.04.026.0,49.433815,50.242523,16436.318,0.06521897
3607,2021.04.027.0,47.5991,33.379135,16436.318,0.058128685
3608,2021.04.028.0,46.68174,37.42618,16436.318,0.05576526
3609,2021.04.026.0,148.50864,182.14438,16436.318,0.13139495
3610,2021.04.027.0,140.2524,140.08963,16436.318,0.12430467
3611,2021.04.028.0,138.41768,129.80504,16436.318,0.12194124
3612,2021.04.026.0,57.69005,59.23013,16531.281,0.06521897
3613,2021.04.027.0,54.937973,40.76871,16531.281,0.058128685
3614,2021.04.028.0,53.103252,42.79101,16531.281,0.05576526
3615,2021.04.027.0,153.09543,153.00668,16531.281,0.12430467
3616,2021.04.028.0,148.50864,146.935,16531.281,0.12194124
3617,2021.04.026.0,65.94629,74.773,16626.242,0.06521897
3618,2021.04.027.0,60.44213,51.68133,16626.242,0.058128685
3619,2021.04.028.0,60.44213,48.40418,16626.242,0.05576526
3620,2021.04.026.0,174.1947,201.36827,16626.242,0.13139495
3621,2021.04.027.0,165.93845,166.42577,16626.242,0.12430467
3622,2021.04.028.0,163.18637,158.31485,16626.242,0.12194124
3623,2021.04.026.0,75.11988,86.51233,16721.205,0.06521897
3624,2021.04.027.0,70.53308,58.056297,16721.205,0.058128685
3625,2021.04.028.0,70.53308,52.976227,16721.205,0.05576526
3626,2021.04.026.0,85.21083,100.22853,16816.166,0.06521897
3627,2021.04.027.0,79.70667,70.132935,16816.166,0.058128685
3628,2021.04.028.0,80.62404,63.549603,16816.166,0.05576526
3629,2021.04.026.0,209.97171,262.02783,16816.166,0.13139495
3630,2021.04.027.0,202.63283,213.7091,16816.166,0.12430467
3631,2021.04.028.0,199.88077,198.51102,16816.166,0.12194124
3632,2021.04.026.0,98.97122,128.83868,16911.127,0.06521897
3633,2021.04.027.0,91.63235,88.75166,16911.127,0.058128685
3634,2021.04.028.0,92.549706,72.2927,16911.127,0.05576526
3635,2021.04.026.0,113.64897,135.08853,17006.09,0.06521897
3636,2021.04.027.0,106.3101,97.88835,17006.09,0.058128685
3637,2021.04.028.0,108.14481,85.51213,17006.09,0.05576526
3638,2021.04.027.0,244.83136,240.10162,17006.09,0.12430467
3639,2021.04.028.0,244.83136,212.93323,17006.09,0.12194124
3640,2021.04.026.0,129.24408,158.25995,17101.05,0.06521897
3641,2021.04.027.0,121.905205,108.76884,17101.05,0.058128685
3642,2021.04.028.0,126.492004,95.584076,17101.05,0.05576526
3643,2021.04.027.0,292.53406,270.0654,17101.05,0.12430467
3644,2021.04.028.0,271.43478,249.57455,17101.05,0.12194124
3645,2021.04.026.0,154.93015,194.52905,17196.014,0.06521897
3646,2021.04.027.0,143.92183,143.22217,17196.014,0.058128685
3647,2021.04.028.0,147.59128,128.12994,17196.014,0.05576526
3648,2021.04.026.0,320.0548,357.88184,17196.014,0.13139495
3649,2021.04.027.0,320.0548,314.88876,17196.014,0.12430467
3650,2021.04.028.0,310.88123,290.8233,17196.014,0.12194124
3651,2021.04.026.0,182.45093,201.96631,17290.975,0.06521897
3652,2021.04.027.0,167.77318,181.24228,17290.975,0.058128685
3653,2021.04.028.0,173.27734,155.49208,17290.975,0.05576526
3654,2021.04.026.0,345.7409,325.37787,17290.975,0.13139495
3655,2021.04.027.0,351.24506,327.7024,17290.975,0.12430467
3656,2021.04.028.0,339.31937,323.58228,17290.975,0.12194124
3657,2021.04.026.0,212.72377,186.88663,17385.938,0.06521897
3658,2021.04.027.0,197.12868,200.31662,17385.938,0.058128685
3659,2021.04.028.0,205.38492,177.99667,17385.938,0.05576526
3660,2021.04.026.0,398.0304,288.4394,17385.938,0.13139495
3661,2021.04.027.0,373.26166,338.034,17385.938,0.12430467
3662,2021.04.028.0,372.3443,341.65497,17385.938,0.12194124
3663,2021.04.026.0,247.58344,158.85751,17480.898,0.06521897
3664,2021.04.027.0,230.15361,225.18806,17480.898,0.058128685
3665,2021.04.028.0,239.32721,207.28773,17480.898,0.05576526
3666,2021.04.026.0,384.27002,265.3169,17480.898,0.13139495
3667,2021.04.027.0,411.79077,323.38733,17480.898,0.12430467
3668,2021.04.028.0,378.7658,358.3656,17480.898,0.12194124
3669,2021.04.026.0,225.5668,126.50291,17575.861,0.06521897
3670,2021.04.027.0,243.914,210.48035,17575.861,0.058128685
3671,2021.04.028.0,220.06265,219.92184,17575.861,0.05576526
3672,2021.04.027.0,353.99713,292.41605,17575.861,0.12430467
3673,2021.04.028.0,332.89783,318.7924,17575.861,0.12194124
3674,2021.04.026.0,178.7815,100.3721,17670.822,0.06521897
3675,2021.04.027.0,198.04602,183.85626,17670.822,0.058128685
3676,2021.04.028.0,176.94678,199.6554,17670.822,0.05576526
3677,2021.04.026.0,280.60837,205.05405,17670.822,0.13139495
3678,2021.04.027.0,291.6167,266.12048,17670.822,0.12430467
3679,2021.04.028.0,294.36877,277.6067,17670.822,0.12194124
3680,2021.04.026.0,143.00447,69.50139,17765.783,0.06521897
3681,2021.04.027.0,158.59958,149.21683,17765.783,0.058128685
3682,2021.04.028.0,141.16975,162.02327,17765.783,0.05576526
3683,2021.04.026.0,242.07928,154.14252,17765.783,0.13139495
3684,2021.04.027.0,276.02158,229.19446,17765.783,0.12430467
3685,2021.04.028.0,262.26117,262.06427,17765.783,0.12194124
3686,2021.04.026.0,110.8969,55.658974,17860.746,0.06521897
3687,2021.04.027.0,125.574646,113.63817,17860.746,0.058128685
3688,2021.04.028.0,109.97954,127.69127,17860.746,0.05576526
3689,2021.04.026.0,228.31888,133.23811,17860.746,0.13139495
3690,2021.04.027.0,228.31888,197.16554,17860.746,0.12430467
3691,2021.04.028.0,217.31056,211.27022,17860.746,0.12194124
3692,2021.04.026.0,85.21083,35.552505,17955.707,0.06521897
3693,2021.04.027.0,98.05386,94.64905,17955.707,0.058128685
3694,2021.04.028.0,83.376114,100.97983,17955.707,0.05576526
3695,2021.04.026.0,192.54187,121.97471,17955.707,0.13139495
3696,2021.04.027.0,208.13698,190.1333,17955.707,0.12430467
3697,2021.04.028.0,193.45923,215.81567,17955.707,0.12194124
3698,2021.04.027.0,306.29443,250.49655,17955.707,0.3393766
3699,2021.04.026.0,65.02892,31.7398,18050.67,0.06521897
3700,2021.04.027.0,74.20252,71.02074,18050.67,0.058128685
3701,2021.04.028.0,63.194206,67.98854,18050.67,0.05576526
3702,2021.04.027.0,161.35165,155.41766,18050.67,0.12430467
3703,2021.04.028.0,165.93845,149.4084,18050.67,0.12194124
3704,2021.04.026.0,47.5991,20.976372,18145.63,0.06521897
3705,2021.04.027.0,56.77269,50.851906,18145.63,0.058128685
3706,2021.04.028.0,46.68174,54.443638,18145.63,0.05576526
3707,2021.04.026.0,140.2524,77.80786,18145.63,0.13139495
3708,2021.04.027.0,143.92183,130.96223,18145.63,0.12430467
3709,2021.04.028.0,143.92183,134.49605,18145.63,0.12194124
3710,2021.04.026.0,35.673428,16.339836,18240.594,0.06521897
3711,2021.04.027.0,43.92966,37.34608,18240.594,0.058128685
3712,2021.04.028.0,35.673428,41.013454,18240.594,0.05576526
3713,2021.04.026.0,116.40105,60.913864,18240.594,0.13139495
3714,2021.04.027.0,119.15312,103.286285,18240.594,0.12430467
3715,2021.04.028.0,117.31841,103.13937,18240.594,0.12194124
3716,2021.04.026.0,19.160957,12.991547,18335.555,0.06521897
3717,2021.04.027.0,30.627949,21.833244,18335.555,0.058128685
3718,2021.04.028.0,26.041153,25.458725,18335.555,0.05576526
3719,2021.04.026.0,21.454361,10.826607,18430.518,0.06521897
3720,2021.04.027.0,24.665112,21.318901,18430.518,0.058128685
3721,2021.04.028.0,20.078316,23.544865,18430.518,0.05576526
3722,2021.04.028.0,15.491524,12.131111,18525.479,0.05576526
3723,2021.04.027.0,12.280762,4.7203217,18715.402,0.058128685
3724,2021.04.028.0,9.620415,4.3319016,18715.402,0.05576526
3725,2021.04.028.0,33.380024,18.418983,18905.326,0.12194124
3726,2021.05.04.0,4.941887,-1.8014832,9978.915,0.10776067
3727,2021.05.05.0,5.308838,0.7054901,9978.915,0.10539725
3728,2021.05.06.0,3.7493134,2.344223,9978.915,0.10303382
3729,2021.05.04.0,38.425507,24.024582,11498.305,0.32283258
3730,2021.05.05.0,46.68174,28.557102,11498.305,0.32046914
3731,2021.05.06.0,39.801544,35.590614,11498.305,0.31810573
3732,2021.05.05.0,11.8220825,8.150078,12637.846,0.10539725
3733,2021.05.04.0,169.6079,153.89966,13017.693,0.5379045
3734,2021.05.05.0,169.6079,166.9484,13017.693,0.53554106
3735,2021.05.06.0,159.51694,176.98883,13017.693,0.5331776
3736,2021.05.04.0,19.160957,7.201462,13207.617,0.10776067
3737,2021.05.05.0,15.032837,16.321442,13207.617,0.10539725
3738,2021.05.06.0,12.739441,13.856606,13207.617,0.10303382
3739,2021.05.05.0,88.88027,83.7113,13207.617,0.32046914
3740,2021.05.06.0,83.376114,79.9499,13207.617,0.31810573
3741,2021.05.04.0,3.5658493,1.8047485,13587.465,0.0415847
3742,2021.05.05.0,3.8410568,2.3530045,13587.465,0.03922127
3743,2021.05.06.0,2.6484833,3.6985703,13587.465,0.03685784
3744,2021.05.04.0,5.8592453,2.4971085,13682.426,0.0415847
3745,2021.05.05.0,3.5658493,6.0147705,13682.426,0.03922127
3746,2021.05.06.0,3.5658493,4.051819,13682.426,0.03685784
3747,2021.05.04.0,5.400566,2.5201416,13777.388,0.0415847
3748,2021.05.05.0,5.2170944,4.8596954,13777.388,0.03922127
3749,2021.05.06.0,3.2906342,5.5443573,13777.388,0.03685784
3750,2021.05.04.0,5.400566,4.745491,13967.312,0.0415847
3751,2021.05.05.0,4.299736,4.756836,13967.312,0.03922127
3752,2021.05.06.0,1.7311325,4.0714874,13967.312,0.03685784
3753,2021.05.04.0,6.8683395,0.3259201,14062.273,0.0415847
3754,2021.05.05.0,4.850151,10.475456,14062.273,0.03922127
3755,2021.05.06.0,3.0154343,6.894844,14062.273,0.03685784
3756,2021.05.04.0,6.3179245,2.808052,14157.235,0.0415847
3757,2021.05.05.0,5.308838,5.189659,14157.235,0.03922127
3758,2021.05.06.0,3.6575851,4.459839,14157.235,0.03685784
3759,2021.05.04.0,28.334553,17.626854,14157.235,0.10776067
3760,2021.05.05.0,33.83871,21.903328,14157.235,0.10539725
3761,2021.05.06.0,24.665112,25.546978,14157.235,0.10303382
3762,2021.05.05.0,4.4832077,10.564316,14252.197,0.03922127
3763,2021.05.06.0,3.198906,5.8169327,14252.197,0.03685784
3764,2021.05.04.0,7.693962,5.80674,14347.158,0.0415847
3765,2021.05.05.0,5.400566,7.2369003,14347.158,0.03922127
3766,2021.05.06.0,3.7493134,5.273262,14347.158,0.03685784
3767,2021.05.06.0,37.508144,36.30838,14347.158,0.10303382
3768,2021.05.04.0,8.336113,3.34198,14442.121,0.0415847
3769,2021.05.05.0,5.400566,6.550049,14442.121,0.03922127
3770,2021.05.06.0,5.7675095,4.953064,14442.121,0.03685784
3771,2021.05.06.0,39.342865,34.231266,14442.121,0.10303382
3772,2021.05.04.0,7.602234,3.9546585,14537.082,0.0415847
3773,2021.05.05.0,7.5104904,5.84256,14537.082,0.03922127
3774,2021.05.06.0,6.0427094,7.203453,14537.082,0.03685784
3775,2021.05.06.0,37.508144,28.03548,14537.082,0.10303382
3776,2021.05.04.0,10.446045,4.0327682,14632.044,0.0415847
3777,2021.05.05.0,8.427856,9.272629,14632.044,0.03922127
3778,2021.05.06.0,4.850151,7.670662,14632.044,0.03685784
3779,2021.05.06.0,35.673428,37.84006,14632.044,0.10303382
3780,2021.05.04.0,8.6113205,1.978981,14727.006,0.0415847
3781,2021.05.05.0,9.89563,8.213829,14727.006,0.03922127
3782,2021.05.06.0,5.1253586,9.723152,14727.006,0.03685784
3783,2021.05.04.0,47.5991,29.722183,14727.006,0.10776067
3784,2021.05.05.0,44.84702,42.76658,14727.006,0.10539725
3785,2021.05.06.0,42.09494,33.65157,14727.006,0.10303382
3786,2021.05.04.0,10.9047165,4.748726,14821.968,0.0415847
3787,2021.05.05.0,10.446045,10.933792,14821.968,0.03922127
3788,2021.05.06.0,7.3270187,9.167847,14821.968,0.03685784
3789,2021.05.04.0,12.280762,6.710823,14916.93,0.0415847
3790,2021.05.05.0,12.280762,11.295441,14916.93,0.03922127
3791,2021.05.06.0,6.8683395,12.619881,14916.93,0.03685784
3792,2021.05.04.0,54.020615,36.817104,14916.93,0.10776067
3793,2021.05.05.0,71.45044,53.690163,14916.93,0.10539725
3794,2021.05.06.0,46.68174,57.01438,14916.93,0.10303382
3795,2021.05.04.0,13.656799,9.248398,15011.892,0.0415847
3796,2021.05.05.0,14.574158,14.46566,15011.892,0.03922127
3797,2021.05.06.0,6.3179245,13.093269,15011.892,0.03685784
3798,2021.05.05.0,81.5414,59.866364,15011.892,0.10539725
3799,2021.05.06.0,50.351173,60.961624,15011.892,0.10303382
3800,2021.05.04.0,15.950203,5.8477173,15106.854,0.0415847
3801,2021.05.05.0,17.32624,10.624756,15106.854,0.03922127
3802,2021.05.06.0,8.244377,12.180649,15106.854,0.03685784
3803,2021.05.04.0,66.86365,45.005775,15106.854,0.10776067
3804,2021.05.05.0,85.21083,60.201363,15106.854,0.10539725
3805,2021.05.06.0,57.69005,62.08648,15106.854,0.10303382
3806,2021.05.05.0,286.11252,260.3412,15106.854,0.32046914
3807,2021.05.06.0,289.78198,289.86246,15106.854,0.31810573
3808,2021.05.04.0,17.32624,12.24501,15201.815,0.0415847
3809,2021.05.05.0,18.702278,17.236282,15201.815,0.03922127
3810,2021.05.06.0,8.060913,16.987503,15201.815,0.03685784
3811,2021.05.05.0,92.549706,88.71336,15201.815,0.10539725
3812,2021.05.06.0,61.35949,77.01576,15201.815,0.10303382
3813,2021.05.04.0,20.078316,12.5757065,15296.777,0.0415847
3814,2021.05.05.0,23.28907,20.62809,15296.777,0.03922127
3815,2021.05.06.0,9.987366,22.567997,15296.777,0.03685784
3816,2021.05.04.0,87.04555,51.40123,15296.777,0.10776067
3817,2021.05.05.0,101.7233,87.180756,15296.777,0.10539725
3818,2021.05.06.0,73.28516,79.272095,15296.777,0.10303382
3819,2021.05.04.0,23.28907,15.688698,15391.738,0.0415847
3820,2021.05.05.0,26.499832,26.57742,15391.738,0.03922127
3821,2021.05.06.0,11.363403,25.475922,15391.738,0.03685784
3822,2021.05.04.0,91.63235,63.945198,15391.738,0.10776067
3823,2021.05.05.0,113.64897,90.1045,15391.738,0.10539725
3824,2021.05.06.0,88.88027,95.17089,15391.738,0.10303382
3825,2021.05.04.0,26.041153,16.83088,15486.7,0.0415847
3826,2021.05.05.0,32.46267,28.497692,15486.7,0.03922127
3827,2021.05.06.0,13.19812,32.84811,15486.7,0.03685784
3828,2021.05.04.0,104.47538,72.56743,15486.7,0.10776067
3829,2021.05.05.0,122.82257,100.54866,15486.7,0.10539725
3830,2021.05.06.0,85.21083,104.6416,15486.7,0.10303382
3831,2021.05.04.0,28.793228,17.010536,15581.662,0.0415847
3832,2021.05.05.0,37.049465,23.649612,15581.662,0.03922127
3833,2021.05.06.0,15.491524,27.295795,15581.662,0.03685784
3834,2021.05.04.0,114.56633,75.99855,15581.662,0.10776067
3835,2021.05.05.0,131.99615,111.639145,15581.662,0.10539725
3836,2021.05.06.0,97.136505,116.99793,15581.662,0.10303382
3837,2021.05.04.0,36.132103,23.828846,15676.624,0.0415847
3838,2021.05.05.0,45.764378,43.690884,15676.624,0.03922127
3839,2021.05.06.0,18.243599,45.237957,15676.624,0.03685784
3840,2021.05.04.0,115.48369,74.93277,15676.624,0.10776067
3841,2021.05.05.0,150.34335,108.2582,15676.624,0.10539725
3842,2021.05.06.0,108.14481,130.27719,15676.624,0.10303382
3843,2021.05.04.0,41.17758,25.782242,15771.586,0.0415847
3844,2021.05.05.0,50.351173,44.977158,15771.586,0.03922127
3845,2021.05.06.0,22.371712,46.880505,15771.586,0.03685784
3846,2021.05.04.0,135.6656,85.70586,15771.586,0.10776067
3847,2021.05.05.0,160.4343,121.62303,15771.586,0.10539725
3848,2021.05.06.0,120.07049,132.35696,15771.586,0.10303382
3849,2021.05.04.0,47.5991,31.304451,15866.548,0.0415847
3850,2021.05.05.0,60.44213,53.661175,15866.548,0.03922127
3851,2021.05.06.0,26.499832,57.9545,15866.548,0.03685784
3852,2021.05.04.0,143.92183,87.07733,15866.548,0.10776067
3853,2021.05.05.0,188.87244,129.92929,15866.548,0.10539725
3854,2021.05.06.0,132.91351,160.64803,15866.548,0.10303382
3855,2021.05.04.0,54.937973,42.27147,15961.51,0.0415847
3856,2021.05.05.0,72.3678,66.580605,15961.51,0.03922127
3857,2021.05.06.0,32.00399,74.61573,15961.51,0.03685784
3858,2021.05.04.0,165.93845,100.245285,15961.51,0.10776067
3859,2021.05.05.0,207.21962,149.77512,15961.51,0.10539725
3860,2021.05.06.0,169.6079,192.90375,15961.51,0.10303382
3861,2021.05.04.0,65.02892,32.500652,16056.472,0.0415847
3862,2021.05.05.0,85.21083,55.932846,16056.472,0.03922127
3863,2021.05.06.0,39.801544,63.61417,16056.472,0.03685784
3864,2021.05.04.0,182.45093,116.46368,16056.472,0.10776067
3865,2021.05.05.0,231.98833,163.11244,16056.472,0.10539725
3866,2021.05.06.0,160.4343,205.40259,16056.472,0.10303382
3867,2021.05.04.0,74.20252,54.489216,16151.434,0.0415847
3868,2021.05.05.0,98.05386,87.10928,16151.434,0.03922127
3869,2021.05.06.0,48.516457,100.75122,16151.434,0.03685784
3870,2021.05.04.0,200.79811,117.103745,16151.434,0.10776067
3871,2021.05.05.0,240.24455,180.97281,16151.434,0.10539725
3872,2021.05.06.0,179.69885,207.942,16151.434,0.10303382
3873,2021.05.04.0,87.96291,56.59569,16246.3955,0.0415847
3874,2021.05.05.0,114.56633,95.35515,16246.3955,0.03922127
3875,2021.05.06.0,57.69005,109.63074,16246.3955,0.03685784
3876,2021.05.04.0,218.22794,136.7256,16246.3955,0.10776067
3877,2021.05.05.0,276.02158,179.05399,16246.3955,0.10539725
3878,2021.05.06.0,227.40154,227.56218,16246.3955,0.10303382
3879,2021.05.04.0,99.88858,67.81193,16341.356,0.0415847
3880,2021.05.05.0,134.74823,106.97632,16341.356,0.03922127
3881,2021.05.06.0,71.45044,127.24191,16341.356,0.03685784
3882,2021.05.04.0,242.07928,151.77872,16341.356,0.10776067
3883,2021.05.05.0,298.95557,216.64325,16341.356,0.10539725
3884,2021.05.06.0,220.06265,259.80615,16341.356,0.10303382
3885,2021.05.04.0,120.07049,68.150986,16436.318,0.0415847
3886,2021.05.05.0,155.8475,110.06448,16436.318,0.03922127
3887,2021.05.06.0,84.29347,133.75674,16436.318,0.03685784
3888,2021.05.04.0,269.60004,155.87653,16436.318,0.10776067
3889,2021.05.05.0,331.98047,230.94107,16436.318,0.10539725
3890,2021.05.06.0,248.5008,278.96097,16436.318,0.10303382
3891,2021.05.04.0,136.58295,83.9865,16531.281,0.0415847
3892,2021.05.05.0,179.69885,121.5755,16531.281,0.03922127
3893,2021.05.06.0,101.7233,153.77298,16531.281,0.03685784
3894,2021.05.04.0,298.0382,176.57773,16531.281,0.10776067
3895,2021.05.05.0,356.7492,261.93378,16531.281,0.10539725
3896,2021.05.06.0,271.43478,311.02972,16531.281,0.10303382
3897,2021.05.04.0,162.26901,92.90922,16626.242,0.0415847
3898,2021.05.05.0,206.30226,147.2604,16626.242,0.03922127
3899,2021.05.06.0,123.73993,176.7843,16626.242,0.03685784
3900,2021.05.04.0,325.55896,204.8606,16626.242,0.10776067
3901,2021.05.05.0,386.10468,276.8615,16626.242,0.10539725
3902,2021.05.06.0,297.12085,314.77762,16626.242,0.10303382
3903,2021.05.04.0,182.45093,101.78767,16721.205,0.0415847
3904,2021.05.05.0,239.32721,157.03227,16721.205,0.03922127
3905,2021.05.06.0,144.83919,195.1083,16721.205,0.03685784
3906,2021.05.05.0,420.96436,294.23447,16721.205,0.10539725
3907,2021.05.06.0,325.55896,332.42743,16721.205,0.10303382
3908,2021.05.04.0,216.39322,113.72634,16816.166,0.0415847
3909,2021.05.05.0,251.25287,162.89447,16816.166,0.03922127
3910,2021.05.06.0,176.02942,186.7796,16816.166,0.03685784
3911,2021.05.04.0,388.85675,227.43562,16816.166,0.10776067
3912,2021.05.05.0,398.0304,310.58405,16816.166,0.10539725
3913,2021.05.06.0,364.08807,344.0788,16816.166,0.10303382
3914,2021.05.04.0,254.92232,117.86791,16911.127,0.0415847
3915,2021.05.05.0,202.63283,196.38116,16911.127,0.03922127
3916,2021.05.06.0,209.05434,189.88147,16911.127,0.03685784
3917,2021.05.05.0,352.1624,312.9032,16911.127,0.10539725
3918,2021.05.06.0,398.0304,306.752,16911.127,0.10303382
3919,2021.05.04.0,230.15361,124.32036,17006.09,0.0415847
3920,2021.05.05.0,161.35165,169.78857,17006.09,0.03922127
3921,2021.05.06.0,200.79811,139.26376,17006.09,0.03685784
3922,2021.05.04.0,365.9228,264.68628,17006.09,0.10776067
3923,2021.05.05.0,308.12915,291.72833,17006.09,0.10539725
3924,2021.05.06.0,331.06314,266.39838,17006.09,0.10303382
3925,2021.05.04.0,184.28564,160.02127,17101.05,0.0415847
3926,2021.05.05.0,123.73993,155.45206,17101.05,0.03922127
3927,2021.05.06.0,152.17807,123.22879,17101.05,0.03685784
3928,2021.05.05.0,257.67438,286.83334,17101.05,0.10539725
3929,2021.05.06.0,303.54236,244.50446,17101.05,0.10303382
3930,2021.05.04.0,144.83919,168.37021,17196.014,0.0415847
3931,2021.05.05.0,90.71499,124.92385,17196.014,0.03922127
3932,2021.05.06.0,116.40105,85.38942,17196.014,0.03685784
3933,2021.05.03.0,403.53455,317.54462,17196.014,0.10776067
3934,2021.05.04.0,274.18686,332.67572,17196.014,0.10776067
3935,2021.05.05.0,225.5668,274.74762,17196.014,0.10539725
3936,2021.05.06.0,257.67438,211.85217,17196.014,0.10303382
3937,2021.05.04.0,112.73161,175.84668,17290.975,0.0415847
3938,2021.05.05.0,68.698364,105.19623,17290.975,0.03922127
3939,2021.05.06.0,84.29347,55.13468,17290.975,0.03685784
3940,2021.05.04.0,232.90569,301.7553,17290.975,0.10776067
3941,2021.05.05.0,187.03772,234.57162,17290.975,0.10539725
3942,2021.05.06.0,221.89737,179.42711,17290.975,0.10303382
3943,2021.05.04.0,86.12819,150.93999,17385.938,0.0415847
3944,2021.05.05.0,47.5991,86.79886,17385.938,0.03922127
3945,2021.05.06.0,59.52477,44.99783,17385.938,0.03685784
3946,2021.05.04.0,202.63283,276.8935,17385.938,0.10776067
3947,2021.05.05.0,165.93845,197.99832,17385.938,0.10539725
3948,2021.05.06.0,187.03772,149.5034,17385.938,0.10303382
3949,2021.05.04.0,65.94629,124.58185,17480.898,0.0415847
3950,2021.05.05.0,34.756065,67.34356,17480.898,0.03922127
3951,2021.05.06.0,39.801544,26.972378,17480.898,0.03685784
3952,2021.05.04.0,172.35997,249.77629,17480.898,0.10776067
3953,2021.05.05.0,142.08711,184.55243,17480.898,0.10539725
3954,2021.05.06.0,156.76486,141.7267,17480.898,0.10303382
3955,2021.05.04.0,48.516457,109.65964,17575.861,0.0415847
3956,2021.05.05.0,25.582474,56.06336,17575.861,0.03922127
3957,2021.05.06.0,27.417187,25.317776,17575.861,0.03685784
3958,2021.05.04.0,145.75655,233.56454,17575.861,0.10776067
3959,2021.05.05.0,115.48369,155.96552,17575.861,0.10539725
3960,2021.05.06.0,131.0788,100.89753,17575.861,0.10303382
3961,2021.05.04.0,39.342865,89.75754,17670.822,0.0415847
3962,2021.05.05.0,18.702278,42.807518,17670.822,0.03922127
3963,2021.05.06.0,19.619637,15.731232,17670.822,0.03685784
3964,2021.05.04.0,130.16144,185.39812,17670.822,0.10776067
3965,2021.05.05.0,90.71499,135.29056,17670.822,0.10539725
3966,2021.05.06.0,103.55802,85.79215,17670.822,0.10303382
3967,2021.05.04.0,29.251907,59.59725,17765.783,0.0415847
3968,2021.05.05.0,14.574158,22.119217,17765.783,0.03922127
3969,2021.05.06.0,14.1154785,5.0026093,17765.783,0.03685784
3970,2021.05.04.0,103.55802,167.00201,17765.783,0.10776067
3971,2021.05.05.0,77.871956,103.484055,17765.783,0.10539725
3972,2021.05.06.0,89.79763,72.00514,17765.783,0.10303382
3973,2021.05.04.0,23.28907,47.85663,17860.746,0.0415847
3974,2021.05.05.0,11.363403,20.108833,17860.746,0.03922127
3975,2021.05.06.0,10.446045,7.3598785,17860.746,0.03685784
3976,2021.05.04.0,87.96291,141.77444,17860.746,0.10776067
3977,2021.05.05.0,68.698364,96.47737,17860.746,0.10539725
3978,2021.05.06.0,74.20252,67.8197,17860.746,0.10303382
3979,2021.05.04.0,18.702278,29.336338,17955.707,0.0415847
3980,2021.05.05.0,9.253471,11.764954,17955.707,0.03922127
3981,2021.05.06.0,7.693962,5.8689117,17955.707,0.03685784
3982,2021.05.04.0,70.53308,120.73045,17955.707,0.10776067
3983,2021.05.05.0,55.85533,75.9146,17955.707,0.10539725
3984,2021.05.06.0,63.194206,55.23039,17955.707,0.10303382
3985,2021.05.05.0,155.8475,189.55127,17955.707,0.32046914
3986,2021.05.06.0,155.8475,144.97769,17955.707,0.31810573
3987,2021.05.04.0,15.032837,18.27192,18050.67,0.0415847
3988,2021.05.05.0,7.785698,11.452072,18050.67,0.03922127
3989,2021.05.06.0,5.8592453,8.517448,18050.67,0.03685784
3990,2021.05.04.0,63.194206,98.62083,18050.67,0.10776067
3991,2021.05.05.0,46.68174,68.6188,18050.67,0.10539725
3992,2021.05.06.0,50.351173,45.631332,18050.67,0.10303382
3993,2021.05.04.0,15.032837,22.92088,18145.63,0.0415847
3994,2021.05.05.0,6.2261887,17.763107,18145.63,0.03922127
3995,2021.05.06.0,5.492302,11.454674,18145.63,0.03685784
3996,2021.05.04.0,51.268536,84.614975,18145.63,0.10776067
3997,2021.05.05.0,39.801544,53.698452,18145.63,0.10539725
3998,2021.05.06.0,43.0123,39.418118,18145.63,0.10303382
3999,2021.05.04.0,9.987366,14.680115,18240.594,0.0415847
4000,2021.05.05.0,5.7675095,12.247032,18240.594,0.03922127
4001,2021.05.06.0,4.299736,8.020775,18240.594,0.03685784
4002,2021.05.04.0,43.0123,63.6305,18240.594,0.10776067
4003,2021.05.05.0,34.756065,44.835346,18240.594,0.10539725
4004,2021.05.06.0,32.921345,36.225277,18240.594,0.10303382
4005,2021.05.04.0,8.794792,13.148239,18335.555,0.0415847
4006,2021.05.05.0,5.1253586,12.300285,18335.555,0.03922127
4007,2021.05.06.0,4.850151,8.856163,18335.555,0.03685784
4008,2021.05.04.0,37.508144,52.85813,18335.555,0.10776067
4009,2021.05.05.0,31.545307,35.990974,18335.555,0.10539725
4010,2021.05.06.0,31.086628,26.990753,18335.555,0.10303382
4011,2021.05.04.0,8.152641,9.9747925,18430.518,0.0415847
4012,2021.05.05.0,4.941887,11.287888,18430.518,0.03922127
4013,2021.05.06.0,4.391472,9.050598,18430.518,0.03685784
4014,2021.05.04.0,32.00399,40.190697,18430.518,0.10776067
4015,2021.05.05.0,27.417187,32.15715,18430.518,0.10539725
4016,2021.05.06.0,23.747757,25.019497,18430.518,0.10303382
4017,2021.05.04.0,6.4096603,5.6150208,18525.479,0.0415847
4018,2021.05.05.0,3.6575851,5.6128464,18525.479,0.03922127
4019,2021.05.06.0,3.9327927,4.11895,18525.479,0.03685784
4020,2021.05.04.0,27.417187,40.227947,18525.479,0.10776067
4021,2021.05.05.0,26.041153,32.020958,18525.479,0.10539725
4022,2021.05.06.0,23.747757,27.792492,18525.479,0.10303382
4023,2021.05.04.0,6.0427094,4.1962585,18620.441,0.0415847
4024,2021.05.05.0,5.400566,4.78817,18620.441,0.03922127
4025,2021.05.06.0,2.9236984,4.7366257,18620.441,0.03685784
4026,2021.05.04.0,5.7675095,1.7297058,18715.402,0.0415847
4027,2021.05.05.0,4.5749435,3.9597702,18715.402,0.03922127
4028,2021.05.06.0,2.556755,3.6135712,18715.402,0.03685784
4029,2021.05.05.0,18.702278,22.911488,18715.402,0.10539725
4030,2021.05.06.0,15.032837,16.307503,18715.402,0.10303382
4031,2021.05.05.0,3.7493134,2.555397,18905.326,0.03922127
4032,2021.05.06.0,3.0154343,2.4879913,18905.326,0.03685784
4033,2021.05.04.0,15.950203,17.002686,18905.326,0.10776067
4034,2021.05.05.0,14.574158,17.963936,18905.326,0.10539725
4035,2021.05.06.0,12.739441,16.044937,18905.326,0.10303382
4036,2021.05.011.0,4.5749435,-2.1349792,9978.915,0.091216676
4037,2021.05.012.0,10.446045,5.761635,9978.915,0.08885325
4038,2021.05.013.0,9.070007,17.845291,9978.915,0.08648982
4039,2021.05.011.0,53.103252,32.55325,11498.305,0.3062886
4040,2021.05.012.0,109.97954,48.641205,11498.305,0.30392516
4041,2021.05.013.0,93.467064,73.81167,11498.305,0.30156174
4042,2021.05.013.0,24.665112,52.06361,12068.075,0.08648982
4043,2021.05.013.0,27.417187,60.78389,12257.999,0.08648982
4044,2021.05.013.0,155.8475,153.06818,12257.999,0.30156174
4045,2021.05.013.0,35.673428,86.200264,12637.846,0.08648982
4046,2021.05.013.0,41.63626,63.38851,12827.77,0.08648982
4047,2021.05.011.0,211.80643,161.97556,13017.693,0.5213605
4048,2021.05.012.0,426.4685,200.07481,13017.693,0.51899713
4049,2021.05.013.0,387.02203,301.71924,13017.693,0.5166337
4050,2021.05.011.0,19.160957,5.19751,13207.617,0.091216676
4051,2021.05.012.0,90.71499,37.206722,13207.617,0.08885325
4052,2021.05.013.0,59.52477,108.93409,13207.617,0.08648982
4053,2021.05.011.0,99.88858,62.668945,13207.617,0.3062886
4054,2021.05.012.0,276.02158,92.11792,13207.617,0.30392516
4055,2021.05.013.0,262.26117,208.74371,13207.617,0.30156174
4056,2021.05.012.0,95.30179,61.751823,13397.541,0.08885325
4057,2021.05.013.0,76.9546,119.32891,13397.541,0.08648982
4058,2021.05.011.0,2.6484833,0.4164505,13587.465,0.025040701
4059,2021.05.012.0,17.78492,6.7765427,13587.465,0.022677273
4060,2021.05.013.0,13.19812,63.76962,13587.465,0.020313844
4061,2021.05.011.0,2.4650192,0.8657608,13682.426,0.025040701
4062,2021.05.012.0,19.619637,5.1209183,13682.426,0.022677273
4063,2021.05.013.0,14.574158,68.98325,13682.426,0.020313844
4064,2021.05.012.0,22.371712,10.246178,13777.388,0.022677273
4065,2021.05.013.0,15.032837,59.971695,13777.388,0.020313844
4066,2021.05.013.0,101.7233,148.21481,13777.388,0.08648982
4067,2021.05.012.0,192.54187,87.16916,13872.35,0.08885325
4068,2021.05.013.0,108.14481,172.03693,13872.35,0.08648982
4069,2021.05.011.0,6.7766037,4.338539,13967.312,0.025040701
4070,2021.05.012.0,28.334553,21.168655,13967.312,0.022677273
4071,2021.05.013.0,18.243599,61.73705,13967.312,0.020313844
4072,2021.05.012.0,35.21475,17.378586,14062.273,0.022677273
4073,2021.05.013.0,21.91304,86.85325,14062.273,0.020313844
4074,2021.05.013.0,130.16144,190.28487,14062.273,0.08648982
4075,2021.05.011.0,6.4096603,0.065826416,14157.235,0.025040701
4076,2021.05.012.0,39.342865,29.04818,14157.235,0.022677273
4077,2021.05.013.0,24.206432,87.55647,14157.235,0.020313844
4078,2021.05.011.0,41.63626,12.102829,14157.235,0.091216676
4079,2021.05.012.0,184.28564,96.33663,14157.235,0.08885325
4080,2021.05.013.0,151.26071,177.81871,14157.235,0.08648982
4081,2021.05.012.0,913.5864,376.20367,14157.235,0.51899713
4082,2021.05.013.0,688.8333,411.9452,14157.235,0.5166337
4083,2021.05.012.0,43.92966,17.5634,14252.197,0.022677273
4084,2021.05.013.0,27.875874,89.54244,14252.197,0.020313844
4085,2021.05.011.0,9.253471,2.1338577,14347.158,0.025040701
4086,2021.05.012.0,47.5991,24.922981,14347.158,0.022677273
4087,2021.05.013.0,32.00399,84.10437,14347.158,0.020313844
4088,2021.05.012.0,204.46753,116.16418,14347.158,0.08885325
4089,2021.05.013.0,177.86414,198.22269,14347.158,0.08648982
4090,2021.05.013.0,468.66705,308.3045,14347.158,0.30156174
4091,2021.05.011.0,7.9691772,2.6257248,14442.121,0.025040701
4092,2021.05.012.0,59.52477,21.014961,14442.121,0.022677273
4093,2021.05.013.0,37.508144,97.73023,14442.121,0.020313844
4094,2021.05.011.0,11.363403,5.546707,14537.082,0.025040701
4095,2021.05.012.0,72.3678,33.168858,14537.082,0.022677273
4096,2021.05.013.0,41.63626,103.64723,14537.082,0.020313844
4097,2021.05.012.0,253.08759,133.24709,14537.082,0.08885325
4098,2021.05.013.0,197.12868,214.94724,14537.082,0.08648982
4099,2021.05.011.0,9.987366,2.867363,14632.044,0.025040701
4100,2021.05.012.0,81.5414,33.79982,14632.044,0.022677273
4101,2021.05.013.0,47.5991,110.79936,14632.044,0.020313844
4102,2021.05.011.0,64.111565,21.497307,14632.044,0.091216676
4103,2021.05.012.0,287.94727,129.61015,14632.044,0.08885325
4104,2021.05.013.0,216.39322,222.54692,14632.044,0.08648982
4105,2021.05.011.0,137.50032,73.654854,14632.044,0.17393665
4106,2021.05.012.0,387.9394,172.54556,14632.044,0.17157322
4107,2021.05.013.0,322.8069,297.48444,14632.044,0.16920978
4108,2021.05.011.0,10.9047165,5.7881927,14727.006,0.025040701
4109,2021.05.012.0,90.71499,32.432877,14727.006,0.022677273
4110,2021.05.013.0,55.85533,113.797226,14727.006,0.020313844
4111,2021.05.011.0,77.871956,24.97728,14727.006,0.091216676
4112,2021.05.012.0,239.32721,143.42857,14727.006,0.08885325
4113,2021.05.013.0,216.39322,222.34344,14727.006,0.08648982
4114,2021.05.013.0,349.41034,330.4148,14727.006,0.16920978
4115,2021.05.011.0,12.280762,3.2263184,14821.968,0.025040701
4116,2021.05.012.0,102.64066,44.05984,14821.968,0.022677273
4117,2021.05.013.0,63.194206,121.773476,14821.968,0.020313844
4118,2021.05.011.0,14.1154785,8.605347,14916.93,0.025040701
4119,2021.05.012.0,117.31841,40.551144,14916.93,0.022677273
4120,2021.05.013.0,76.03724,122.16365,14916.93,0.020313844
4121,2021.05.011.0,87.96291,26.444073,14916.93,0.091216676
4122,2021.05.012.0,321.88953,158.90257,14916.93,0.08885325
4123,2021.05.013.0,298.95557,264.18158,14916.93,0.08648982
4124,2021.05.011.0,17.32624,7.768219,15011.892,0.025040701
4125,2021.05.012.0,131.99615,55.365913,15011.892,0.022677273
4126,2021.05.013.0,88.88027,130.76498,15011.892,0.020313844
4127,2021.05.011.0,90.71499,34.06333,15011.892,0.091216676
4128,2021.05.012.0,354.9145,166.53821,15011.892,0.08885325
4129,2021.05.013.0,301.70764,266.92886,15011.892,0.08648982
4130,2021.05.011.0,20.078316,4.996109,15106.854,0.025040701
4131,2021.05.012.0,148.50864,74.019714,15106.854,0.022677273
4132,2021.05.013.0,99.88858,132.27328,15106.854,0.020313844
4133,2021.05.011.0,99.88858,33.587585,15106.854,0.091216676
4134,2021.05.012.0,382.43524,169.91083,15106.854,0.08885325
4135,2021.05.013.0,344.82355,266.79602,15106.854,0.08648982
4136,2021.05.013.0,477.84064,330.43442,15106.854,0.16920978
4137,2021.05.011.0,386.10468,276.70663,15106.854,0.3062886
4138,2021.05.012.0,918.17316,342.51447,15106.854,0.30392516
4139,2021.05.013.0,798.9165,404.36493,15106.854,0.30156174
4140,2021.05.013.0,1055.7771,438.6292,15106.854,0.5166337
4141,2021.05.011.0,23.747757,4.871399,15201.815,0.025040701
4142,2021.05.012.0,166.8558,93.024734,15201.815,0.022677273
4143,2021.05.013.0,120.07049,151.81358,15201.815,0.020313844
4144,2021.05.011.0,109.06218,35.104023,15201.815,0.091216676
4145,2021.05.012.0,412.70813,175.1967,15201.815,0.08885325
4146,2021.05.013.0,362.25336,286.91504,15201.815,0.08648982
4147,2021.05.011.0,34.297386,10.191139,15296.777,0.025040701
4148,2021.05.012.0,190.70715,105.04363,15296.777,0.022677273
4149,2021.05.013.0,142.08711,155.69737,15296.777,0.020313844
4150,2021.05.011.0,132.91351,43.8534,15296.777,0.091216676
4151,2021.05.012.0,428.30322,193.90594,15296.777,0.08885325
4152,2021.05.013.0,386.10468,297.3636,15296.777,0.08648982
4153,2021.05.011.0,32.00399,8.6438675,15391.738,0.025040701
4154,2021.05.012.0,216.39322,107.016624,15391.738,0.022677273
4155,2021.05.013.0,163.18637,161.16684,15391.738,0.020313844
4156,2021.05.011.0,147.59128,48.65408,15391.738,0.091216676
4157,2021.05.012.0,473.25385,202.43936,15391.738,0.08885325
4158,2021.05.013.0,420.96436,300.8651,15391.738,0.08648982
4159,2021.05.011.0,37.966824,10.025963,15486.7,0.025040701
4160,2021.05.012.0,233.82304,112.02956,15486.7,0.022677273
4161,2021.05.013.0,198.96341,160.72397,15486.7,0.020313844
4162,2021.05.011.0,166.8558,48.66257,15486.7,0.091216676
4163,2021.05.012.0,519.1218,209.89107,15486.7,0.08885325
4164,2021.05.013.0,464.08026,315.4491,15486.7,0.08648982
4165,2021.05.011.0,44.84702,10.935738,15581.662,0.025040701
4166,2021.05.012.0,276.02158,115.64314,15581.662,0.022677273
4167,2021.05.013.0,235.65776,164.21692,15581.662,0.020313844
4168,2021.05.011.0,161.35165,52.32085,15581.662,0.091216676
4169,2021.05.012.0,555.81616,206.48816,15581.662,0.08885325
4170,2021.05.013.0,532.8822,322.07422,15581.662,0.08648982
4171,2021.05.011.0,53.103252,14.761963,15676.624,0.025040701
4172,2021.05.012.0,305.37708,125.101204,15676.624,0.022677273
4173,2021.05.013.0,231.98833,170.84863,15676.624,0.020313844
4174,2021.05.011.0,191.62451,60.23658,15676.624,0.091216676
4175,2021.05.012.0,587.9238,228.36072,15676.624,0.08885325
4176,2021.05.013.0,473.25385,342.34235,15676.624,0.08648982
4177,2021.05.011.0,61.35949,17.572502,15771.586,0.025040701
4178,2021.05.012.0,342.98883,131.03264,15771.586,0.022677273
4179,2021.05.013.0,190.70715,179.93857,15771.586,0.020313844
4180,2021.05.011.0,206.30226,65.58342,15771.586,0.091216676
4181,2021.05.012.0,546.6426,223.14621,15771.586,0.08885325
4182,2021.05.013.0,435.6421,338.28613,15771.586,0.08648982
4183,2021.05.011.0,74.20252,13.587189,15866.548,0.025040701
4184,2021.05.012.0,282.44308,124.29559,15866.548,0.022677273
4185,2021.05.013.0,149.426,156.44215,15866.548,0.020313844
4186,2021.05.011.0,237.49248,82.82821,15866.548,0.091216676
4187,2021.05.012.0,564.9898,236.42874,15866.548,0.08885325
4188,2021.05.013.0,401.69983,338.12073,15866.548,0.08648982
4189,2021.05.011.0,86.12819,21.56128,15961.51,0.025040701
4190,2021.05.012.0,239.32721,140.24042,15961.51,0.022677273
4191,2021.05.013.0,115.48369,167.83588,15961.51,0.020313844
4192,2021.05.011.0,254.00494,89.66337,15961.51,0.091216676
4193,2021.05.012.0,505.3614,246.68234,15961.51,0.08885325
4194,2021.05.013.0,361.336,345.7956,15961.51,0.08648982
4195,2021.05.011.0,103.55802,9.787224,16056.472,0.025040701
4196,2021.05.012.0,204.46753,84.75429,16056.472,0.022677273
4197,2021.05.013.0,86.12819,106.382675,16056.472,0.020313844
4198,2021.05.011.0,274.18686,90.63392,16056.472,0.091216676
4199,2021.05.012.0,435.6421,248.44194,16056.472,0.08885325
4200,2021.05.013.0,309.0465,332.87613,16056.472,0.08648982
4201,2021.05.011.0,372.3443,242.08228,16056.472,0.17393665
4202,2021.05.012.0,459.49347,308.65686,16056.472,0.17157322
4203,2021.05.013.0,422.79907,369.2425,16056.472,0.16920978
4204,2021.05.011.0,118.23577,25.737995,16151.434,0.025040701
4205,2021.05.012.0,168.69054,150.0681,16151.434,0.022677273
4206,2021.05.013.0,64.111565,154.69186,16151.434,0.020313844
4207,2021.05.011.0,310.88123,110.651535,16151.434,0.091216676
4208,2021.05.012.0,391.60883,260.0974,16151.434,0.08885325
4209,2021.05.013.0,262.26117,331.65405,16151.434,0.08648982
4210,2021.05.011.0,139.33504,22.967941,16246.3955,0.025040701
4211,2021.05.012.0,131.99615,140.99065,16246.3955,0.022677273
4212,2021.05.013.0,47.5991,133.28926,16246.3955,0.020313844
4213,2021.05.011.0,322.8069,139.91275,16246.3955,0.091216676
4214,2021.05.012.0,367.7575,279.1619,16246.3955,0.08885325
4215,2021.05.013.0,230.15361,328.4087,16246.3955,0.08648982
4216,2021.05.011.0,165.0211,24.103043,16341.356,0.025040701
4217,2021.05.012.0,104.47538,140.30836,16341.356,0.022677273
4218,2021.05.013.0,33.83871,129.49501,16341.356,0.020313844
4219,2021.05.011.0,360.41864,135.50838,16341.356,0.091216676
4220,2021.05.012.0,303.54236,286.3506,16341.356,0.08885325
4221,2021.05.013.0,211.80643,307.07205,16341.356,0.08648982
4222,2021.05.011.0,193.45923,25.296638,16436.318,0.025040701
4223,2021.05.012.0,82.458755,113.10802,16436.318,0.022677273
4224,2021.05.013.0,24.206432,108.75453,16436.318,0.020313844
4225,2021.05.011.0,401.69983,169.82565,16436.318,0.091216676
4226,2021.05.012.0,280.60837,292.47162,16436.318,0.08885325
4227,2021.05.013.0,167.77318,275.31403,16436.318,0.08648982
4228,2021.05.011.0,225.5668,26.861923,16531.281,0.025040701
4229,2021.05.012.0,65.94629,123.32363,16531.281,0.022677273
4230,2021.05.013.0,16.867554,99.82243,16531.281,0.020313844
4231,2021.05.011.0,436.55945,180.68071,16531.281,0.091216676
4232,2021.05.012.0,237.49248,305.0057,16531.281,0.08885325
4233,2021.05.013.0,152.17807,263.9095,16531.281,0.08648982
4234,2021.05.011.0,226.48418,34.250584,16626.242,0.025040701
4235,2021.05.012.0,45.764378,146.81413,16626.242,0.022677273
4236,2021.05.013.0,13.656799,99.40278,16626.242,0.020313844
4237,2021.05.011.0,375.09637,185.95734,16626.242,0.091216676
4238,2021.05.012.0,209.97171,295.18402,16626.242,0.08885325
4239,2021.05.013.0,127.40936,227.80591,16626.242,0.08648982
4240,2021.05.011.0,177.86414,48.210686,16721.205,0.025040701
4241,2021.05.012.0,36.590786,148.76472,16721.205,0.022677273
4242,2021.05.013.0,9.89563,82.77477,16721.205,0.020313844
4243,2021.05.011.0,320.97217,204.61574,16721.205,0.091216676
4244,2021.05.012.0,190.70715,276.48834,16721.205,0.08885325
4245,2021.05.013.0,106.3101,203.86662,16721.205,0.08648982
4246,2021.05.011.0,139.33504,39.548916,16816.166,0.025040701
4247,2021.05.012.0,26.499832,88.18827,16816.166,0.022677273
4248,2021.05.013.0,7.4187546,53.400517,16816.166,0.020313844
4249,2021.05.011.0,283.36047,218.86748,16816.166,0.091216676
4250,2021.05.012.0,161.35165,249.88544,16816.166,0.08885325
4251,2021.05.013.0,94.38442,180.47217,16816.166,0.08648982
4252,2021.05.011.0,104.47538,56.80139,16911.127,0.025040701
4253,2021.05.012.0,20.536995,71.054085,16911.127,0.022677273
4254,2021.05.013.0,5.400566,40.4005,16911.127,0.020313844
4255,2021.05.012.0,145.75655,214.8548,16911.127,0.08885325
4256,2021.05.013.0,75.11988,146.17906,16911.127,0.08648982
4257,2021.05.011.0,74.20252,59.106255,17006.09,0.025040701
4258,2021.05.012.0,16.408875,51.504513,17006.09,0.022677273
4259,2021.05.013.0,4.4832077,34.15408,17006.09,0.020313844
4260,2021.05.011.0,218.22794,242.56456,17006.09,0.091216676
4261,2021.05.012.0,121.905205,185.22466,17006.09,0.08885325
4262,2021.05.013.0,66.86365,116.4536,17006.09,0.08648982
4263,2021.05.011.0,55.85533,79.601,17101.05,0.025040701
4264,2021.05.012.0,12.280762,48.662613,17101.05,0.022677273
4265,2021.05.013.0,3.7493134,21.762688,17101.05,0.020313844
4266,2021.05.011.0,177.86414,276.31326,17101.05,0.091216676
4267,2021.05.012.0,111.814255,185.31873,17101.05,0.08885325
4268,2021.05.013.0,54.937973,111.478966,17101.05,0.08648982
4269,2021.05.011.0,39.342865,92.484764,17196.014,0.025040701
4270,2021.05.012.0,9.987366,46.0594,17196.014,0.022677273
4271,2021.05.013.0,3.198906,19.015678,17196.014,0.020313844
4272,2021.05.010.0,329.22842,276.1214,17196.014,0.09830696
4273,2021.05.011.0,154.01279,272.25732,17196.014,0.091216676
4274,2021.05.012.0,92.549706,166.53308,17196.014,0.08885325
4275,2021.05.013.0,46.68174,96.49356,17196.014,0.08648982
4276,2021.05.011.0,29.710594,86.01597,17290.975,0.025040701
4277,2021.05.012.0,9.528687,35.57523,17290.975,0.022677273
4278,2021.05.013.0,2.7402267,11.962723,17290.975,0.020313844
4279,2021.05.011.0,137.50032,255.97075,17290.975,0.091216676
4280,2021.05.012.0,83.376114,150.28316,17290.975,0.08885325
4281,2021.05.013.0,44.84702,87.185585,17290.975,0.08648982
4282,2021.05.011.0,22.371712,77.78394,17385.938,0.025040701
4283,2021.05.012.0,6.9600754,27.61053,17385.938,0.022677273
4284,2021.05.013.0,2.4650192,7.407547,17385.938,0.020313844
4285,2021.05.011.0,111.814255,214.95891,17385.938,0.091216676
4286,2021.05.012.0,68.698364,132.58694,17385.938,0.08885325
4287,2021.05.013.0,33.380024,73.62866,17385.938,0.08648982
4288,2021.05.011.0,17.32624,54.14215,17480.898,0.025040701
4289,2021.05.012.0,5.584038,19.0942,17480.898,0.022677273
4290,2021.05.013.0,2.556755,6.2328873,17480.898,0.020313844
4291,2021.05.011.0,94.38442,172.1514,17480.898,0.091216676
4292,2021.05.012.0,57.69005,90.54098,17480.898,0.08885325
4293,2021.05.013.0,29.710594,53.681633,17480.898,0.08648982
4294,2021.05.011.0,14.574158,41.26281,17575.861,0.025040701
4295,2021.05.012.0,4.758415,13.82254,17575.861,0.022677273
4296,2021.05.013.0,2.28154,3.9693222,17575.861,0.020313844
4297,2021.05.011.0,78.789314,166.1485,17575.861,0.091216676
4298,2021.05.012.0,51.268536,87.04979,17575.861,0.08885325
4299,2021.05.013.0,26.499832,52.83678,17575.861,0.08648982
4300,2021.05.011.0,11.363403,30.825947,17670.822,0.025040701
4301,2021.05.012.0,4.6666794,6.5382156,17670.822,0.022677273
4302,2021.05.013.0,1.8228607,2.2621384,17670.822,0.020313844
4303,2021.05.011.0,65.94629,130.55356,17670.822,0.091216676
4304,2021.05.012.0,46.68174,75.062515,17670.822,0.08885325
4305,2021.05.013.0,21.454361,47.377506,17670.822,0.08648982
4306,2021.05.011.0,10.446045,17.493073,17765.783,0.025040701
4307,2021.05.012.0,3.6575851,5.6589584,17765.783,0.022677273
4308,2021.05.013.0,2.00634,3.208786,17765.783,0.020313844
4309,2021.05.011.0,52.185894,107.64579,17765.783,0.091216676
4310,2021.05.012.0,49.433815,65.71088,17765.783,0.08885325
4311,2021.05.013.0,21.91304,50.19861,17765.783,0.08648982
4312,2021.05.013.0,102.64066,104.339355,17765.783,0.30156174
4313,2021.05.011.0,6.3179245,14.427658,17860.746,0.025040701
4314,2021.05.012.0,3.7493134,6.3029556,17860.746,0.022677273
4315,2021.05.013.0,1.8228607,6.0690765,17860.746,0.020313844
4316,2021.05.011.0,44.38834,83.83544,17860.746,0.091216676
4317,2021.05.012.0,36.590786,48.427433,17860.746,0.08885325
4318,2021.05.013.0,17.32624,34.15853,17860.746,0.08648982
4319,2021.05.011.0,6.501396,4.253868,17955.707,0.025040701
4320,2021.05.012.0,2.7402267,3.7025528,17955.707,0.022677273
4321,2021.05.013.0,1.9145966,5.352295,17955.707,0.020313844
4322,2021.05.011.0,38.884182,69.22644,17955.707,0.091216676
4323,2021.05.012.0,32.921345,37.08268,17955.707,0.08885325
4324,2021.05.013.0,17.32624,26.695202,17955.707,0.08648982
4325,2021.05.011.0,75.11988,131.49457,17955.707,0.17393665
4326,2021.05.012.0,57.69005,96.283295,17955.707,0.17157322
4327,2021.05.013.0,39.801544,67.4337,17955.707,0.16920978
4328,2021.05.012.0,120.07049,126.87246,17955.707,0.30392516
4329,2021.05.013.0,81.5414,108.730606,17955.707,0.30156174
4330,2021.05.011.0,5.2170944,7.218315,18050.67,0.025040701
4331,2021.05.012.0,2.6484833,7.3345337,18050.67,0.022677273
4332,2021.05.013.0,1.5476608,6.7315598,18050.67,0.020313844
4333,2021.05.011.0,30.627949,51.435825,18050.67,0.091216676
4334,2021.05.012.0,28.334553,28.600094,18050.67,0.08885325
4335,2021.05.013.0,16.408875,24.618877,18050.67,0.08648982
4336,2021.05.011.0,4.6666794,3.0548859,18145.63,0.025040701
4337,2021.05.012.0,2.28154,5.793579,18145.63,0.022677273
4338,2021.05.013.0,1.4559174,6.0027084,18145.63,0.020313844
4339,2021.05.011.0,30.16927,44.65732,18145.63,0.091216676
4340,2021.05.012.0,33.83871,34.282055,18145.63,0.08885325
4341,2021.05.013.0,12.739441,31.77707,18145.63,0.08648982
4342,2021.05.011.0,4.391472,2.0491638,18240.594,0.025040701
4343,2021.05.012.0,2.9236984,4.899025,18240.594,0.022677273
4344,2021.05.013.0,1.3641815,6.541733,18240.594,0.020313844
4345,2021.05.011.0,24.665112,34.60108,18240.594,0.091216676
4346,2021.05.012.0,23.747757,25.06974,18240.594,0.08885325
4347,2021.05.013.0,12.280762,21.935059,18240.594,0.08648982
4348,2021.05.011.0,3.9327927,1.4171371,18335.555,0.025040701
4349,2021.05.012.0,2.6484833,3.9769745,18335.555,0.022677273
4350,2021.05.013.0,1.2724533,5.931801,18335.555,0.020313844
4351,2021.05.011.0,24.665112,29.894703,18335.555,0.091216676
4352,2021.05.012.0,23.28907,26.97919,18335.555,0.08885325
4353,2021.05.013.0,12.739441,25.33953,18335.555,0.08648982
4354,2021.05.011.0,2.831955,-0.2631607,18430.518,0.025040701
4355,2021.05.012.0,2.556755,1.4072723,18430.518,0.022677273
4356,2021.05.013.0,1.2724533,5.1274033,18430.518,0.020313844
4357,2021.05.011.0,19.160957,24.019688,18430.518,0.091216676
4358,2021.05.012.0,21.91304,18.62162,18430.518,0.08885325
4359,2021.05.013.0,10.9047165,20.180168,18430.518,0.08648982
4360,2021.05.011.0,2.556755,-1.848526,18525.479,0.025040701
4361,2021.05.012.0,2.7402267,-0.021713257,18525.479,0.022677273
4362,2021.05.013.0,1.2724533,5.667755,18525.479,0.020313844
4363,2021.05.011.0,16.867554,20.296638,18525.479,0.091216676
4364,2021.05.012.0,18.243599,16.808083,18525.479,0.08885325
4365,2021.05.013.0,7.5104904,20.06398,18525.479,0.08648982
4366,2021.05.011.0,2.189804,-2.7026367,18620.441,0.025040701
4367,2021.05.012.0,2.189804,-0.9324951,18620.441,0.022677273
4368,2021.05.013.0,1.0889816,4.304451,18620.441,0.020313844
4369,2021.05.011.0,15.950203,13.846748,18620.441,0.091216676
4370,2021.05.012.0,16.408875,13.988274,18620.441,0.08885325
4371,2021.05.013.0,9.253471,18.283554,18620.441,0.08648982
4372,2021.05.011.0,2.831955,-2.9475174,18715.402,0.025040701
4373,2021.05.012.0,1.7311325,-0.48482513,18715.402,0.022677273
4374,2021.05.013.0,1.1807175,3.1317291,18715.402,0.020313844
4375,2021.05.011.0,13.19812,11.2506485,18715.402,0.091216676
4376,2021.05.012.0,15.491524,12.853554,18715.402,0.08885325
4377,2021.05.013.0,7.877434,17.292664,18715.402,0.08648982
4378,2021.05.013.0,0.99723816,4.6099014,18905.326,0.020313844
4379,2021.05.011.0,10.446045,9.506401,18905.326,0.091216676
4380,2021.05.012.0,11.8220825,9.577171,18905.326,0.08885325
4381,2021.05.013.0,7.2352905,13.476822,18905.326,0.08648982
4382,2021.05.013.0,5.2170944,13.235291,19000.287,0.08648982
4383,2021.05.013.0,7.2352905,11.494148,19190.21,0.08648982
4384,2021.05.013.0,0.99723816,2.9068222,19285.174,0.020313844
4385,2021.05.018.0,9.803894,19.16092,9978.915,0.074672684
4386,2021.05.019.0,8.152641,13.568466,9978.915,0.072309256
4387,2021.05.020.0,5.2170944,11.246033,9978.915,0.06994583
4388,2021.05.020.0,5.8592453,15.464134,10548.687,0.06994583
4389,2021.05.018.0,80.62404,75.96889,11498.305,0.28974462
4390,2021.05.019.0,80.62404,56.900726,11498.305,0.28738117
4391,2021.05.020.0,76.9546,54.323227,11498.305,0.28501773
4392,2021.05.019.0,13.656799,22.166977,11688.229,0.072309256
4393,2021.05.020.0,9.620415,17.909996,11688.229,0.06994583
4394,2021.05.019.0,17.32624,22.286385,12068.075,0.072309256
4395,2021.05.020.0,9.987366,19.570732,12068.075,0.06994583
4396,2021.05.018.0,21.91304,40.969597,12257.999,0.074672684
4397,2021.05.019.0,17.32624,25.37458,12257.999,0.072309256
4398,2021.05.020.0,10.9047165,19.742226,12257.999,0.06994583
4399,2021.05.019.0,117.31841,90.751785,12257.999,0.28738117
4400,2021.05.020.0,124.65729,77.11907,12257.999,0.28501773
4401,2021.05.019.0,20.078316,26.267242,12447.923,0.072309256
4402,2021.05.020.0,13.19812,20.07505,12447.923,0.06994583
4403,2021.05.019.0,22.830395,29.895355,12637.846,0.072309256
4404,2021.05.020.0,16.867554,23.668945,12637.846,0.06994583
4405,2021.05.019.0,24.665112,31.452816,12827.77,0.072309256
4406,2021.05.020.0,18.243599,24.21957,12827.77,0.06994583
4407,2021.05.019.0,157.68222,149.50433,12827.77,0.28738117
4408,2021.05.020.0,162.26901,121.928276,12827.77,0.28501773
4409,2021.05.019.0,30.16927,34.52819,13017.693,0.072309256
4410,2021.05.020.0,20.536995,28.256294,13017.693,0.06994583
4411,2021.05.018.0,312.71594,420.33594,13017.693,0.50481653
4412,2021.05.019.0,308.12915,419.29236,13017.693,0.5024531
4413,2021.05.018.0,39.801544,60.878754,13207.617,0.074672684
4414,2021.05.019.0,34.756065,35.65962,13207.617,0.072309256
4415,2021.05.020.0,23.747757,28.281776,13207.617,0.06994583
4416,2021.05.018.0,216.39322,266.409,13207.617,0.28974462
4417,2021.05.019.0,198.04602,215.5052,13207.617,0.28738117
4418,2021.05.020.0,205.38492,174.41556,13207.617,0.28501773
4419,2021.05.019.0,340.23672,429.3659,13207.617,0.5024531
4420,2021.05.018.0,45.764378,71.152,13397.541,0.074672684
4421,2021.05.019.0,38.425507,42.278713,13397.541,0.072309256
4422,2021.05.020.0,28.334553,33.481777,13397.541,0.06994583
4423,2021.05.020.0,33.380024,30.09187,13587.465,0.06994583
4424,2021.05.018.0,60.44213,86.28469,13777.388,0.074672684
4425,2021.05.019.0,54.020615,50.560425,13777.388,0.072309256
4426,2021.05.020.0,43.47098,40.452423,13777.388,0.06994583
4427,2021.05.018.0,65.94629,101.08892,13872.35,0.074672684
4428,2021.05.019.0,58.607407,59.196068,13872.35,0.072309256
4429,2021.05.020.0,47.5991,44.25869,13872.35,0.06994583
4430,2021.05.020.0,52.185894,49.59362,13967.312,0.06994583
4431,2021.05.018.0,76.03724,109.46919,14062.273,0.074672684
4432,2021.05.019.0,70.53308,69.86809,14062.273,0.072309256
4433,2021.05.020.0,55.85533,54.87178,14062.273,0.06994583
4434,2021.05.018.0,83.376114,107.481224,14157.235,0.074672684
4435,2021.05.019.0,77.871956,67.35275,14157.235,0.072309256
4436,2021.05.020.0,65.02892,52.660664,14157.235,0.06994583
4437,2021.05.018.0,542.0558,441.04443,14157.235,0.50481653
4438,2021.05.020.0,542.0558,442.2202,14157.235,0.5024531
4439,2021.05.019.0,84.29347,75.61298,14252.197,0.072309256
4440,2021.05.020.0,68.698364,61.52662,14252.197,0.06994583
4441,2021.05.018.0,98.05386,129.6409,14347.158,0.074672684
4442,2021.05.019.0,88.88027,81.68428,14347.158,0.072309256
4443,2021.05.020.0,79.70667,61.72635,14347.158,0.06994583
4444,2021.05.018.0,376.9311,424.72992,14347.158,0.28974462
4445,2021.05.019.0,376.9311,425.23145,14347.158,0.28738117
4446,2021.05.019.0,96.21915,94.189964,14442.121,0.072309256
4447,2021.05.020.0,84.29347,68.92563,14442.121,0.06994583
4448,2021.05.018.0,114.56633,150.32123,14537.082,0.074672684
4449,2021.05.019.0,106.3101,103.70723,14537.082,0.072309256
4450,2021.05.020.0,95.30179,80.672676,14537.082,0.06994583
4451,2021.05.018.0,121.905205,159.0906,14632.044,0.074672684
4452,2021.05.019.0,118.23577,111.92915,14632.044,0.072309256
4453,2021.05.020.0,102.64066,88.92461,14632.044,0.06994583
4454,2021.05.018.0,278.77365,340.77866,14632.044,0.15739265
4455,2021.05.019.0,254.00494,292.97852,14632.044,0.15502922
4456,2021.05.020.0,245.7487,238.4704,14632.044,0.1526658
4457,2021.05.018.0,132.91351,183.49814,14727.006,0.074672684
4458,2021.05.019.0,126.492004,125.03299,14727.006,0.072309256
4459,2021.05.020.0,113.64897,94.169014,14727.006,0.06994583
4460,2021.05.018.0,144.83919,191.31174,14821.968,0.074672684
4461,2021.05.019.0,140.2524,134.85136,14821.968,0.072309256
4462,2021.05.020.0,127.40936,108.1802,14821.968,0.06994583
4463,2021.05.018.0,155.8475,202.41617,14916.93,0.074672684
4464,2021.05.019.0,152.17807,142.80766,14916.93,0.072309256
4465,2021.05.020.0,146.67392,113.49136,14916.93,0.06994583
4466,2021.05.018.0,174.1947,230.66074,15011.892,0.074672684
4467,2021.05.019.0,165.0211,170.17157,15011.892,0.072309256
4468,2021.05.020.0,155.8475,127.4834,15011.892,0.06994583
4469,2021.05.018.0,188.87244,239.73953,15106.854,0.074672684
4470,2021.05.019.0,179.69885,173.90175,15106.854,0.072309256
4471,2021.05.020.0,169.6079,130.76971,15106.854,0.06994583
4472,2021.05.019.0,376.01373,400.52002,15106.854,0.15502922
4473,2021.05.020.0,376.9311,371.53467,15106.854,0.1526658
4474,2021.05.018.0,642.96533,439.79083,15106.854,0.28974462
4475,2021.05.020.0,890.6524,444.58044,15106.854,0.5000897
4476,2021.05.018.0,198.04602,266.00305,15201.815,0.074672684
4477,2021.05.019.0,198.96341,199.14757,15201.815,0.072309256
4478,2021.05.020.0,187.95508,151.52103,15201.815,0.06994583
4479,2021.05.018.0,220.06265,291.03995,15296.777,0.074672684
4480,2021.05.019.0,211.80643,225.90239,15296.777,0.072309256
4481,2021.05.020.0,207.21962,171.45045,15296.777,0.06994583
4482,2021.05.018.0,237.49248,308.35486,15391.738,0.074672684
4483,2021.05.019.0,233.82304,242.10442,15391.738,0.072309256
4484,2021.05.020.0,231.07097,189.36879,15391.738,0.06994583
4485,2021.05.018.0,255.83968,314.99982,15486.7,0.074672684
4486,2021.05.019.0,257.67438,245.82846,15486.7,0.072309256
4487,2021.05.020.0,249.41815,193.37637,15486.7,0.06994583
4488,2021.05.018.0,278.77365,351.9278,15581.662,0.074672684
4489,2021.05.019.0,278.77365,283.00143,15581.662,0.072309256
4490,2021.05.020.0,275.10422,219.99742,15581.662,0.06994583
4491,2021.05.018.0,304.45972,345.29523,15676.624,0.074672684
4492,2021.05.019.0,308.12915,281.3294,15676.624,0.072309256
4493,2021.05.020.0,302.625,225.53226,15676.624,0.06994583
4494,2021.05.018.0,331.06314,377.04718,15771.586,0.074672684
4495,2021.05.019.0,332.89783,334.63953,15771.586,0.072309256
4496,2021.05.020.0,330.14578,269.1039,15771.586,0.06994583
4497,2021.05.018.0,360.41864,367.46478,15866.548,0.074672684
4498,2021.05.019.0,364.08807,338.00757,15866.548,0.072309256
4499,2021.05.020.0,361.336,284.35577,15866.548,0.06994583
4500,2021.05.018.0,390.69147,349.78656,15961.51,0.074672684
4501,2021.05.019.0,399.86505,352.57092,15961.51,0.072309256
4502,2021.05.020.0,399.86505,320.2633,15961.51,0.06994583
4503,2021.05.018.0,424.6338,309.80243,16056.472,0.074672684
4504,2021.05.019.0,432.89,341.65173,16056.472,0.072309256
4505,2021.05.020.0,416.37756,333.829,16056.472,0.06994583
4506,2021.05.018.0,528.2954,378.515,16056.472,0.15739265
4507,2021.05.019.0,505.3614,404.88605,16056.472,0.15502922
4508,2021.05.020.0,464.08026,414.9721,16056.472,0.1526658
4509,2021.05.018.0,450.3199,269.9848,16151.434,0.074672684
4510,2021.05.019.0,399.86505,342.28003,16151.434,0.072309256
4511,2021.05.020.0,363.17072,356.71844,16151.434,0.06994583
4512,2021.05.020.0,413.6255,411.74255,16151.434,0.1526658
4513,2021.05.018.0,399.86505,216.27867,16246.3955,0.074672684
4514,2021.05.019.0,351.24506,309.6458,16246.3955,0.072309256
4515,2021.05.020.0,323.72424,327.99597,16246.3955,0.06994583
4516,2021.05.019.0,439.31152,365.1999,16246.3955,0.15502922
4517,2021.05.020.0,385.18738,395.02997,16246.3955,0.1526658
4518,2021.05.018.0,356.7492,187.84842,16341.356,0.074672684
4519,2021.05.019.0,308.12915,295.9125,16341.356,0.072309256
4520,2021.05.020.0,281.52573,309.56592,16341.356,0.06994583
4521,2021.05.018.0,308.12915,141.11417,16436.318,0.074672684
4522,2021.05.019.0,263.17853,262.86954,16436.318,0.072309256
4523,2021.05.020.0,242.07928,275.61816,16436.318,0.06994583
4524,2021.05.018.0,270.5174,124.496735,16531.281,0.074672684
4525,2021.05.019.0,227.40154,247.86552,16531.281,0.072309256
4526,2021.05.020.0,202.63283,250.32518,16531.281,0.06994583
4527,2021.05.018.0,230.15361,88.5227,16626.242,0.074672684
4528,2021.05.019.0,197.12868,214.3447,16626.242,0.072309256
4529,2021.05.020.0,175.11205,203.216,16626.242,0.06994583
4530,2021.05.018.0,198.04602,71.9848,16721.205,0.074672684
4531,2021.05.019.0,162.26901,198.49199,16721.205,0.072309256
4532,2021.05.020.0,142.08711,167.22772,16721.205,0.06994583
4533,2021.05.018.0,167.77318,57.74741,16816.166,0.074672684
4534,2021.05.019.0,132.91351,181.62169,16816.166,0.072309256
4535,2021.05.020.0,119.15312,144.49904,16816.166,0.06994583
4536,2021.05.020.0,176.94678,218.154,16816.166,0.1526658
4537,2021.05.018.0,138.41768,42.875248,16911.127,0.074672684
4538,2021.05.019.0,112.73161,148.02327,16911.127,0.072309256
4539,2021.05.020.0,98.05386,105.723465,16911.127,0.06994583
4540,2021.05.018.0,113.64897,32.583054,17006.09,0.074672684
4541,2021.05.019.0,91.63235,125.32549,17006.09,0.072309256
4542,2021.05.020.0,80.62404,82.25508,17006.09,0.06994583
4543,2021.05.018.0,169.6079,85.86176,17006.09,0.15739265
4544,2021.05.019.0,173.27734,175.12335,17006.09,0.15502922
4545,2021.05.020.0,150.34335,177.75363,17006.09,0.1526658
4546,2021.05.018.0,94.38442,34.026287,17101.05,0.074672684
4547,2021.05.019.0,73.28516,111.8701,17101.05,0.072309256
4548,2021.05.020.0,64.111565,64.86946,17101.05,0.06994583
4549,2021.05.018.0,78.789314,24.102642,17196.014,0.074672684
4550,2021.05.019.0,59.52477,100.41599,17196.014,0.072309256
4551,2021.05.020.0,52.185894,57.53105,17196.014,0.06994583
4552,2021.05.018.0,65.02892,22.584656,17290.975,0.074672684
4553,2021.05.019.0,48.516457,78.11775,17290.975,0.072309256
4554,2021.05.020.0,41.63626,40.628426,17290.975,0.06994583
4555,2021.05.020.0,95.30179,109.85135,17290.975,0.1526658
4556,2021.05.018.0,51.268536,17.21489,17385.938,0.074672684
4557,2021.05.019.0,37.966824,64.44197,17385.938,0.072309256
4558,2021.05.020.0,35.21475,32.502506,17385.938,0.06994583
4559,2021.05.018.0,43.92966,13.786285,17480.898,0.074672684
4560,2021.05.019.0,31.086628,49.92324,17480.898,0.072309256
4561,2021.05.020.0,27.875874,23.05925,17480.898,0.06994583
4562,2021.05.020.0,74.20252,84.86443,17480.898,0.1526658
4563,2021.05.018.0,34.756065,10.736328,17575.861,0.074672684
4564,2021.05.019.0,26.958511,28.87413,17575.861,0.072309256
4565,2021.05.020.0,24.206432,16.096237,17575.861,0.06994583
4566,2021.05.020.0,64.111565,67.80965,17575.861,0.1526658
4567,2021.05.018.0,29.710594,13.34639,17670.822,0.074672684
4568,2021.05.019.0,21.91304,23.63432,17670.822,0.072309256
4569,2021.05.020.0,18.702278,8.963982,17670.822,0.06994583
4570,2021.05.018.0,24.665112,13.816933,17765.783,0.074672684
4571,2021.05.019.0,19.160957,22.703602,17765.783,0.072309256
4572,2021.05.020.0,15.491524,12.847275,17765.783,0.06994583
4573,2021.05.019.0,124.65729,132.28012,17765.783,0.28738117
4574,2021.05.018.0,19.619637,10.547501,17860.746,0.074672684
4575,2021.05.019.0,16.408875,24.511326,17860.746,0.072309256
4576,2021.05.020.0,12.280762,13.827805,17860.746,0.06994583
4577,2021.05.018.0,17.78492,7.981613,17955.707,0.074672684
4578,2021.05.019.0,13.19812,12.550186,17955.707,0.072309256
4579,2021.05.020.0,11.363403,9.035896,17955.707,0.06994583
4580,2021.05.018.0,52.185894,26.373016,17955.707,0.15739265
4581,2021.05.019.0,42.09494,54.789406,17955.707,0.15502922
4582,2021.05.020.0,37.049465,38.085995,17955.707,0.1526658
4583,2021.05.018.0,106.3101,69.6996,17955.707,0.28974462
4584,2021.05.019.0,109.06218,87.909546,17955.707,0.28738117
4585,2021.05.020.0,92.549706,89.77927,17955.707,0.28501773
4586,2021.05.018.0,15.491524,10.266548,18050.67,0.074672684
4587,2021.05.019.0,11.8220825,11.017853,18050.67,0.072309256
4588,2021.05.020.0,9.987366,7.590126,18050.67,0.06994583
4589,2021.05.019.0,41.63626,39.55812,18050.67,0.15502922
4590,2021.05.018.0,13.19812,12.249664,18145.63,0.074672684
4591,2021.05.019.0,10.9047165,8.990265,18145.63,0.072309256
4592,2021.05.020.0,9.345215,5.595375,18145.63,0.06994583
4593,2021.05.020.0,32.921345,28.667782,18145.63,0.1526658
4594,2021.05.018.0,12.280762,10.252602,18240.594,0.074672684
4595,2021.05.019.0,10.446045,13.029945,18240.594,0.072309256
4596,2021.05.020.0,8.427856,8.332993,18240.594,0.06994583
4597,2021.05.018.0,9.987366,10.619995,18335.555,0.074672684
4598,2021.05.019.0,9.803894,8.982262,18335.555,0.072309256
4599,2021.05.020.0,7.602234,6.2496033,18335.555,0.06994583
4600,2021.05.018.0,9.070007,10.142143,18430.518,0.074672684
4601,2021.05.019.0,8.336113,4.969986,18430.518,0.072309256
4602,2021.05.020.0,7.3270187,2.0599594,18430.518,0.06994583
4603,2021.05.018.0,8.886536,11.146805,18525.479,0.074672684
4604,2021.05.020.0,6.2261887,6.9424057,18525.479,0.072309256
4605,2021.05.018.0,8.244377,11.261787,18620.441,0.074672684
4606,2021.05.019.0,8.336113,5.155533,18620.441,0.072309256
4607,2021.05.020.0,6.1344604,3.884201,18620.441,0.06994583
4608,2021.05.019.0,6.1344604,7.1011276,18715.402,0.072309256
4609,2021.05.020.0,4.941887,3.6211624,18715.402,0.06994583
4610,2021.05.018.0,6.8683395,9.167595,18905.326,0.074672684
4611,2021.05.019.0,6.684868,4.3153687,18905.326,0.072309256
4612,2021.05.020.0,5.584038,2.5281525,18905.326,0.06994583
4613,2021.05.018.0,6.4096603,10.114029,19000.287,0.074672684
4614,2021.05.019.0,4.4832077,2.5012894,20139.83,0.072309256
4615,2021.05.020.0,3.4741135,1.0122833,20139.83,0.06994583
4616,2021.05.025.0,4.6666794,4.135956,9978.915,0.058128685
4617,2021.05.026.0,3.7493134,2.072998,9978.915,0.05576526
4618,2021.05.027.0,3.10717,0.0033569336,9978.915,0.053401835
4619,2021.05.025.0,5.1253586,6.534424,10168.839,0.058128685
4620,2021.05.027.0,4.850151,4.3965454,10168.839,0.05576526
4621,2021.05.025.0,5.0336227,6.5419846,10358.763,0.058128685
4622,2021.05.026.0,3.7493134,4.3098297,10358.763,0.05576526
4623,2021.05.027.0,3.6575851,1.876831,10358.763,0.053401835
4624,2021.05.027.0,3.2906342,5.2634354,10548.687,0.05576526
4625,2021.05.025.0,4.941887,6.7022324,10738.609,0.058128685
4626,2021.05.025.0,5.8592453,6.9461136,10928.533,0.058128685
4627,2021.05.026.0,3.6575851,5.6014633,10928.533,0.05576526
4628,2021.05.027.0,4.4832077,2.21566,10928.533,0.053401835
4629,2021.05.025.0,5.950981,6.3800583,11118.457,0.058128685
4630,2021.05.026.0,4.4832077,5.708023,11118.457,0.05576526
4631,2021.05.027.0,3.5658493,3.2892075,11118.457,0.053401835
4632,2021.05.025.0,6.3179245,7.3882065,11308.381,0.058128685
4633,2021.05.026.0,5.400566,5.5524826,11308.381,0.05576526
4634,2021.05.027.0,4.208,4.217888,11308.381,0.053401835
4635,2021.05.025.0,6.7766037,7.463722,11498.305,0.058128685
4636,2021.05.027.0,3.8410568,6.5307236,11498.305,0.05576526
4637,2021.05.025.0,53.103252,52.85392,11498.305,0.2732006
4638,2021.05.026.0,46.68174,47.702065,11498.305,0.27083716
4639,2021.05.027.0,45.764378,46.44489,11498.305,0.26847374
4640,2021.05.026.0,4.941887,8.422974,11688.229,0.058128685
4641,2021.05.027.0,6.501396,4.400955,11688.229,0.053401835
4642,2021.05.025.0,54.020615,55.738503,11688.229,0.2732006
4643,2021.05.027.0,48.516457,47.3548,11688.229,0.27083716
4644,2021.05.025.0,6.501396,7.7897415,11878.151,0.058128685
4645,2021.05.026.0,6.3179245,5.394272,11878.151,0.05576526
4646,2021.05.027.0,4.299736,4.868019,11878.151,0.053401835
4647,2021.05.025.0,7.785698,9.551094,12068.075,0.058128685
4648,2021.05.026.0,5.0336227,6.812111,12068.075,0.05576526
4649,2021.05.027.0,4.758415,3.8892288,12068.075,0.053401835
4650,2021.05.025.0,9.620415,9.254982,12257.999,0.058128685
4651,2021.05.026.0,7.143547,7.7409744,12257.999,0.05576526
4652,2021.05.027.0,6.2261887,5.9714355,12257.999,0.053401835
4653,2021.05.025.0,69.61572,53.760868,12257.999,0.2732006
4654,2021.05.026.0,69.61572,51.505215,12257.999,0.27083716
4655,2021.05.027.0,64.111565,55.10898,12257.999,0.26847374
4656,2021.05.025.0,9.070007,10.889282,12447.923,0.058128685
4657,2021.05.026.0,6.3179245,8.224167,12447.923,0.05576526
4658,2021.05.027.0,4.941887,5.3936234,12447.923,0.053401835
4659,2021.05.025.0,8.427856,11.210007,12637.846,0.058128685
4660,2021.05.026.0,6.1344604,7.4021454,12637.846,0.05576526
4661,2021.05.027.0,7.602234,4.8453827,12637.846,0.053401835
4662,2021.05.025.0,10.446045,11.352493,12827.77,0.058128685
4663,2021.05.026.0,6.7766037,8.601181,12827.77,0.05576526
4664,2021.05.027.0,7.693962,5.502739,12827.77,0.053401835
4665,2021.05.026.0,87.96291,71.950485,12827.77,0.27083716
4666,2021.05.027.0,87.96291,65.23764,12827.77,0.26847374
4667,2021.05.025.0,10.9047165,11.681747,13017.693,0.058128685
4668,2021.05.026.0,7.2352905,8.822578,13017.693,0.05576526
4669,2021.05.027.0,6.8683395,5.8038864,13017.693,0.053401835
4670,2021.05.027.0,98.05386,85.53024,13017.693,0.27083716
4671,2021.05.025.0,12.739441,13.327675,13207.617,0.058128685
4672,2021.05.026.0,7.9691772,9.074944,13207.617,0.05576526
4673,2021.05.027.0,9.345215,6.4054565,13207.617,0.053401835
4674,2021.05.025.0,133.83087,105.35486,13207.617,0.2732006
4675,2021.05.026.0,110.8969,82.6719,13207.617,0.27083716
4676,2021.05.027.0,106.3101,75.9251,13207.617,0.26847374
4677,2021.05.025.0,13.656799,15.51738,13397.541,0.058128685
4678,2021.05.026.0,9.803894,11.069344,13397.541,0.05576526
4679,2021.05.027.0,9.528687,7.9340744,13397.541,0.053401835
4680,2021.05.025.0,15.032837,14.458878,13587.465,0.058128685
4681,2021.05.026.0,9.712151,9.7693405,13587.465,0.05576526
4682,2021.05.027.0,11.8220825,6.7150803,13587.465,0.053401835
4683,2021.05.025.0,16.867554,20.718918,13777.388,0.058128685
4684,2021.05.026.0,10.446045,11.926941,13777.388,0.05576526
4685,2021.05.027.0,11.363403,7.4772263,13777.388,0.053401835
4686,2021.05.025.0,18.702278,17.899963,13872.35,0.058128685
4687,2021.05.026.0,10.446045,10.268929,13872.35,0.05576526
4688,2021.05.027.0,10.9047165,6.3898163,13872.35,0.053401835
4689,2021.05.025.0,19.160957,22.003426,13967.312,0.058128685
4690,2021.05.026.0,12.739441,13.680626,13967.312,0.05576526
4691,2021.05.027.0,12.280762,8.559036,13967.312,0.053401835
4692,2021.05.025.0,21.454361,21.87381,14062.273,0.058128685
4693,2021.05.026.0,13.19812,11.983505,14062.273,0.05576526
4694,2021.05.027.0,13.656799,8.379074,14062.273,0.053401835
4695,2021.05.025.0,23.28907,27.498535,14157.235,0.058128685
4696,2021.05.026.0,14.1154785,21.03025,14157.235,0.05576526
4697,2021.05.027.0,15.950203,15.011482,14157.235,0.053401835
4698,2021.05.027.0,72.3678,45.138016,14157.235,0.1361218
4699,2021.05.025.0,23.28907,23.818913,14252.197,0.058128685
4700,2021.05.026.0,17.32624,14.655754,14252.197,0.05576526
4701,2021.05.027.0,16.408875,9.922508,14252.197,0.053401835
4702,2021.05.025.0,24.665112,22.31842,14347.158,0.058128685
4703,2021.05.026.0,16.867554,12.272308,14347.158,0.05576526
4704,2021.05.027.0,19.160957,11.035835,14347.158,0.053401835
4705,2021.05.027.0,217.31056,241.70361,14347.158,0.27083716
4706,2021.05.025.0,26.958511,21.671066,14442.121,0.058128685
4707,2021.05.026.0,19.160957,10.949272,14442.121,0.05576526
4708,2021.05.027.0,20.995674,12.318146,14442.121,0.053401835
4709,2021.05.025.0,30.627949,29.695435,14537.082,0.058128685
4710,2021.05.026.0,20.078316,11.562798,14537.082,0.05576526
4711,2021.05.027.0,21.454361,10.802338,14537.082,0.053401835
4712,2021.05.025.0,33.83871,41.162613,14632.044,0.058128685
4713,2021.05.026.0,21.91304,23.817223,14632.044,0.05576526
4714,2021.05.027.0,24.665112,14.398727,14632.044,0.053401835
4715,2021.05.025.0,118.23577,101.038025,14632.044,0.14084865
4716,2021.05.026.0,97.136505,73.80104,14632.044,0.13848522
4717,2021.05.027.0,101.7233,65.999214,14632.044,0.1361218
4718,2021.05.025.0,37.508144,32.666145,14727.006,0.058128685
4719,2021.05.026.0,24.206432,17.28299,14727.006,0.05576526
4720,2021.05.027.0,28.334553,11.123505,14727.006,0.053401835
4721,2021.05.026.0,106.3101,93.91401,14727.006,0.13848522
4722,2021.05.027.0,115.48369,69.6829,14727.006,0.1361218
4723,2021.05.027.0,301.70764,236.73724,14727.006,0.26847374
4724,2021.05.025.0,40.26022,42.08933,14821.968,0.058128685
4725,2021.05.026.0,26.958511,14.227707,14821.968,0.05576526
4726,2021.05.027.0,30.16927,7.997696,14821.968,0.053401835
4727,2021.05.025.0,44.84702,45.64616,14916.93,0.058128685
4728,2021.05.026.0,30.627949,19.542847,14916.93,0.05576526
4729,2021.05.027.0,35.673428,16.740494,14916.93,0.053401835
4730,2021.05.025.0,49.433815,52.57767,15011.892,0.058128685
4731,2021.05.026.0,34.756065,31.439125,15011.892,0.05576526
4732,2021.05.027.0,37.966824,21.737404,15011.892,0.053401835
4733,2021.05.025.0,56.77269,59.652954,15106.854,0.058128685
4734,2021.05.026.0,38.884182,43.369267,15106.854,0.05576526
4735,2021.05.027.0,44.38834,33.44512,15106.854,0.053401835
4736,2021.05.025.0,184.28564,188.58856,15106.854,0.14084865
4737,2021.05.026.0,146.67392,134.06319,15106.854,0.13848522
4738,2021.05.027.0,163.18637,100.85481,15106.854,0.1361218
4739,2021.05.027.0,365.00543,372.98163,15106.854,0.26847374
4740,2021.05.026.0,597.09735,444.35284,15106.854,0.48590907
4741,2021.05.025.0,64.111565,70.117714,15201.815,0.058128685
4742,2021.05.026.0,43.47098,37.44179,15201.815,0.05576526
4743,2021.05.027.0,50.351173,25.996716,15201.815,0.053401835
4744,2021.05.026.0,180.61621,154.69629,15201.815,0.13848522
4745,2021.05.027.0,172.35997,130.10248,15201.815,0.1361218
4746,2021.05.025.0,72.3678,65.342514,15296.777,0.058128685
4747,2021.05.026.0,50.351173,45.987633,15296.777,0.05576526
4748,2021.05.027.0,57.69005,32.405926,15296.777,0.053401835
4749,2021.05.026.0,181.53357,196.52893,15296.777,0.13848522
4750,2021.05.027.0,186.12036,152.65787,15296.777,0.1361218
4751,2021.05.025.0,79.70667,80.94309,15391.738,0.058128685
4752,2021.05.026.0,57.69005,51.52463,15391.738,0.05576526
4753,2021.05.027.0,64.111565,39.5636,15391.738,0.053401835
4754,2021.05.025.0,90.71499,85.95089,15486.7,0.058128685
4755,2021.05.026.0,65.02892,59.03475,15486.7,0.05576526
4756,2021.05.027.0,73.28516,49.386303,15486.7,0.053401835
4757,2021.05.025.0,100.80594,92.871025,15581.662,0.058128685
4758,2021.05.026.0,72.3678,62.76994,15581.662,0.05576526
4759,2021.05.027.0,82.458755,42.579166,15581.662,0.053401835
4760,2021.05.026.0,219.1453,236.44185,15581.662,0.13848522
4761,2021.05.027.0,244.83136,186.22542,15581.662,0.1361218
4762,2021.05.025.0,110.8969,105.259895,15676.624,0.058128685
4763,2021.05.026.0,84.29347,74.457794,15676.624,0.05576526
4764,2021.05.027.0,93.467064,61.87686,15676.624,0.053401835
4765,2021.05.025.0,123.73993,121.93722,15771.586,0.058128685
4766,2021.05.026.0,96.21915,82.987335,15771.586,0.05576526
4767,2021.05.027.0,106.3101,67.937836,15771.586,0.053401835
4768,2021.05.025.0,141.16975,140.48996,15866.548,0.058128685
4769,2021.05.026.0,108.14481,95.631226,15866.548,0.05576526
4770,2021.05.027.0,120.07049,71.211006,15866.548,0.053401835
4771,2021.05.026.0,606.271,442.03607,15866.548,0.28029087
4772,2021.05.027.0,578.7502,441.67242,15866.548,0.26847374
4773,2021.05.025.0,157.68222,150.81514,15961.51,0.058128685
4774,2021.05.026.0,125.574646,102.31865,15961.51,0.05576526
4775,2021.05.027.0,136.58295,82.39152,15961.51,0.053401835
4776,2021.05.025.0,176.94678,176.76526,16056.472,0.058128685
4777,2021.05.026.0,138.41768,139.03566,16056.472,0.05576526
4778,2021.05.027.0,156.76486,105.42669,16056.472,0.053401835
4779,2021.05.025.0,376.9311,413.41644,16056.472,0.14084865
4780,2021.05.026.0,331.06314,386.14886,16056.472,0.13848522
4781,2021.05.027.0,367.7575,345.13965,16056.472,0.1361218
4782,2021.05.027.0,665.89935,441.00806,16056.472,0.27083716
4783,2021.05.025.0,194.37659,239.4031,16151.434,0.058128685
4784,2021.05.026.0,159.51694,184.10474,16151.434,0.05576526
4785,2021.05.027.0,175.11205,157.36497,16151.434,0.053401835
4786,2021.05.026.0,366.84015,388.9547,16151.434,0.13848522
4787,2021.05.027.0,395.27832,357.40662,16151.434,0.1361218
4788,2021.05.025.0,220.06265,264.0727,16246.3955,0.058128685
4789,2021.05.026.0,181.53357,206.3872,16246.3955,0.05576526
4790,2021.05.027.0,198.04602,174.99847,16246.3955,0.053401835
4791,2021.05.027.0,748.46173,443.60577,16246.3955,0.4835457
4792,2021.05.025.0,247.58344,299.90817,16341.356,0.058128685
4793,2021.05.026.0,206.30226,255.18153,16341.356,0.05576526
4794,2021.05.027.0,225.5668,207.28098,16341.356,0.053401835
4795,2021.05.025.0,276.93893,269.11737,16436.318,0.058128685
4796,2021.05.026.0,235.65776,241.67847,16436.318,0.05576526
4797,2021.05.027.0,254.00494,204.47205,16436.318,0.053401835
4798,2021.05.025.0,309.0465,256.04242,16531.281,0.058128685
4799,2021.05.026.0,263.17853,251.09155,16531.281,0.05576526
4800,2021.05.027.0,293.45142,229.27754,16531.281,0.053401835
4801,2021.05.025.0,514.53503,363.2296,16531.281,0.14084865
4802,2021.05.026.0,505.3614,390.73376,16531.281,0.13848522
4803,2021.05.027.0,446.6504,400.03802,16531.281,0.1361218
4804,2021.05.025.0,334.7326,225.77705,16626.242,0.058128685
4805,2021.05.026.0,302.625,253.0407,16626.242,0.05576526
4806,2021.05.027.0,267.76535,240.38899,16626.242,0.053401835
4807,2021.05.027.0,409.95605,391.66895,16626.242,0.1361218
4808,2021.05.025.0,278.77365,210.3867,16721.205,0.058128685
4809,2021.05.026.0,266.848,243.18924,16721.205,0.05576526
4810,2021.05.027.0,223.73209,228.83276,16721.205,0.053401835
4811,2021.05.026.0,389.7741,367.27454,16721.205,0.13848522
4812,2021.05.027.0,381.51788,367.88922,16721.205,0.1361218
4813,2021.05.025.0,231.98833,177.00821,16816.166,0.058128685
4814,2021.05.026.0,214.5585,200.55933,16816.166,0.05576526
4815,2021.05.027.0,182.45093,187.12271,16816.166,0.053401835
4816,2021.05.027.0,335.64996,346.04156,16816.166,0.1361218
4817,2021.05.025.0,193.45923,132.59232,16911.127,0.058128685
4818,2021.05.026.0,179.69885,174.483,16911.127,0.05576526
4819,2021.05.027.0,149.426,166.98077,16911.127,0.053401835
4820,2021.05.025.0,155.8475,84.37704,17006.09,0.058128685
4821,2021.05.026.0,142.08711,130.2379,17006.09,0.05576526
4822,2021.05.027.0,117.31841,124.81753,17006.09,0.053401835
4823,2021.05.025.0,298.95557,239.00171,17006.09,0.14084865
4824,2021.05.026.0,287.02988,287.4961,17006.09,0.13848522
4825,2021.05.027.0,259.5091,291.78314,17006.09,0.1361218
4826,2021.05.026.0,353.99713,341.92712,17006.09,0.27083716
4827,2021.05.027.0,324.6416,354.92297,17006.09,0.26847374
4828,2021.05.026.0,459.49347,426.34534,17006.09,0.48590907
4829,2021.05.027.0,444.81567,429.06012,17006.09,0.4835457
4830,2021.05.025.0,122.82257,73.5366,17101.05,0.058128685
4831,2021.05.026.0,110.8969,104.536835,17101.05,0.05576526
4832,2021.05.027.0,90.71499,96.03633,17101.05,0.053401835
4833,2021.05.026.0,243.914,252.28458,17101.05,0.13848522
4834,2021.05.027.0,211.80643,251.91281,17101.05,0.1361218
4835,2021.05.025.0,97.136505,53.214733,17196.014,0.058128685
4836,2021.05.026.0,87.04555,73.46096,17196.014,0.05576526
4837,2021.05.027.0,68.698364,62.45909,17196.014,0.053401835
4838,2021.05.025.0,228.31888,183.1872,17196.014,0.14084865
4839,2021.05.026.0,220.06265,225.63203,17196.014,0.13848522
4840,2021.05.027.0,184.28564,219.84355,17196.014,0.1361218
4841,2021.05.025.0,73.28516,39.95161,17290.975,0.058128685
4842,2021.05.026.0,65.94629,54.426613,17290.975,0.05576526
4843,2021.05.027.0,53.103252,45.25175,17290.975,0.053401835
4844,2021.05.026.0,176.94678,199.58397,17290.975,0.13848522
4845,2021.05.027.0,170.52525,195.94617,17290.975,0.1361218
4846,2021.05.025.0,57.69005,33.85893,17385.938,0.058128685
4847,2021.05.026.0,50.351173,44.920723,17385.938,0.05576526
4848,2021.05.027.0,39.801544,34.01931,17385.938,0.053401835
4849,2021.05.025.0,43.0123,24.559166,17480.898,0.058128685
4850,2021.05.026.0,38.425507,25.09357,17480.898,0.05576526
4851,2021.05.027.0,30.16927,19.276085,17480.898,0.053401835
4852,2021.05.025.0,149.426,105.88005,17480.898,0.14084865
4853,2021.05.026.0,140.2524,144.90477,17480.898,0.13848522
4854,2021.05.027.0,118.23577,149.01807,17480.898,0.1361218
4855,2021.05.025.0,32.921345,16.15606,17575.861,0.058128685
4856,2021.05.026.0,29.251907,22.352722,17575.861,0.05576526
4857,2021.05.027.0,21.91304,22.203156,17575.861,0.053401835
4858,2021.05.026.0,118.23577,124.931274,17575.861,0.13848522
4859,2021.05.027.0,103.55802,113.96826,17575.861,0.1361218
4860,2021.05.025.0,25.12379,9.373405,17670.822,0.058128685
4861,2021.05.026.0,22.830395,15.360252,17670.822,0.05576526
4862,2021.05.027.0,17.78492,13.671463,17670.822,0.053401835
4863,2021.05.026.0,104.47538,102.35914,17670.822,0.13848522
4864,2021.05.027.0,90.71499,95.83161,17670.822,0.1361218
4865,2021.05.025.0,19.160957,8.123825,17765.783,0.058128685
4866,2021.05.026.0,16.867554,9.271599,17765.783,0.05576526
4867,2021.05.027.0,13.656799,11.284561,17765.783,0.053401835
4868,2021.05.027.0,136.58295,178.69135,17765.783,0.26847374
4869,2021.05.025.0,15.032837,7.906746,17860.746,0.058128685
4870,2021.05.026.0,14.1154785,8.612999,17860.746,0.05576526
4871,2021.05.027.0,10.9047165,9.533051,17860.746,0.053401835
4872,2021.05.025.0,78.789314,52.54498,17860.746,0.14084865
4873,2021.05.026.0,76.03724,63.98145,17860.746,0.13848522
4874,2021.05.027.0,65.94629,65.7458,17860.746,0.1361218
4875,2021.05.025.0,12.280762,4.287819,17955.707,0.058128685
4876,2021.05.026.0,10.9047165,6.669449,17955.707,0.05576526
4877,2021.05.027.0,9.528687,5.3962555,17955.707,0.053401835
4878,2021.05.025.0,68.698364,50.951603,17955.707,0.14084865
4879,2021.05.026.0,64.111565,59.20546,17955.707,0.13848522
4880,2021.05.027.0,51.268536,50.02973,17955.707,0.1361218
4881,2021.05.025.0,144.83919,121.68651,17955.707,0.2732006
4882,2021.05.026.0,135.6656,150.5198,17955.707,0.27083716
4883,2021.05.027.0,124.65729,146.74683,17955.707,0.26847374
4884,2021.05.025.0,10.446045,3.6871338,18050.67,0.058128685
4885,2021.05.026.0,9.987366,4.84478,18050.67,0.05576526
4886,2021.05.027.0,8.152641,3.2866516,18050.67,0.053401835
4887,2021.05.027.0,50.351173,37.975704,18050.67,0.1361218
4888,2021.05.025.0,8.152641,2.502205,18145.63,0.058128685
4889,2021.05.026.0,8.152641,1.1166763,18145.63,0.05576526
4890,2021.05.027.0,6.1344604,0.71240234,18145.63,0.053401835
4891,2021.05.026.0,43.47098,39.40111,18145.63,0.13848522
4892,2021.05.027.0,41.17758,35.34832,18145.63,0.1361218
4893,2021.05.025.0,8.060913,1.2180557,18240.594,0.058128685
4894,2021.05.027.0,7.051811,4.03833,18240.594,0.05576526
4895,2021.05.025.0,6.0427094,0.34941864,18335.555,0.058128685
4896,2021.05.026.0,7.5104904,-0.73786926,18335.555,0.05576526
4897,2021.05.027.0,5.2170944,-0.009300232,18335.555,0.053401835
4898,2021.05.026.0,5.6757812,-2.0225601,18430.518,0.05576526
4899,2021.05.027.0,5.400566,-2.1531296,18430.518,0.053401835
4900,2021.05.027.0,4.5749435,-4.1442947,18525.479,0.053401835
4901,2021.05.025.0,3.5658493,-4.1279373,18905.326,0.058128685
4902,2021.05.027.0,3.2906342,-3.5361786,18905.326,0.05576526
4903,2021.05.025.0,58.607407,53.625233,19854.943,0.48827252
4904,2021.05.026.0,46.68174,52.386673,19854.943,0.48590907
4905,2021.05.025.0,2.556755,-3.8521042,20139.83,0.058128685
4906,2021.05.026.0,3.5658493,-6.098152,20139.83,0.05576526
4907,2021.05.027.0,1.9145966,-5.4415207,20139.83,0.053401835
4908,2021.06.01.0,2.28154,-4.1385574,9978.915,0.0415847
4909,2021.06.02.0,2.00634,-5.5621567,9978.915,0.03922127
4910,2021.06.03.0,1.9145966,-6.2915115,9978.915,0.03685784
4911,2021.06.03.0,1.7311325,-1.9381638,10168.839,0.03922127
4912,2021.06.01.0,2.6484833,-3.0946884,10358.763,0.0415847
4913,2021.06.02.0,2.4650192,-3.4545593,10358.763,0.03922127
4914,2021.06.03.0,2.0980759,-3.9922333,10358.763,0.03685784
4915,2021.06.02.0,2.28154,-2.0402298,10928.533,0.0415847
4916,2021.06.03.0,2.7402267,-3.19001,10928.533,0.03685784
4917,2021.06.01.0,3.3823776,-0.8936691,11308.381,0.0415847
4918,2021.06.02.0,2.6484833,-0.63736725,11308.381,0.03922127
4919,2021.06.03.0,3.9327927,-2.366478,11308.381,0.03685784
4920,2021.06.02.0,3.3823776,-0.034751892,11498.305,0.03922127
4921,2021.06.01.0,36.132103,36.029324,11498.305,0.25665662
4922,2021.06.02.0,33.83871,35.33474,11498.305,0.25429317
4923,2021.06.03.0,34.297386,30.726826,11498.305,0.25192976
4924,2021.06.03.0,3.10717,-0.35741425,11688.229,0.03922127
4925,2021.06.02.0,37.508144,38.152542,11688.229,0.25429317
4926,2021.06.03.0,32.46267,33.28198,11688.229,0.25192976
4927,2021.06.01.0,5.308838,0.9613037,11878.151,0.0415847
4928,2021.06.02.0,4.208,4.34713,11878.151,0.03922127
4929,2021.06.03.0,3.5658493,1.9672775,11878.151,0.03685784
4930,2021.06.01.0,2.7402267,0.78180695,12068.075,0.0415847
4931,2021.06.02.0,4.0245285,-0.6406784,12068.075,0.03922127
4932,2021.06.03.0,2.831955,2.5690918,12068.075,0.03685784
4933,2021.06.01.0,4.0245285,1.1647415,12257.999,0.0415847
4934,2021.06.02.0,3.198906,1.1063995,12257.999,0.03922127
4935,2021.06.03.0,3.6575851,-0.3540573,12257.999,0.03685784
4936,2021.06.02.0,46.223057,43.386623,12257.999,0.25665662
4937,2021.06.01.0,4.4832077,1.8279877,12447.923,0.0415847
4938,2021.06.02.0,4.299736,2.6845093,12447.923,0.03922127
4939,2021.06.03.0,3.5658493,2.6286163,12447.923,0.03685784
4940,2021.06.03.0,103.55802,109.440285,12447.923,0.46700165
4941,2021.06.01.0,4.4832077,3.7025146,12637.846,0.0415847
4942,2021.06.03.0,3.9327927,2.8063736,12637.846,0.03922127
4943,2021.06.01.0,4.5749435,2.8491287,12827.77,0.0415847
4944,2021.06.02.0,4.850151,2.332428,12827.77,0.03922127
4945,2021.06.03.0,4.299736,3.2182007,12827.77,0.03685784
4946,2021.06.01.0,5.400566,6.1729965,13017.693,0.0415847
4947,2021.06.02.0,6.4096603,4.059944,13017.693,0.03922127
4948,2021.06.03.0,4.391472,5.9282684,13017.693,0.03685784
4949,2021.06.01.0,5.400566,4.988266,13207.617,0.0415847
4950,2021.06.02.0,5.584038,3.7317047,13207.617,0.03922127
4951,2021.06.03.0,4.0245285,4.18412,13207.617,0.03685784
4952,2021.06.02.0,22.830395,18.467155,13207.617,0.12194124
4953,2021.06.03.0,19.619637,16.057549,13207.617,0.1195778
4954,2021.06.02.0,72.3678,67.63793,13207.617,0.25429317
4955,2021.06.03.0,65.94629,69.69435,13207.617,0.25192976
4956,2021.06.02.0,7.602234,3.8844376,13302.579,0.03922127
4957,2021.06.03.0,4.4832077,6.8670807,13302.579,0.03685784
4958,2021.06.01.0,7.3270187,5.211548,13397.541,0.0415847
4959,2021.06.02.0,7.2352905,5.0648117,13397.541,0.03922127
4960,2021.06.03.0,4.299736,5.597229,13397.541,0.03685784
4961,2021.06.01.0,7.2352905,5.4612885,13492.502,0.0415847
4962,2021.06.03.0,4.758415,5.272499,13492.502,0.03922127
4963,2021.06.01.0,29.251907,23.928204,13492.502,0.12430467
4964,2021.06.02.0,24.665112,20.882874,13492.502,0.12194124
4965,2021.06.03.0,20.078316,19.560066,13492.502,0.1195778
4966,2021.06.01.0,6.684868,6.1430435,13587.465,0.0415847
4967,2021.06.02.0,8.060913,4.4542007,13587.465,0.03922127
4968,2021.06.03.0,4.941887,6.653343,13587.465,0.03685784
4969,2021.06.01.0,7.877434,5.1346207,13682.426,0.0415847
4970,2021.06.02.0,6.5931396,5.1230927,13682.426,0.03922127
4971,2021.06.03.0,5.0336227,4.5965652,13682.426,0.03685784
4972,2021.06.01.0,7.4187546,5.6475983,13777.388,0.0415847
4973,2021.06.02.0,7.693962,4.8132477,13777.388,0.03922127
4974,2021.06.03.0,5.400566,6.1176453,13777.388,0.03685784
4975,2021.06.01.0,8.703064,6.4417725,13872.35,0.0415847
4976,2021.06.02.0,7.2352905,5.713669,13872.35,0.03922127
4977,2021.06.03.0,5.584038,4.985092,13872.35,0.03685784
4978,2021.06.01.0,8.152641,4.5395126,13967.312,0.0415847
4979,2021.06.02.0,7.051811,4.657608,13967.312,0.03922127
4980,2021.06.03.0,5.492302,4.2320023,13967.312,0.03685784
4981,2021.06.01.0,6.9600754,6.5106506,14062.273,0.0415847
4982,2021.06.02.0,7.3270187,3.3195877,14062.273,0.03922127
4983,2021.06.03.0,6.1344604,5.499405,14062.273,0.03685784
4984,2021.06.02.0,33.380024,31.376411,14062.273,0.12194124
4985,2021.06.03.0,29.710594,30.040638,14062.273,0.1195778
4986,2021.06.01.0,9.070007,7.854538,14157.235,0.0415847
4987,2021.06.02.0,8.152641,4.907692,14157.235,0.03922127
4988,2021.06.03.0,5.6757812,4.8325577,14157.235,0.03685784
4989,2021.06.01.0,40.26022,42.943073,14157.235,0.12430467
4990,2021.06.02.0,38.884182,38.050274,14157.235,0.12194124
4991,2021.06.03.0,32.00399,37.50899,14157.235,0.1195778
4992,2021.06.01.0,9.528687,5.4899673,14252.197,0.0415847
4993,2021.06.02.0,8.152641,4.3165436,14252.197,0.03922127
4994,2021.06.03.0,6.2261887,3.8979645,14252.197,0.03685784
4995,2021.06.01.0,9.987366,6.7240143,14347.158,0.0415847
4996,2021.06.02.0,8.427856,4.514763,14347.158,0.03922127
4997,2021.06.03.0,7.143547,5.049019,14347.158,0.03685784
4998,2021.06.03.0,126.492004,86.99926,14347.158,0.25192976
4999,2021.06.01.0,10.9047165,8.808929,14442.121,0.0415847
5000,2021.06.02.0,9.253471,5.4482727,14442.121,0.03922127
5001,2021.06.03.0,7.785698,5.609253,14442.121,0.03685784
5002,2021.06.01.0,10.9047165,7.307045,14537.082,0.0415847
5003,2021.06.02.0,9.803894,3.773262,14537.082,0.03922127
5004,2021.06.03.0,7.602234,5.89563,14537.082,0.03685784
5005,2021.06.01.0,11.8220825,7.605362,14632.044,0.0415847
5006,2021.06.02.0,11.8220825,5.167328,14632.044,0.03922127
5007,2021.06.03.0,7.877434,7.638916,14632.044,0.03685784
5008,2021.06.01.0,54.020615,50.72767,14632.044,0.12430467
5009,2021.06.02.0,54.020615,43.546078,14632.044,0.12194124
5010,2021.06.03.0,40.718903,46.715336,14632.044,0.1195778
5011,2021.06.01.0,12.280762,11.172462,14727.006,0.0415847
5012,2021.06.02.0,11.8220825,5.187851,14727.006,0.03922127
5013,2021.06.03.0,8.060913,7.1200943,14727.006,0.03685784
5014,2021.06.02.0,57.69005,47.137196,14727.006,0.12194124
5015,2021.06.03.0,46.223057,50.886208,14727.006,0.1195778
5016,2021.06.01.0,13.19812,11.458145,14821.968,0.0415847
5017,2021.06.02.0,11.8220825,7.8515854,14821.968,0.03922127
5018,2021.06.03.0,8.886536,6.8810196,14821.968,0.03685784
5019,2021.06.03.0,45.3057,47.355816,14821.968,0.1195778
5020,2021.06.01.0,13.19812,14.0067215,14916.93,0.0415847
5021,2021.06.02.0,12.280762,6.907593,14916.93,0.03922127
5022,2021.06.03.0,8.978264,7.302376,14916.93,0.03685784
5023,2021.06.01.0,13.656799,14.312241,15011.892,0.0415847
5024,2021.06.02.0,14.1154785,7.21019,15011.892,0.03922127
5025,2021.06.03.0,9.436951,9.982597,15011.892,0.03685784
5026,2021.06.01.0,15.491524,21.273788,15106.854,0.0415847
5027,2021.06.02.0,14.574158,8.327705,15106.854,0.03922127
5028,2021.06.03.0,10.446045,5.3619385,15106.854,0.03685784
5029,2021.06.01.0,74.20252,68.93633,15106.854,0.12430467
5030,2021.06.02.0,72.3678,58.294914,15106.854,0.12194124
5031,2021.06.03.0,58.607407,58.94094,15106.854,0.1195778
5032,2021.06.03.0,188.87244,201.93494,15106.854,0.25192976
5033,2021.06.03.0,384.27002,427.80267,15106.854,0.46700165
5034,2021.06.01.0,16.408875,11.817238,15201.815,0.0415847
5035,2021.06.02.0,15.491524,8.470108,15201.815,0.03922127
5036,2021.06.03.0,10.9047165,12.049431,15201.815,0.03685784
5037,2021.06.01.0,88.88027,78.505714,15201.815,0.12430467
5038,2021.06.02.0,82.458755,62.775032,15201.815,0.12194124
5039,2021.06.03.0,63.194206,62.87714,15201.815,0.1195778
5040,2021.06.01.0,18.243599,27.681084,15296.777,0.0415847
5041,2021.06.02.0,16.867554,15.067558,15296.777,0.03922127
5042,2021.06.03.0,11.8220825,12.373299,15296.777,0.03685784
5043,2021.06.01.0,104.47538,99.12448,15296.777,0.12430467
5044,2021.06.02.0,87.96291,79.75377,15296.777,0.12194124
5045,2021.06.03.0,70.53308,69.69978,15296.777,0.1195778
5046,2021.06.01.0,19.619637,20.27983,15391.738,0.0415847
5047,2021.06.02.0,18.243599,12.669838,15391.738,0.03922127
5048,2021.06.03.0,12.280762,13.298088,15391.738,0.03685784
5049,2021.06.03.0,74.20252,75.6853,15391.738,0.1195778
5050,2021.06.01.0,20.995674,18.15818,15486.7,0.0415847
5051,2021.06.02.0,20.536995,8.463974,15486.7,0.03922127
5052,2021.06.03.0,14.574158,16.954018,15486.7,0.03685784
5053,2021.06.01.0,24.206432,24.272358,15581.662,0.0415847
5054,2021.06.02.0,21.91304,16.735313,15581.662,0.03922127
5055,2021.06.03.0,15.032837,15.617477,15581.662,0.03685784
5056,2021.06.01.0,114.56633,127.54013,15581.662,0.12430467
5057,2021.06.02.0,109.97954,86.9997,15581.662,0.12194124
5058,2021.06.03.0,88.88027,84.993546,15581.662,0.1195778
5059,2021.06.01.0,26.499832,19.5065,15676.624,0.0415847
5060,2021.06.02.0,23.747757,15.222771,15676.624,0.03922127
5061,2021.06.03.0,16.408875,16.949295,15676.624,0.03685784
5062,2021.06.01.0,29.251907,37.577618,15771.586,0.0415847
5063,2021.06.02.0,27.875874,20.299713,15771.586,0.03922127
5064,2021.06.03.0,19.160957,19.417152,15771.586,0.03685784
5065,2021.06.02.0,132.91351,102.05519,15771.586,0.12194124
5066,2021.06.03.0,105.39274,95.01497,15771.586,0.1195778
5067,2021.06.01.0,33.380024,26.65932,15866.548,0.0415847
5068,2021.06.02.0,33.380024,11.66172,15866.548,0.03922127
5069,2021.06.03.0,20.995674,21.096107,15866.548,0.03685784
5070,2021.06.02.0,141.16975,118.91597,15866.548,0.12194124
5071,2021.06.03.0,117.31841,116.66413,15866.548,0.1195778
5072,2021.06.03.0,330.14578,401.07056,15866.548,0.25429317
5073,2021.06.01.0,37.049465,33.88894,15961.51,0.0415847
5074,2021.06.02.0,36.590786,17.877602,15961.51,0.03922127
5075,2021.06.03.0,24.206432,23.163319,15961.51,0.03685784
5076,2021.06.03.0,128.32672,136.62926,15961.51,0.1195778
5077,2021.06.01.0,42.553623,41.21377,16056.472,0.0415847
5078,2021.06.02.0,42.09494,30.466343,16056.472,0.03922127
5079,2021.06.03.0,26.958511,34.799442,16056.472,0.03685784
5080,2021.06.01.0,173.27734,204.36761,16056.472,0.12430467
5081,2021.06.02.0,171.44261,153.81967,16056.472,0.12194124
5082,2021.06.03.0,140.2524,145.13623,16056.472,0.1195778
5083,2021.06.03.0,367.7575,412.82233,16056.472,0.25192976
5084,2021.06.01.0,48.516457,49.253853,16151.434,0.0415847
5085,2021.06.02.0,48.516457,19.729843,16151.434,0.03922127
5086,2021.06.03.0,31.545307,26.211727,16151.434,0.03685784
5087,2021.06.02.0,189.7898,165.98224,16151.434,0.12194124
5088,2021.06.03.0,157.68222,155.85965,16151.434,0.1195778
5089,2021.06.01.0,54.937973,59.899673,16246.3955,0.0415847
5090,2021.06.02.0,56.77269,33.44041,16246.3955,0.03922127
5091,2021.06.03.0,35.673428,36.75497,16246.3955,0.03685784
5092,2021.06.01.0,63.194206,76.02339,16341.356,0.0415847
5093,2021.06.02.0,64.111565,42.999043,16341.356,0.03922127
5094,2021.06.03.0,41.63626,44.601353,16341.356,0.03685784
5095,2021.06.02.0,226.48418,228.29164,16341.356,0.12194124
5096,2021.06.03.0,187.95508,199.28723,16341.356,0.1195778
5097,2021.06.01.0,71.45044,88.26898,16436.318,0.0415847
5098,2021.06.02.0,74.20252,45.799088,16436.318,0.03922127
5099,2021.06.03.0,47.5991,43.817493,16436.318,0.03685784
5100,2021.06.03.0,202.63283,219.36899,16436.318,0.1195778
5101,2021.06.01.0,83.376114,105.85396,16531.281,0.0415847
5102,2021.06.02.0,87.04555,65.17111,16531.281,0.03922127
5103,2021.06.03.0,57.69005,58.900166,16531.281,0.03685784
5104,2021.06.01.0,270.5174,324.1191,16531.281,0.12430467
5105,2021.06.02.0,266.848,255.89305,16531.281,0.12194124
5106,2021.06.03.0,225.5668,224.68655,16531.281,0.1195778
5107,2021.06.01.0,97.136505,111.26369,16626.242,0.0415847
5108,2021.06.02.0,102.64066,68.03032,16626.242,0.03922127
5109,2021.06.03.0,67.781006,65.75433,16626.242,0.03685784
5110,2021.06.01.0,298.0382,338.789,16626.242,0.12430467
5111,2021.06.02.0,294.36877,274.0794,16626.242,0.12194124
5112,2021.06.03.0,251.25287,244.87358,16626.242,0.1195778
5113,2021.06.01.0,114.56633,137.02252,16721.205,0.0415847
5114,2021.06.02.0,119.15312,98.58902,16721.205,0.03922127
5115,2021.06.03.0,79.70667,92.254684,16721.205,0.03685784
5116,2021.06.01.0,338.402,354.26807,16721.205,0.12430467
5117,2021.06.02.0,339.31937,313.59625,16721.205,0.12194124
5118,2021.06.03.0,274.18686,289.4016,16721.205,0.1195778
5119,2021.06.01.0,136.58295,140.02844,16816.166,0.0415847
5120,2021.06.02.0,140.2524,105.68717,16816.166,0.03922127
5121,2021.06.03.0,96.21915,97.874825,16816.166,0.03685784
5122,2021.06.01.0,353.07977,370.4444,16816.166,0.12430467
5123,2021.06.02.0,358.58392,330.7233,16816.166,0.12194124
5124,2021.06.03.0,303.54236,321.49304,16816.166,0.1195778
5125,2021.06.01.0,158.59958,172.751,16911.127,0.0415847
5126,2021.06.02.0,165.93845,133.36533,16911.127,0.03922127
5127,2021.06.03.0,114.56633,127.374725,16911.127,0.03685784
5128,2021.06.01.0,387.9394,364.9427,16911.127,0.12430467
5129,2021.06.02.0,398.9477,343.48755,16911.127,0.12194124
5130,2021.06.03.0,335.64996,339.43207,16911.127,0.1195778
5131,2021.06.01.0,187.03772,189.4471,17006.09,0.0415847
5132,2021.06.02.0,193.45923,158.48236,17006.09,0.03922127
5133,2021.06.03.0,136.58295,146.44208,17006.09,0.03685784
5134,2021.06.01.0,423.71643,341.30292,17006.09,0.12430467
5135,2021.06.02.0,424.6338,354.06073,17006.09,0.12194124
5136,2021.06.03.0,370.50958,353.87616,17006.09,0.1195778
5137,2021.06.01.0,446.6504,407.8432,17006.09,0.25665662
5138,2021.06.02.0,519.1218,418.53784,17006.09,0.25429317
5139,2021.06.03.0,509.94818,425.71875,17006.09,0.25192976
5140,2021.06.03.0,633.7918,438.399,17006.09,0.4717285
5141,2021.06.01.0,224.64944,180.10751,17101.05,0.0415847
5142,2021.06.02.0,234.7404,181.01703,17101.05,0.03922127
5143,2021.06.03.0,165.93845,181.7756,17101.05,0.03685784
5144,2021.06.02.0,384.27002,358.67615,17101.05,0.12194124
5145,2021.06.03.0,413.6255,355.45557,17101.05,0.1195778
5146,2021.06.01.0,198.96341,152.8299,17196.014,0.0415847
5147,2021.06.02.0,182.45093,180.36133,17196.014,0.03922127
5148,2021.06.03.0,201.71547,166.802,17196.014,0.03685784
5149,2021.06.01.0,356.7492,297.38153,17196.014,0.12430467
5150,2021.06.02.0,335.64996,327.4259,17196.014,0.12194124
5151,2021.06.03.0,365.9228,326.53986,17196.014,0.1195778
5152,2021.06.01.0,154.93015,117.958275,17290.975,0.0415847
5153,2021.06.02.0,140.2524,146.7891,17290.975,0.03922127
5154,2021.06.03.0,177.86414,132.50763,17290.975,0.03685784
5155,2021.06.01.0,315.46802,255.67796,17290.975,0.12430467
5156,2021.06.02.0,289.78198,291.63568,17290.975,0.12194124
5157,2021.06.03.0,321.88953,282.05826,17290.975,0.1195778
5158,2021.06.01.0,119.15312,96.05708,17385.938,0.0415847
5159,2021.06.02.0,103.55802,120.249405,17385.938,0.03922127
5160,2021.06.03.0,135.6656,110.541145,17385.938,0.03685784
5161,2021.06.02.0,261.3438,264.11133,17385.938,0.12194124
5162,2021.06.03.0,284.27783,258.83337,17385.938,0.1195778
5163,2021.06.01.0,87.96291,68.5053,17480.898,0.0415847
5164,2021.06.02.0,76.9546,86.058235,17480.898,0.03922127
5165,2021.06.03.0,101.7233,74.32855,17480.898,0.03685784
5166,2021.06.01.0,230.15361,211.63205,17480.898,0.12430467
5167,2021.06.02.0,220.98001,222.11996,17480.898,0.12194124
5168,2021.06.03.0,241.16191,228.44672,17480.898,0.1195778
5169,2021.06.01.0,65.02892,47.72307,17575.861,0.0415847
5170,2021.06.02.0,54.020615,64.07806,17575.861,0.03922127
5171,2021.06.03.0,74.20252,48.97391,17575.861,0.03685784
5172,2021.06.01.0,204.46753,178.6044,17575.861,0.12430467
5173,2021.06.02.0,189.7898,181.93277,17575.861,0.12194124
5174,2021.06.03.0,208.13698,181.78357,17575.861,0.1195778
5175,2021.06.01.0,45.764378,32.827885,17670.822,0.0415847
5176,2021.06.02.0,37.508144,43.124104,17670.822,0.03922127
5177,2021.06.03.0,52.185894,34.699383,17670.822,0.03685784
5178,2021.06.01.0,176.94678,135.53954,17670.822,0.12430467
5179,2021.06.02.0,162.26901,169.34335,17670.822,0.12194124
5180,2021.06.03.0,176.02942,156.92058,17670.822,0.1195778
5181,2021.06.01.0,32.46267,24.604149,17765.783,0.0415847
5182,2021.06.02.0,26.958511,34.459225,17765.783,0.03922127
5183,2021.06.03.0,35.673428,23.547218,17765.783,0.03685784
5184,2021.06.03.0,153.09543,117.32596,17765.783,0.1195778
5185,2021.06.01.0,22.830395,14.888977,17860.746,0.0415847
5186,2021.06.02.0,20.995674,19.28836,17860.746,0.03922127
5187,2021.06.03.0,25.582474,17.67685,17860.746,0.03685784
5188,2021.06.01.0,130.16144,97.58327,17860.746,0.12430467
5189,2021.06.02.0,115.48369,116.86107,17860.746,0.12194124
5190,2021.06.03.0,129.24408,114.1713,17860.746,0.1195778
5191,2021.06.01.0,16.867554,8.573555,17955.707,0.0415847
5192,2021.06.02.0,14.574158,10.692078,17955.707,0.03922127
5193,2021.06.03.0,19.160957,11.805092,17955.707,0.03685784
5194,2021.06.01.0,107.227455,84.217415,17955.707,0.12430467
5195,2021.06.02.0,97.136505,90.67603,17955.707,0.12194124
5196,2021.06.03.0,106.3101,79.22557,17955.707,0.1195778
5197,2021.06.01.0,182.45093,165.2377,17955.707,0.25665662
5198,2021.06.03.0,191.62451,185.01743,17955.707,0.25429317
5199,2021.06.01.0,11.8220825,6.054329,18050.67,0.0415847
5200,2021.06.02.0,10.9047165,8.867821,18050.67,0.03922127
5201,2021.06.03.0,12.280762,8.43206,18050.67,0.03685784
5202,2021.06.02.0,86.12819,70.08694,18050.67,0.12194124
5203,2021.06.03.0,93.467064,67.34945,18050.67,0.1195778
5204,2021.06.01.0,8.978264,0.982254,18145.63,0.0415847
5205,2021.06.02.0,9.070007,3.8280487,18145.63,0.03922127
5206,2021.06.03.0,9.161743,5.3457565,18145.63,0.03685784
5207,2021.06.01.0,76.03724,50.583225,18145.63,0.12430467
5208,2021.06.02.0,71.45044,58.977737,18145.63,0.12194124
5209,2021.06.03.0,80.62404,57.021408,18145.63,0.1195778
5210,2021.06.02.0,6.3179245,-0.8856354,18240.594,0.03922127
5211,2021.06.03.0,7.4187546,1.1827774,18240.594,0.03685784
5212,2021.06.01.0,5.308838,-0.786438,18335.555,0.0415847
5213,2021.06.02.0,4.758415,-0.7259979,18335.555,0.03922127
5214,2021.06.03.0,5.584038,-0.4127655,18335.555,0.03685784
5215,2021.06.02.0,4.1162567,-1.9154205,18430.518,0.03922127
5216,2021.06.03.0,4.941887,-2.5942383,18430.518,0.03685784
5217,2021.06.03.0,4.391472,-3.2493896,18525.479,0.03685784
5218,2021.06.03.0,88.88027,84.74923,18525.479,0.25192976
5219,2021.06.02.0,2.831955,-7.314026,18905.326,0.03922127
5220,2021.06.03.0,2.6484833,-7.8129425,18905.326,0.03685784
5221,2021.06.03.0,68.698364,49.217796,19854.943,0.46700165
5222,2021.06.02.0,1.9145966,-13.436981,20139.83,0.03922127
5223,2021.06.03.0,1.6393967,-6.4328537,20139.83,0.03685784
5224,2021.06.08.0,1.7311325,-4.979637,11308.381,0.025040701
5225,2021.06.09.0,1.5476608,-5.0794754,11308.381,0.022677273
5226,2021.06.09.0,32.00399,27.885326,11498.305,0.24011263
5227,2021.06.010.0,26.499832,25.46083,11498.305,0.23538578
5228,2021.06.08.0,1.2724533,-1.7035675,12068.075,0.025040701
5229,2021.06.09.0,2.00634,-5.228798,12068.075,0.022677273
5230,2021.06.08.0,1.6393967,-2.7864456,12257.999,0.025040701
5231,2021.06.09.0,1.1807175,-4.4110947,12257.999,0.022677273
5232,2021.06.010.0,1.0889816,-7.1231613,12257.999,0.020313844
5233,2021.06.08.0,1.5476608,-2.230194,12447.923,0.025040701
5234,2021.06.09.0,1.4559174,-2.9968567,12447.923,0.022677273
5235,2021.06.010.0,0.99723816,-3.6695251,12447.923,0.020313844
5236,2021.06.09.0,112.73161,97.941734,12447.923,0.45518452
5237,2021.06.010.0,95.30179,92.83793,12447.923,0.45045763
5238,2021.06.010.0,0.99723816,-4.1204224,12637.846,0.020313844
5239,2021.06.08.0,1.8228607,-0.7088394,12827.77,0.025040701
5240,2021.06.09.0,1.4559174,-2.2468872,12827.77,0.022677273
5241,2021.06.010.0,0.99723816,-3.5803452,12827.77,0.020313844
5242,2021.06.08.0,2.556755,0.1787262,13017.693,0.025040701
5243,2021.06.09.0,2.4650192,0.75426483,13017.693,0.022677273
5244,2021.06.010.0,0.99723816,0.85328674,13017.693,0.020313844
5245,2021.06.08.0,2.0980759,0.005027771,13207.617,0.025040701
5246,2021.06.09.0,1.7311325,-0.11277008,13207.617,0.022677273
5247,2021.06.010.0,0.99723816,-1.0646667,13207.617,0.020313844
5248,2021.06.08.0,20.078316,11.910522,13207.617,0.10776067
5249,2021.06.09.0,15.950203,13.7734375,13207.617,0.10539725
5250,2021.06.010.0,9.528687,11.764687,13207.617,0.10303382
5251,2021.06.08.0,3.10717,2.9515686,13302.579,0.025040701
5252,2021.06.09.0,20.078316,16.926956,13492.502,0.10776067
5253,2021.06.010.0,11.363403,16.8703,13492.502,0.10303382
5254,2021.06.09.0,1.7311325,2.5476074,13682.426,0.025040701
5255,2021.06.010.0,0.99723816,-0.024391174,13682.426,0.020313844
5256,2021.06.09.0,22.371712,19.007614,13682.426,0.10539725
5257,2021.06.010.0,12.739441,18.066986,13682.426,0.10303382
5258,2021.06.08.0,2.189804,2.9396439,13777.388,0.025040701
5259,2021.06.09.0,1.8228607,0.6788559,13777.388,0.022677273
5260,2021.06.010.0,1.0889816,0.20811462,13777.388,0.020313844
5261,2021.06.09.0,54.020615,47.502655,13777.388,0.17157322
5262,2021.06.010.0,37.049465,46.35725,13777.388,0.16920978
5263,2021.06.08.0,2.3732834,5.596649,13872.35,0.025040701
5264,2021.06.09.0,2.28154,1.7792969,13872.35,0.022677273
5265,2021.06.010.0,0.99723816,2.5007324,13872.35,0.020313844
5266,2021.06.08.0,3.7493134,4.0824127,13967.312,0.025040701
5267,2021.06.09.0,2.189804,3.8658829,13967.312,0.022677273
5268,2021.06.010.0,1.0889816,1.602745,13967.312,0.020313844
5269,2021.06.08.0,2.4650192,7.029091,14062.273,0.025040701
5270,2021.06.09.0,2.189804,2.6050262,14062.273,0.022677273
5271,2021.06.010.0,1.0889816,2.7860718,14062.273,0.020313844
5272,2021.06.08.0,27.417187,25.270714,14062.273,0.10776067
5273,2021.06.09.0,28.793228,20.546623,14062.273,0.10539725
5274,2021.06.010.0,14.574158,21.731567,14062.273,0.10303382
5275,2021.06.08.0,3.10717,3.2570343,14157.235,0.025040701
5276,2021.06.09.0,2.189804,1.7878876,14157.235,0.022677273
5277,2021.06.010.0,1.1807175,0.8540878,14157.235,0.020313844
5278,2021.06.08.0,32.46267,26.892155,14157.235,0.10776067
5279,2021.06.09.0,28.334553,27.477207,14157.235,0.10539725
5280,2021.06.010.0,14.574158,24.513206,14157.235,0.10303382
5281,2021.06.08.0,2.831955,3.586464,14252.197,0.025040701
5282,2021.06.09.0,2.3732834,1.7306366,14252.197,0.022677273
5283,2021.06.010.0,1.0889816,1.8750763,14252.197,0.020313844
5284,2021.06.010.0,15.491524,25.992157,14252.197,0.10303382
5285,2021.06.08.0,3.5658493,3.9349823,14347.158,0.025040701
5286,2021.06.09.0,2.7402267,3.2015839,14347.158,0.022677273
5287,2021.06.010.0,1.3641815,2.675682,14347.158,0.020313844
5288,2021.06.010.0,15.950203,25.20285,14347.158,0.10303382
5289,2021.06.010.0,110.8969,107.5518,14347.158,0.23538578
5290,2021.06.08.0,3.198906,4.3387146,14442.121,0.025040701
5291,2021.06.09.0,2.556755,2.1446457,14442.121,0.022677273
5292,2021.06.010.0,1.3641815,1.8754501,14442.121,0.020313844
5293,2021.06.09.0,37.966824,32.77278,14442.121,0.10539725
5294,2021.06.010.0,18.702278,31.509155,14442.121,0.10303382
5295,2021.06.08.0,3.198906,4.7890778,14537.082,0.025040701
5296,2021.06.09.0,3.2906342,1.9304047,14537.082,0.022677273
5297,2021.06.010.0,1.4559174,3.8934097,14537.082,0.020313844
5298,2021.06.08.0,41.17758,35.31627,14537.082,0.10776067
5299,2021.06.09.0,37.508144,30.473366,14537.082,0.10539725
5300,2021.06.010.0,21.91304,31.751232,14537.082,0.10303382
5301,2021.06.08.0,3.7493134,4.867119,14632.044,0.025040701
5302,2021.06.09.0,2.9236984,2.3744354,14632.044,0.022677273
5303,2021.06.010.0,1.3641815,2.2393417,14632.044,0.020313844
5304,2021.06.08.0,44.84702,42.18669,14632.044,0.10776067
5305,2021.06.09.0,41.17758,38.56076,14632.044,0.10539725
5306,2021.06.010.0,21.91304,35.373814,14632.044,0.10303382
5307,2021.06.08.0,4.0245285,6.108307,14727.006,0.025040701
5308,2021.06.09.0,3.10717,3.0604858,14727.006,0.022677273
5309,2021.06.010.0,1.5476608,2.9356613,14727.006,0.020313844
5310,2021.06.08.0,51.268536,41.662567,14727.006,0.10776067
5311,2021.06.09.0,43.92966,37.226585,14727.006,0.10539725
5312,2021.06.010.0,22.371712,32.61108,14727.006,0.10303382
5313,2021.06.08.0,4.391472,5.2307053,14821.968,0.025040701
5314,2021.06.09.0,3.198906,3.4738235,14821.968,0.022677273
5315,2021.06.010.0,1.4559174,2.7269135,14821.968,0.020313844
5316,2021.06.08.0,53.103252,41.50585,14821.968,0.10776067
5317,2021.06.09.0,52.185894,39.355743,14821.968,0.10539725
5318,2021.06.010.0,24.206432,38.529934,14821.968,0.10303382
5319,2021.06.08.0,4.391472,6.6312256,14916.93,0.025040701
5320,2021.06.09.0,3.198906,2.6690292,14916.93,0.022677273
5321,2021.06.010.0,1.6393967,2.3312607,14916.93,0.020313844
5322,2021.06.08.0,55.85533,40.566784,14916.93,0.10776067
5323,2021.06.09.0,50.351173,44.311565,14916.93,0.10539725
5324,2021.06.010.0,29.251907,47.720768,14916.93,0.10303382
5325,2021.06.08.0,4.4832077,5.2704697,15011.892,0.025040701
5326,2021.06.09.0,3.198906,2.2662811,15011.892,0.022677273
5327,2021.06.010.0,1.8228607,2.13842,15011.892,0.020313844
5328,2021.06.010.0,37.508144,44.193996,15011.892,0.10303382
5329,2021.06.08.0,4.941887,1.9753647,15106.854,0.025040701
5330,2021.06.09.0,3.7493134,0.28627014,15106.854,0.022677273
5331,2021.06.010.0,1.9145966,0.58821106,15106.854,0.020313844
5332,2021.06.08.0,71.45044,57.361588,15106.854,0.10776067
5333,2021.06.09.0,63.194206,60.706657,15106.854,0.10539725
5334,2021.06.010.0,34.297386,57.845787,15106.854,0.10303382
5335,2021.06.08.0,216.39322,181.1991,15106.854,0.24011263
5336,2021.06.09.0,237.49248,193.07712,15106.854,0.23774919
5337,2021.06.010.0,173.27734,209.41986,15106.854,0.23538578
5338,2021.06.08.0,5.400566,7.4967575,15201.815,0.025040701
5339,2021.06.09.0,4.299736,3.9664917,15201.815,0.022677273
5340,2021.06.010.0,2.00634,4.276123,15201.815,0.020313844
5341,2021.06.08.0,79.70667,61.425602,15201.815,0.10776067
5342,2021.06.09.0,72.3678,60.449844,15201.815,0.10539725
5343,2021.06.010.0,37.508144,59.652344,15201.815,0.10303382
5344,2021.06.08.0,5.950981,7.6004257,15296.777,0.025040701
5345,2021.06.09.0,4.6666794,2.8671951,15296.777,0.022677273
5346,2021.06.010.0,2.189804,2.6126099,15296.777,0.020313844
5347,2021.06.08.0,85.21083,68.326515,15296.777,0.10776067
5348,2021.06.09.0,76.03724,66.30631,15296.777,0.10539725
5349,2021.06.010.0,42.09494,62.12964,15296.777,0.10303382
5350,2021.06.08.0,6.501396,10.357712,15391.738,0.025040701
5351,2021.06.09.0,5.308838,5.503517,15391.738,0.022677273
5352,2021.06.010.0,2.28154,5.6219635,15391.738,0.020313844
5353,2021.06.08.0,88.88027,68.88759,15391.738,0.10776067
5354,2021.06.09.0,83.376114,64.89413,15391.738,0.10539725
5355,2021.06.010.0,46.68174,65.65507,15391.738,0.10303382
5356,2021.06.08.0,7.2352905,13.335648,15486.7,0.025040701
5357,2021.06.09.0,5.1253586,6.8614883,15486.7,0.022677273
5358,2021.06.010.0,2.4650192,5.510231,15486.7,0.020313844
5359,2021.06.08.0,94.38442,77.64989,15486.7,0.10776067
5360,2021.06.09.0,90.71499,76.66111,15486.7,0.10539725
5361,2021.06.010.0,52.185894,72.97226,15486.7,0.10303382
5362,2021.06.08.0,8.6113205,13.698235,15581.662,0.025040701
5363,2021.06.09.0,5.950981,7.7521133,15581.662,0.022677273
5364,2021.06.010.0,2.556755,7.4623184,15581.662,0.020313844
5365,2021.06.08.0,106.3101,87.53258,15581.662,0.10776067
5366,2021.06.09.0,100.80594,85.568985,15581.662,0.10539725
5367,2021.06.010.0,57.69005,81.81139,15581.662,0.10303382
5368,2021.06.08.0,9.070007,15.748459,15676.624,0.025040701
5369,2021.06.09.0,6.8683395,8.354469,15676.624,0.022677273
5370,2021.06.010.0,2.831955,6.5593185,15676.624,0.020313844
5371,2021.06.09.0,111.814255,91.739426,15676.624,0.10539725
5372,2021.06.010.0,65.02892,94.02143,15676.624,0.10303382
5373,2021.06.08.0,10.446045,20.996666,15771.586,0.025040701
5374,2021.06.09.0,8.427856,11.542061,15771.586,0.022677273
5375,2021.06.010.0,3.10717,12.376663,15771.586,0.020313844
5376,2021.06.08.0,133.83087,98.66879,15771.586,0.10776067
5377,2021.06.09.0,123.73993,111.65854,15771.586,0.10539725
5378,2021.06.010.0,72.3678,110.438705,15771.586,0.10303382
5379,2021.06.08.0,12.739441,17.28759,15866.548,0.025040701
5380,2021.06.09.0,9.803894,6.197769,15866.548,0.022677273
5381,2021.06.010.0,3.5658493,6.320923,15866.548,0.020313844
5382,2021.06.09.0,135.6656,119.5323,15866.548,0.10539725
5383,2021.06.010.0,81.5414,117.02987,15866.548,0.10303382
5384,2021.06.08.0,14.574158,24.068954,15961.51,0.025040701
5385,2021.06.09.0,11.8220825,15.38784,15961.51,0.022677273
5386,2021.06.010.0,3.8410568,17.579994,15961.51,0.020313844
5387,2021.06.08.0,151.26071,135.25821,15961.51,0.10776067
5388,2021.06.09.0,151.26071,134.51323,15961.51,0.10539725
5389,2021.06.010.0,93.467064,132.96695,15961.51,0.10303382
5390,2021.06.08.0,17.78492,26.122623,16056.472,0.025040701
5391,2021.06.09.0,14.574158,16.25624,16056.472,0.022677273
5392,2021.06.010.0,4.208,15.256256,16056.472,0.020313844
5393,2021.06.08.0,165.0211,154.08705,16056.472,0.10776067
5394,2021.06.09.0,167.77318,146.51904,16056.472,0.10539725
5395,2021.06.010.0,105.39274,154.52692,16056.472,0.10303382
5396,2021.06.010.0,355.83185,373.1488,16056.472,0.23538578
5397,2021.06.08.0,20.995674,38.1223,16151.434,0.025040701
5398,2021.06.09.0,18.702278,22.196518,16151.434,0.022677273
5399,2021.06.010.0,5.1253586,26.581604,16151.434,0.020313844
5400,2021.06.08.0,185.203,168.7164,16151.434,0.10776067
5401,2021.06.09.0,184.28564,167.8158,16151.434,0.10539725
5402,2021.06.010.0,119.15312,169.95679,16151.434,0.10303382
5403,2021.06.08.0,25.582474,36.001453,16246.3955,0.025040701
5404,2021.06.09.0,23.747757,25.430298,16246.3955,0.022677273
5405,2021.06.010.0,5.950981,22.598969,16246.3955,0.020313844
5406,2021.06.08.0,32.921345,47.3412,16341.356,0.025040701
5407,2021.06.09.0,31.545307,33.83354,16341.356,0.022677273
5408,2021.06.010.0,7.051811,39.064983,16341.356,0.020313844
5409,2021.06.09.0,229.23624,206.58572,16341.356,0.10539725
5410,2021.06.010.0,153.09543,210.76076,16341.356,0.10303382
5411,2021.06.08.0,40.26022,42.584328,16436.318,0.025040701
5412,2021.06.09.0,38.425507,32.496017,16436.318,0.022677273
5413,2021.06.010.0,9.345215,34.56487,16436.318,0.020313844
5414,2021.06.09.0,252.17023,220.47792,16436.318,0.10539725
5415,2021.06.010.0,170.52525,220.44814,16436.318,0.10303382
5416,2021.06.08.0,49.433815,56.404354,16531.281,0.025040701
5417,2021.06.09.0,50.351173,41.97411,16531.281,0.022677273
5418,2021.06.010.0,12.280762,42.32113,16531.281,0.020313844
5419,2021.06.08.0,268.68268,237.36601,16531.281,0.10776067
5420,2021.06.09.0,281.52573,229.99045,16531.281,0.10539725
5421,2021.06.010.0,192.54187,243.98262,16531.281,0.10303382
5422,2021.06.08.0,62.276848,52.8847,16626.242,0.025040701
5423,2021.06.09.0,65.02892,46.601982,16626.242,0.022677273
5424,2021.06.010.0,16.867554,49.8787,16626.242,0.020313844
5425,2021.06.08.0,298.95557,244.76575,16626.242,0.10776067
5426,2021.06.09.0,312.71594,243.08313,16626.242,0.10539725
5427,2021.06.010.0,216.39322,246.30107,16626.242,0.10303382
5428,2021.06.08.0,77.871956,74.71536,16721.205,0.025040701
5429,2021.06.09.0,84.29347,65.36035,16721.205,0.022677273
5430,2021.06.010.0,24.206432,62.513012,16721.205,0.020313844
5431,2021.06.08.0,332.89783,278.8365,16721.205,0.10776067
5432,2021.06.09.0,347.57562,293.21484,16721.205,0.10539725
5433,2021.06.010.0,244.83136,300.34952,16721.205,0.10303382
5434,2021.06.08.0,97.136505,79.81522,16816.166,0.025040701
5435,2021.06.09.0,109.97954,70.80747,16816.166,0.022677273
5436,2021.06.010.0,33.83871,66.70266,16816.166,0.020313844
5437,2021.06.08.0,366.84015,301.67004,16816.166,0.10776067
5438,2021.06.09.0,386.10468,302.55957,16816.166,0.10539725
5439,2021.06.010.0,275.10422,316.56174,16816.166,0.10303382
5440,2021.06.08.0,120.98785,104.39851,16911.127,0.025040701
5441,2021.06.09.0,142.08711,93.51778,16911.127,0.022677273
5442,2021.06.010.0,51.268536,89.49253,16911.127,0.020313844
5443,2021.06.08.0,402.6172,324.6426,16911.127,0.10776067
5444,2021.06.09.0,367.7575,325.02838,16911.127,0.10539725
5445,2021.06.010.0,307.2118,306.2835,16911.127,0.10303382
5446,2021.06.08.0,152.17807,116.767746,17006.09,0.025040701
5447,2021.06.09.0,144.83919,100.168015,17006.09,0.022677273
5448,2021.06.010.0,73.28516,89.2972,17006.09,0.020313844
5449,2021.06.08.0,414.54285,332.21786,17006.09,0.10776067
5450,2021.06.09.0,326.47635,334.36652,17006.09,0.10539725
5451,2021.06.010.0,348.49298,294.9975,17006.09,0.10303382
5452,2021.06.09.0,383.3526,426.93353,17006.09,0.23774919
5453,2021.06.010.0,427.38586,416.4214,17006.09,0.23538578
5454,2021.06.07.0,203.5502,139.01828,17101.05,0.032130986
5455,2021.06.08.0,178.7815,125.03516,17101.05,0.025040701
5456,2021.06.09.0,100.80594,109.26667,17101.05,0.022677273
5457,2021.06.010.0,105.39274,69.89126,17101.05,0.020313844
5458,2021.06.08.0,356.7492,334.53546,17101.05,0.10776067
5459,2021.06.09.0,284.27783,312.22668,17101.05,0.10539725
5460,2021.06.010.0,342.07144,262.84344,17101.05,0.10303382
5461,2021.06.08.0,131.99615,114.850174,17196.014,0.025040701
5462,2021.06.09.0,66.86365,96.52613,17196.014,0.022677273
5463,2021.06.010.0,109.97954,56.257454,17196.014,0.020313844
5464,2021.06.08.0,308.12915,314.3396,17196.014,0.10776067
5465,2021.06.09.0,242.99664,287.62457,17196.014,0.10539725
5466,2021.06.010.0,296.2035,229.91776,17196.014,0.10303382
5467,2021.06.08.0,95.30179,94.69166,17290.975,0.025040701
5468,2021.06.09.0,42.553623,74.24762,17290.975,0.022677273
5469,2021.06.010.0,71.45044,39.158672,17290.975,0.020313844
5470,2021.06.08.0,272.35214,278.15552,17290.975,0.10776067
5471,2021.06.09.0,213.64114,265.56537,17290.975,0.10539725
5472,2021.06.010.0,254.92232,208.56696,17290.975,0.10303382
5473,2021.06.08.0,64.111565,74.41348,17385.938,0.025040701
5474,2021.06.09.0,25.582474,54.683456,17385.938,0.022677273
5475,2021.06.010.0,45.764378,23.95826,17385.938,0.020313844
5476,2021.06.08.0,240.24455,222.78342,17385.938,0.10776067
5477,2021.06.09.0,179.69885,218.12373,17385.938,0.10539725
5478,2021.06.010.0,222.81473,169.49133,17385.938,0.10303382
5479,2021.06.08.0,43.0123,52.7845,17480.898,0.025040701
5480,2021.06.09.0,15.032837,37.85344,17480.898,0.022677273
5481,2021.06.010.0,27.417187,15.167519,17480.898,0.020313844
5482,2021.06.08.0,212.72377,208.0668,17480.898,0.10776067
5483,2021.06.09.0,157.68222,200.97205,17480.898,0.10539725
5484,2021.06.010.0,186.12036,159.83124,17480.898,0.10303382
5485,2021.06.08.0,27.875874,42.420403,17575.861,0.025040701
5486,2021.06.09.0,9.070007,24.873013,17575.861,0.022677273
5487,2021.06.010.0,16.867554,2.6905975,17575.861,0.020313844
5488,2021.06.08.0,182.45093,177.15106,17575.861,0.10776067
5489,2021.06.09.0,125.574646,167.74445,17575.861,0.10539725
5490,2021.06.010.0,157.68222,127.78293,17575.861,0.10303382
5491,2021.06.010.0,239.32721,213.97647,17575.861,0.23538578
5492,2021.06.08.0,18.702278,27.23993,17670.822,0.025040701
5493,2021.06.09.0,5.6757812,11.841057,17670.822,0.022677273
5494,2021.06.010.0,10.446045,-0.7566681,17670.822,0.020313844
5495,2021.06.08.0,151.26071,138.9014,17670.822,0.10776067
5496,2021.06.09.0,107.227455,125.31218,17670.822,0.10539725
5497,2021.06.010.0,131.99615,99.690155,17670.822,0.10303382
5498,2021.06.08.0,12.280762,23.212086,17765.783,0.025040701
5499,2021.06.09.0,4.1162567,13.40123,17765.783,0.022677273
5500,2021.06.010.0,6.5931396,4.202759,17765.783,0.020313844
5501,2021.06.08.0,124.65729,115.46736,17765.783,0.10776067
5502,2021.06.09.0,93.467064,104.53449,17765.783,0.10539725
5503,2021.06.010.0,109.97954,82.138,17765.783,0.10303382
5504,2021.06.08.0,8.6113205,19.010841,17860.746,0.025040701
5505,2021.06.09.0,2.9236984,11.403542,17860.746,0.022677273
5506,2021.06.010.0,4.4832077,2.515396,17860.746,0.020313844
5507,2021.06.08.0,109.97954,96.92792,17860.746,0.10776067
5508,2021.06.09.0,76.03724,88.25132,17860.746,0.10539725
5509,2021.06.010.0,91.63235,62.6438,17860.746,0.10303382
5510,2021.06.08.0,6.4096603,15.996475,17955.707,0.025040701
5511,2021.06.09.0,2.556755,11.163208,17955.707,0.022677273
5512,2021.06.010.0,3.3823776,6.160324,17955.707,0.020313844
5513,2021.06.08.0,93.467064,75.036476,17955.707,0.10776067
5514,2021.06.09.0,64.111565,72.403404,17955.707,0.10539725
5515,2021.06.010.0,76.03724,48.22807,17955.707,0.10303382
5516,2021.06.010.0,118.23577,101.67765,17955.707,0.16920978
5517,2021.06.09.0,143.00447,153.1544,17955.707,0.23774919
5518,2021.06.010.0,156.76486,139.41751,17955.707,0.23538578
5519,2021.06.08.0,4.6666794,8.373718,18050.67,0.025040701
5520,2021.06.09.0,2.28154,4.5890274,18050.67,0.022677273
5521,2021.06.010.0,2.556755,1.0987244,18050.67,0.020313844
5522,2021.06.08.0,76.03724,65.99909,18050.67,0.10776067
5523,2021.06.09.0,54.020615,58.315147,18050.67,0.10539725
5524,2021.06.010.0,64.111565,38.800438,18050.67,0.10303382
5525,2021.06.08.0,3.8410568,5.6563034,18145.63,0.025040701
5526,2021.06.09.0,2.189804,2.758072,18145.63,0.022677273
5527,2021.06.010.0,2.28154,0.22420502,18145.63,0.020313844
5528,2021.06.08.0,62.276848,53.798737,18145.63,0.10776067
5529,2021.06.09.0,47.5991,46.095978,18145.63,0.10539725
5530,2021.06.010.0,51.268536,35.67432,18145.63,0.10303382
5531,2021.06.09.0,2.00634,-0.13643646,18240.594,0.022677273
5532,2021.06.010.0,2.00634,-1.8963394,18240.594,0.020313844
5533,2021.06.010.0,43.0123,35.61808,18240.594,0.10303382
5534,2021.06.08.0,3.10717,-0.6917877,18335.555,0.025040701
5535,2021.06.09.0,1.7311325,-0.6635437,18335.555,0.022677273
5536,2021.06.010.0,1.8228607,-2.5861435,18335.555,0.020313844
5537,2021.06.08.0,3.9327927,0.75138855,18430.518,0.025040701
5538,2021.06.09.0,1.7311325,-0.23395538,18430.518,0.022677273
5539,2021.06.010.0,1.7311325,-1.5827026,18430.518,0.020313844
5540,2021.06.09.0,26.958511,28.110107,18430.518,0.10539725
5541,2021.06.010.0,29.251907,21.834023,18430.518,0.10303382
5542,2021.06.010.0,1.5476608,-2.438774,18525.479,0.020313844
5543,2021.06.09.0,23.747757,22.049759,18525.479,0.10539725
5544,2021.06.010.0,25.12379,18.758095,18525.479,0.10303382
5545,2021.06.010.0,13.19812,11.077148,18905.326,0.10303382
5546,2021.06.010.0,11.8220825,6.3759766,19000.287,0.10303382
5547,2021.06.09.0,0.99723816,-12.468079,20139.83,0.022677273
5548,2021.06.017.0,19.160957,16.783623,11498.305,0.21884176
5549,2021.06.018.0,19.160957,16.198502,11498.305,0.21647835
5550,2021.06.017.0,24.665112,34.19779,12447.923,0.21884176
5551,2021.06.017.0,80.62404,71.38454,12447.923,0.43391368
5552,2021.06.018.0,77.871956,73.80994,12447.923,0.43155023
5553,2021.06.016.0,6.684868,3.658661,13207.617,0.08885325
5554,2021.06.017.0,6.4096603,4.022835,13207.617,0.08648982
5555,2021.06.018.0,6.4096603,2.3896637,13207.617,0.08412639
5556,2021.06.016.0,6.9600754,4.6025925,13682.426,0.08885325
5557,2021.06.017.0,9.436951,4.6193695,13682.426,0.08648982
5558,2021.06.018.0,7.785698,7.132622,13682.426,0.08412639
5559,2021.06.017.0,25.12379,35.04137,13777.388,0.1526658
5560,2021.06.018.0,25.12379,36.1698,13777.388,0.15030237
5561,2021.06.018.0,8.152641,6.5843887,13967.312,0.08412639
5562,2021.06.016.0,9.987366,7.3926697,14062.273,0.08885325
5563,2021.06.018.0,9.161743,9.428741,14062.273,0.08648982
5564,2021.06.016.0,9.803894,9.337364,14157.235,0.08885325
5565,2021.06.017.0,10.9047165,8.214035,14157.235,0.08648982
5566,2021.06.018.0,9.987366,8.60495,14157.235,0.08412639
5567,2021.06.018.0,62.276848,78.72005,14157.235,0.21647835
5568,2021.06.017.0,11.8220825,14.945045,14347.158,0.08648982
5569,2021.06.018.0,11.363403,11.541588,14347.158,0.08412639
5570,2021.06.017.0,73.28516,74.88421,14347.158,0.21884176
5571,2021.06.016.0,12.280762,11.253876,14442.121,0.08885325
5572,2021.06.017.0,11.363403,12.30011,14442.121,0.08648982
5573,2021.06.018.0,12.280762,8.453529,14442.121,0.08412639
5574,2021.06.016.0,12.739441,14.944916,14537.082,0.08885325
5575,2021.06.017.0,15.032837,18.6166,14537.082,0.08648982
5576,2021.06.018.0,12.739441,16.427887,14537.082,0.08412639
5577,2021.06.016.0,13.656799,15.428932,14632.044,0.08885325
5578,2021.06.017.0,13.19812,16.15635,14632.044,0.08648982
5579,2021.06.018.0,13.19812,12.646332,14632.044,0.08412639
5580,2021.06.016.0,15.491524,20.18354,14727.006,0.08885325
5581,2021.06.017.0,12.739441,24.755833,14727.006,0.08648982
5582,2021.06.018.0,14.1154785,14.156059,14727.006,0.08412639
5583,2021.06.016.0,16.408875,20.162437,14821.968,0.08885325
5584,2021.06.017.0,16.408875,21.452682,14821.968,0.08648982
5585,2021.06.018.0,15.950203,17.099525,14821.968,0.08412639
5586,2021.06.016.0,16.867554,18.106308,14916.93,0.08885325
5587,2021.06.017.0,17.32624,20.071808,14916.93,0.08648982
5588,2021.06.018.0,16.867554,14.016426,14916.93,0.08412639
5589,2021.06.017.0,15.950203,25.775742,15011.892,0.08648982
5590,2021.06.018.0,17.32624,19.230667,15011.892,0.08412639
5591,2021.06.016.0,20.078316,22.877598,15106.854,0.08885325
5592,2021.06.017.0,17.78492,25.662792,15106.854,0.08648982
5593,2021.06.018.0,18.702278,20.37056,15106.854,0.08412639
5594,2021.06.016.0,124.65729,124.33858,15106.854,0.22120517
5595,2021.06.017.0,129.24408,116.711075,15106.854,0.21884176
5596,2021.06.018.0,125.574646,122.371185,15106.854,0.21647835
5597,2021.06.018.0,308.12915,388.15338,15106.854,0.43155023
5598,2021.06.016.0,21.91304,23.987038,15201.815,0.08885325
5599,2021.06.017.0,20.995674,30.651863,15201.815,0.08648982
5600,2021.06.018.0,20.078316,22.155922,15201.815,0.08412639
5601,2021.06.016.0,22.371712,29.605705,15296.777,0.08885325
5602,2021.06.017.0,20.536995,32.958504,15296.777,0.08648982
5603,2021.06.018.0,22.371712,24.431202,15296.777,0.08412639
5604,2021.06.016.0,24.665112,28.250984,15391.738,0.08885325
5605,2021.06.017.0,23.28907,28.888042,15391.738,0.08648982
5606,2021.06.018.0,25.12379,24.673702,15391.738,0.08412639
5607,2021.06.016.0,27.875874,27.320766,15486.7,0.08885325
5608,2021.06.017.0,25.582474,34.391685,15486.7,0.08648982
5609,2021.06.018.0,26.958511,27.79665,15486.7,0.08412639
5610,2021.06.018.0,161.35165,153.18576,15486.7,0.21647835
5611,2021.06.016.0,32.46267,35.25608,15581.662,0.08885325
5612,2021.06.017.0,26.499832,41.26824,15581.662,0.08648982
5613,2021.06.018.0,29.251907,27.685055,15581.662,0.08412639
5614,2021.06.016.0,34.756065,36.522186,15676.624,0.08885325
5615,2021.06.017.0,31.086628,39.59734,15676.624,0.08648982
5616,2021.06.018.0,33.380024,30.906937,15676.624,0.08412639
5617,2021.06.016.0,39.342865,38.36763,15771.586,0.08885325
5618,2021.06.017.0,36.590786,42.875404,15771.586,0.08648982
5619,2021.06.018.0,36.132103,35.097816,15771.586,0.08412639
5620,2021.06.016.0,43.92966,43.146107,15866.548,0.08885325
5621,2021.06.017.0,40.718903,47.504692,15866.548,0.08648982
5622,2021.06.018.0,41.17758,41.222355,15866.548,0.08412639
5623,2021.06.016.0,49.433815,48.53438,15961.51,0.08885325
5624,2021.06.017.0,43.92966,53.142536,15961.51,0.08648982
5625,2021.06.018.0,45.764378,41.80202,15961.51,0.08412639
5626,2021.06.016.0,56.77269,57.230743,16056.472,0.08885325
5627,2021.06.017.0,49.433815,61.188446,16056.472,0.08648982
5628,2021.06.018.0,52.185894,50.79671,16056.472,0.08412639
5629,2021.06.017.0,257.67438,266.5879,16056.472,0.21884176
5630,2021.06.018.0,254.92232,241.36247,16056.472,0.21647835
5631,2021.06.016.0,65.02892,65.76254,16151.434,0.08885325
5632,2021.06.017.0,58.607407,67.95669,16151.434,0.08648982
5633,2021.06.018.0,59.52477,54.83529,16151.434,0.08412639
5634,2021.06.017.0,165.0211,159.88275,16151.434,0.1526658
5635,2021.06.018.0,163.18637,147.07748,16151.434,0.15030237
5636,2021.06.016.0,74.20252,72.7448,16246.3955,0.08885325
5637,2021.06.017.0,65.02892,73.89323,16246.3955,0.08648982
5638,2021.06.018.0,67.781006,62.3317,16246.3955,0.08412639
5639,2021.06.016.0,81.5414,94.65105,16341.356,0.08885325
5640,2021.06.017.0,75.11988,91.5354,16341.356,0.08648982
5641,2021.06.018.0,76.03724,73.110466,16341.356,0.08412639
5642,2021.06.016.0,98.05386,106.36339,16436.318,0.08885325
5643,2021.06.017.0,85.21083,93.08643,16436.318,0.08648982
5644,2021.06.018.0,88.88027,73.86104,16436.318,0.08412639
5645,2021.06.017.0,216.39322,201.01645,16436.318,0.1526658
5646,2021.06.018.0,218.22794,188.01688,16436.318,0.15030237
5647,2021.06.016.0,110.8969,105.0629,16531.281,0.08885325
5648,2021.06.017.0,98.05386,95.634094,16531.281,0.08648982
5649,2021.06.018.0,100.80594,77.479294,16531.281,0.08412639
5650,2021.06.018.0,241.16191,217.53299,16531.281,0.15030237
5651,2021.06.016.0,129.24408,113.721924,16626.242,0.08885325
5652,2021.06.017.0,109.97954,109.391815,16626.242,0.08648982
5653,2021.06.018.0,115.48369,89.641235,16626.242,0.08412639
5654,2021.06.016.0,146.67392,140.72401,16721.205,0.08885325
5655,2021.06.017.0,127.40936,142.53313,16721.205,0.08648982
5656,2021.06.018.0,132.91351,129.39604,16721.205,0.08412639
5657,2021.06.016.0,166.8558,154.60876,16816.166,0.08885325
5658,2021.06.017.0,147.59128,150.74838,16816.166,0.08648982
5659,2021.06.018.0,152.17807,138.97333,16816.166,0.08412639
5660,2021.06.016.0,193.45923,171.02106,16911.127,0.08885325
5661,2021.06.017.0,171.44261,171.41838,16911.127,0.08648982
5662,2021.06.018.0,176.02942,155.73943,16911.127,0.08412639
5663,2021.06.016.0,219.1453,203.61765,17006.09,0.08885325
5664,2021.06.017.0,194.37659,189.84244,17006.09,0.08648982
5665,2021.06.018.0,202.63283,169.53738,17006.09,0.08412639
5666,2021.06.017.0,500.7746,414.4455,17006.09,0.21884176
5667,2021.06.018.0,491.601,419.62915,17006.09,0.21647835
5668,2021.06.016.0,255.83968,232.4788,17101.05,0.08885325
5669,2021.06.017.0,223.73209,216.82425,17101.05,0.08648982
5670,2021.06.018.0,238.40985,184.63174,17101.05,0.08412639
5671,2021.06.016.0,297.12085,261.61493,17196.014,0.08885325
5672,2021.06.017.0,262.26117,260.74786,17196.014,0.08648982
5673,2021.06.018.0,269.60004,231.23381,17196.014,0.08412639
5674,2021.06.016.0,279.691,263.4878,17290.975,0.08885325
5675,2021.06.017.0,296.2035,250.96548,17290.975,0.08648982
5676,2021.06.018.0,270.5174,246.91205,17290.975,0.08412639
5677,2021.06.016.0,235.65776,223.48354,17385.938,0.08885325
5678,2021.06.017.0,253.08759,209.60597,17385.938,0.08648982
5679,2021.06.018.0,225.5668,212.76718,17385.938,0.08412639
5680,2021.06.016.0,200.79811,185.08676,17480.898,0.08885325
5681,2021.06.017.0,208.13698,175.13968,17480.898,0.08648982
5682,2021.06.018.0,188.87244,175.53864,17480.898,0.08412639
5683,2021.06.016.0,161.35165,157.10269,17575.861,0.08885325
5684,2021.06.017.0,171.44261,146.19128,17575.861,0.08648982
5685,2021.06.018.0,151.26071,154.73346,17575.861,0.08412639
5686,2021.06.016.0,131.99615,134.50845,17670.822,0.08885325
5687,2021.06.017.0,139.33504,127.15945,17670.822,0.08648982
5688,2021.06.018.0,121.905205,132.95537,17670.822,0.08412639
5689,2021.06.018.0,202.63283,196.69489,17670.822,0.15030237
5690,2021.06.016.0,108.14481,106.63335,17765.783,0.08885325
5691,2021.06.017.0,113.64897,100.84558,17765.783,0.08648982
5692,2021.06.018.0,96.21915,108.66456,17765.783,0.08412639
5693,2021.06.016.0,86.12819,87.18269,17860.746,0.08885325
5694,2021.06.017.0,89.79763,76.25897,17860.746,0.08648982
5695,2021.06.018.0,75.11988,85.34749,17860.746,0.08412639
5696,2021.06.016.0,66.86365,69.05113,17955.707,0.08885325
5697,2021.06.017.0,70.53308,56.78402,17955.707,0.08648982
5698,2021.06.018.0,59.52477,59.295063,17955.707,0.08412639
5699,2021.06.016.0,127.40936,129.98627,17955.707,0.15502922
5700,2021.06.017.0,132.91351,129.14423,17955.707,0.1526658
5701,2021.06.018.0,118.23577,126.91597,17955.707,0.15030237
5702,2021.06.017.0,147.59128,155.63591,17955.707,0.21884176
5703,2021.06.018.0,161.35165,148.62717,17955.707,0.21647835
5704,2021.06.016.0,52.185894,53.841366,18050.67,0.08885325
5705,2021.06.017.0,54.937973,47.43669,18050.67,0.08648982
5706,2021.06.018.0,46.68174,48.824898,18050.67,0.08412639
5707,2021.06.016.0,42.09494,41.92895,18145.63,0.08885325
5708,2021.06.017.0,43.92966,37.212196,18145.63,0.08648982
5709,2021.06.018.0,35.673428,38.74122,18145.63,0.08412639
5710,2021.06.016.0,32.921345,38.08302,18240.594,0.08885325
5711,2021.06.017.0,33.380024,24.511852,18240.594,0.08648982
5712,2021.06.018.0,28.793228,25.701729,18240.594,0.08412639
5713,2021.06.016.0,26.041153,26.438099,18335.555,0.08885325
5714,2021.06.017.0,26.499832,21.966454,18335.555,0.08648982
5715,2021.06.018.0,22.830395,24.292557,18335.555,0.08412639
5716,2021.06.016.0,20.995674,19.935501,18430.518,0.08885325
5717,2021.06.017.0,21.91304,15.16674,18430.518,0.08648982
5718,2021.06.018.0,17.78492,19.125008,18430.518,0.08412639
5719,2021.06.016.0,18.243599,18.904587,18525.479,0.08885325
5720,2021.06.017.0,17.78492,16.495628,18525.479,0.08648982
5721,2021.06.018.0,15.032837,17.104546,18525.479,0.08412639
5722,2021.06.017.0,13.656799,7.9182434,18620.441,0.08648982
5723,2021.06.018.0,12.739441,11.089409,18620.441,0.08412639
5724,2021.06.016.0,11.363403,7.8396835,18715.402,0.08885325
5725,2021.06.017.0,12.739441,7.8056335,18715.402,0.08648982
5726,2021.06.018.0,10.446045,8.3984375,18715.402,0.08412639
5727,2021.06.018.0,7.877434,3.0434265,18905.326,0.08412639
5728,2021.06.017.0,40.718903,45.962585,18905.326,0.21884176
5729,2021.06.016.0,7.693962,4.5880966,19000.287,0.08885325
5730,2021.06.017.0,8.336113,2.7258453,19000.287,0.08648982
5731,2021.06.018.0,7.602234,3.5227203,19000.287,0.08412639
5732,2021.06.024.0,16.867554,15.223946,11498.305,0.20229778
5733,2021.06.025.0,16.408875,13.417862,11498.305,0.19993436
5734,2021.06.024.0,27.417187,24.680302,12447.923,0.20229778
5735,2021.06.025.0,76.03724,73.914276,12447.923,0.41500625
5736,2021.06.023.0,7.143547,7.1991577,13207.617,0.072309256
5737,2021.06.024.0,5.7675095,4.685936,13207.617,0.06994583
5738,2021.06.025.0,6.1344604,2.7202225,13207.617,0.0675824
5739,2021.06.025.0,6.3179245,1.9979935,13302.579,0.0675824
5740,2021.06.024.0,7.2352905,8.736771,13397.541,0.072309256
5741,2021.06.025.0,6.501396,5.5462112,13397.541,0.0675824
5742,2021.06.025.0,6.1344604,5.064087,13587.465,0.0675824
5743,2021.06.023.0,8.6113205,12.0108185,13682.426,0.072309256
5744,2021.06.024.0,6.9600754,7.312042,13682.426,0.06994583
5745,2021.06.025.0,7.877434,4.1208344,13682.426,0.0675824
5746,2021.06.024.0,8.794792,6.86232,13777.388,0.06994583
5747,2021.06.025.0,8.152641,5.0650406,13777.388,0.0675824
5748,2021.06.024.0,20.536995,20.944115,13777.388,0.1361218
5749,2021.06.025.0,20.995674,17.826126,13777.388,0.13375838
5750,2021.06.024.0,7.693962,9.253807,13967.312,0.06994583
5751,2021.06.025.0,8.519592,5.0905075,13967.312,0.0675824
5752,2021.06.024.0,9.345215,8.966644,14062.273,0.06994583
5753,2021.06.025.0,8.152641,7.4424744,14062.273,0.0675824
5754,2021.06.023.0,10.446045,10.030754,14157.235,0.072309256
5755,2021.06.024.0,8.886536,6.279022,14157.235,0.06994583
5756,2021.06.025.0,9.803894,4.506874,14157.235,0.0675824
5757,2021.06.025.0,53.103252,63.28562,14157.235,0.19993436
5758,2021.06.025.0,154.93015,180.49786,14157.235,0.41500625
5759,2021.06.024.0,9.070007,7.1530075,14252.197,0.06994583
5760,2021.06.025.0,8.703064,4.6610107,14252.197,0.0675824
5761,2021.06.023.0,10.446045,14.933495,14347.158,0.072309256
5762,2021.06.024.0,8.978264,7.3422775,14347.158,0.06994583
5763,2021.06.025.0,9.436951,5.3827286,14347.158,0.0675824
5764,2021.06.025.0,55.85533,66.709496,14347.158,0.19993436
5765,2021.06.023.0,11.8220825,13.531334,14442.121,0.072309256
5766,2021.06.024.0,9.987366,8.893311,14442.121,0.06994583
5767,2021.06.025.0,10.446045,6.2081757,14442.121,0.0675824
5768,2021.06.023.0,13.19812,15.154045,14537.082,0.072309256
5769,2021.06.024.0,10.9047165,8.218353,14537.082,0.06994583
5770,2021.06.025.0,10.9047165,7.8753433,14537.082,0.0675824
5771,2021.06.023.0,13.19812,17.018723,14632.044,0.072309256
5772,2021.06.024.0,10.9047165,10.186089,14632.044,0.06994583
5773,2021.06.025.0,11.8220825,9.36232,14632.044,0.0675824
5774,2021.06.024.0,35.21475,37.794025,14632.044,0.1361218
5775,2021.06.025.0,32.921345,34.63197,14632.044,0.13375838
5776,2021.06.023.0,14.1154785,17.95314,14727.006,0.072309256
5777,2021.06.024.0,12.280762,11.478142,14727.006,0.06994583
5778,2021.06.025.0,12.739441,10.807983,14727.006,0.0675824
5779,2021.06.024.0,82.458755,101.72827,14727.006,0.20229778
5780,2021.06.025.0,68.698364,90.36465,14727.006,0.19993436
5781,2021.06.023.0,15.032837,19.106544,14821.968,0.072309256
5782,2021.06.024.0,13.19812,11.6819,14821.968,0.06994583
5783,2021.06.025.0,13.19812,11.829498,14821.968,0.0675824
5784,2021.06.023.0,15.491524,14.892181,14916.93,0.072309256
5785,2021.06.024.0,13.19812,11.690666,14916.93,0.06994583
5786,2021.06.025.0,13.656799,9.457092,14916.93,0.0675824
5787,2021.06.023.0,17.78492,20.219856,15011.892,0.072309256
5788,2021.06.024.0,13.656799,12.24012,15011.892,0.06994583
5789,2021.06.025.0,14.574158,11.501938,15011.892,0.0675824
5790,2021.06.023.0,18.243599,24.093586,15106.854,0.072309256
5791,2021.06.024.0,15.491524,10.345909,15106.854,0.06994583
5792,2021.06.025.0,16.408875,12.186958,15106.854,0.0675824
5793,2021.06.023.0,65.02892,65.872574,15106.854,0.13848522
5794,2021.06.024.0,52.185894,49.939297,15106.854,0.1361218
5795,2021.06.025.0,52.185894,49.024456,15106.854,0.13375838
5796,2021.06.023.0,122.82257,152.55193,15106.854,0.20466122
5797,2021.06.024.0,109.06218,126.47061,15106.854,0.20229778
5798,2021.06.025.0,97.136505,111.91906,15106.854,0.19993436
5799,2021.06.025.0,269.60004,372.68628,15106.854,0.41500625
5800,2021.06.023.0,19.619637,28.248543,15201.815,0.072309256
5801,2021.06.024.0,16.408875,15.9648285,15201.815,0.06994583
5802,2021.06.025.0,16.867554,15.497009,15201.815,0.0675824
5803,2021.06.023.0,20.995674,27.629425,15296.777,0.072309256
5804,2021.06.024.0,15.950203,14.454132,15296.777,0.06994583
5805,2021.06.025.0,19.160957,18.167725,15296.777,0.0675824
5806,2021.06.025.0,113.64897,114.77962,15296.777,0.19993436
5807,2021.06.023.0,23.747757,35.22287,15391.738,0.072309256
5808,2021.06.024.0,18.702278,22.74097,15391.738,0.06994583
5809,2021.06.025.0,19.160957,18.51918,15391.738,0.0675824
5810,2021.06.023.0,26.041153,36.666504,15486.7,0.072309256
5811,2021.06.024.0,20.995674,20.927711,15486.7,0.06994583
5812,2021.06.025.0,22.371712,22.863136,15486.7,0.0675824
5813,2021.06.023.0,28.793228,41.016922,15581.662,0.072309256
5814,2021.06.024.0,23.28907,29.262314,15581.662,0.06994583
5815,2021.06.025.0,22.371712,28.751678,15581.662,0.0675824
5816,2021.06.024.0,79.70667,87.96531,15581.662,0.1361218
5817,2021.06.025.0,78.789314,76.50743,15581.662,0.13375838
5818,2021.06.023.0,31.086628,47.113815,15676.624,0.072309256
5819,2021.06.024.0,24.665112,30.594006,15676.624,0.06994583
5820,2021.06.025.0,22.830395,24.05494,15676.624,0.0675824
5821,2021.06.023.0,35.673428,51.05536,15771.586,0.072309256
5822,2021.06.024.0,28.334553,30.713627,15771.586,0.06994583
5823,2021.06.025.0,25.12379,34.32186,15771.586,0.0675824
5824,2021.06.023.0,40.26022,55.97596,15866.548,0.072309256
5825,2021.06.024.0,31.086628,34.003048,15866.548,0.06994583
5826,2021.06.025.0,30.16927,32.725357,15866.548,0.0675824
5827,2021.06.023.0,44.84702,66.03624,15961.51,0.072309256
5828,2021.06.024.0,36.590786,37.43788,15961.51,0.06994583
5829,2021.06.025.0,32.921345,35.01771,15961.51,0.0675824
5830,2021.06.023.0,50.351173,70.84482,16056.472,0.072309256
5831,2021.06.024.0,40.26022,45.81334,16056.472,0.06994583
5832,2021.06.025.0,37.508144,41.831493,16056.472,0.0675824
5833,2021.06.025.0,115.48369,124.25163,16056.472,0.13375838
5834,2021.06.024.0,226.48418,262.43036,16056.472,0.20229778
5835,2021.06.025.0,213.64114,232.67133,16056.472,0.19993436
5836,2021.06.023.0,58.607407,77.13625,16151.434,0.072309256
5837,2021.06.024.0,46.223057,46.496204,16151.434,0.06994583
5838,2021.06.025.0,40.718903,36.093758,16151.434,0.0675824
5839,2021.06.024.0,135.6656,209.84256,16151.434,0.13848522
5840,2021.06.025.0,131.0788,165.14986,16151.434,0.13375838
5841,2021.06.023.0,65.94629,85.65929,16246.3955,0.072309256
5842,2021.06.024.0,52.185894,53.82481,16246.3955,0.06994583
5843,2021.06.025.0,47.5991,48.066814,16246.3955,0.0675824
5844,2021.06.024.0,160.4343,195.30405,16246.3955,0.1361218
5845,2021.06.025.0,143.00447,162.65979,16246.3955,0.13375838
5846,2021.06.025.0,237.49248,318.43848,16246.3955,0.20229778
5847,2021.06.023.0,74.20252,90.29161,16341.356,0.072309256
5848,2021.06.024.0,58.607407,62.45993,16341.356,0.06994583
5849,2021.06.025.0,54.937973,50.56823,16341.356,0.0675824
5850,2021.06.023.0,84.29347,110.73871,16436.318,0.072309256
5851,2021.06.024.0,68.698364,73.67728,16436.318,0.06994583
5852,2021.06.025.0,61.35949,58.079018,16436.318,0.0675824
5853,2021.06.023.0,220.98001,263.01093,16436.318,0.13848522
5854,2021.06.024.0,186.12036,225.34727,16436.318,0.1361218
5855,2021.06.025.0,183.36829,189.13608,16436.318,0.13375838
5856,2021.06.023.0,98.05386,117.78522,16531.281,0.072309256
5857,2021.06.024.0,77.871956,81.39256,16531.281,0.06994583
5858,2021.06.025.0,70.53308,66.73709,16531.281,0.0675824
5859,2021.06.023.0,256.75702,287.7651,16531.281,0.13848522
5860,2021.06.024.0,206.30226,253.49828,16531.281,0.1361218
5861,2021.06.025.0,180.61621,205.68999,16531.281,0.13375838
5862,2021.06.023.0,109.06218,141.23001,16626.242,0.072309256
5863,2021.06.024.0,89.79763,95.65979,16626.242,0.06994583
5864,2021.06.025.0,80.62404,79.36598,16626.242,0.0675824
5865,2021.06.023.0,280.60837,299.9453,16626.242,0.13848522
5866,2021.06.024.0,223.73209,284.54327,16626.242,0.1361218
5867,2021.06.025.0,195.29396,233.22072,16626.242,0.13375838
5868,2021.06.023.0,127.40936,160.77612,16721.205,0.072309256
5869,2021.06.024.0,103.55802,117.60919,16721.205,0.06994583
5870,2021.06.025.0,92.549706,95.48835,16721.205,0.0675824
5871,2021.06.023.0,143.92183,187.30206,16816.166,0.072309256
5872,2021.06.024.0,120.07049,140.95235,16816.166,0.06994583
5873,2021.06.025.0,107.227455,109.02572,16816.166,0.0675824
5874,2021.06.023.0,165.0211,202.97789,16911.127,0.072309256
5875,2021.06.024.0,138.41768,154.49615,16911.127,0.06994583
5876,2021.06.025.0,123.73993,128.93736,16911.127,0.0675824
5877,2021.06.025.0,288.86462,288.85297,16911.127,0.13375838
5878,2021.06.023.0,189.7898,241.61247,17006.09,0.072309256
5879,2021.06.024.0,161.35165,183.22714,17006.09,0.06994583
5880,2021.06.025.0,143.00447,158.80084,17006.09,0.0675824
5881,2021.06.024.0,346.65826,326.99527,17006.09,0.1361218
5882,2021.06.025.0,320.97217,309.90448,17006.09,0.13375838
5883,2021.06.024.0,491.601,405.08246,17006.09,0.20229778
5884,2021.06.025.0,436.55945,409.2942,17006.09,0.19993436
5885,2021.06.023.0,221.89737,203.97266,17101.05,0.072309256
5886,2021.06.024.0,187.95508,175.78738,17101.05,0.06994583
5887,2021.06.025.0,167.77318,153.15965,17101.05,0.0675824
5888,2021.06.023.0,257.67438,192.20169,17196.014,0.072309256
5889,2021.06.024.0,217.31056,217.3264,17196.014,0.06994583
5890,2021.06.025.0,193.45923,185.61397,17196.014,0.0675824
5891,2021.06.025.0,378.7658,328.91528,17196.014,0.13375838
5892,2021.06.023.0,270.5174,156.46077,17290.975,0.072309256
5893,2021.06.024.0,254.92232,222.77116,17290.975,0.06994583
5894,2021.06.025.0,225.5668,208.93457,17290.975,0.0675824
5895,2021.06.024.0,326.47635,282.42636,17290.975,0.1361218
5896,2021.06.025.0,395.27832,297.25275,17290.975,0.13375838
5897,2021.06.023.0,223.73209,140.51544,17385.938,0.072309256
5898,2021.06.024.0,241.16191,214.4586,17385.938,0.06994583
5899,2021.06.025.0,263.17853,232.41064,17385.938,0.0675824
5900,2021.06.023.0,274.18686,220.42967,17385.938,0.13848522
5901,2021.06.024.0,288.86462,265.32925,17385.938,0.1361218
5902,2021.06.025.0,331.06314,277.4536,17385.938,0.13375838
5903,2021.06.023.0,179.69885,106.845314,17480.898,0.072309256
5904,2021.06.024.0,195.29396,162.87946,17480.898,0.06994583
5905,2021.06.025.0,237.49248,185.51611,17480.898,0.0675824
5906,2021.06.023.0,236.57512,199.39278,17480.898,0.13848522
5907,2021.06.024.0,253.08759,231.94827,17480.898,0.1361218
5908,2021.06.025.0,276.02158,249.58807,17480.898,0.13375838
5909,2021.06.023.0,142.08711,86.319496,17575.861,0.072309256
5910,2021.06.024.0,154.93015,153.8324,17575.861,0.06994583
5911,2021.06.025.0,195.29396,164.6089,17575.861,0.0675824
5912,2021.06.025.0,250.33553,198.76112,17575.861,0.13375838
5913,2021.06.023.0,112.73161,65.85919,17670.822,0.072309256
5914,2021.06.024.0,121.905205,123.11028,17670.822,0.06994583
5915,2021.06.025.0,157.68222,133.3018,17670.822,0.0675824
5916,2021.06.025.0,206.30226,182.31006,17670.822,0.13375838
5917,2021.06.023.0,87.96291,48.779427,17765.783,0.072309256
5918,2021.06.024.0,95.30179,100.11244,17765.783,0.06994583
5919,2021.06.025.0,124.65729,107.912155,17765.783,0.0675824
5920,2021.06.023.0,145.75655,117.20327,17765.783,0.13848522
5921,2021.06.024.0,154.93015,142.01672,17765.783,0.1361218
5922,2021.06.025.0,173.27734,143.96138,17765.783,0.13375838
5923,2021.06.025.0,230.15361,223.02089,17765.783,0.19993436
5924,2021.06.023.0,67.781006,33.935135,17860.746,0.072309256
5925,2021.06.024.0,72.3678,77.1611,17860.746,0.06994583
5926,2021.06.025.0,95.30179,73.93383,17860.746,0.0675824
5927,2021.06.025.0,152.17807,133.16032,17860.746,0.13375838
5928,2021.06.023.0,52.185894,28.631805,17955.707,0.072309256
5929,2021.06.024.0,54.937973,59.30462,17955.707,0.06994583
5930,2021.06.025.0,73.28516,55.188103,17955.707,0.0675824
5931,2021.06.023.0,104.47538,77.72937,17955.707,0.13848522
5932,2021.06.024.0,109.06218,105.03839,17955.707,0.1361218
5933,2021.06.025.0,120.07049,112.15264,17955.707,0.13375838
5934,2021.06.023.0,155.8475,122.81047,17955.707,0.20466122
5935,2021.06.024.0,161.35165,164.08995,17955.707,0.20229778
5936,2021.06.023.0,40.26022,24.73146,18050.67,0.072309256
5937,2021.06.024.0,40.26022,47.378162,18050.67,0.06994583
5938,2021.06.025.0,56.77269,39.247604,18050.67,0.0675824
5939,2021.06.025.0,102.64066,78.58638,18050.67,0.13375838
5940,2021.06.023.0,30.16927,19.413078,18145.63,0.072309256
5941,2021.06.024.0,30.627949,33.909706,18145.63,0.06994583
5942,2021.06.025.0,42.553623,27.74831,18145.63,0.0675824
5943,2021.06.025.0,92.549706,71.19017,18145.63,0.13375838
5944,2021.06.023.0,23.28907,12.537476,18240.594,0.072309256
5945,2021.06.024.0,22.371712,21.428932,18240.594,0.06994583
5946,2021.06.025.0,32.00399,20.627365,18240.594,0.0675824
5947,2021.06.023.0,18.243599,12.40995,18335.555,0.072309256
5948,2021.06.024.0,17.32624,17.75721,18335.555,0.06994583
5949,2021.06.025.0,23.747757,15.020821,18335.555,0.0675824
5950,2021.06.023.0,14.574158,10.092453,18430.518,0.072309256
5951,2021.06.024.0,13.19812,12.736938,18430.518,0.06994583
5952,2021.06.025.0,18.702278,12.8198395,18430.518,0.0675824
5953,2021.06.023.0,11.8220825,11.310577,18525.479,0.072309256
5954,2021.06.024.0,10.446045,12.956284,18525.479,0.06994583
5955,2021.06.025.0,15.491524,9.631004,18525.479,0.0675824
5956,2021.06.023.0,9.161743,7.2235413,18620.441,0.072309256
5957,2021.06.024.0,9.070007,6.247261,18620.441,0.06994583
5958,2021.06.025.0,12.280762,6.0453873,18620.441,0.0675824
5959,2021.06.023.0,7.2352905,6.7168503,18715.402,0.072309256
5960,2021.06.024.0,7.143547,6.395012,18715.402,0.06994583
5961,2021.06.025.0,9.253471,5.962723,18715.402,0.0675824
5962,2021.06.023.0,5.492302,4.3163223,18905.326,0.072309256
5963,2021.06.024.0,5.7675095,3.5474167,18905.326,0.06994583
5964,2021.06.025.0,9.712151,2.1191483,18905.326,0.0675824
5965,2021.06.024.0,44.84702,43.249355,18905.326,0.20229778
5966,2021.06.025.0,57.69005,41.34797,18905.326,0.19993436
5967,2021.06.023.0,4.391472,3.6837769,19000.287,0.072309256
5968,2021.06.024.0,5.492302,2.0624008,19000.287,0.06994583
5969,2021.06.025.0,5.8592453,1.5007553,19000.287,0.0675824
5970,2021.06.025.0,2.189804,-4.69989,20139.83,0.0675824
5971,2021.06.030.0,15.032837,7.4001465,11498.305,0.1881172
5972,2021.07.01.0,16.867554,4.3195877,11498.305,0.18575378
5973,2021.07.02.0,17.78492,4.7070694,11498.305,0.18339036
5974,2021.07.01.0,68.698364,61.515186,12447.923,0.4008257
5975,2021.07.02.0,70.53308,58.96419,12447.923,0.39846227
5976,2021.06.030.0,6.501396,2.3776855,13207.617,0.05576526
5977,2021.07.01.0,6.4096603,0.92622375,13207.617,0.053401835
5978,2021.07.02.0,5.7675095,0.9559326,13207.617,0.051038407
5979,2021.07.02.0,6.3179245,2.2864838,13492.502,0.051038407
5980,2021.07.02.0,6.4096603,2.9378052,13587.465,0.051038407
5981,2021.07.01.0,7.693962,1.5102081,13682.426,0.053401835
5982,2021.07.02.0,6.501396,2.2683868,13682.426,0.051038407
5983,2021.06.030.0,18.243599,17.461761,13777.388,0.12194124
5984,2021.07.01.0,20.078316,12.823845,13777.388,0.1195778
5985,2021.07.01.0,7.602234,1.3812332,13872.35,0.053401835
5986,2021.07.02.0,8.519592,2.1955109,13872.35,0.051038407
5987,2021.07.01.0,8.060913,3.7970047,13967.312,0.05576526
5988,2021.07.02.0,7.2352905,2.638527,13967.312,0.051038407
5989,2021.06.030.0,8.6113205,4.743454,14157.235,0.05576526
5990,2021.07.01.0,9.803894,1.9628677,14157.235,0.053401835
5991,2021.07.02.0,8.152641,3.2093124,14157.235,0.051038407
5992,2021.06.030.0,141.16975,147.08205,14157.235,0.40318915
5993,2021.07.01.0,141.16975,129.06876,14157.235,0.4008257
5994,2021.07.02.0,147.59128,126.01082,14157.235,0.39846227
5995,2021.07.02.0,7.9691772,2.6195602,14252.197,0.051038407
5996,2021.06.030.0,9.712151,3.1261902,14347.158,0.05576526
5997,2021.07.01.0,10.9047165,2.4584656,14347.158,0.053401835
5998,2021.07.02.0,8.6113205,3.4261475,14347.158,0.051038407
5999,2021.06.030.0,9.253471,3.4375992,14442.121,0.05576526
6000,2021.07.01.0,10.9047165,2.0691376,14442.121,0.053401835
6001,2021.07.02.0,9.253471,3.439911,14442.121,0.051038407
6002,2021.06.030.0,10.9047165,5.1060257,14537.082,0.05576526
6003,2021.07.01.0,12.280762,3.453537,14537.082,0.053401835
6004,2021.06.030.0,11.363403,4.5639267,14632.044,0.05576526
6005,2021.07.01.0,10.9047165,2.9949265,14632.044,0.053401835
6006,2021.07.02.0,9.987366,3.6358795,14632.044,0.051038407
6007,2021.07.01.0,27.417187,28.796799,14632.044,0.1195778
6008,2021.06.030.0,10.9047165,5.6930313,14727.006,0.05576526
6009,2021.07.01.0,13.19812,1.6183853,14727.006,0.053401835
6010,2021.07.02.0,9.987366,4.2533264,14727.006,0.051038407
6011,2021.07.01.0,68.698364,63.731804,14727.006,0.18575378
6012,2021.06.030.0,11.363403,7.8036346,14821.968,0.05576526
6013,2021.07.01.0,14.1154785,3.4748077,14821.968,0.053401835
6014,2021.07.02.0,10.9047165,5.9887924,14821.968,0.051038407
6015,2021.06.030.0,12.280762,5.8587875,14916.93,0.05576526
6016,2021.07.01.0,12.280762,3.8586197,14916.93,0.053401835
6017,2021.07.02.0,12.739441,4.826065,14916.93,0.051038407
6018,2021.06.030.0,12.739441,11.854706,15011.892,0.05576526
6019,2021.07.01.0,13.19812,4.8574142,15011.892,0.053401835
6020,2021.07.02.0,12.739441,5.5177155,15011.892,0.051038407
6021,2021.06.030.0,13.19812,6.7691803,15106.854,0.05576526
6022,2021.07.01.0,14.1154785,1.5160828,15106.854,0.053401835
6023,2021.07.02.0,12.280762,4.2201767,15106.854,0.051038407
6024,2021.06.030.0,38.425507,41.464764,15106.854,0.12194124
6025,2021.07.01.0,43.92966,31.228123,15106.854,0.1195778
6026,2021.07.02.0,42.09494,34.19914,15106.854,0.117214374
6027,2021.06.030.0,79.70667,88.01476,15106.854,0.1881172
6028,2021.07.02.0,85.21083,73.998924,15106.854,0.18575378
6029,2021.07.01.0,235.65776,268.14642,15106.854,0.4008257
6030,2021.07.02.0,245.7487,246.06529,15106.854,0.39846227
6031,2021.06.030.0,13.19812,13.018097,15201.815,0.05576526
6032,2021.07.01.0,15.491524,4.514076,15201.815,0.053401835
6033,2021.07.02.0,12.739441,6.750839,15201.815,0.051038407
6034,2021.07.01.0,44.84702,41.281723,15201.815,0.1195778
6035,2021.07.02.0,45.764378,41.634033,15201.815,0.117214374
6036,2021.06.030.0,13.656799,11.264084,15296.777,0.05576526
6037,2021.07.01.0,15.491524,6.917099,15296.777,0.053401835
6038,2021.07.02.0,13.656799,8.564751,15296.777,0.051038407
6039,2021.07.02.0,47.5991,51.35048,15296.777,0.117214374
6040,2021.07.01.0,92.549706,87.34193,15296.777,0.18575378
6041,2021.07.02.0,96.21915,85.08936,15296.777,0.18339036
6042,2021.06.030.0,14.1154785,13.590645,15391.738,0.05576526
6043,2021.07.01.0,15.491524,8.146423,15391.738,0.053401835
6044,2021.07.02.0,14.1154785,8.52655,15391.738,0.051038407
6045,2021.06.030.0,15.032837,15.02755,15486.7,0.05576526
6046,2021.07.01.0,17.78492,7.4675674,15486.7,0.053401835
6047,2021.07.02.0,15.032837,11.416794,15486.7,0.051038407
6048,2021.06.030.0,16.408875,18.938622,15581.662,0.05576526
6049,2021.07.01.0,17.78492,10.036232,15581.662,0.053401835
6050,2021.07.02.0,16.408875,10.157074,15581.662,0.051038407
6051,2021.06.030.0,54.937973,61.18798,15581.662,0.12194124
6052,2021.07.01.0,54.937973,47.480602,15581.662,0.1195778
6053,2021.07.02.0,56.77269,47.7706,15581.662,0.117214374
6054,2021.06.030.0,17.32624,18.485168,15676.624,0.05576526
6055,2021.07.01.0,19.160957,9.895775,15676.624,0.053401835
6056,2021.07.02.0,17.32624,13.325439,15676.624,0.051038407
6057,2021.07.01.0,55.85533,54.849297,15676.624,0.1195778
6058,2021.07.02.0,64.111565,49.7328,15676.624,0.117214374
6059,2021.06.030.0,17.78492,23.105022,15771.586,0.05576526
6060,2021.07.01.0,21.454361,11.661285,15771.586,0.053401835
6061,2021.07.02.0,20.078316,15.932426,15771.586,0.051038407
6062,2021.07.02.0,68.698364,63.387527,15771.586,0.117214374
6063,2021.06.030.0,20.078316,24.111797,15866.548,0.05576526
6064,2021.07.01.0,21.91304,16.35254,15866.548,0.053401835
6065,2021.07.02.0,20.536995,15.016937,15866.548,0.051038407
6066,2021.06.030.0,69.61572,76.63847,15866.548,0.12194124
6067,2021.07.01.0,78.789314,57.549004,15866.548,0.1195778
6068,2021.07.02.0,75.11988,63.980927,15866.548,0.117214374
6069,2021.06.030.0,21.91304,27.260227,15961.51,0.05576526
6070,2021.07.01.0,24.665112,18.724548,15961.51,0.053401835
6071,2021.07.02.0,21.454361,18.828339,15961.51,0.051038407
6072,2021.07.01.0,86.12819,67.49799,15961.51,0.1195778
6073,2021.07.02.0,85.21083,74.25049,15961.51,0.117214374
6074,2021.06.030.0,23.28907,32.80791,16056.472,0.05576526
6075,2021.07.01.0,26.499832,21.910828,16056.472,0.053401835
6076,2021.07.02.0,23.747757,22.255013,16056.472,0.051038407
6077,2021.07.01.0,92.549706,71.74517,16056.472,0.1195778
6078,2021.07.02.0,90.71499,79.590775,16056.472,0.117214374
6079,2021.07.01.0,177.86414,156.38629,16056.472,0.18575378
6080,2021.07.02.0,165.93845,156.21411,16056.472,0.18339036
6081,2021.06.030.0,25.12379,30.454895,16151.434,0.05576526
6082,2021.07.01.0,28.334553,22.795483,16151.434,0.053401835
6083,2021.07.02.0,26.958511,25.621841,16151.434,0.051038407
6084,2021.07.02.0,94.38442,99.26296,16151.434,0.117214374
6085,2021.06.030.0,27.875874,38.78169,16246.3955,0.05576526
6086,2021.07.01.0,32.00399,25.155811,16246.3955,0.053401835
6087,2021.07.02.0,28.334553,30.413593,16246.3955,0.051038407
6088,2021.06.030.0,102.64066,119.97065,16246.3955,0.12194124
6089,2021.07.01.0,109.97954,100.97553,16246.3955,0.1195778
6090,2021.07.02.0,106.3101,102.81087,16246.3955,0.117214374
6091,2021.06.030.0,30.627949,36.70006,16341.356,0.05576526
6092,2021.07.01.0,35.673428,24.699276,16341.356,0.053401835
6093,2021.07.02.0,32.46267,30.829407,16341.356,0.051038407
6094,2021.06.030.0,109.06218,125.83849,16341.356,0.12194124
6095,2021.07.01.0,124.65729,99.60423,16341.356,0.1195778
6096,2021.07.02.0,118.23577,109.17691,16341.356,0.117214374
6097,2021.06.030.0,33.83871,40.44799,16436.318,0.05576526
6098,2021.07.01.0,39.342865,28.745705,16436.318,0.053401835
6099,2021.07.02.0,35.673428,34.48332,16436.318,0.051038407
6100,2021.06.030.0,120.07049,135.90498,16436.318,0.12194124
6101,2021.07.01.0,131.0788,111.47676,16436.318,0.1195778
6102,2021.07.02.0,131.0788,119.74232,16436.318,0.117214374
6103,2021.06.030.0,37.966824,45.857765,16531.281,0.05576526
6104,2021.07.01.0,43.92966,31.320156,16531.281,0.053401835
6105,2021.07.02.0,39.801544,38.11238,16531.281,0.051038407
6106,2021.06.030.0,130.16144,149.70102,16531.281,0.12194124
6107,2021.07.01.0,148.50864,128.4816,16531.281,0.1195778
6108,2021.07.02.0,143.00447,138.19809,16531.281,0.117214374
6109,2021.06.030.0,43.47098,49.756657,16626.242,0.05576526
6110,2021.07.01.0,48.516457,32.272038,16626.242,0.053401835
6111,2021.07.02.0,44.84702,39.749714,16626.242,0.051038407
6112,2021.07.01.0,165.93845,157.09291,16626.242,0.1195778
6113,2021.07.02.0,158.59958,160.89171,16626.242,0.117214374
6114,2021.06.030.0,48.516457,57.073505,16721.205,0.05576526
6115,2021.07.01.0,54.937973,39.34039,16721.205,0.053401835
6116,2021.07.02.0,53.103252,46.001926,16721.205,0.051038407
6117,2021.06.030.0,55.85533,63.632458,16816.166,0.05576526
6118,2021.07.01.0,63.194206,43.40795,16816.166,0.053401835
6119,2021.07.02.0,59.52477,51.96048,16816.166,0.051038407
6120,2021.07.01.0,193.45923,176.4862,16816.166,0.1195778
6121,2021.07.02.0,189.7898,177.48041,16816.166,0.117214374
6122,2021.06.030.0,62.276848,77.44732,16911.127,0.05576526
6123,2021.07.01.0,71.45044,50.56051,16911.127,0.053401835
6124,2021.07.02.0,68.698364,55.95278,16911.127,0.051038407
6125,2021.07.01.0,226.48418,189.99663,16911.127,0.1195778
6126,2021.07.02.0,214.5585,213.66959,16911.127,0.117214374
6127,2021.06.030.0,73.28516,88.67625,17006.09,0.05576526
6128,2021.07.01.0,83.376114,58.26461,17006.09,0.053401835
6129,2021.07.02.0,79.70667,62.99692,17006.09,0.051038407
6130,2021.07.01.0,245.7487,204.1611,17006.09,0.1195778
6131,2021.07.02.0,238.40985,219.43655,17006.09,0.117214374
6132,2021.06.030.0,84.29347,100.745895,17101.05,0.05576526
6133,2021.07.01.0,96.21915,71.62184,17101.05,0.053401835
6134,2021.07.02.0,92.549706,74.417145,17101.05,0.051038407
6135,2021.07.02.0,278.77365,252.50238,17101.05,0.117214374
6136,2021.06.030.0,102.64066,128.26613,17196.014,0.05576526
6137,2021.07.01.0,115.48369,93.26769,17196.014,0.053401835
6138,2021.07.02.0,109.06218,97.263596,17196.014,0.051038407
6139,2021.06.030.0,280.60837,299.34534,17196.014,0.12194124
6140,2021.07.01.0,337.48465,255.22906,17196.014,0.1195778
6141,2021.07.02.0,289.78198,293.4806,17196.014,0.117214374
6142,2021.06.030.0,118.23577,148.0443,17290.975,0.05576526
6143,2021.07.01.0,134.74823,106.84307,17290.975,0.053401835
6144,2021.07.02.0,130.16144,118.28274,17290.975,0.051038407
6145,2021.06.030.0,309.96387,348.0666,17290.975,0.12194124
6146,2021.07.01.0,348.49298,296.81116,17290.975,0.1195778
6147,2021.07.02.0,339.31937,309.2345,17290.975,0.117214374
6148,2021.06.030.0,140.2524,189.06195,17385.938,0.05576526
6149,2021.07.01.0,160.4343,136.38646,17385.938,0.053401835
6150,2021.07.02.0,153.09543,147.91867,17385.938,0.051038407
6151,2021.06.030.0,342.98883,327.64362,17385.938,0.12194124
6152,2021.07.01.0,386.10468,329.59027,17385.938,0.1195778
6153,2021.07.02.0,396.19568,341.0332,17385.938,0.117214374
6154,2021.06.030.0,171.44261,202.09991,17480.898,0.05576526
6155,2021.07.01.0,190.70715,148.62071,17480.898,0.053401835
6156,2021.07.02.0,180.61621,149.11403,17480.898,0.051038407
6157,2021.06.030.0,376.9311,308.7574,17480.898,0.12194124
6158,2021.07.01.0,339.31937,338.16492,17480.898,0.1195778
6159,2021.07.02.0,333.8152,329.4834,17480.898,0.117214374
6160,2021.06.030.0,201.71547,213.03091,17575.861,0.05576526
6161,2021.07.01.0,225.5668,181.69168,17575.861,0.053401835
6162,2021.07.02.0,216.39322,186.32324,17575.861,0.051038407
6163,2021.06.030.0,324.6416,259.7489,17575.861,0.12194124
6164,2021.07.01.0,303.54236,294.59283,17575.861,0.1195778
6165,2021.07.02.0,292.53406,301.60892,17575.861,0.117214374
6166,2021.06.030.0,240.24455,177.18134,17670.822,0.05576526
6167,2021.07.01.0,219.1453,202.98523,17670.822,0.053401835
6168,2021.07.02.0,210.88907,194.29645,17670.822,0.051038407
6169,2021.06.030.0,285.1952,225.1194,17670.822,0.12194124
6170,2021.07.01.0,254.92232,255.77838,17670.822,0.1195778
6171,2021.07.02.0,261.3438,238.46849,17670.822,0.117214374
6172,2021.06.030.0,202.63283,141.66652,17765.783,0.05576526
6173,2021.07.01.0,176.02942,181.1753,17765.783,0.053401835
6174,2021.07.02.0,165.93845,169.06967,17765.783,0.051038407
6175,2021.06.030.0,246.66608,172.88983,17765.783,0.12194124
6176,2021.07.01.0,225.5668,211.8197,17765.783,0.1195778
6177,2021.07.02.0,226.48418,221.86717,17765.783,0.117214374
6178,2021.06.030.0,163.18637,118.07601,17860.746,0.05576526
6179,2021.07.01.0,137.50032,165.83899,17860.746,0.053401835
6180,2021.07.02.0,127.40936,142.61618,17860.746,0.051038407
6181,2021.06.030.0,209.05434,162.09586,17860.746,0.12194124
6182,2021.07.01.0,196.21132,199.86728,17860.746,0.1195778
6183,2021.07.02.0,187.95508,181.96042,17860.746,0.117214374
6184,2021.06.030.0,128.32672,73.17303,17955.707,0.05576526
6185,2021.07.01.0,105.39274,103.42677,17955.707,0.053401835
6186,2021.07.02.0,97.136505,83.99375,17955.707,0.051038407
6187,2021.06.030.0,175.11205,127.786316,17955.707,0.12194124
6188,2021.07.01.0,162.26901,160.15944,17955.707,0.1195778
6189,2021.07.02.0,163.18637,155.25363,17955.707,0.117214374
6190,2021.07.01.0,222.81473,243.4989,17955.707,0.18575378
6191,2021.07.02.0,216.39322,256.04095,17955.707,0.18339036
6192,2021.06.030.0,100.80594,60.979797,18050.67,0.05576526
6193,2021.07.01.0,80.62404,91.10848,18050.67,0.053401835
6194,2021.07.02.0,72.3678,70.95497,18050.67,0.051038407
6195,2021.06.030.0,152.17807,106.54413,18050.67,0.12194124
6196,2021.07.01.0,137.50032,140.92375,18050.67,0.1195778
6197,2021.07.02.0,138.41768,136.04846,18050.67,0.117214374
6198,2021.06.030.0,76.9546,41.6702,18145.63,0.05576526
6199,2021.07.01.0,62.276848,70.88858,18145.63,0.053401835
6200,2021.07.02.0,53.103252,56.58097,18145.63,0.051038407
6201,2021.06.030.0,127.40936,84.09174,18145.63,0.12194124
6202,2021.07.01.0,111.814255,99.76425,18145.63,0.1195778
6203,2021.07.02.0,110.8969,94.03683,18145.63,0.117214374
6204,2021.06.030.0,58.607407,26.401005,18240.594,0.05576526
6205,2021.07.01.0,44.84702,46.061306,18240.594,0.053401835
6206,2021.07.02.0,38.884182,33.25682,18240.594,0.051038407
6207,2021.06.030.0,102.64066,76.17744,18240.594,0.12194124
6208,2021.07.01.0,95.30179,90.92902,18240.594,0.1195778
6209,2021.07.02.0,96.21915,83.90088,18240.594,0.117214374
6210,2021.06.030.0,43.92966,26.548805,18335.555,0.05576526
6211,2021.07.01.0,33.83871,36.49879,18335.555,0.053401835
6212,2021.07.02.0,27.875874,27.841095,18335.555,0.051038407
6213,2021.06.030.0,87.04555,55.042755,18335.555,0.12194124
6214,2021.07.01.0,79.70667,77.35771,18335.555,0.1195778
6215,2021.07.02.0,76.9546,70.6137,18335.555,0.117214374
6216,2021.06.030.0,32.921345,14.938492,18430.518,0.05576526
6217,2021.07.01.0,24.665112,21.384682,18430.518,0.053401835
6218,2021.07.02.0,19.619637,18.447723,18430.518,0.051038407
6219,2021.06.030.0,72.3678,49.607315,18430.518,0.12194124
6220,2021.07.01.0,68.698364,63.64361,18430.518,0.1195778
6221,2021.07.02.0,59.52477,63.14453,18430.518,0.117214374
6222,2021.06.030.0,25.12379,12.697563,18525.479,0.05576526
6223,2021.07.01.0,19.160957,17.23217,18525.479,0.053401835
6224,2021.07.02.0,15.950203,13.651474,18525.479,0.051038407
6225,2021.06.030.0,60.44213,37.454914,18525.479,0.12194124
6226,2021.07.01.0,54.020615,55.054977,18525.479,0.1195778
6227,2021.07.02.0,53.103252,54.4685,18525.479,0.117214374
6228,2021.06.030.0,19.160957,8.102127,18620.441,0.05576526
6229,2021.07.01.0,14.1154785,14.014671,18620.441,0.053401835
6230,2021.07.02.0,11.363403,12.431,18620.441,0.051038407
6231,2021.07.01.0,44.84702,36.965096,18620.441,0.1195778
6232,2021.07.02.0,43.92966,30.29778,18620.441,0.117214374
6233,2021.06.030.0,14.574158,5.8239517,18715.402,0.05576526
6234,2021.07.01.0,11.363403,8.701149,18715.402,0.053401835
6235,2021.07.02.0,8.794792,7.349472,18715.402,0.051038407
6236,2021.07.02.0,6.9600754,1.2641144,18810.363,0.051038407
6237,2021.06.030.0,9.070007,2.7412643,18905.326,0.05576526
6238,2021.07.01.0,8.336113,3.2573013,18905.326,0.053401835
6239,2021.07.02.0,5.584038,3.4308624,18905.326,0.051038407
6240,2021.07.01.0,27.875874,28.072151,18905.326,0.1195778
6241,2021.07.02.0,29.251907,21.926865,18905.326,0.117214374
6242,2021.07.01.0,57.69005,61.57144,18905.326,0.18575378
6243,2021.07.02.0,57.69005,50.015457,18905.326,0.18339036
6244,2021.06.030.0,7.051811,-0.11164093,19000.287,0.05576526
6245,2021.07.01.0,5.6757812,-0.9715195,19000.287,0.053401835
6246,2021.07.02.0,4.4832077,-1.9364853,19000.287,0.051038407
6247,2021.07.01.0,2.0980759,-7.272743,20044.867,0.053401835
6248,2021.07.02.0,1.9145966,-6.7435303,20044.867,0.051038407
6249,2021.06.030.0,1.8228607,-7.737602,20139.83,0.05576526
6250,2021.07.01.0,1.7311325,-8.020416,20139.83,0.053401835
6251,2021.07.02.0,1.6393967,-7.813423,20139.83,0.051038407
6252,2021.07.07.0,17.78492,2.7097702,11498.305,0.17157322
6253,2021.07.08.0,17.32624,2.4830093,11498.305,0.16920978
6254,2021.07.09.0,18.243599,1.4870911,11498.305,0.16684636
6255,2021.07.07.0,65.02892,53.685135,12447.923,0.38664514
6256,2021.07.08.0,65.02892,58.82968,12447.923,0.3842817
6257,2021.07.09.0,66.86365,62.04777,12447.923,0.38191825
6258,2021.07.07.0,3.198906,-4.1059494,13207.617,0.03922127
6259,2021.07.08.0,2.7402267,-4.4679337,13207.617,0.03685784
6260,2021.07.09.0,3.6575851,-5.1948624,13207.617,0.034494415
6261,2021.07.09.0,4.758415,-3.836296,13587.465,0.034494415
6262,2021.07.09.0,5.308838,-1.8317184,13682.426,0.03685784
6263,2021.07.08.0,15.491524,7.228485,13777.388,0.10303382
6264,2021.07.09.0,18.243599,4.506233,13777.388,0.10067039
6265,2021.07.07.0,4.850151,-0.7048111,13872.35,0.03922127
6266,2021.07.08.0,3.9327927,-1.1812592,13872.35,0.03685784
6267,2021.07.09.0,4.941887,-2.2522278,13872.35,0.034494415
6268,2021.07.09.0,5.492302,-2.467102,14062.273,0.034494415
6269,2021.07.07.0,5.6757812,-1.5843048,14157.235,0.03922127
6270,2021.07.08.0,4.4832077,-0.8188553,14157.235,0.03685784
6271,2021.07.09.0,5.308838,-1.4042206,14157.235,0.034494415
6272,2021.07.07.0,130.16144,126.18287,14157.235,0.38664514
6273,2021.07.09.0,5.584038,-0.88471985,14347.158,0.03685784
6274,2021.07.08.0,4.4832077,-1.1322403,14442.121,0.03685784
6275,2021.07.09.0,5.584038,-1.4522476,14442.121,0.034494415
6276,2021.07.08.0,4.850151,-0.87047577,14537.082,0.03685784
6277,2021.07.09.0,6.3179245,-0.93935394,14537.082,0.034494415
6278,2021.07.07.0,6.501396,-0.91571045,14632.044,0.03922127
6279,2021.07.08.0,5.7675095,0.12320709,14632.044,0.03685784
6280,2021.07.09.0,5.492302,0.2855606,14632.044,0.034494415
6281,2021.07.09.0,29.710594,16.470734,14632.044,0.10067039
6282,2021.07.07.0,6.684868,0.12592316,14727.006,0.03922127
6283,2021.07.08.0,5.400566,0.61255646,14727.006,0.03685784
6284,2021.07.09.0,6.0427094,-0.01448822,14727.006,0.034494415
6285,2021.07.07.0,7.693962,0.22266388,14821.968,0.03922127
6286,2021.07.08.0,5.1253586,0.5584259,14821.968,0.03685784
6287,2021.07.09.0,9.070007,-1.0283585,14821.968,0.034494415
6288,2021.07.07.0,6.501396,-0.5518646,14916.93,0.03922127
6289,2021.07.09.0,8.427856,-0.25613403,14916.93,0.03685784
6290,2021.07.08.0,6.1344604,0.5371628,15011.892,0.03685784
6291,2021.07.09.0,6.5931396,0.09163666,15011.892,0.034494415
6292,2021.07.07.0,9.070007,-0.585701,15106.854,0.03922127
6293,2021.07.08.0,7.143547,1.1022415,15106.854,0.03685784
6294,2021.07.09.0,9.89563,0.23767853,15106.854,0.034494415
6295,2021.07.07.0,35.21475,26.277775,15106.854,0.10539725
6296,2021.07.08.0,30.16927,29.156567,15106.854,0.10303382
6297,2021.07.09.0,40.26022,24.456863,15106.854,0.10067039
6298,2021.07.09.0,88.88027,69.16938,15106.854,0.16684636
6299,2021.07.07.0,207.21962,213.27325,15106.854,0.38664514
6300,2021.07.08.0,224.64944,204.88,15106.854,0.3842817
6301,2021.07.09.0,239.32721,204.52875,15106.854,0.38191825
6302,2021.07.07.0,9.620415,1.3982773,15201.815,0.03922127
6303,2021.07.08.0,7.3270187,1.9640656,15201.815,0.03685784
6304,2021.07.09.0,9.712151,1.1704941,15201.815,0.034494415
6305,2021.07.07.0,35.21475,22.923985,15201.815,0.10539725
6306,2021.07.08.0,34.297386,33.70851,15201.815,0.10303382
6307,2021.07.09.0,45.764378,25.962238,15201.815,0.10067039
6308,2021.07.07.0,10.446045,-0.5277939,15296.777,0.03922127
6309,2021.07.08.0,8.978264,2.2373886,15296.777,0.03685784
6310,2021.07.09.0,7.693962,1.7462997,15296.777,0.034494415
6311,2021.07.07.0,10.446045,0.80459595,15391.738,0.03922127
6312,2021.07.08.0,7.2352905,3.1894073,15391.738,0.03685784
6313,2021.07.09.0,8.886536,1.2868805,15391.738,0.034494415
6314,2021.07.07.0,10.9047165,1.8354797,15486.7,0.03922127
6315,2021.07.08.0,9.620415,4.4443207,15486.7,0.03685784
6316,2021.07.09.0,9.712151,3.4448242,15486.7,0.034494415
6317,2021.07.08.0,41.17758,34.836914,15486.7,0.10303382
6318,2021.07.09.0,54.020615,27.915997,15486.7,0.10067039
6319,2021.07.07.0,11.363403,1.1751785,15581.662,0.03922127
6320,2021.07.08.0,8.794792,4.218788,15581.662,0.03685784
6321,2021.07.09.0,10.9047165,1.1400986,15581.662,0.034494415
6322,2021.07.07.0,47.5991,33.772118,15581.662,0.10539725
6323,2021.07.08.0,43.47098,39.53834,15581.662,0.10303382
6324,2021.07.09.0,60.44213,34.991875,15581.662,0.10067039
6325,2021.07.07.0,11.363403,3.6967926,15676.624,0.03922127
6326,2021.07.08.0,8.886536,3.5439606,15676.624,0.03685784
6327,2021.07.09.0,12.280762,2.0714188,15676.624,0.034494415
6328,2021.07.08.0,47.5991,39.71745,15676.624,0.10303382
6329,2021.07.09.0,62.276848,34.694378,15676.624,0.10067039
6330,2021.07.09.0,131.99615,85.47962,15676.624,0.16684636
6331,2021.07.07.0,12.739441,4.369171,15771.586,0.03922127
6332,2021.07.08.0,9.712151,5.8435593,15771.586,0.03685784
6333,2021.07.09.0,14.574158,3.6180725,15771.586,0.034494415
6334,2021.07.07.0,56.77269,38.589237,15771.586,0.10539725
6335,2021.07.08.0,49.433815,48.347992,15771.586,0.10303382
6336,2021.07.09.0,69.61572,40.58028,15771.586,0.10067039
6337,2021.07.07.0,12.739441,2.9599304,15866.548,0.03922127
6338,2021.07.08.0,10.9047165,4.0889206,15866.548,0.03685784
6339,2021.07.09.0,13.19812,3.612671,15866.548,0.034494415
6340,2021.07.07.0,59.52477,38.842125,15866.548,0.10539725
6341,2021.07.08.0,54.937973,45.85024,15866.548,0.10303382
6342,2021.07.09.0,74.20252,41.079845,15866.548,0.10067039
6343,2021.07.07.0,14.1154785,4.9013443,15961.51,0.03922127
6344,2021.07.08.0,12.280762,6.942032,15961.51,0.03685784
6345,2021.07.09.0,15.032837,5.6965866,15961.51,0.034494415
6346,2021.07.08.0,62.276848,51.087315,15961.51,0.10303382
6347,2021.07.09.0,81.5414,43.75402,15961.51,0.10067039
6348,2021.07.07.0,14.574158,5.7853165,16056.472,0.03922127
6349,2021.07.08.0,13.19812,6.4118195,16056.472,0.03685784
6350,2021.07.09.0,16.408875,5.8102264,16056.472,0.034494415
6351,2021.07.07.0,73.28516,52.199406,16056.472,0.10539725
6352,2021.07.08.0,65.02892,59.423363,16056.472,0.10303382
6353,2021.07.09.0,87.96291,50.821186,16056.472,0.10067039
6354,2021.07.07.0,137.50032,113.90509,16056.472,0.17157322
6355,2021.07.08.0,129.24408,119.06052,16056.472,0.16920978
6356,2021.07.09.0,170.52525,113.0211,16056.472,0.16684636
6357,2021.07.07.0,15.032837,8.592522,16151.434,0.03922127
6358,2021.07.08.0,14.1154785,7.8086166,16151.434,0.03685784
6359,2021.07.09.0,18.702278,7.206932,16151.434,0.034494415
6360,2021.07.09.0,96.21915,54.267197,16151.434,0.10067039
6361,2021.07.07.0,16.867554,10.229317,16246.3955,0.03922127
6362,2021.07.08.0,15.032837,9.1586,16246.3955,0.03685784
6363,2021.07.09.0,20.078316,8.015724,16246.3955,0.034494415
6364,2021.07.07.0,85.21083,60.05816,16246.3955,0.10539725
6365,2021.07.08.0,76.9546,70.24479,16246.3955,0.10303382
6366,2021.07.09.0,120.07049,61.178417,16246.3955,0.10067039
6367,2021.07.07.0,18.243599,15.612633,16341.356,0.03922127
6368,2021.07.08.0,15.491524,13.475334,16341.356,0.03685784
6369,2021.07.09.0,21.91304,9.350021,16341.356,0.034494415
6370,2021.07.07.0,97.136505,69.0401,16341.356,0.10539725
6371,2021.07.08.0,86.12819,81.91908,16341.356,0.10303382
6372,2021.07.09.0,113.64897,70.969376,16341.356,0.10067039
6373,2021.07.07.0,20.536995,17.776672,16436.318,0.03922127
6374,2021.07.08.0,18.702278,18.815468,16436.318,0.03685784
6375,2021.07.09.0,25.582474,15.707184,16436.318,0.034494415
6376,2021.07.07.0,96.21915,78.9478,16436.318,0.10539725
6377,2021.07.08.0,93.467064,84.70263,16436.318,0.10303382
6378,2021.07.09.0,124.65729,79.70844,16436.318,0.10067039
6379,2021.07.07.0,22.371712,20.74784,16531.281,0.03922127
6380,2021.07.08.0,19.619637,20.547455,16531.281,0.03685784
6381,2021.07.09.0,26.958511,16.291786,16531.281,0.034494415
6382,2021.07.07.0,106.3101,107.25307,16531.281,0.10539725
6383,2021.07.08.0,104.47538,107.666626,16531.281,0.10303382
6384,2021.07.09.0,131.0788,102.4684,16531.281,0.10067039
6385,2021.07.07.0,25.582474,21.142212,16626.242,0.03922127
6386,2021.07.08.0,23.747757,23.465767,16626.242,0.03685784
6387,2021.07.09.0,32.46267,20.970451,16626.242,0.034494415
6388,2021.07.08.0,116.40105,123.540985,16626.242,0.10303382
6389,2021.07.09.0,172.35997,111.68191,16626.242,0.10067039
6390,2021.07.07.0,29.710594,25.477135,16721.205,0.03922127
6391,2021.07.08.0,24.665112,29.475197,16721.205,0.03685784
6392,2021.07.09.0,37.508144,22.512356,16721.205,0.034494415
6393,2021.07.08.0,131.0788,133.15918,16721.205,0.10303382
6394,2021.07.09.0,171.44261,129.43515,16721.205,0.10067039
6395,2021.07.07.0,33.380024,30.57631,16816.166,0.03922127
6396,2021.07.08.0,30.627949,34.985176,16816.166,0.03685784
6397,2021.07.09.0,43.0123,28.869072,16816.166,0.034494415
6398,2021.07.07.0,149.426,133.75151,16816.166,0.10539725
6399,2021.07.08.0,149.426,141.804,16816.166,0.10303382
6400,2021.07.09.0,188.87244,131.73502,16816.166,0.10067039
6401,2021.07.07.0,38.425507,34.67737,16911.127,0.03922127
6402,2021.07.08.0,33.83871,36.75383,16911.127,0.03685784
6403,2021.07.09.0,48.516457,34.289288,16911.127,0.034494415
6404,2021.07.07.0,163.18637,150.66522,16911.127,0.10539725
6405,2021.07.08.0,160.4343,167.38321,16911.127,0.10303382
6406,2021.07.09.0,212.72377,161.13295,16911.127,0.10067039
6407,2021.07.07.0,45.3057,33.38624,17006.09,0.03922127
6408,2021.07.08.0,42.09494,34.997063,17006.09,0.03685784
6409,2021.07.09.0,60.44213,33.082382,17006.09,0.034494415
6410,2021.07.07.0,184.28564,171.34169,17006.09,0.10539725
6411,2021.07.08.0,177.86414,187.43896,17006.09,0.10303382
6412,2021.07.09.0,235.65776,186.76433,17006.09,0.10067039
6413,2021.07.09.0,382.43524,276.32574,17006.09,0.16684636
6414,2021.07.07.0,52.185894,45.207558,17101.05,0.03922127
6415,2021.07.08.0,48.516457,51.78354,17101.05,0.03685784
6416,2021.07.09.0,69.61572,47.700706,17101.05,0.034494415
6417,2021.07.08.0,199.88077,206.82997,17101.05,0.10303382
6418,2021.07.09.0,264.0959,196.43222,17101.05,0.10067039
6419,2021.07.07.0,61.35949,53.691666,17196.014,0.03922127
6420,2021.07.08.0,57.69005,59.433784,17196.014,0.03685784
6421,2021.07.09.0,81.5414,57.696903,17196.014,0.034494415
6422,2021.07.07.0,243.914,208.27585,17196.014,0.10539725
6423,2021.07.08.0,223.73209,233.27728,17196.014,0.10303382
6424,2021.07.09.0,296.2035,217.90135,17196.014,0.10067039
6425,2021.07.07.0,71.45044,66.364296,17290.975,0.03922127
6426,2021.07.08.0,70.53308,68.2112,17290.975,0.03685784
6427,2021.07.09.0,98.05386,68.18405,17290.975,0.034494415
6428,2021.07.07.0,262.26117,220.85461,17290.975,0.10539725
6429,2021.07.08.0,251.25287,240.16734,17290.975,0.10303382
6430,2021.07.09.0,321.88953,240.79878,17290.975,0.10067039
6431,2021.07.07.0,88.88027,78.6241,17385.938,0.03922127
6432,2021.07.08.0,83.376114,85.82515,17385.938,0.03685784
6433,2021.07.09.0,119.15312,83.14853,17385.938,0.034494415
6434,2021.07.07.0,299.87292,271.98077,17385.938,0.10539725
6435,2021.07.08.0,285.1952,277.63684,17385.938,0.10303382
6436,2021.07.09.0,358.58392,264.47192,17385.938,0.10067039
6437,2021.07.07.0,105.39274,80.372345,17480.898,0.03922127
6438,2021.07.08.0,100.80594,87.657936,17480.898,0.03685784
6439,2021.07.09.0,143.92183,84.64967,17480.898,0.034494415
6440,2021.07.07.0,320.97217,281.80682,17480.898,0.10539725
6441,2021.07.08.0,325.55896,289.65167,17480.898,0.10303382
6442,2021.07.09.0,332.89783,290.7757,17480.898,0.10067039
6443,2021.07.07.0,127.40936,109.88372,17575.861,0.03922127
6444,2021.07.08.0,125.574646,99.27242,17575.861,0.03685784
6445,2021.07.09.0,176.02942,99.832214,17575.861,0.034494415
6446,2021.07.07.0,365.00543,301.73218,17575.861,0.10539725
6447,2021.07.08.0,366.84015,319.64212,17575.861,0.10303382
6448,2021.07.09.0,296.2035,319.4515,17575.861,0.10067039
6449,2021.07.07.0,155.8475,133.81119,17670.822,0.03922127
6450,2021.07.08.0,149.426,134.68625,17670.822,0.03685784
6451,2021.07.09.0,176.94678,120.00126,17670.822,0.034494415
6452,2021.07.07.0,329.22842,314.38367,17670.822,0.10539725
6453,2021.07.08.0,305.37708,306.03732,17670.822,0.10303382
6454,2021.07.09.0,252.17023,277.51428,17670.822,0.10067039
6455,2021.07.07.0,189.7898,149.56,17765.783,0.03922127
6456,2021.07.08.0,184.28564,138.27267,17765.783,0.03685784
6457,2021.07.09.0,130.16144,121.154434,17765.783,0.034494415
6458,2021.07.07.0,265.01324,284.00415,17765.783,0.10539725
6459,2021.07.08.0,271.43478,259.19458,17765.783,0.10303382
6460,2021.07.09.0,206.30226,242.93604,17765.783,0.10067039
6461,2021.07.07.0,165.0211,168.29718,17860.746,0.03922127
6462,2021.07.08.0,156.76486,139.34421,17860.746,0.03685784
6463,2021.07.09.0,93.467064,119.74311,17860.746,0.034494415
6464,2021.07.07.0,242.07928,238.8073,17860.746,0.10539725
6465,2021.07.08.0,232.90569,233.92128,17860.746,0.10303382
6466,2021.07.09.0,180.61621,220.03674,17860.746,0.10067039
6467,2021.07.07.0,123.73993,97.95664,17955.707,0.03922127
6468,2021.07.08.0,115.48369,76.281624,17955.707,0.03685784
6469,2021.07.09.0,63.194206,58.214455,17955.707,0.034494415
6470,2021.07.07.0,199.88077,204.11163,17955.707,0.10539725
6471,2021.07.08.0,189.7898,187.12529,17955.707,0.10303382
6472,2021.07.09.0,143.00447,171.41211,17955.707,0.10067039
6473,2021.07.08.0,248.5008,280.8792,17955.707,0.16920978
6474,2021.07.09.0,219.1453,258.63788,17955.707,0.16684636
6475,2021.07.07.0,89.79763,98.42374,18050.67,0.03922127
6476,2021.07.08.0,82.458755,75.54728,18050.67,0.03685784
6477,2021.07.09.0,43.0123,61.112194,18050.67,0.034494415
6478,2021.07.07.0,165.93845,167.1498,18050.67,0.10539725
6479,2021.07.08.0,161.35165,155.08612,18050.67,0.10303382
6480,2021.07.09.0,120.98785,147.09013,18050.67,0.10067039
6481,2021.07.07.0,62.276848,70.12674,18145.63,0.03922127
6482,2021.07.08.0,56.77269,49.258667,18145.63,0.03685784
6483,2021.07.09.0,26.958511,39.826557,18145.63,0.034494415
6484,2021.07.07.0,143.00447,140.49014,18145.63,0.10539725
6485,2021.07.08.0,137.50032,131.08363,18145.63,0.10303382
6486,2021.07.09.0,98.97122,122.54985,18145.63,0.10067039
6487,2021.07.07.0,42.553623,50.764492,18240.594,0.03922127
6488,2021.07.08.0,37.508144,35.840042,18240.594,0.03685784
6489,2021.07.09.0,18.243599,24.648643,18240.594,0.034494415
6490,2021.07.07.0,117.31841,118.47839,18240.594,0.10539725
6491,2021.07.08.0,110.8969,104.7768,18240.594,0.10303382
6492,2021.07.09.0,82.458755,97.95264,18240.594,0.10067039
6493,2021.07.07.0,29.251907,30.90099,18335.555,0.03922127
6494,2021.07.08.0,24.665112,18.951424,18335.555,0.03685784
6495,2021.07.09.0,12.739441,12.089867,18335.555,0.034494415
6496,2021.07.07.0,96.21915,94.52409,18335.555,0.10539725
6497,2021.07.08.0,87.04555,84.609886,18335.555,0.10303382
6498,2021.07.09.0,64.111565,75.17742,18335.555,0.10067039
6499,2021.07.07.0,152.17807,171.52826,18335.555,0.17157322
6500,2021.07.08.0,148.50864,165.1057,18335.555,0.16920978
6501,2021.07.09.0,134.74823,155.45985,18335.555,0.16684636
6502,2021.07.07.0,19.160957,19.782455,18430.518,0.03922127
6503,2021.07.08.0,16.408875,14.552811,18430.518,0.03685784
6504,2021.07.09.0,8.886536,12.282852,18430.518,0.034494415
6505,2021.07.07.0,74.20252,73.02329,18430.518,0.10539725
6506,2021.07.08.0,74.20252,62.42922,18430.518,0.10303382
6507,2021.07.09.0,54.020615,58.7715,18430.518,0.10067039
6508,2021.07.07.0,129.24408,143.26001,18430.518,0.17157322
6509,2021.07.08.0,135.6656,122.839645,18430.518,0.16920978
6510,2021.07.09.0,108.14481,116.514404,18430.518,0.16684636
6511,2021.07.07.0,13.19812,12.491478,18525.479,0.03922127
6512,2021.07.08.0,11.363403,9.359627,18525.479,0.03685784
6513,2021.07.09.0,6.684868,5.895134,18525.479,0.034494415
6514,2021.07.07.0,62.276848,63.5283,18525.479,0.10539725
6515,2021.07.08.0,58.607407,57.480476,18525.479,0.10303382
6516,2021.07.09.0,42.09494,54.592815,18525.479,0.10067039
6517,2021.07.09.0,94.38442,108.90226,18525.479,0.16684636
6518,2021.07.07.0,9.253471,10.402351,18620.441,0.03922127
6519,2021.07.08.0,7.3270187,7.2972183,18620.441,0.03685784
6520,2021.07.09.0,5.2170944,3.756813,18620.441,0.034494415
6521,2021.07.07.0,50.351173,53.161076,18620.441,0.10539725
6522,2021.07.08.0,49.433815,42.647556,18620.441,0.10303382
6523,2021.07.09.0,33.83871,37.403214,18620.441,0.10067039
6524,2021.07.07.0,5.8592453,6.6726685,18715.402,0.03922127
6525,2021.07.08.0,5.492302,3.8817139,18715.402,0.03685784
6526,2021.07.09.0,4.391472,1.7349167,18715.402,0.034494415
6527,2021.07.09.0,65.02892,74.507324,18715.402,0.16684636
6528,2021.07.09.0,4.391472,-0.46555328,18810.363,0.034494415
6529,2021.07.07.0,3.6575851,1.0766449,18905.326,0.03922127
6530,2021.07.08.0,3.5658493,-1.0341873,18905.326,0.03685784
6531,2021.07.09.0,4.299736,-1.9815216,18905.326,0.034494415
6532,2021.07.07.0,28.334553,27.375954,18905.326,0.10539725
6533,2021.07.08.0,25.12379,22.942795,18905.326,0.10303382
6534,2021.07.09.0,20.078316,22.049934,18905.326,0.10067039
6535,2021.07.07.0,63.194206,56.22629,18905.326,0.17157322
6536,2021.07.08.0,68.698364,49.73499,18905.326,0.16920978
6537,2021.07.09.0,52.185894,52.058952,18905.326,0.16684636
6538,2021.07.07.0,3.7493134,-2.2170105,19000.287,0.03922127
6539,2021.07.08.0,2.9236984,-2.9407425,19000.287,0.03685784
6540,2021.07.09.0,3.4741135,-3.634781,19000.287,0.034494415
6541,2021.07.09.0,11.8220825,7.8542786,19380.135,0.10067039
6542,2021.07.09.0,0.99723816,-8.40863,20139.83,0.034494415
6543,2021.07.08.0,8.6113205,4.6490173,20994.486,0.16920978
6544,2021.07.014.0,13.656799,0.04447174,11498.305,0.15502922
6545,2021.07.015.0,12.739441,-1.3856659,11498.305,0.1526658
6546,2021.07.016.0,12.280762,-3.2696838,11498.305,0.15030237
6547,2021.07.014.0,58.607407,54.107204,12447.923,0.37010112
6548,2021.07.015.0,50.351173,54.73687,12447.923,0.36773768
6549,2021.07.016.0,52.185894,49.137543,12447.923,0.36537427
6550,2021.07.014.0,1.8228607,-5.3794174,13207.617,0.022677273
6551,2021.07.015.0,1.1807175,-5.681717,13207.617,0.020313844
6552,2021.07.016.0,0.99723816,-9.143295,13207.617,0.017950423
6553,2021.07.015.0,10.446045,3.9209824,13777.388,0.08648982
6554,2021.07.016.0,9.987366,0.2489624,13777.388,0.08412639
6555,2021.07.014.0,1.0889816,-1.4035187,14157.235,0.022677273
6556,2021.07.015.0,1.0889816,-5.8419037,14157.235,0.020313844
6557,2021.07.016.0,0.99723816,-6.471863,14157.235,0.017950423
6558,2021.07.015.0,13.19812,6.3703003,14347.158,0.08648982
6559,2021.07.016.0,13.19812,3.6769714,14347.158,0.08412639
6560,2021.07.015.0,1.3641815,-4.8819656,14442.121,0.020313844
6561,2021.07.016.0,0.99723816,-1.8164902,14442.121,0.017950423
6562,2021.07.015.0,0.99723816,-3.083023,14537.082,0.020313844
6563,2021.07.016.0,1.0889816,-7.292679,14537.082,0.017950423
6564,2021.07.016.0,15.950203,4.31707,14537.082,0.08412639
6565,2021.07.014.0,1.7311325,-2.503769,14632.044,0.022677273
6566,2021.07.015.0,0.99723816,-4.5718155,14632.044,0.020313844
6567,2021.07.016.0,1.0889816,-7.92157,14632.044,0.017950423
6568,2021.07.015.0,16.408875,11.5861435,14632.044,0.08648982
6569,2021.07.016.0,14.574158,7.694603,14632.044,0.08412639
6570,2021.07.014.0,2.28154,-0.3174286,14727.006,0.022677273
6571,2021.07.015.0,1.3641815,-2.4588318,14727.006,0.020313844
6572,2021.07.014.0,1.7311325,0.98719025,14821.968,0.022677273
6573,2021.07.015.0,0.99723816,-2.7506027,14821.968,0.020313844
6574,2021.07.016.0,1.1807175,-6.985306,14821.968,0.017950423
6575,2021.07.015.0,0.99723816,-3.3627625,14916.93,0.020313844
6576,2021.07.014.0,2.189804,-0.1767044,15106.854,0.022677273
6577,2021.07.015.0,1.0889816,-2.6352615,15106.854,0.020313844
6578,2021.07.016.0,1.2724533,-6.8615265,15106.854,0.017950423
6579,2021.07.014.0,26.499832,25.774189,15106.854,0.08885325
6580,2021.07.015.0,20.078316,18.289238,15106.854,0.08648982
6581,2021.07.016.0,19.160957,9.487114,15106.854,0.08412639
6582,2021.07.015.0,176.94678,197.47339,15106.854,0.36773768
6583,2021.07.016.0,187.95508,185.0784,15106.854,0.36537427
6584,2021.07.014.0,2.556755,1.2705536,15201.815,0.022677273
6585,2021.07.015.0,0.99723816,-1.23526,15201.815,0.020313844
6586,2021.07.016.0,1.0889816,-6.0187683,15201.815,0.017950423
6587,2021.07.014.0,27.417187,22.134666,15201.815,0.08885325
6588,2021.07.015.0,20.078316,24.115028,15201.815,0.08648982
6589,2021.07.016.0,20.078316,13.437088,15201.815,0.08412639
6590,2021.07.014.0,2.00634,1.3655548,15296.777,0.022677273
6591,2021.07.015.0,0.99723816,-2.6491165,15296.777,0.020313844
6592,2021.07.016.0,1.0889816,-6.277214,15296.777,0.017950423
6593,2021.07.014.0,1.9145966,1.4311523,15391.738,0.022677273
6594,2021.07.015.0,0.99723816,-2.5929718,15391.738,0.020313844
6595,2021.07.016.0,1.3641815,-6.6188583,15391.738,0.017950423
6596,2021.07.014.0,2.0980759,0.823349,15486.7,0.022677273
6597,2021.07.015.0,1.0889816,-2.8434753,15486.7,0.020313844
6598,2021.07.016.0,1.7311325,-6.879532,15486.7,0.017950423
6599,2021.07.015.0,23.28907,31.36237,15486.7,0.08648982
6600,2021.07.016.0,23.747757,22.038475,15486.7,0.08412639
6601,2021.07.014.0,2.189804,1.2749405,15581.662,0.022677273
6602,2021.07.015.0,1.1807175,-2.9338913,15581.662,0.020313844
6603,2021.07.016.0,1.2724533,-6.6586685,15581.662,0.017950423
6604,2021.07.014.0,35.21475,27.79366,15581.662,0.08885325
6605,2021.07.015.0,25.12379,26.135822,15581.662,0.08648982
6606,2021.07.016.0,27.875874,21.909523,15581.662,0.08412639
6607,2021.07.014.0,2.6484833,2.144806,15676.624,0.022677273
6608,2021.07.015.0,1.0889816,-1.8432617,15676.624,0.020313844
6609,2021.07.016.0,1.6393967,-6.692482,15676.624,0.017950423
6610,2021.07.014.0,38.425507,30.558777,15676.624,0.08885325
6611,2021.07.015.0,26.958511,34.34725,15676.624,0.08648982
6612,2021.07.016.0,28.334553,25.650032,15676.624,0.08412639
6613,2021.07.014.0,42.09494,34.861835,15771.586,0.08885325
6614,2021.07.015.0,30.627949,33.007645,15771.586,0.08648982
6615,2021.07.016.0,29.710594,21.199112,15771.586,0.08412639
6616,2021.07.014.0,2.9236984,2.4660034,15866.548,0.022677273
6617,2021.07.015.0,1.3641815,-1.7212753,15866.548,0.020313844
6618,2021.07.016.0,1.3641815,-6.4238586,15866.548,0.017950423
6619,2021.07.014.0,44.84702,38.029736,15866.548,0.08885325
6620,2021.07.015.0,34.756065,37.831127,15866.548,0.08648982
6621,2021.07.016.0,34.297386,28.1394,15866.548,0.08412639
6622,2021.07.014.0,2.6484833,3.418724,15961.51,0.022677273
6623,2021.07.015.0,1.4559174,-2.0537796,15961.51,0.020313844
6624,2021.07.016.0,1.4559174,-6.850067,15961.51,0.017950423
6625,2021.07.014.0,49.433815,40.276196,15961.51,0.08885325
6626,2021.07.015.0,37.966824,41.26403,15961.51,0.08648982
6627,2021.07.016.0,37.966824,32.215748,15961.51,0.08412639
6628,2021.07.014.0,3.198906,2.8839035,16056.472,0.022677273
6629,2021.07.015.0,1.4559174,-2.6213455,16056.472,0.020313844
6630,2021.07.016.0,1.5476608,-8.078964,16056.472,0.017950423
6631,2021.07.014.0,54.020615,51.00163,16056.472,0.08885325
6632,2021.07.015.0,40.718903,47.13551,16056.472,0.08648982
6633,2021.07.016.0,42.09494,36.494923,16056.472,0.08412639
6634,2021.07.014.0,131.0788,122.31026,16056.472,0.15502922
6635,2021.07.015.0,104.47538,122.66649,16056.472,0.1526658
6636,2021.07.016.0,107.227455,105.5506,16056.472,0.15030237
6637,2021.07.014.0,2.3732834,4.086258,16151.434,0.022677273
6638,2021.07.015.0,1.5476608,-2.744751,16151.434,0.020313844
6639,2021.07.016.0,1.9145966,-7.5858,16151.434,0.017950423
6640,2021.07.014.0,60.44213,52.118996,16151.434,0.08885325
6641,2021.07.015.0,44.84702,50.495495,16151.434,0.08648982
6642,2021.07.016.0,46.223057,35.745586,16151.434,0.08412639
6643,2021.07.014.0,4.850151,5.254074,16246.3955,0.022677273
6644,2021.07.015.0,1.6393967,-0.37674713,16246.3955,0.020313844
6645,2021.07.016.0,1.5476608,-7.4148254,16246.3955,0.017950423
6646,2021.07.014.0,66.86365,61.281265,16246.3955,0.08885325
6647,2021.07.015.0,50.351173,59.74391,16246.3955,0.08648982
6648,2021.07.016.0,53.103252,44.014786,16246.3955,0.08412639
6649,2021.07.014.0,4.941887,5.1903687,16341.356,0.022677273
6650,2021.07.015.0,1.7311325,-0.46170807,16341.356,0.020313844
6651,2021.07.016.0,1.7311325,-9.017181,16341.356,0.017950423
6652,2021.07.014.0,72.3678,67.1523,16341.356,0.08885325
6653,2021.07.015.0,55.85533,66.725296,16341.356,0.08648982
6654,2021.07.016.0,54.937973,50.60891,16341.356,0.08412639
6655,2021.07.014.0,5.1253586,10.506645,16436.318,0.022677273
6656,2021.07.015.0,1.9145966,1.5907211,16436.318,0.020313844
6657,2021.07.016.0,1.9145966,-7.240608,16436.318,0.017950423
6658,2021.07.014.0,81.5414,72.91496,16436.318,0.08885325
6659,2021.07.015.0,64.111565,67.73073,16436.318,0.08648982
6660,2021.07.016.0,63.194206,51.300953,16436.318,0.08412639
6661,2021.07.014.0,5.950981,11.16465,16531.281,0.022677273
6662,2021.07.015.0,2.00634,3.7161942,16531.281,0.020313844
6663,2021.07.016.0,1.9145966,-6.168785,16531.281,0.017950423
6664,2021.07.014.0,90.71499,88.42097,16531.281,0.08885325
6665,2021.07.015.0,70.53308,75.24869,16531.281,0.08648982
6666,2021.07.016.0,65.94629,57.055008,16531.281,0.08412639
6667,2021.07.014.0,7.3270187,16.259537,16626.242,0.022677273
6668,2021.07.015.0,2.4650192,6.6750717,16626.242,0.020313844
6669,2021.07.016.0,2.189804,-3.647293,16626.242,0.017950423
6670,2021.07.014.0,99.88858,94.419586,16626.242,0.08885325
6671,2021.07.015.0,74.20252,89.654335,16626.242,0.08648982
6672,2021.07.016.0,76.9546,67.429504,16626.242,0.08412639
6673,2021.07.014.0,8.427856,18.721329,16721.205,0.022677273
6674,2021.07.015.0,2.6484833,11.5505295,16721.205,0.020313844
6675,2021.07.016.0,2.3732834,-0.46124268,16721.205,0.017950423
6676,2021.07.014.0,118.23577,99.04312,16721.205,0.08885325
6677,2021.07.015.0,84.29347,97.10407,16721.205,0.08648982
6678,2021.07.016.0,87.96291,71.94666,16721.205,0.08412639
6679,2021.07.014.0,9.528687,23.568596,16816.166,0.022677273
6680,2021.07.015.0,3.3823776,14.288361,16816.166,0.020313844
6681,2021.07.016.0,2.6484833,0.381073,16816.166,0.017950423
6682,2021.07.014.0,124.65729,129.14447,16816.166,0.08885325
6683,2021.07.015.0,95.30179,130.15494,16816.166,0.08648982
6684,2021.07.016.0,98.05386,101.84398,16816.166,0.08412639
6685,2021.07.014.0,11.363403,26.149876,16911.127,0.022677273
6686,2021.07.015.0,3.8410568,13.92334,16911.127,0.020313844
6687,2021.07.016.0,3.10717,0.9152527,16911.127,0.017950423
6688,2021.07.014.0,140.2524,129.38971,16911.127,0.08885325
6689,2021.07.015.0,106.3101,130.20857,16911.127,0.08648982
6690,2021.07.016.0,111.814255,104.63945,16911.127,0.08412639
6691,2021.07.014.0,14.1154785,25.034874,17006.09,0.022677273
6692,2021.07.015.0,4.850151,18.054451,17006.09,0.020313844
6693,2021.07.016.0,3.8410568,16.741737,17006.09,0.017950423
6694,2021.07.014.0,154.01279,163.40826,17006.09,0.08885325
6695,2021.07.015.0,119.15312,153.2073,17006.09,0.08648982
6696,2021.07.016.0,120.07049,117.186485,17006.09,0.08412639
6697,2021.07.014.0,289.78198,284.5415,17006.09,0.15502922
6698,2021.07.015.0,243.914,272.01837,17006.09,0.1526658
6699,2021.07.016.0,257.67438,242.32188,17006.09,0.15030237
6700,2021.07.014.0,17.32624,34.079174,17101.05,0.022677273
6701,2021.07.015.0,6.1344604,24.094238,17101.05,0.020313844
6702,2021.07.016.0,4.299736,6.26725,17101.05,0.017950423
6703,2021.07.014.0,176.94678,178.43373,17101.05,0.08885325
6704,2021.07.015.0,137.50032,161.20508,17101.05,0.08648982
6705,2021.07.016.0,143.92183,127.90233,17101.05,0.08412639
6706,2021.07.014.0,22.371712,40.128452,17196.014,0.022677273
6707,2021.07.015.0,7.785698,25.426754,17196.014,0.020313844
6708,2021.07.016.0,5.492302,7.446083,17196.014,0.017950423
6709,2021.07.014.0,198.96341,199.28152,17196.014,0.08885325
6710,2021.07.015.0,154.93015,196.49576,17196.014,0.08648982
6711,2021.07.016.0,164.10373,171.82361,17196.014,0.08412639
6712,2021.07.014.0,28.793228,41.87959,17290.975,0.022677273
6713,2021.07.015.0,10.446045,22.335289,17290.975,0.020313844
6714,2021.07.016.0,7.2352905,1.5248413,17290.975,0.017950423
6715,2021.07.014.0,232.90569,237.19524,17290.975,0.08885325
6716,2021.07.015.0,174.1947,235.11852,17290.975,0.08648982
6717,2021.07.016.0,185.203,188.41554,17290.975,0.08412639
6718,2021.07.014.0,37.508144,45.81293,17385.938,0.022677273
6719,2021.07.015.0,13.656799,31.462807,17385.938,0.020313844
6720,2021.07.016.0,9.987366,4.4535522,17385.938,0.017950423
6721,2021.07.014.0,250.33553,249.33965,17385.938,0.08885325
6722,2021.07.015.0,202.63283,239.1522,17385.938,0.08648982
6723,2021.07.016.0,208.13698,208.61653,17385.938,0.08412639
6724,2021.07.014.0,47.5991,55.78972,17480.898,0.022677273
6725,2021.07.015.0,19.160957,34.47301,17480.898,0.020313844
6726,2021.07.016.0,14.1154785,16.11055,17480.898,0.017950423
6727,2021.07.014.0,282.44308,264.3565,17480.898,0.08885325
6728,2021.07.015.0,225.5668,253.84181,17480.898,0.08648982
6729,2021.07.016.0,242.99664,226.11331,17480.898,0.08412639
6730,2021.07.014.0,64.111565,64.400856,17575.861,0.022677273
6731,2021.07.015.0,26.958511,40.568302,17575.861,0.020313844
6732,2021.07.016.0,21.454361,19.634277,17575.861,0.017950423
6733,2021.07.014.0,317.30273,285.10522,17575.861,0.08885325
6734,2021.07.015.0,257.67438,274.90192,17575.861,0.08648982
6735,2021.07.016.0,276.02158,226.37582,17575.861,0.08412639
6736,2021.07.014.0,85.21083,63.917,17670.822,0.022677273
6737,2021.07.015.0,38.884182,44.855663,17670.822,0.020313844
6738,2021.07.016.0,33.83871,18.57721,17670.822,0.017950423
6739,2021.07.014.0,307.2118,264.95703,17670.822,0.08885325
6740,2021.07.015.0,291.6167,264.73383,17670.822,0.08648982
6741,2021.07.016.0,314.55066,256.95563,17670.822,0.08412639
6742,2021.07.014.0,112.73161,70.32326,17765.783,0.022677273
6743,2021.07.015.0,53.103252,55.644157,17765.783,0.020313844
6744,2021.07.016.0,52.185894,29.966362,17765.783,0.017950423
6745,2021.07.014.0,259.5091,239.42603,17765.783,0.08885325
6746,2021.07.015.0,320.0548,237.46422,17765.783,0.08648982
6747,2021.07.016.0,273.2695,267.87277,17765.783,0.08412639
6748,2021.07.015.0,379.68317,320.3077,17765.783,0.1526658
6749,2021.07.016.0,353.99713,337.43912,17765.783,0.15030237
6750,2021.07.014.0,124.65729,73.18075,17860.746,0.022677273
6751,2021.07.015.0,79.70667,55.97317,17860.746,0.020313844
6752,2021.07.016.0,81.5414,32.0965,17860.746,0.017950423
6753,2021.07.014.0,224.64944,200.40381,17860.746,0.08885325
6754,2021.07.015.0,272.35214,205.78546,17860.746,0.08648982
6755,2021.07.016.0,231.07097,234.43416,17860.746,0.08412639
6756,2021.07.014.0,82.458755,44.88368,17955.707,0.022677273
6757,2021.07.015.0,114.56633,39.31726,17955.707,0.020313844
6758,2021.07.016.0,58.607407,41.857224,17955.707,0.017950423
6759,2021.07.014.0,181.53357,173.04721,17955.707,0.08885325
6760,2021.07.015.0,231.07097,169.84079,17955.707,0.08648982
6761,2021.07.016.0,192.54187,209.81906,17955.707,0.08412639
6762,2021.07.014.0,267.76535,260.68036,17955.707,0.15502922
6763,2021.07.015.0,318.22012,259.80856,17955.707,0.1526658
6764,2021.07.016.0,287.02988,294.76788,17955.707,0.15030237
6765,2021.07.014.0,51.268536,35.815533,18050.67,0.022677273
6766,2021.07.015.0,89.79763,29.695595,18050.67,0.020313844
6767,2021.07.016.0,28.334553,28.81139,18050.67,0.017950423
6768,2021.07.014.0,150.34335,141.07896,18050.67,0.08885325
6769,2021.07.015.0,196.21132,137.73181,18050.67,0.08648982
6770,2021.07.016.0,154.93015,170.43408,18050.67,0.08412639
6771,2021.07.014.0,30.627949,21.52481,18145.63,0.022677273
6772,2021.07.015.0,56.77269,15.488701,18145.63,0.020313844
6773,2021.07.016.0,15.491524,15.988731,18145.63,0.017950423
6774,2021.07.014.0,125.574646,116.51286,18145.63,0.08885325
6775,2021.07.015.0,157.68222,110.99405,18145.63,0.08648982
6776,2021.07.016.0,126.492004,135.94923,18145.63,0.08412639
6777,2021.07.014.0,17.78492,13.956306,18240.594,0.022677273
6778,2021.07.015.0,35.673428,9.440178,18240.594,0.020313844
6779,2021.07.016.0,8.886536,17.176102,18240.594,0.017950423
6780,2021.07.014.0,98.97122,90.686905,18240.594,0.08885325
6781,2021.07.015.0,131.99615,82.68922,18240.594,0.08648982
6782,2021.07.016.0,103.55802,108.641304,18240.594,0.08412639
6783,2021.07.016.0,204.46753,196.24539,18240.594,0.15030237
6784,2021.07.014.0,9.89563,7.4099884,18335.555,0.022677273
6785,2021.07.015.0,21.91304,3.615326,18335.555,0.020313844
6786,2021.07.016.0,5.2170944,16.94677,18335.555,0.017950423
6787,2021.07.014.0,80.62404,79.16962,18335.555,0.08885325
6788,2021.07.015.0,107.227455,74.27067,18335.555,0.08648982
6789,2021.07.016.0,81.5414,86.36538,18335.555,0.08412639
6790,2021.07.014.0,149.426,136.49188,18335.555,0.15502922
6791,2021.07.015.0,180.61621,124.88047,18335.555,0.1526658
6792,2021.07.016.0,150.34335,141.79584,18335.555,0.15030237
6793,2021.07.014.0,5.8592453,7.2086105,18430.518,0.022677273
6794,2021.07.015.0,14.574158,4.427498,18430.518,0.020313844
6795,2021.07.016.0,3.3823776,16.838203,18430.518,0.017950423
6796,2021.07.014.0,63.194206,59.88414,18430.518,0.08885325
6797,2021.07.015.0,87.96291,51.21412,18430.518,0.08648982
6798,2021.07.016.0,65.94629,63.383575,18430.518,0.08412639
6799,2021.07.014.0,127.40936,122.59232,18430.518,0.15502922
6800,2021.07.015.0,142.08711,119.8259,18430.518,0.1526658
6801,2021.07.016.0,132.91351,136.04686,18430.518,0.15030237
6802,2021.07.014.0,4.1162567,1.291481,18525.479,0.022677273
6803,2021.07.015.0,9.070007,-0.74276733,18525.479,0.020313844
6804,2021.07.016.0,2.28154,6.4853134,18525.479,0.017950423
6805,2021.07.014.0,50.351173,39.448322,18525.479,0.08885325
6806,2021.07.015.0,70.53308,38.22161,18525.479,0.08648982
6807,2021.07.016.0,52.185894,52.381603,18525.479,0.08412639
6808,2021.07.016.0,105.39274,111.64924,18525.479,0.15030237
6809,2021.07.014.0,3.10717,-1.9696274,18620.441,0.022677273
6810,2021.07.015.0,6.0427094,-3.7675705,18620.441,0.020313844
6811,2021.07.016.0,1.9145966,-0.7947922,18620.441,0.017950423
6812,2021.07.014.0,39.801544,30.435623,18620.441,0.08885325
6813,2021.07.015.0,56.77269,30.232357,18620.441,0.08648982
6814,2021.07.016.0,40.26022,44.120296,18620.441,0.08412639
6815,2021.07.014.0,2.28154,-3.734932,18715.402,0.022677273
6816,2021.07.015.0,3.8410568,-5.304016,18715.402,0.020313844
6817,2021.07.016.0,1.5476608,-4.2015915,18715.402,0.017950423
6818,2021.07.015.0,46.68174,26.005043,18715.402,0.08648982
6819,2021.07.016.0,32.921345,35.147923,18715.402,0.08412639
6820,2021.07.014.0,2.28154,-5.063858,18810.363,0.022677273
6821,2021.07.015.0,3.198906,-6.2680206,18810.363,0.020313844
6822,2021.07.016.0,1.3641815,-6.129715,18810.363,0.017950423
6823,2021.07.015.0,37.508144,18.514046,18810.363,0.08648982
6824,2021.07.016.0,25.582474,20.614326,18810.363,0.08412639
6825,2021.07.014.0,1.8228607,-5.746025,18905.326,0.022677273
6826,2021.07.015.0,2.28154,-7.221443,18905.326,0.020313844
6827,2021.07.016.0,1.0889816,-7.61187,18905.326,0.017950423
6828,2021.07.014.0,20.995674,21.426674,18905.326,0.08885325
6829,2021.07.015.0,30.16927,20.673462,18905.326,0.08648982
6830,2021.07.016.0,20.995674,20.959084,18905.326,0.08412639
6831,2021.07.014.0,64.111565,50.544098,18905.326,0.15502922
6832,2021.07.015.0,73.28516,42.218384,18905.326,0.1526658
6833,2021.07.016.0,62.276848,45.054203,18905.326,0.15030237
6834,2021.07.016.0,202.63283,218.85971,18905.326,0.36537427
6835,2021.07.015.0,2.00634,-7.023361,19000.287,0.020313844
6836,2021.07.016.0,1.0889816,-7.6155014,19000.287,0.017950423
6837,2021.07.015.0,23.747757,9.524033,19000.287,0.08648982
6838,2021.07.016.0,16.867554,14.474007,19000.287,0.08412639
6839,2021.07.014.0,13.19812,11.422905,19095.25,0.08885325
6840,2021.07.015.0,19.160957,10.952118,19095.25,0.08648982
6841,2021.07.016.0,14.574158,11.336678,19095.25,0.08412639
6842,2021.07.015.0,11.8220825,5.226036,19380.135,0.08648982
6843,2021.07.016.0,8.978264,5.6200714,19380.135,0.08412639
6844,2021.07.015.0,7.877434,7.245117,20994.486,0.1526658
6845,2021.07.021.0,16.867554,2.9240646,11498.305,0.13848522
6846,2021.07.022.0,14.1154785,5.774872,11498.305,0.1361218
6847,2021.07.023.0,11.8220825,5.1225433,11498.305,0.13375838
6848,2021.07.021.0,76.03724,68.045334,12447.923,0.35355714
6849,2021.07.022.0,67.781006,66.45189,12447.923,0.3511937
6850,2021.07.023.0,65.02892,58.003456,12447.923,0.34883028
6851,2021.07.022.0,25.12379,12.758102,13207.617,0.1361218
6852,2021.07.023.0,19.619637,10.109726,13207.617,0.13375838
6853,2021.07.021.0,15.032837,6.974289,13777.388,0.072309256
6854,2021.07.022.0,9.987366,7.0447083,13777.388,0.06994583
6855,2021.07.023.0,7.693962,3.832634,13777.388,0.0675824
6856,2021.07.022.0,200.79811,221.635,13777.388,0.56626564
6857,2021.07.023.0,187.95508,233.87547,13777.388,0.5639022
6858,2021.07.023.0,7.877434,5.5256195,13872.35,0.0675824
6859,2021.07.022.0,11.8220825,9.289017,13967.312,0.06994583
6860,2021.07.023.0,7.5104904,6.7999115,13967.312,0.0675824
6861,2021.07.023.0,8.336113,6.3895416,14062.273,0.0675824
6862,2021.07.021.0,17.78492,11.237869,14157.235,0.072309256
6863,2021.07.022.0,13.19812,9.214806,14157.235,0.06994583
6864,2021.07.023.0,8.244377,6.9349823,14157.235,0.0675824
6865,2021.07.022.0,37.966824,40.624218,14157.235,0.1361218
6866,2021.07.023.0,29.251907,31.622028,14157.235,0.13375838
6867,2021.07.021.0,19.619637,14.298637,14347.158,0.072309256
6868,2021.07.022.0,15.491524,10.245476,14347.158,0.06994583
6869,2021.07.023.0,9.89563,7.7281036,14347.158,0.0675824
6870,2021.07.021.0,25.582474,17.182854,14537.082,0.072309256
6871,2021.07.022.0,15.950203,16.551918,14537.082,0.06994583
6872,2021.07.023.0,10.446045,9.933792,14537.082,0.0675824
6873,2021.07.021.0,23.28907,21.30481,14632.044,0.072309256
6874,2021.07.022.0,16.867554,16.353523,14632.044,0.06994583
6875,2021.07.023.0,11.363403,11.834984,14632.044,0.0675824
6876,2021.07.023.0,13.19812,10.4339905,14821.968,0.0675824
6877,2021.07.022.0,19.160957,19.58757,14916.93,0.06994583
6878,2021.07.023.0,14.574158,12.935364,14916.93,0.0675824
6879,2021.07.022.0,22.371712,17.763283,15011.892,0.06994583
6880,2021.07.023.0,15.491524,14.746887,15011.892,0.0675824
6881,2021.07.021.0,30.16927,31.216362,15106.854,0.072309256
6882,2021.07.022.0,22.371712,17.541748,15106.854,0.06994583
6883,2021.07.023.0,17.32624,17.131607,15106.854,0.0675824
6884,2021.07.022.0,67.781006,78.78085,15106.854,0.1361218
6885,2021.07.023.0,58.607407,57.55227,15106.854,0.13375838
6886,2021.07.021.0,34.756065,41.955605,15201.815,0.072309256
6887,2021.07.022.0,23.747757,28.320827,15201.815,0.06994583
6888,2021.07.023.0,19.160957,19.614113,15201.815,0.0675824
6889,2021.07.022.0,27.417187,30.58574,15296.777,0.06994583
6890,2021.07.023.0,20.995674,22.761395,15296.777,0.0675824
6891,2021.07.022.0,27.417187,26.963524,15391.738,0.06994583
6892,2021.07.023.0,21.91304,22.141678,15391.738,0.0675824
6893,2021.07.021.0,43.92966,50.66898,15486.7,0.072309256
6894,2021.07.022.0,29.710594,35.557327,15486.7,0.06994583
6895,2021.07.023.0,23.747757,24.895378,15486.7,0.0675824
6896,2021.07.023.0,71.45044,80.445305,15486.7,0.13375838
6897,2021.07.021.0,47.5991,45.93091,15581.662,0.072309256
6898,2021.07.022.0,32.921345,39.772896,15581.662,0.06994583
6899,2021.07.023.0,26.041153,33.04634,15581.662,0.0675824
6900,2021.07.023.0,82.458755,79.43177,15581.662,0.13375838
6901,2021.07.021.0,53.103252,58.004997,15676.624,0.072309256
6902,2021.07.022.0,36.590786,41.453804,15676.624,0.06994583
6903,2021.07.023.0,30.16927,28.468937,15676.624,0.0675824
6904,2021.07.021.0,59.52477,61.16153,15771.586,0.072309256
6905,2021.07.022.0,43.92966,41.999226,15771.586,0.06994583
6906,2021.07.023.0,32.921345,38.41244,15771.586,0.0675824
6907,2021.07.021.0,62.276848,57.58512,15866.548,0.072309256
6908,2021.07.022.0,43.92966,46.58218,15866.548,0.06994583
6909,2021.07.023.0,37.049465,35.99624,15866.548,0.0675824
6910,2021.07.021.0,70.53308,64.0782,15961.51,0.072309256
6911,2021.07.022.0,48.516457,47.25238,15961.51,0.06994583
6912,2021.07.023.0,41.17758,35.999813,15961.51,0.0675824
6913,2021.07.021.0,76.9546,73.44794,16056.472,0.072309256
6914,2021.07.022.0,54.020615,55.832108,16056.472,0.06994583
6915,2021.07.023.0,46.68174,41.635662,16056.472,0.0675824
6916,2021.07.021.0,182.45093,153.422,16056.472,0.13848522
6917,2021.07.022.0,146.67392,158.33447,16056.472,0.1361218
6918,2021.07.023.0,131.0788,145.2388,16056.472,0.13375838
6919,2021.07.021.0,84.29347,80.17615,16151.434,0.072309256
6920,2021.07.022.0,60.44213,62.622402,16151.434,0.06994583
6921,2021.07.023.0,52.185894,48.725273,16151.434,0.0675824
6922,2021.07.021.0,95.30179,88.70169,16246.3955,0.072309256
6923,2021.07.022.0,66.86365,72.06287,16246.3955,0.06994583
6924,2021.07.023.0,59.52477,55.127907,16246.3955,0.0675824
6925,2021.07.022.0,158.59958,208.71303,16246.3955,0.1361218
6926,2021.07.023.0,152.17807,173.09677,16246.3955,0.13375838
6927,2021.07.021.0,106.3101,91.35211,16341.356,0.072309256
6928,2021.07.022.0,75.11988,78.94115,16341.356,0.06994583
6929,2021.07.023.0,66.86365,62.2104,16341.356,0.0675824
6930,2021.07.022.0,185.203,217.22675,16341.356,0.1361218
6931,2021.07.023.0,173.27734,201.58168,16341.356,0.13375838
6932,2021.07.021.0,126.492004,102.43324,16436.318,0.072309256
6933,2021.07.022.0,85.21083,96.1429,16436.318,0.06994583
6934,2021.07.023.0,75.11988,74.76109,16436.318,0.0675824
6935,2021.07.023.0,183.36829,217.23125,16436.318,0.13375838
6936,2021.07.021.0,131.0788,122.22651,16531.281,0.072309256
6937,2021.07.022.0,94.38442,113.37975,16531.281,0.06994583
6938,2021.07.023.0,86.12819,94.91464,16531.281,0.0675824
6939,2021.07.021.0,150.34335,134.85304,16626.242,0.072309256
6940,2021.07.022.0,108.14481,121.0701,16626.242,0.06994583
6941,2021.07.023.0,98.05386,94.38788,16626.242,0.0675824
6942,2021.07.021.0,165.0211,141.08826,16721.205,0.072309256
6943,2021.07.022.0,121.905205,137.59975,16721.205,0.06994583
6944,2021.07.023.0,111.814255,117.878395,16721.205,0.0675824
6945,2021.07.021.0,188.87244,152.52997,16816.166,0.072309256
6946,2021.07.022.0,138.41768,158.75316,16816.166,0.06994583
6947,2021.07.023.0,129.24408,143.85516,16816.166,0.0675824
6948,2021.07.021.0,217.31056,188.98732,16911.127,0.072309256
6949,2021.07.022.0,156.76486,187.23607,16911.127,0.06994583
6950,2021.07.023.0,145.75655,160.50067,16911.127,0.0675824
6951,2021.07.021.0,241.16191,196.45535,17006.09,0.072309256
6952,2021.07.022.0,175.11205,199.7475,17006.09,0.06994583
6953,2021.07.023.0,165.93845,167.01028,17006.09,0.0675824
6954,2021.07.022.0,311.79858,365.44104,17006.09,0.1361218
6955,2021.07.023.0,317.30273,350.6062,17006.09,0.13375838
6956,2021.07.021.0,276.93893,241.48074,17101.05,0.072309256
6957,2021.07.022.0,202.63283,244.94077,17101.05,0.06994583
6958,2021.07.023.0,189.7898,200.0578,17101.05,0.0675824
6959,2021.07.023.0,341.15408,376.44208,17101.05,0.13375838
6960,2021.07.021.0,310.88123,239.49811,17196.014,0.072309256
6961,2021.07.022.0,228.31888,240.89153,17196.014,0.06994583
6962,2021.07.023.0,219.1453,201.87665,17196.014,0.0675824
6963,2021.07.021.0,321.88953,262.82593,17290.975,0.072309256
6964,2021.07.022.0,260.42645,265.20416,17290.975,0.06994583
6965,2021.07.023.0,247.58344,234.72823,17290.975,0.0675824
6966,2021.07.021.0,276.02158,258.26245,17385.938,0.072309256
6967,2021.07.022.0,296.2035,234.87129,17385.938,0.06994583
6968,2021.07.023.0,287.02988,236.09085,17385.938,0.0675824
6969,2021.07.022.0,412.70813,352.9638,17385.938,0.1361218
6970,2021.07.023.0,388.85675,361.3791,17385.938,0.13375838
6971,2021.07.021.0,233.82304,234.45285,17480.898,0.072309256
6972,2021.07.022.0,254.00494,190.68863,17480.898,0.06994583
6973,2021.07.023.0,243.914,187.25845,17480.898,0.0675824
6974,2021.07.023.0,337.48465,298.87634,17480.898,0.13375838
6975,2021.07.021.0,190.70715,197.94531,17575.861,0.072309256
6976,2021.07.022.0,209.97171,156.33533,17575.861,0.06994583
6977,2021.07.023.0,198.96341,157.67795,17575.861,0.0675824
6978,2021.07.023.0,299.87292,262.3421,17575.861,0.13375838
6979,2021.07.021.0,158.59958,165.98235,17670.822,0.072309256
6980,2021.07.022.0,170.52525,131.9185,17670.822,0.06994583
6981,2021.07.023.0,160.4343,138.34818,17670.822,0.0675824
6982,2021.07.022.0,248.5008,248.55301,17670.822,0.1361218
6983,2021.07.023.0,261.3438,227.93404,17670.822,0.13375838
6984,2021.07.021.0,130.16144,139.75967,17765.783,0.072309256
6985,2021.07.022.0,134.74823,111.709694,17765.783,0.06994583
6986,2021.07.023.0,126.492004,118.310486,17765.783,0.0675824
6987,2021.07.021.0,216.39322,255.79128,17765.783,0.13848522
6988,2021.07.022.0,214.5585,211.46492,17765.783,0.1361218
6989,2021.07.023.0,258.59174,195.68042,17765.783,0.13375838
6990,2021.07.021.0,105.39274,121.04968,17860.746,0.072309256
6991,2021.07.022.0,106.3101,90.586044,17860.746,0.06994583
6992,2021.07.023.0,98.05386,91.630714,17860.746,0.0675824
6993,2021.07.022.0,188.87244,187.4759,17860.746,0.1361218
6994,2021.07.023.0,185.203,165.54042,17860.746,0.13375838
6995,2021.07.021.0,84.29347,107.79935,17955.707,0.072309256
6996,2021.07.022.0,81.5414,73.53728,17955.707,0.06994583
6997,2021.07.023.0,75.11988,74.8694,17955.707,0.0675824
6998,2021.07.021.0,166.8558,217.34297,17955.707,0.13848522
6999,2021.07.022.0,170.52525,171.49643,17955.707,0.1361218
7000,2021.07.023.0,164.10373,159.40633,17955.707,0.13375838
7001,2021.07.021.0,67.781006,86.22903,18050.67,0.072309256
7002,2021.07.022.0,62.276848,66.1209,18050.67,0.06994583
7003,2021.07.023.0,56.77269,52.313557,18050.67,0.0675824
7004,2021.07.021.0,143.92183,155.05206,18050.67,0.13848522
7005,2021.07.022.0,142.08711,119.64272,18050.67,0.1361218
7006,2021.07.023.0,131.0788,105.770805,18050.67,0.13375838
7007,2021.07.021.0,52.185894,58.63415,18145.63,0.072309256
7008,2021.07.022.0,46.68174,43.84259,18145.63,0.06994583
7009,2021.07.023.0,43.0123,42.69161,18145.63,0.0675824
7010,2021.07.022.0,110.8969,112.40806,18145.63,0.1361218
7011,2021.07.023.0,110.8969,96.74782,18145.63,0.13375838
7012,2021.07.021.0,43.0123,41.64559,18240.594,0.072309256
7013,2021.07.022.0,35.673428,34.094017,18240.594,0.06994583
7014,2021.07.023.0,30.627949,27.970425,18240.594,0.0675824
7015,2021.07.021.0,140.2524,121.24596,18240.594,0.13848522
7016,2021.07.022.0,99.88858,115.33671,18240.594,0.1361218
7017,2021.07.023.0,97.136505,85.16212,18240.594,0.13375838
7018,2021.07.021.0,34.756065,36.37265,18335.555,0.072309256
7019,2021.07.022.0,27.417187,25.26677,18335.555,0.06994583
7020,2021.07.023.0,23.747757,20.782692,18335.555,0.0675824
7021,2021.07.021.0,89.79763,93.34256,18335.555,0.13848522
7022,2021.07.022.0,83.376114,75.319984,18335.555,0.1361218
7023,2021.07.023.0,77.871956,69.42005,18335.555,0.13375838
7024,2021.07.021.0,28.334553,33.26878,18430.518,0.072309256
7025,2021.07.022.0,20.995674,26.122448,18430.518,0.06994583
7026,2021.07.023.0,18.243599,18.425255,18430.518,0.0675824
7027,2021.07.021.0,78.789314,78.8078,18430.518,0.13848522
7028,2021.07.022.0,70.53308,67.374054,18430.518,0.1361218
7029,2021.07.023.0,65.02892,57.06109,18430.518,0.13375838
7030,2021.07.021.0,23.747757,32.506275,18525.479,0.072309256
7031,2021.07.022.0,15.950203,25.18087,18525.479,0.06994583
7032,2021.07.023.0,13.656799,16.65551,18525.479,0.0675824
7033,2021.07.022.0,57.69005,47.125412,18525.479,0.1361218
7034,2021.07.023.0,55.85533,41.40192,18525.479,0.13375838
7035,2021.07.021.0,18.702278,23.248177,18620.441,0.072309256
7036,2021.07.022.0,12.739441,18.926498,18620.441,0.06994583
7037,2021.07.023.0,10.446045,12.860451,18620.441,0.0675824
7038,2021.07.023.0,46.68174,35.668957,18620.441,0.13375838
7039,2021.07.021.0,15.491524,18.80893,18715.402,0.072309256
7040,2021.07.022.0,10.446045,14.242332,18715.402,0.06994583
7041,2021.07.023.0,9.161743,10.806847,18715.402,0.0675824
7042,2021.07.021.0,13.656799,10.609001,18810.363,0.072309256
7043,2021.07.022.0,8.336113,9.636139,18810.363,0.06994583
7044,2021.07.023.0,7.877434,6.6086197,18810.363,0.0675824
7045,2021.07.021.0,11.8220825,12.851395,18905.326,0.072309256
7046,2021.07.022.0,6.9600754,9.428818,18905.326,0.06994583
7047,2021.07.023.0,7.051811,6.384018,18905.326,0.0675824
7048,2021.07.021.0,37.508144,34.687073,18905.326,0.13848522
7049,2021.07.022.0,27.875874,29.859978,18905.326,0.1361218
7050,2021.07.023.0,24.665112,24.95351,18905.326,0.13375838
7051,2021.07.023.0,147.59128,124.78421,18905.326,0.34883028
7052,2021.07.021.0,9.89563,10.950798,19000.287,0.072309256
7053,2021.07.022.0,8.703064,9.235748,19000.287,0.06994583
7054,2021.07.023.0,6.684868,5.8300858,19000.287,0.0675824
7055,2021.07.021.0,8.978264,6.378578,19095.25,0.072309256
7056,2021.07.022.0,5.400566,4.592331,19095.25,0.06994583
7057,2021.07.023.0,6.501396,2.5058136,19095.25,0.0675824
7058,2021.07.021.0,6.7766037,2.4914017,19380.135,0.072309256
7059,2021.07.022.0,6.501396,2.544548,19380.135,0.06994583
7060,2021.07.023.0,4.391472,1.7613678,19380.135,0.0675824
7061,2021.07.023.0,3.198906,0.08781433,19854.943,0.0675824
7062,2021.07.023.0,2.28154,0.8899231,20519.676,0.0675824
7063,2021.07.023.0,3.7493134,8.274834,20994.486,0.13375838
7064,2021.07.028.0,12.739441,4.3126755,11498.305,0.12194124
7065,2021.07.029.0,9.803894,6.4906616,11498.305,0.1195778
7066,2021.07.030.0,9.987366,4.2382126,11498.305,0.117214374
7067,2021.07.029.0,11.363403,8.023338,12257.999,0.1195778
7068,2021.07.028.0,77.871956,56.281494,12447.923,0.33701316
7069,2021.07.029.0,65.02892,61.416016,12447.923,0.3346497
7070,2021.07.030.0,67.781006,50.699272,12447.923,0.3322863
7071,2021.07.029.0,16.867554,19.638123,13207.617,0.1195778
7072,2021.07.030.0,20.078316,11.716972,13207.617,0.117214374
7073,2021.07.030.0,90.71499,78.73556,13207.617,0.3322863
7074,2021.07.028.0,6.9600754,1.6742554,13777.388,0.05576526
7075,2021.07.029.0,4.6666794,5.0240097,13777.388,0.053401835
7076,2021.07.030.0,6.2261887,1.3208313,13777.388,0.051038407
7077,2021.07.030.0,27.417187,15.838066,13777.388,0.117214374
7078,2021.07.028.0,251.25287,244.01314,13777.388,0.55208504
7079,2021.07.030.0,208.13698,256.8858,13777.388,0.5497216
7080,2021.07.028.0,7.9691772,2.335884,13872.35,0.05576526
7081,2021.07.029.0,6.7766037,8.530281,13872.35,0.053401835
7082,2021.07.030.0,5.492302,4.6670227,13872.35,0.051038407
7083,2021.07.028.0,8.794792,3.72126,13967.312,0.05576526
7084,2021.07.029.0,5.7675095,8.159645,13967.312,0.053401835
7085,2021.07.030.0,6.3179245,2.7704697,13967.312,0.051038407
7086,2021.07.028.0,8.978264,5.640373,14062.273,0.05576526
7087,2021.07.029.0,5.8592453,7.559677,14062.273,0.053401835
7088,2021.07.030.0,5.950981,3.1671066,14062.273,0.051038407
7089,2021.07.028.0,10.9047165,5.052391,14157.235,0.05576526
7090,2021.07.029.0,5.7675095,8.7346115,14157.235,0.053401835
7091,2021.07.030.0,7.4187546,2.8600464,14157.235,0.051038407
7092,2021.07.028.0,47.5991,29.53115,14157.235,0.12194124
7093,2021.07.029.0,28.334553,43.664505,14157.235,0.1195778
7094,2021.07.030.0,32.921345,22.441074,14157.235,0.117214374
7095,2021.07.029.0,6.8683395,8.995171,14252.197,0.053401835
7096,2021.07.030.0,7.9691772,2.7127838,14252.197,0.051038407
7097,2021.07.028.0,12.280762,4.604233,14347.158,0.05576526
7098,2021.07.029.0,6.1344604,12.501862,14347.158,0.053401835
7099,2021.07.030.0,9.070007,4.0282593,14347.158,0.051038407
7100,2021.07.029.0,7.5104904,9.322357,14442.121,0.053401835
7101,2021.07.028.0,14.574158,8.125053,14537.082,0.05576526
7102,2021.07.029.0,7.9691772,16.250023,14537.082,0.053401835
7103,2021.07.028.0,17.78492,9.429733,14632.044,0.05576526
7104,2021.07.029.0,7.3270187,17.148079,14632.044,0.053401835
7105,2021.07.030.0,11.8220825,5.437683,14632.044,0.051038407
7106,2021.07.029.0,8.978264,18.723022,14727.006,0.053401835
7107,2021.07.030.0,12.739441,6.4839554,14727.006,0.051038407
7108,2021.07.028.0,21.454361,11.1041565,14821.968,0.05576526
7109,2021.07.029.0,9.070007,20.427376,14821.968,0.053401835
7110,2021.07.030.0,13.656799,7.503746,14821.968,0.051038407
7111,2021.07.028.0,23.747757,10.819641,14916.93,0.05576526
7112,2021.07.029.0,9.987366,27.839432,14916.93,0.053401835
7113,2021.07.030.0,13.656799,9.088112,14916.93,0.051038407
7114,2021.07.028.0,27.417187,17.934517,15011.892,0.05576526
7115,2021.07.029.0,10.446045,26.177277,15011.892,0.053401835
7116,2021.07.030.0,14.574158,10.307579,15011.892,0.051038407
7117,2021.07.028.0,32.00399,18.564674,15106.854,0.05576526
7118,2021.07.029.0,12.280762,29.00039,15106.854,0.053401835
7119,2021.07.030.0,18.243599,10.37796,15106.854,0.051038407
7120,2021.07.029.0,56.77269,97.28487,15106.854,0.1195778
7121,2021.07.030.0,69.61572,64.00341,15106.854,0.117214374
7122,2021.07.028.0,35.673428,19.513481,15201.815,0.05576526
7123,2021.07.029.0,11.8220825,38.214935,15201.815,0.053401835
7124,2021.07.030.0,20.536995,13.776497,15201.815,0.051038407
7125,2021.07.030.0,76.03724,70.78716,15201.815,0.117214374
7126,2021.07.028.0,39.801544,25.372128,15296.777,0.05576526
7127,2021.07.029.0,14.1154785,43.169388,15296.777,0.053401835
7128,2021.07.030.0,21.91304,17.698616,15296.777,0.051038407
7129,2021.07.029.0,73.28516,110.80305,15296.777,0.1195778
7130,2021.07.030.0,80.62404,71.193306,15296.777,0.117214374
7131,2021.07.028.0,44.84702,25.535343,15391.738,0.05576526
7132,2021.07.029.0,16.408875,48.288513,15391.738,0.053401835
7133,2021.07.030.0,24.206432,19.792244,15391.738,0.051038407
7134,2021.07.028.0,51.268536,31.956326,15486.7,0.05576526
7135,2021.07.029.0,18.243599,54.040276,15486.7,0.053401835
7136,2021.07.030.0,27.875874,21.811554,15486.7,0.051038407
7137,2021.07.029.0,79.70667,124.877335,15486.7,0.1195778
7138,2021.07.030.0,97.136505,83.49876,15486.7,0.117214374
7139,2021.07.028.0,57.69005,36.903133,15581.662,0.05576526
7140,2021.07.029.0,20.536995,58.94935,15581.662,0.053401835
7141,2021.07.030.0,28.793228,22.416267,15581.662,0.051038407
7142,2021.07.028.0,142.08711,105.254105,15581.662,0.12194124
7143,2021.07.029.0,83.376114,125.27164,15581.662,0.1195778
7144,2021.07.030.0,105.39274,86.07058,15581.662,0.117214374
7145,2021.07.028.0,65.02892,42.319084,15676.624,0.05576526
7146,2021.07.029.0,22.830395,73.473114,15676.624,0.053401835
7147,2021.07.030.0,35.21475,34.803375,15676.624,0.051038407
7148,2021.07.028.0,72.3678,41.934605,15771.586,0.05576526
7149,2021.07.029.0,26.041153,73.76307,15771.586,0.053401835
7150,2021.07.030.0,40.26022,32.397724,15771.586,0.051038407
7151,2021.07.029.0,104.47538,178.87457,15771.586,0.1195778
7152,2021.07.030.0,109.97954,118.62961,15771.586,0.117214374
7153,2021.07.028.0,82.458755,49.935863,15866.548,0.05576526
7154,2021.07.029.0,29.251907,84.423485,15866.548,0.053401835
7155,2021.07.030.0,43.0123,38.75327,15866.548,0.051038407
7156,2021.07.028.0,190.70715,128.25342,15866.548,0.12194124
7157,2021.07.029.0,118.23577,172.93642,15866.548,0.1195778
7158,2021.07.030.0,139.33504,131.5729,15866.548,0.117214374
7159,2021.07.028.0,89.79763,56.548347,15961.51,0.05576526
7160,2021.07.029.0,33.380024,90.53911,15961.51,0.053401835
7161,2021.07.030.0,49.433815,46.135994,15961.51,0.051038407
7162,2021.07.029.0,128.32672,187.39073,15961.51,0.1195778
7163,2021.07.030.0,139.33504,155.56198,15961.51,0.117214374
7164,2021.07.028.0,100.80594,67.19356,16056.472,0.05576526
7165,2021.07.029.0,38.884182,101.35888,16056.472,0.053401835
7166,2021.07.030.0,55.85533,54.62381,16056.472,0.051038407
7167,2021.07.028.0,230.15361,158.79819,16056.472,0.12194124
7168,2021.07.029.0,129.24408,208.95198,16056.472,0.1195778
7169,2021.07.030.0,165.93845,154.5463,16056.472,0.117214374
7170,2021.07.028.0,112.73161,70.945786,16151.434,0.05576526
7171,2021.07.029.0,44.38834,111.54814,16151.434,0.053401835
7172,2021.07.030.0,63.194206,56.991653,16151.434,0.051038407
7173,2021.07.028.0,129.24408,81.10827,16246.3955,0.05576526
7174,2021.07.029.0,49.433815,126.37662,16246.3955,0.053401835
7175,2021.07.030.0,70.53308,67.48565,16246.3955,0.051038407
7176,2021.07.028.0,254.92232,190.8568,16246.3955,0.12194124
7177,2021.07.029.0,156.76486,230.72163,16246.3955,0.1195778
7178,2021.07.030.0,191.62451,177.5242,16246.3955,0.117214374
7179,2021.07.028.0,141.16975,90.70193,16341.356,0.05576526
7180,2021.07.029.0,56.77269,130.94931,16341.356,0.053401835
7181,2021.07.030.0,80.62404,71.63931,16341.356,0.051038407
7182,2021.07.030.0,215.47586,206.44449,16341.356,0.117214374
7183,2021.07.028.0,161.35165,102.35899,16436.318,0.05576526
7184,2021.07.029.0,64.111565,160.63551,16436.318,0.053401835
7185,2021.07.030.0,92.549706,92.92649,16436.318,0.051038407
7186,2021.07.030.0,235.65776,223.74367,16436.318,0.117214374
7187,2021.07.028.0,179.69885,110.82878,16531.281,0.05576526
7188,2021.07.029.0,75.11988,151.00192,16531.281,0.053401835
7189,2021.07.030.0,104.47538,93.26403,16531.281,0.051038407
7190,2021.07.028.0,352.1624,245.91745,16531.281,0.12194124
7191,2021.07.029.0,206.30226,308.61353,16531.281,0.1195778
7192,2021.07.030.0,257.67438,236.11711,16531.281,0.117214374
7193,2021.07.028.0,199.88077,118.29449,16626.242,0.05576526
7194,2021.07.029.0,87.04555,176.17215,16626.242,0.053401835
7195,2021.07.030.0,119.15312,113.58872,16626.242,0.051038407
7196,2021.07.030.0,284.27783,250.40012,16626.242,0.117214374
7197,2021.07.028.0,226.48418,147.90257,16721.205,0.05576526
7198,2021.07.029.0,100.80594,183.6069,16721.205,0.053401835
7199,2021.07.030.0,137.50032,122.54152,16721.205,0.051038407
7200,2021.07.029.0,243.914,341.8208,16721.205,0.1195778
7201,2021.07.030.0,301.70764,297.2257,16721.205,0.117214374
7202,2021.07.028.0,263.17853,167.73068,16816.166,0.05576526
7203,2021.07.029.0,116.40105,199.89304,16816.166,0.053401835
7204,2021.07.030.0,158.59958,128.23972,16816.166,0.051038407
7205,2021.07.028.0,292.53406,176.12918,16911.127,0.05576526
7206,2021.07.029.0,135.6656,216.79893,16911.127,0.053401835
7207,2021.07.030.0,180.61621,138.68018,16911.127,0.051038407
7208,2021.07.028.0,293.45142,193.93959,17006.09,0.05576526
7209,2021.07.029.0,154.93015,222.8625,17006.09,0.053401835
7210,2021.07.030.0,207.21962,145.03922,17006.09,0.051038407
7211,2021.07.029.0,335.64996,363.2995,17006.09,0.1195778
7212,2021.07.030.0,405.36926,343.54132,17006.09,0.117214374
7213,2021.07.028.0,243.914,207.13672,17101.05,0.05576526
7214,2021.07.029.0,179.69885,190.58621,17101.05,0.053401835
7215,2021.07.030.0,242.99664,155.17946,17101.05,0.051038407
7216,2021.07.029.0,372.3443,333.04694,17101.05,0.1195778
7217,2021.07.030.0,398.0304,331.88715,17101.05,0.117214374
7218,2021.07.028.0,202.63283,217.40962,17196.014,0.05576526
7219,2021.07.029.0,210.88907,166.56207,17196.014,0.053401835
7220,2021.07.030.0,253.08759,173.97148,17196.014,0.051038407
7221,2021.07.030.0,345.7409,327.48132,17196.014,0.117214374
7222,2021.07.028.0,163.18637,185.70232,17290.975,0.05576526
7223,2021.07.029.0,247.58344,137.7649,17290.975,0.053401835
7224,2021.07.030.0,202.63283,194.74014,17290.975,0.051038407
7225,2021.07.030.0,303.54236,300.45813,17290.975,0.117214374
7226,2021.07.028.0,129.24408,157.70778,17385.938,0.05576526
7227,2021.07.029.0,220.06265,108.50318,17385.938,0.053401835
7228,2021.07.030.0,161.35165,178.32283,17385.938,0.051038407
7229,2021.07.028.0,210.88907,288.04425,17385.938,0.12194124
7230,2021.07.029.0,325.55896,220.56226,17385.938,0.1195778
7231,2021.07.030.0,263.17853,283.38782,17385.938,0.117214374
7232,2021.07.028.0,102.64066,127.476715,17480.898,0.05576526
7233,2021.07.029.0,176.02942,90.70529,17480.898,0.053401835
7234,2021.07.030.0,121.905205,156.30762,17480.898,0.051038407
7235,2021.07.028.0,202.63283,260.81183,17480.898,0.12194124
7236,2021.07.029.0,280.60837,207.30908,17480.898,0.1195778
7237,2021.07.030.0,225.5668,254.11723,17480.898,0.117214374
7238,2021.07.028.0,78.789314,91.188194,17575.861,0.05576526
7239,2021.07.029.0,135.6656,60.901222,17575.861,0.053401835
7240,2021.07.030.0,93.467064,112.57599,17575.861,0.051038407
7241,2021.07.029.0,236.57512,161.64856,17575.861,0.1195778
7242,2021.07.030.0,202.63283,205.54932,17575.861,0.117214374
7243,2021.07.028.0,60.44213,78.093636,17670.822,0.05576526
7244,2021.07.029.0,103.55802,52.995625,17670.822,0.053401835
7245,2021.07.030.0,66.86365,93.789215,17670.822,0.051038407
7246,2021.07.029.0,211.80643,125.86076,17670.822,0.1195778
7247,2021.07.030.0,175.11205,186.07898,17670.822,0.117214374
7248,2021.07.028.0,45.764378,57.873444,17765.783,0.05576526
7249,2021.07.029.0,75.11988,34.26565,17765.783,0.053401835
7250,2021.07.030.0,46.68174,74.06552,17765.783,0.051038407
7251,2021.07.028.0,108.14481,172.66393,17765.783,0.12194124
7252,2021.07.029.0,168.69054,116.368546,17765.783,0.1195778
7253,2021.07.030.0,138.41768,158.69653,17765.783,0.117214374
7254,2021.07.028.0,35.21475,34.603718,17860.746,0.05576526
7255,2021.07.029.0,54.937973,22.827293,17860.746,0.053401835
7256,2021.07.030.0,33.83871,54.57389,17860.746,0.051038407
7257,2021.07.028.0,99.88858,118.53113,17860.746,0.12194124
7258,2021.07.029.0,139.33504,86.52174,17860.746,0.1195778
7259,2021.07.030.0,110.8969,123.47084,17860.746,0.117214374
7260,2021.07.028.0,26.041153,31.996063,17955.707,0.05576526
7261,2021.07.029.0,38.884182,22.667698,17955.707,0.053401835
7262,2021.07.030.0,24.665112,36.071865,17955.707,0.051038407
7263,2021.07.028.0,85.21083,88.03678,17955.707,0.12194124
7264,2021.07.029.0,120.98785,67.37536,17955.707,0.1195778
7265,2021.07.030.0,89.79763,104.179886,17955.707,0.117214374
7266,2021.07.028.0,20.536995,23.216217,18050.67,0.05576526
7267,2021.07.029.0,28.334553,18.582596,18050.67,0.053401835
7268,2021.07.030.0,16.867554,24.001163,18050.67,0.051038407
7269,2021.07.028.0,67.781006,75.463455,18050.67,0.12194124
7270,2021.07.029.0,97.136505,59.927246,18050.67,0.1195778
7271,2021.07.030.0,77.871956,82.51062,18050.67,0.117214374
7272,2021.07.028.0,16.408875,17.7445,18145.63,0.05576526
7273,2021.07.029.0,19.619637,16.968773,18145.63,0.053401835
7274,2021.07.030.0,12.739441,20.170052,18145.63,0.051038407
7275,2021.07.029.0,79.70667,42.020935,18145.63,0.1195778
7276,2021.07.030.0,65.02892,60.941013,18145.63,0.117214374
7277,2021.07.028.0,12.739441,15.7704315,18240.594,0.05576526
7278,2021.07.029.0,14.1154785,15.147491,18240.594,0.053401835
7279,2021.07.030.0,9.620415,14.38903,18240.594,0.051038407
7280,2021.07.028.0,51.268536,55.300133,18240.594,0.12194124
7281,2021.07.029.0,67.781006,40.681297,18240.594,0.1195778
7282,2021.07.030.0,48.516457,52.1577,18240.594,0.117214374
7283,2021.07.028.0,9.987366,12.613716,18335.555,0.05576526
7284,2021.07.029.0,10.9047165,9.712746,18335.555,0.053401835
7285,2021.07.030.0,7.877434,10.321091,18335.555,0.051038407
7286,2021.07.028.0,43.92966,44.93128,18335.555,0.12194124
7287,2021.07.029.0,55.85533,35.493317,18335.555,0.1195778
7288,2021.07.030.0,44.84702,42.153713,18335.555,0.117214374
7289,2021.07.028.0,8.886536,10.629189,18430.518,0.05576526
7290,2021.07.029.0,8.427856,9.077011,18430.518,0.053401835
7291,2021.07.030.0,6.5931396,7.6981583,18430.518,0.051038407
7292,2021.07.028.0,37.508144,40.337402,18430.518,0.12194124
7293,2021.07.029.0,46.68174,35.44239,18430.518,0.1195778
7294,2021.07.030.0,35.673428,36.45371,18430.518,0.117214374
7295,2021.07.028.0,7.693962,7.355736,18525.479,0.05576526
7296,2021.07.029.0,7.3270187,6.0786743,18525.479,0.053401835
7297,2021.07.030.0,5.492302,4.5067215,18525.479,0.051038407
7298,2021.07.028.0,32.921345,32.147743,18525.479,0.12194124
7299,2021.07.029.0,39.801544,31.513615,18525.479,0.1195778
7300,2021.07.030.0,28.793228,31.96593,18525.479,0.117214374
7301,2021.07.028.0,7.143547,5.7899246,18620.441,0.05576526
7302,2021.07.029.0,5.7675095,5.2116623,18620.441,0.053401835
7303,2021.07.030.0,4.758415,3.077942,18620.441,0.051038407
7304,2021.07.028.0,25.12379,23.085125,18620.441,0.12194124
7305,2021.07.029.0,31.086628,23.422375,18620.441,0.1195778
7306,2021.07.030.0,27.875874,29.039238,18620.441,0.117214374
7307,2021.07.028.0,6.2261887,4.375679,18715.402,0.05576526
7308,2021.07.029.0,5.1253586,4.0170593,18715.402,0.053401835
7309,2021.07.030.0,4.1162567,2.4772491,18715.402,0.051038407
7310,2021.07.030.0,19.619637,19.16175,18715.402,0.117214374
7311,2021.07.028.0,5.1253586,2.7308197,18810.363,0.05576526
7312,2021.07.029.0,4.299736,2.11055,18810.363,0.053401835
7313,2021.07.030.0,3.6575851,0.38578033,18810.363,0.051038407
7314,2021.07.029.0,20.536995,18.62127,18810.363,0.1195778
7315,2021.07.030.0,19.160957,15.851181,18810.363,0.117214374
7316,2021.07.028.0,4.5749435,1.8291321,18905.326,0.05576526
7317,2021.07.029.0,3.7493134,1.5415573,18905.326,0.053401835
7318,2021.07.030.0,3.6575851,-0.47612,18905.326,0.051038407
7319,2021.07.028.0,17.78492,24.23595,18905.326,0.12194124
7320,2021.07.029.0,18.702278,18.240196,18905.326,0.1195778
7321,2021.07.030.0,16.408875,13.581169,18905.326,0.117214374
7322,2021.07.028.0,4.0245285,1.5733566,19000.287,0.05576526
7323,2021.07.029.0,3.4741135,0.8177109,19000.287,0.053401835
7324,2021.07.028.0,19.160957,17.033249,19000.287,0.12194124
7325,2021.07.029.0,15.950203,14.993774,19000.287,0.1195778
7326,2021.07.030.0,14.1154785,11.878578,19000.287,0.117214374
7327,2021.07.028.0,4.208,0.6072922,19095.25,0.05576526
7328,2021.07.029.0,3.2906342,0.5544586,19095.25,0.053401835
7329,2021.07.030.0,11.8220825,9.275993,19095.25,0.117214374
7330,2021.07.029.0,4.1162567,-0.53422546,19380.135,0.05576526
7331,2021.07.030.0,2.00634,-1.7236176,19380.135,0.051038407
7332,2021.07.029.0,8.060913,8.806259,19854.943,0.1195778
7333,2021.07.030.0,6.9600754,6.2466125,19854.943,0.117214374
7334,2021.07.029.0,1.7311325,-2.0810547,20519.676,0.053401835
7335,2021.07.030.0,1.6393967,-4.556137,20519.676,0.051038407
7336,2021.07.029.0,5.6757812,6.405983,20994.486,0.1195778
7337,2021.08.04.0,7.2352905,1.1254578,11498.305,0.10539725
7338,2021.08.05.0,5.950981,0.32211304,11498.305,0.10303382
7339,2021.08.06.0,7.051811,-1.2144928,11498.305,0.10067039
7340,2021.08.05.0,8.060913,-0.46940613,12257.999,0.10303382
7341,2021.08.06.0,6.3179245,1.382698,12257.999,0.10067039
7342,2021.08.04.0,54.937973,43.556934,12447.923,0.32046914
7343,2021.08.05.0,53.103252,38.604134,12447.923,0.31810573
7344,2021.08.06.0,52.185894,42.09401,12447.923,0.31574228
7345,2021.08.06.0,10.9047165,6.0046844,13207.617,0.10067039
7346,2021.08.05.0,69.61572,66.61363,13207.617,0.31810573
7347,2021.08.06.0,70.53308,68.19138,13207.617,0.31574228
7348,2021.08.04.0,3.10717,1.2097397,13777.388,0.03922127
7349,2021.08.05.0,1.5476608,0.41516113,13777.388,0.03685784
7350,2021.08.06.0,2.00634,-2.6099014,13777.388,0.034494415
7351,2021.08.04.0,14.574158,14.240692,13777.388,0.10539725
7352,2021.08.05.0,15.032837,9.235794,13777.388,0.10303382
7353,2021.08.06.0,12.280762,11.135765,13777.388,0.10067039
7354,2021.08.06.0,172.35997,220.66092,13777.388,0.5331776
7355,2021.08.05.0,1.5476608,-0.7486801,13872.35,0.03685784
7356,2021.08.06.0,2.189804,-3.722145,13872.35,0.034494415
7357,2021.08.04.0,3.5658493,1.3492737,13967.312,0.03922127
7358,2021.08.05.0,1.7311325,-0.027160645,13967.312,0.03685784
7359,2021.08.06.0,1.9145966,-2.3851242,13967.312,0.034494415
7360,2021.08.05.0,1.7311325,2.3290634,14062.273,0.03922127
7361,2021.08.06.0,2.00634,-2.3621063,14062.273,0.034494415
7362,2021.08.04.0,3.4741135,1.058281,14157.235,0.03922127
7363,2021.08.05.0,1.9145966,0.028617859,14157.235,0.03685784
7364,2021.08.06.0,2.189804,-2.2389603,14157.235,0.034494415
7365,2021.08.04.0,18.702278,21.052345,14157.235,0.10539725
7366,2021.08.05.0,17.32624,18.527855,14157.235,0.10303382
7367,2021.08.06.0,18.702278,15.521088,14157.235,0.10067039
7368,2021.08.05.0,3.5658493,2.159233,14252.197,0.03922127
7369,2021.08.06.0,3.3823776,0.31620026,14252.197,0.034494415
7370,2021.08.05.0,1.9145966,2.048149,14347.158,0.03685784
7371,2021.08.04.0,19.619637,28.00634,14347.158,0.10539725
7372,2021.08.05.0,19.619637,15.755989,14347.158,0.10303382
7373,2021.08.06.0,19.619637,18.875229,14347.158,0.10067039
7374,2021.08.05.0,2.28154,0.39657593,14442.121,0.03685784
7375,2021.08.06.0,3.6575851,-2.5154495,14442.121,0.034494415
7376,2021.08.05.0,2.4650192,0.60626984,14537.082,0.03685784
7377,2021.08.06.0,2.831955,-2.3542786,14537.082,0.034494415
7378,2021.08.04.0,5.308838,4.323372,14632.044,0.03922127
7379,2021.08.05.0,2.6484833,2.912735,14632.044,0.03685784
7380,2021.08.06.0,2.6484833,-0.6535034,14632.044,0.034494415
7381,2021.08.05.0,22.371712,23.342175,14632.044,0.10303382
7382,2021.08.06.0,25.582474,17.688446,14632.044,0.10067039
7383,2021.08.04.0,5.584038,4.9241867,14727.006,0.03922127
7384,2021.08.05.0,2.6484833,2.768036,14727.006,0.03685784
7385,2021.08.06.0,3.7493134,-0.48213196,14727.006,0.034494415
7386,2021.08.04.0,5.400566,6.3544617,14821.968,0.03922127
7387,2021.08.05.0,3.10717,2.3548203,14821.968,0.03685784
7388,2021.08.06.0,3.10717,0.24860382,14821.968,0.034494415
7389,2021.08.04.0,6.0427094,4.917511,14916.93,0.03922127
7390,2021.08.05.0,3.4741135,3.068573,14916.93,0.03685784
7391,2021.08.06.0,4.5749435,-0.24859619,14916.93,0.034494415
7392,2021.08.04.0,6.5931396,4.7970886,15011.892,0.03922127
7393,2021.08.05.0,3.2906342,3.1729813,15011.892,0.03685784
7394,2021.08.06.0,3.10717,-0.15750122,15011.892,0.034494415
7395,2021.08.04.0,6.5931396,6.985985,15106.854,0.03922127
7396,2021.08.05.0,3.9327927,3.1633224,15106.854,0.03685784
7397,2021.08.06.0,4.299736,-0.8667755,15106.854,0.034494415
7398,2021.08.04.0,34.756065,44.56703,15106.854,0.10539725
7399,2021.08.05.0,31.086628,37.006382,15106.854,0.10303382
7400,2021.08.06.0,33.83871,29.543411,15106.854,0.10067039
7401,2021.08.04.0,7.2352905,10.72683,15201.815,0.03922127
7402,2021.08.05.0,4.0245285,5.16362,15201.815,0.03685784
7403,2021.08.06.0,3.7493134,0.83686066,15201.815,0.034494415
7404,2021.08.04.0,37.508144,50.059505,15201.815,0.10539725
7405,2021.08.05.0,36.132103,42.383183,15201.815,0.10303382
7406,2021.08.06.0,35.21475,40.541862,15201.815,0.10067039
7407,2021.08.04.0,7.4187546,11.862236,15296.777,0.03922127
7408,2021.08.05.0,5.0336227,5.6319885,15296.777,0.03685784
7409,2021.08.06.0,3.7493134,1.995079,15296.777,0.034494415
7410,2021.08.04.0,38.884182,54.541607,15296.777,0.10539725
7411,2021.08.05.0,38.425507,43.337784,15296.777,0.10303382
7412,2021.08.06.0,40.718903,41.980095,15296.777,0.10067039
7413,2021.08.04.0,7.9691772,14.291161,15391.738,0.03922127
7414,2021.08.05.0,4.758415,7.179245,15391.738,0.03685784
7415,2021.08.06.0,4.6666794,2.6113358,15391.738,0.034494415
7416,2021.08.05.0,42.553623,43.531326,15391.738,0.10303382
7417,2021.08.06.0,43.92966,40.377308,15391.738,0.10067039
7418,2021.08.04.0,8.519592,15.426109,15486.7,0.03922127
7419,2021.08.05.0,5.1253586,8.772736,15486.7,0.03685784
7420,2021.08.06.0,4.1162567,3.8902283,15486.7,0.034494415
7421,2021.08.04.0,47.5991,60.36885,15486.7,0.10539725
7422,2021.08.05.0,46.68174,46.824596,15486.7,0.10303382
7423,2021.08.06.0,47.5991,43.66446,15486.7,0.10067039
7424,2021.08.04.0,9.253471,15.749855,15581.662,0.03922127
7425,2021.08.05.0,5.950981,8.967934,15581.662,0.03685784
7426,2021.08.06.0,5.6757812,3.8036194,15581.662,0.034494415
7427,2021.08.04.0,52.185894,68.00026,15581.662,0.10539725
7428,2021.08.05.0,50.351173,53.246674,15581.662,0.10303382
7429,2021.08.06.0,54.020615,49.68764,15581.662,0.10067039
7430,2021.08.04.0,9.987366,20.848312,15676.624,0.03922127
7431,2021.08.05.0,6.3179245,11.519096,15676.624,0.03685784
7432,2021.08.06.0,5.584038,5.7386017,15676.624,0.034494415
7433,2021.08.05.0,53.103252,53.210796,15676.624,0.10303382
7434,2021.08.06.0,57.69005,50.997334,15676.624,0.10067039
7435,2021.08.04.0,10.9047165,24.610798,15771.586,0.03922127
7436,2021.08.05.0,7.143547,14.512665,15771.586,0.03685784
7437,2021.08.06.0,7.5104904,7.259857,15771.586,0.034494415
7438,2021.08.04.0,62.276848,90.027756,15771.586,0.10539725
7439,2021.08.05.0,55.85533,63.407146,15771.586,0.10303382
7440,2021.08.06.0,60.44213,56.73303,15771.586,0.10067039
7441,2021.08.04.0,11.8220825,29.675232,15866.548,0.03922127
7442,2021.08.05.0,8.152641,16.975723,15866.548,0.03685784
7443,2021.08.06.0,7.602234,8.9888,15866.548,0.034494415
7444,2021.08.04.0,69.61572,84.579124,15866.548,0.10539725
7445,2021.08.05.0,66.86365,67.25296,15866.548,0.10303382
7446,2021.08.06.0,67.781006,60.692787,15866.548,0.10067039
7447,2021.08.04.0,13.19812,27.262508,15961.51,0.03922127
7448,2021.08.05.0,9.161743,19.647606,15961.51,0.03685784
7449,2021.08.06.0,10.446045,9.636642,15961.51,0.034494415
7450,2021.08.04.0,75.11988,92.95337,15961.51,0.10539725
7451,2021.08.05.0,70.53308,69.97313,15961.51,0.10303382
7452,2021.08.06.0,76.03724,63.481274,15961.51,0.10067039
7453,2021.08.04.0,14.574158,29.31491,16056.472,0.03922127
7454,2021.08.05.0,10.446045,15.511871,16056.472,0.03685784
7455,2021.08.06.0,11.8220825,7.06691,16056.472,0.034494415
7456,2021.08.04.0,78.789314,100.03837,16056.472,0.10539725
7457,2021.08.05.0,77.871956,80.74189,16056.472,0.10303382
7458,2021.08.06.0,85.21083,74.49848,16056.472,0.10067039
7459,2021.08.04.0,16.408875,35.37251,16151.434,0.03922127
7460,2021.08.05.0,11.8220825,21.189087,16151.434,0.03685784
7461,2021.08.06.0,13.19812,14.639534,16151.434,0.034494415
7462,2021.08.04.0,17.78492,37.179886,16246.3955,0.03922127
7463,2021.08.05.0,13.656799,23.93642,16246.3955,0.03685784
7464,2021.08.06.0,16.408875,17.928253,16246.3955,0.034494415
7465,2021.08.04.0,99.88858,136.24567,16246.3955,0.10539725
7466,2021.08.05.0,96.21915,103.22641,16246.3955,0.10303382
7467,2021.08.06.0,105.39274,92.88505,16246.3955,0.10067039
7468,2021.08.04.0,20.995674,40.3289,16341.356,0.03922127
7469,2021.08.05.0,15.491524,24.84129,16341.356,0.03685784
7470,2021.08.06.0,19.160957,16.121216,16341.356,0.034494415
7471,2021.08.05.0,107.227455,116.55794,16341.356,0.10303382
7472,2021.08.06.0,115.48369,100.99668,16341.356,0.10067039
7473,2021.08.04.0,23.747757,38.56698,16436.318,0.03922127
7474,2021.08.05.0,18.702278,25.817757,16436.318,0.03685784
7475,2021.08.06.0,23.28907,18.081451,16436.318,0.034494415
7476,2021.08.05.0,113.64897,134.87448,16436.318,0.10303382
7477,2021.08.06.0,125.574646,120.49309,16436.318,0.10067039
7478,2021.08.04.0,26.958511,45.320953,16531.281,0.03922127
7479,2021.08.05.0,22.371712,28.93671,16531.281,0.03685784
7480,2021.08.06.0,27.417187,23.211159,16531.281,0.034494415
7481,2021.08.04.0,137.50032,172.68396,16531.281,0.10539725
7482,2021.08.05.0,127.40936,148.39806,16531.281,0.10303382
7483,2021.08.06.0,142.08711,127.29332,16531.281,0.10067039
7484,2021.08.04.0,31.545307,50.927284,16626.242,0.03922127
7485,2021.08.05.0,26.499832,28.666367,16626.242,0.03685784
7486,2021.08.06.0,33.380024,24.368736,16626.242,0.034494415
7487,2021.08.04.0,150.34335,177.91913,16626.242,0.10539725
7488,2021.08.05.0,144.83919,152.62,16626.242,0.10303382
7489,2021.08.06.0,150.34335,137.65498,16626.242,0.10067039
7490,2021.08.04.0,37.049465,53.741665,16721.205,0.03922127
7491,2021.08.05.0,32.00399,25.151691,16721.205,0.03685784
7492,2021.08.06.0,40.26022,21.677025,16721.205,0.034494415
7493,2021.08.04.0,167.77318,203.29236,16721.205,0.10539725
7494,2021.08.05.0,162.26901,180.57742,16721.205,0.10303382
7495,2021.08.06.0,176.94678,168.94737,16721.205,0.10067039
7496,2021.08.04.0,43.92966,56.010635,16816.166,0.03922127
7497,2021.08.05.0,38.425507,32.08667,16816.166,0.03685784
7498,2021.08.06.0,48.516457,25.376698,16816.166,0.034494415
7499,2021.08.04.0,182.45093,225.38455,16816.166,0.10539725
7500,2021.08.05.0,181.53357,185.13739,16816.166,0.10303382
7501,2021.08.06.0,193.45923,177.03699,16816.166,0.10067039
7502,2021.08.04.0,52.185894,66.48778,16911.127,0.03922127
7503,2021.08.05.0,47.5991,37.67822,16911.127,0.03685784
7504,2021.08.06.0,58.607407,31.259392,16911.127,0.034494415
7505,2021.08.05.0,197.12868,200.08023,16911.127,0.10303382
7506,2021.08.06.0,210.88907,188.38904,16911.127,0.10067039
7507,2021.08.04.0,61.35949,65.31217,17006.09,0.03922127
7508,2021.08.05.0,56.77269,37.668217,17006.09,0.03685784
7509,2021.08.06.0,73.28516,33.623417,17006.09,0.034494415
7510,2021.08.04.0,226.48418,245.87122,17006.09,0.10539725
7511,2021.08.05.0,220.98001,207.93466,17006.09,0.10303382
7512,2021.08.06.0,246.66608,201.7987,17006.09,0.10067039
7513,2021.08.04.0,74.20252,93.24371,17101.05,0.03922127
7514,2021.08.05.0,70.53308,52.943993,17101.05,0.03685784
7515,2021.08.06.0,87.96291,46.322998,17101.05,0.034494415
7516,2021.08.05.0,246.66608,236.52245,17101.05,0.10303382
7517,2021.08.06.0,274.18686,228.98491,17101.05,0.10067039
7518,2021.08.04.0,90.71499,116.28369,17196.014,0.03922127
7519,2021.08.05.0,86.12819,76.074135,17196.014,0.03685784
7520,2021.08.06.0,107.227455,65.29531,17196.014,0.034494415
7521,2021.08.04.0,279.691,267.818,17196.014,0.10539725
7522,2021.08.05.0,275.10422,239.60283,17196.014,0.10303382
7523,2021.08.06.0,309.96387,231.5363,17196.014,0.10067039
7524,2021.08.04.0,109.97954,128.21246,17290.975,0.03922127
7525,2021.08.05.0,106.3101,89.06013,17290.975,0.03685784
7526,2021.08.06.0,133.83087,79.3962,17290.975,0.034494415
7527,2021.08.04.0,314.55066,305.46344,17290.975,0.10539725
7528,2021.08.05.0,297.12085,270.78235,17290.975,0.10303382
7529,2021.08.06.0,341.15408,272.16632,17290.975,0.10067039
7530,2021.08.04.0,135.6656,143.33705,17385.938,0.03922127
7531,2021.08.05.0,132.91351,103.57773,17385.938,0.03685784
7532,2021.08.06.0,167.77318,95.36975,17385.938,0.034494415
7533,2021.08.04.0,342.07144,312.11578,17385.938,0.10539725
7534,2021.08.05.0,346.65826,292.39203,17385.938,0.10303382
7535,2021.08.06.0,322.8069,295.70148,17385.938,0.10067039
7536,2021.08.04.0,165.93845,168.33284,17480.898,0.03922127
7537,2021.08.05.0,165.93845,129.52908,17480.898,0.03685784
7538,2021.08.06.0,152.17807,119.10415,17480.898,0.034494415
7539,2021.08.04.0,348.49298,286.9004,17480.898,0.10539725
7540,2021.08.05.0,332.89783,311.664,17480.898,0.10303382
7541,2021.08.06.0,270.5174,306.5248,17480.898,0.10067039
7542,2021.08.04.0,177.86414,123.50485,17575.861,0.03922127
7543,2021.08.05.0,154.93015,129.35632,17575.861,0.03685784
7544,2021.08.06.0,109.97954,118.61366,17575.861,0.034494415
7545,2021.08.04.0,304.45972,255.2992,17575.861,0.10539725
7546,2021.08.05.0,273.2695,278.4091,17575.861,0.10303382
7547,2021.08.06.0,231.98833,257.76,17575.861,0.10067039
7548,2021.08.04.0,131.99615,100.20219,17670.822,0.03922127
7549,2021.08.05.0,112.73161,102.83365,17670.822,0.03685784
7550,2021.08.06.0,74.20252,96.27159,17670.822,0.034494415
7551,2021.08.04.0,264.0959,209.421,17670.822,0.10539725
7552,2021.08.05.0,234.7404,232.63382,17670.822,0.10303382
7553,2021.08.06.0,194.37659,214.1228,17670.822,0.10067039
7554,2021.08.04.0,94.38442,87.42059,17765.783,0.03922127
7555,2021.08.05.0,77.871956,86.63755,17765.783,0.03685784
7556,2021.08.06.0,49.433815,75.48023,17765.783,0.034494415
7557,2021.08.04.0,218.22794,182.72906,17765.783,0.10539725
7558,2021.08.05.0,192.54187,192.58487,17765.783,0.10303382
7559,2021.08.06.0,168.69054,177.0863,17765.783,0.10067039
7560,2021.08.04.0,65.94629,65.04912,17860.746,0.03922127
7561,2021.08.05.0,52.185894,65.18736,17860.746,0.03685784
7562,2021.08.06.0,31.086628,53.649616,17860.746,0.034494415
7563,2021.08.04.0,183.36829,151.87334,17860.746,0.10539725
7564,2021.08.05.0,156.76486,171.96948,17860.746,0.10303382
7565,2021.08.06.0,129.24408,152.1957,17860.746,0.10067039
7566,2021.08.04.0,43.47098,39.355778,17955.707,0.03922127
7567,2021.08.05.0,33.83871,40.32674,17955.707,0.03685784
7568,2021.08.06.0,19.160957,25.949753,17955.707,0.034494415
7569,2021.08.04.0,151.26071,144.62534,17955.707,0.10539725
7570,2021.08.05.0,132.91351,152.42813,17955.707,0.10303382
7571,2021.08.06.0,106.3101,136.85773,17955.707,0.10067039
7572,2021.08.04.0,28.793228,32.543255,18050.67,0.03922127
7573,2021.08.05.0,22.371712,28.372272,18050.67,0.03685784
7574,2021.08.06.0,12.739441,20.092957,18050.67,0.034494415
7575,2021.08.04.0,121.905205,100.64043,18050.67,0.10539725
7576,2021.08.05.0,107.227455,108.612595,18050.67,0.10303382
7577,2021.08.06.0,85.21083,97.948364,18050.67,0.10067039
7578,2021.08.04.0,19.160957,16.995079,18145.63,0.03922127
7579,2021.08.05.0,14.1154785,18.35971,18145.63,0.03685784
7580,2021.08.06.0,8.152641,12.444092,18145.63,0.034494415
7581,2021.08.04.0,102.64066,79.41152,18145.63,0.10539725
7582,2021.08.05.0,83.376114,89.89993,18145.63,0.10303382
7583,2021.08.06.0,68.698364,80.892685,18145.63,0.10067039
7584,2021.08.04.0,12.280762,11.805351,18240.594,0.03922127
7585,2021.08.05.0,9.712151,10.0935135,18240.594,0.03685784
7586,2021.08.06.0,5.950981,8.483322,18240.594,0.034494415
7587,2021.08.04.0,83.376114,63.654774,18240.594,0.10539725
7588,2021.08.05.0,69.61572,71.99123,18240.594,0.10303382
7589,2021.08.06.0,52.185894,64.725586,18240.594,0.10067039
7590,2021.08.04.0,9.070007,6.05851,18335.555,0.03922127
7591,2021.08.05.0,6.5931396,5.0824738,18335.555,0.03685784
7592,2021.08.06.0,4.299736,2.6978302,18335.555,0.034494415
7593,2021.08.04.0,67.781006,45.63812,18335.555,0.10539725
7594,2021.08.05.0,55.85533,58.33548,18335.555,0.10303382
7595,2021.08.06.0,43.47098,45.9035,18335.555,0.10067039
7596,2021.08.04.0,6.8683395,3.7317047,18430.518,0.03922127
7597,2021.08.05.0,5.1253586,4.365158,18430.518,0.03685784
7598,2021.08.06.0,3.5658493,2.1329575,18430.518,0.034494415
7599,2021.08.04.0,52.185894,38.736736,18430.518,0.10539725
7600,2021.08.05.0,42.09494,35.318653,18430.518,0.10303382
7601,2021.08.06.0,33.83871,28.456203,18430.518,0.10067039
7602,2021.08.04.0,5.584038,0.67487335,18525.479,0.03922127
7603,2021.08.05.0,3.9327927,0.040901184,18525.479,0.03685784
7604,2021.08.06.0,3.3823776,-1.6094055,18525.479,0.034494415
7605,2021.08.04.0,43.47098,26.692421,18525.479,0.10539725
7606,2021.08.05.0,33.83871,35.04568,18525.479,0.10303382
7607,2021.08.06.0,26.958511,36.018795,18525.479,0.10067039
7608,2021.08.04.0,4.1162567,-2.544693,18620.441,0.03922127
7609,2021.08.05.0,3.4741135,-2.053154,18620.441,0.03685784
7610,2021.08.06.0,2.556755,-2.9666061,18620.441,0.034494415
7611,2021.08.04.0,35.21475,26.654816,18620.441,0.10539725
7612,2021.08.05.0,27.417187,30.944057,18620.441,0.10303382
7613,2021.08.06.0,20.995674,29.329441,18620.441,0.10067039
7614,2021.08.04.0,3.198906,-1.8934708,18715.402,0.03922127
7615,2021.08.05.0,2.7402267,-3.2950897,18715.402,0.03685784
7616,2021.08.04.0,27.417187,15.285027,18715.402,0.10539725
7617,2021.08.05.0,21.91304,14.551895,18715.402,0.10303382
7618,2021.08.06.0,18.702278,16.008385,18715.402,0.10067039
7619,2021.08.06.0,1.9145966,-3.641098,18810.363,0.03685784
7620,2021.08.06.0,15.032837,16.973701,18810.363,0.10303382
7621,2021.08.04.0,3.3823776,-4.1582184,18905.326,0.03922127
7622,2021.08.05.0,2.556755,-4.237747,18905.326,0.03685784
7623,2021.08.06.0,1.8228607,-5.241333,18905.326,0.034494415
7624,2021.08.04.0,18.243599,14.791557,18905.326,0.10539725
7625,2021.08.05.0,15.491524,11.8557205,18905.326,0.10303382
7626,2021.08.06.0,14.1154785,9.853798,18905.326,0.10067039
7627,2021.08.05.0,15.032837,6.42791,19000.287,0.10303382
7628,2021.08.06.0,11.8220825,5.8220444,19000.287,0.10067039
7629,2021.08.05.0,10.9047165,8.831245,19095.25,0.10303382
7630,2021.08.06.0,8.886536,7.8176804,19095.25,0.10067039
7631,2021.08.06.0,1.7311325,-5.384964,19380.135,0.03685784
7632,2021.08.05.0,5.492302,0.24040985,19854.943,0.10303382
7633,2021.08.06.0,5.0336227,0.6617203,19854.943,0.10067039
7634,2021.08.05.0,1.0889816,-11.735039,20519.676,0.03685784
7635,2021.08.04.0,0.99723816,-10.392357,20614.639,0.03922127
7636,2021.08.05.0,0.99723816,-11.292046,20614.639,0.03685784
7637,2021.08.06.0,0.99723816,-11.441322,20614.639,0.034494415
7638,2021.08.05.0,2.831955,-2.103447,20994.486,0.10303382
7639,2021.08.06.0,2.28154,-2.5942383,20994.486,0.10067039
7640,2021.08.011.0,6.8683395,1.4947739,11498.305,0.08885325
7641,2021.08.012.0,3.4741135,2.1868057,11498.305,0.08648982
7642,2021.08.013.0,4.208,-0.34461212,11498.305,0.08412639
7643,2021.08.011.0,59.52477,48.39531,12447.923,0.30392516
7644,2021.08.012.0,50.351173,53.13384,12447.923,0.30156174
7645,2021.08.013.0,59.52477,50.09471,12447.923,0.29919833
7646,2021.08.012.0,6.501396,5.7505875,12827.77,0.08648982
7647,2021.08.013.0,6.5931396,3.1421585,12827.77,0.08412639
7648,2021.08.013.0,9.987366,4.2798233,13207.617,0.08412639
7649,2021.08.013.0,77.871956,67.99666,13207.617,0.29919833
7650,2021.08.013.0,9.987366,4.5570297,13397.541,0.08412639
7651,2021.08.011.0,1.0889816,-0.58291626,13777.388,0.022677273
7652,2021.08.012.0,0.99723816,-1.5794144,13777.388,0.020313844
7653,2021.08.013.0,0.99723816,-2.665596,13777.388,0.017950423
7654,2021.08.011.0,15.950203,9.099457,13777.388,0.08885325
7655,2021.08.012.0,9.161743,9.506477,13777.388,0.08648982
7656,2021.08.013.0,11.363403,5.0851517,13777.388,0.08412639
7657,2021.08.013.0,211.80643,228.12477,13777.388,0.51427025
7658,2021.08.012.0,0.99723816,0.77936554,13872.35,0.020313844
7659,2021.08.013.0,0.9055023,-2.7144623,13872.35,0.017950423
7660,2021.08.012.0,0.99723816,-2.0971603,13967.312,0.020313844
7661,2021.08.013.0,1.0889816,-2.4455338,13967.312,0.017950423
7662,2021.08.012.0,10.9047165,13.142731,13967.312,0.08648982
7663,2021.08.013.0,13.656799,7.5215836,13967.312,0.08412639
7664,2021.08.011.0,19.619637,13.570633,14157.235,0.08885325
7665,2021.08.012.0,12.280762,12.302963,14157.235,0.08648982
7666,2021.08.013.0,18.243599,7.440796,14157.235,0.08412639
7667,2021.08.013.0,0.99723816,-1.0110397,14347.158,0.017950423
7668,2021.08.011.0,24.665112,13.183655,14347.158,0.08885325
7669,2021.08.012.0,14.1154785,19.82515,14347.158,0.08648982
7670,2021.08.013.0,20.995674,13.606903,14347.158,0.08412639
7671,2021.08.012.0,1.1807175,-1.4745178,14442.121,0.020313844
7672,2021.08.013.0,1.2724533,-0.65397644,14442.121,0.017950423
7673,2021.08.013.0,1.2724533,1.1770325,14537.082,0.017950423
7674,2021.08.011.0,27.417187,21.294731,14537.082,0.08885325
7675,2021.08.012.0,16.408875,22.270416,14537.082,0.08648982
7676,2021.08.013.0,24.665112,15.334854,14537.082,0.08412639
7677,2021.08.011.0,26.958511,18.759377,14632.044,0.08885325
7678,2021.08.012.0,18.243599,21.545708,14632.044,0.08648982
7679,2021.08.013.0,26.499832,14.462769,14632.044,0.08412639
7680,2021.08.013.0,78.789314,57.78534,14632.044,0.16684636
7681,2021.08.011.0,1.7311325,3.8927307,14727.006,0.022677273
7682,2021.08.012.0,1.0889816,1.1577835,14727.006,0.020313844
7683,2021.08.013.0,1.6393967,-0.7225189,14727.006,0.017950423
7684,2021.08.013.0,29.251907,17.09076,14727.006,0.08412639
7685,2021.08.012.0,1.3641815,0.08913422,14821.968,0.020313844
7686,2021.08.013.0,1.7311325,-1.6101303,14821.968,0.017950423
7687,2021.08.013.0,32.921345,16.78315,14821.968,0.08412639
7688,2021.08.011.0,2.189804,1.5777588,14916.93,0.022677273
7689,2021.08.012.0,1.5476608,0.5918808,14916.93,0.020313844
7690,2021.08.013.0,2.00634,-0.56801605,14916.93,0.017950423
7691,2021.08.011.0,35.673428,27.649227,14916.93,0.08885325
7692,2021.08.012.0,22.830395,27.537617,14916.93,0.08648982
7693,2021.08.013.0,35.673428,18.96386,14916.93,0.08412639
7694,2021.08.011.0,2.3732834,1.0994568,15011.892,0.022677273
7695,2021.08.012.0,1.5476608,0.21376038,15011.892,0.020313844
7696,2021.08.013.0,2.00634,-0.70586395,15011.892,0.017950423
7697,2021.08.012.0,26.041153,33.99292,15011.892,0.08648982
7698,2021.08.013.0,38.425507,27.774097,15011.892,0.08412639
7699,2021.08.011.0,2.28154,-0.26210022,15106.854,0.022677273
7700,2021.08.012.0,1.7311325,-0.6564789,15106.854,0.020313844
7701,2021.08.013.0,2.0980759,-0.58304596,15106.854,0.017950423
7702,2021.08.011.0,41.63626,28.123322,15106.854,0.08885325
7703,2021.08.012.0,29.710594,30.306744,15106.854,0.08648982
7704,2021.08.013.0,42.09494,24.82238,15106.854,0.08412639
7705,2021.08.012.0,211.80643,206.63223,15106.854,0.30156174
7706,2021.08.013.0,217.31056,213.45769,15106.854,0.29919833
7707,2021.08.011.0,2.4650192,1.1794586,15201.815,0.022677273
7708,2021.08.012.0,1.7311325,0.6425476,15201.815,0.020313844
7709,2021.08.013.0,2.0980759,-0.24892426,15201.815,0.017950423
7710,2021.08.011.0,45.764378,38.75422,15201.815,0.08885325
7711,2021.08.012.0,30.627949,35.985764,15201.815,0.08648982
7712,2021.08.013.0,46.68174,23.394775,15201.815,0.08412639
7713,2021.08.011.0,2.7402267,0.90625,15296.777,0.022677273
7714,2021.08.012.0,1.8228607,0.51221466,15296.777,0.020313844
7715,2021.08.013.0,2.28154,-0.21833038,15296.777,0.017950423
7716,2021.08.011.0,47.5991,38.60059,15296.777,0.08885325
7717,2021.08.012.0,36.132103,35.213852,15296.777,0.08648982
7718,2021.08.013.0,51.268536,31.640415,15296.777,0.08412639
7719,2021.08.011.0,3.6575851,1.2114944,15391.738,0.022677273
7720,2021.08.012.0,1.9145966,2.358612,15391.738,0.020313844
7721,2021.08.013.0,2.3732834,-0.3430252,15391.738,0.017950423
7722,2021.08.011.0,52.185894,36.070496,15391.738,0.08885325
7723,2021.08.012.0,40.26022,36.019978,15391.738,0.08648982
7724,2021.08.013.0,58.607407,33.465157,15391.738,0.08412639
7725,2021.08.011.0,2.831955,2.327217,15486.7,0.022677273
7726,2021.08.012.0,2.00634,0.015182495,15486.7,0.020313844
7727,2021.08.013.0,2.7402267,-0.4127121,15486.7,0.017950423
7728,2021.08.011.0,58.607407,45.865932,15486.7,0.08885325
7729,2021.08.012.0,44.84702,48.582623,15486.7,0.08648982
7730,2021.08.013.0,62.276848,36.90282,15486.7,0.08412639
7731,2021.08.011.0,3.0154343,1.4648895,15581.662,0.022677273
7732,2021.08.012.0,2.28154,1.1330948,15581.662,0.020313844
7733,2021.08.013.0,3.10717,0.95505524,15581.662,0.017950423
7734,2021.08.011.0,62.276848,51.39344,15581.662,0.08885325
7735,2021.08.012.0,50.351173,53.877834,15581.662,0.08648982
7736,2021.08.013.0,71.45044,46.793934,15581.662,0.08412639
7737,2021.08.011.0,3.5658493,2.032959,15676.624,0.022677273
7738,2021.08.012.0,2.556755,2.048851,15676.624,0.020313844
7739,2021.08.013.0,3.7493134,1.0917053,15676.624,0.017950423
7740,2021.08.012.0,56.77269,53.31963,15676.624,0.08648982
7741,2021.08.013.0,77.871956,45.627186,15676.624,0.08412639
7742,2021.08.011.0,4.208,3.8951874,15771.586,0.022677273
7743,2021.08.012.0,2.831955,3.2513885,15771.586,0.020313844
7744,2021.08.013.0,4.299736,2.029068,15771.586,0.017950423
7745,2021.08.011.0,76.9546,59.815468,15771.586,0.08885325
7746,2021.08.012.0,64.111565,59.84742,15771.586,0.08648982
7747,2021.08.013.0,87.96291,52.215454,15771.586,0.08412639
7748,2021.08.011.0,4.758415,5.7743073,15866.548,0.022677273
7749,2021.08.012.0,3.2906342,4.039833,15866.548,0.020313844
7750,2021.08.013.0,5.308838,3.6125107,15866.548,0.017950423
7751,2021.08.011.0,85.21083,64.83437,15866.548,0.08885325
7752,2021.08.012.0,70.53308,67.30951,15866.548,0.08648982
7753,2021.08.013.0,94.38442,60.161255,15866.548,0.08412639
7754,2021.08.011.0,5.6757812,7.5281296,15961.51,0.022677273
7755,2021.08.012.0,3.7493134,6.4681854,15961.51,0.020313844
7756,2021.08.013.0,6.2261887,5.373146,15961.51,0.017950423
7757,2021.08.011.0,92.549706,75.5633,15961.51,0.08885325
7758,2021.08.012.0,79.70667,73.1479,15961.51,0.08648982
7759,2021.08.013.0,109.06218,66.01227,15961.51,0.08412639
7760,2021.08.011.0,6.7766037,5.5472107,16056.472,0.022677273
7761,2021.08.012.0,4.391472,6.653282,16056.472,0.020313844
7762,2021.08.013.0,7.4187546,5.8707123,16056.472,0.017950423
7763,2021.08.011.0,102.64066,74.48269,16056.472,0.08885325
7764,2021.08.012.0,89.79763,82.407776,16056.472,0.08648982
7765,2021.08.013.0,120.98785,72.42377,16056.472,0.08412639
7766,2021.08.011.0,8.6113205,11.904175,16151.434,0.022677273
7767,2021.08.012.0,5.1253586,10.881584,16151.434,0.020313844
7768,2021.08.013.0,9.436951,8.728104,16151.434,0.017950423
7769,2021.08.011.0,113.64897,93.2365,16151.434,0.08885325
7770,2021.08.012.0,100.80594,90.45062,16151.434,0.08648982
7771,2021.08.013.0,134.74823,83.59563,16151.434,0.08412639
7772,2021.08.011.0,10.446045,14.488403,16246.3955,0.022677273
7773,2021.08.012.0,6.7766037,16.601097,16246.3955,0.020313844
7774,2021.08.013.0,12.739441,12.124069,16246.3955,0.017950423
7775,2021.08.011.0,129.24408,108.28938,16246.3955,0.08885325
7776,2021.08.012.0,112.73161,105.72599,16246.3955,0.08648982
7777,2021.08.013.0,153.09543,95.99083,16246.3955,0.08412639
7778,2021.08.011.0,13.656799,18.811684,16341.356,0.022677273
7779,2021.08.012.0,8.519592,21.015945,16341.356,0.020313844
7780,2021.08.013.0,16.867554,18.056068,16341.356,0.017950423
7781,2021.08.011.0,142.08711,110.51412,16341.356,0.08885325
7782,2021.08.012.0,126.492004,120.27905,16341.356,0.08648982
7783,2021.08.013.0,172.35997,109.37848,16341.356,0.08412639
7784,2021.08.011.0,17.78492,22.752804,16436.318,0.022677273
7785,2021.08.012.0,11.363403,25.936451,16436.318,0.020313844
7786,2021.08.013.0,21.91304,21.537758,16436.318,0.017950423
7787,2021.08.011.0,159.51694,131.88898,16436.318,0.08885325
7788,2021.08.012.0,143.92183,143.17805,16436.318,0.08648982
7789,2021.08.013.0,192.54187,132.99496,16436.318,0.08412639
7790,2021.08.013.0,331.06314,273.4338,16436.318,0.16684636
7791,2021.08.011.0,22.830395,32.342068,16531.281,0.022677273
7792,2021.08.012.0,15.950203,30.247597,16531.281,0.020313844
7793,2021.08.013.0,31.086628,26.546188,16531.281,0.017950423
7794,2021.08.011.0,177.86414,146.93898,16531.281,0.08885325
7795,2021.08.012.0,161.35165,154.17453,16531.281,0.08648982
7796,2021.08.013.0,216.39322,140.04782,16531.281,0.08412639
7797,2021.08.011.0,30.16927,38.6959,16626.242,0.022677273
7798,2021.08.012.0,21.454361,38.921173,16626.242,0.020313844
7799,2021.08.013.0,41.17758,30.746086,16626.242,0.017950423
7800,2021.08.011.0,197.12868,156.56262,16626.242,0.08885325
7801,2021.08.012.0,181.53357,174.37343,16626.242,0.08648982
7802,2021.08.013.0,246.66608,171.91412,16626.242,0.08412639
7803,2021.08.011.0,38.884182,49.71608,16721.205,0.022677273
7804,2021.08.012.0,29.710594,46.972095,16721.205,0.020313844
7805,2021.08.013.0,55.85533,40.71802,16721.205,0.017950423
7806,2021.08.011.0,224.64944,178.27136,16721.205,0.08885325
7807,2021.08.012.0,205.38492,198.02005,16721.205,0.08648982
7808,2021.08.013.0,278.77365,193.3562,16721.205,0.08412639
7809,2021.08.011.0,52.185894,53.987602,16816.166,0.022677273
7810,2021.08.012.0,41.63626,57.63067,16816.166,0.020313844
7811,2021.08.013.0,77.871956,46.673447,16816.166,0.017950423
7812,2021.08.011.0,248.5008,218.39557,16816.166,0.08885325
7813,2021.08.012.0,235.65776,224.9764,16816.166,0.08648982
7814,2021.08.013.0,318.22012,216.9801,16816.166,0.08412639
7815,2021.08.011.0,67.781006,58.442604,16911.127,0.022677273
7816,2021.08.012.0,55.85533,62.296127,16911.127,0.020313844
7817,2021.08.013.0,106.3101,56.070965,16911.127,0.017950423
7818,2021.08.011.0,278.77365,234.86574,16911.127,0.08885325
7819,2021.08.012.0,270.5174,246.52185,16911.127,0.08648982
7820,2021.08.013.0,287.02988,229.5636,16911.127,0.08412639
7821,2021.08.011.0,89.79763,56.787323,17006.09,0.022677273
7822,2021.08.012.0,76.03724,57.074974,17006.09,0.020313844
7823,2021.08.013.0,89.79763,46.535152,17006.09,0.017950423
7824,2021.08.011.0,314.55066,250.76639,17006.09,0.08885325
7825,2021.08.012.0,303.54236,269.92694,17006.09,0.08648982
7826,2021.08.013.0,242.07928,257.22266,17006.09,0.08412639
7827,2021.08.011.0,118.23577,69.469,17101.05,0.022677273
7828,2021.08.012.0,107.227455,82.267334,17101.05,0.020313844
7829,2021.08.013.0,51.268536,66.43129,17101.05,0.017950423
7830,2021.08.011.0,317.30273,283.96716,17101.05,0.08885325
7831,2021.08.012.0,286.11252,280.44446,17101.05,0.08648982
7832,2021.08.013.0,198.96341,255.00822,17101.05,0.08412639
7833,2021.08.011.0,131.0788,86.595795,17196.014,0.022677273
7834,2021.08.012.0,109.06218,90.69854,17196.014,0.020313844
7835,2021.08.013.0,26.041153,66.93518,17196.014,0.017950423
7836,2021.08.011.0,266.848,266.58612,17196.014,0.08885325
7837,2021.08.012.0,242.07928,214.22708,17196.014,0.08648982
7838,2021.08.013.0,161.35165,187.61049,17196.014,0.08412639
7839,2021.08.011.0,87.04555,96.904,17290.975,0.022677273
7840,2021.08.012.0,66.86365,66.00257,17290.975,0.020313844
7841,2021.08.013.0,11.8220825,45.873703,17290.975,0.017950423
7842,2021.08.011.0,226.48418,254.33418,17290.975,0.08885325
7843,2021.08.012.0,200.79811,205.47484,17290.975,0.08648982
7844,2021.08.013.0,130.16144,176.26483,17290.975,0.08412639
7845,2021.08.013.0,276.02158,306.60126,17290.975,0.16684636
7846,2021.08.011.0,54.020615,82.59351,17385.938,0.022677273
7847,2021.08.012.0,36.590786,50.669735,17385.938,0.020313844
7848,2021.08.013.0,5.584038,30.607292,17385.938,0.017950423
7849,2021.08.011.0,185.203,194.4841,17385.938,0.08885325
7850,2021.08.012.0,162.26901,148.6034,17385.938,0.08648982
7851,2021.08.013.0,103.55802,134.58792,17385.938,0.08412639
7852,2021.08.011.0,31.086628,62.185455,17480.898,0.022677273
7853,2021.08.012.0,19.160957,31.093971,17480.898,0.020313844
7854,2021.08.013.0,3.6575851,15.226204,17480.898,0.017950423
7855,2021.08.011.0,147.59128,187.70825,17480.898,0.08885325
7856,2021.08.012.0,130.16144,133.45691,17480.898,0.08648982
7857,2021.08.013.0,80.62404,116.82656,17480.898,0.08412639
7858,2021.08.011.0,16.408875,38.795307,17575.861,0.022677273
7859,2021.08.012.0,9.89563,17.060165,17575.861,0.020313844
7860,2021.08.013.0,2.556755,8.437462,17575.861,0.017950423
7861,2021.08.011.0,120.07049,145.97644,17575.861,0.08885325
7862,2021.08.012.0,103.55802,108.022514,17575.861,0.08648982
7863,2021.08.013.0,64.111565,93.43103,17575.861,0.08412639
7864,2021.08.011.0,9.436951,20.272392,17670.822,0.022677273
7865,2021.08.012.0,5.8592453,3.4531784,17670.822,0.020313844
7866,2021.08.013.0,2.28154,-2.3211517,17670.822,0.017950423
7867,2021.08.011.0,94.38442,129.34042,17670.822,0.08885325
7868,2021.08.012.0,81.5414,91.62216,17670.822,0.08648982
7869,2021.08.013.0,47.5991,74.65792,17670.822,0.08412639
7870,2021.08.011.0,5.6757812,8.5540695,17765.783,0.022677273
7871,2021.08.012.0,3.7493134,-1.931427,17765.783,0.020313844
7872,2021.08.013.0,1.9145966,-2.512146,17765.783,0.017950423
7873,2021.08.011.0,74.20252,101.31992,17765.783,0.08885325
7874,2021.08.012.0,61.35949,74.53964,17765.783,0.08648982
7875,2021.08.013.0,35.673428,57.734905,17765.783,0.08412639
7876,2021.08.011.0,3.8410568,2.954483,17860.746,0.022677273
7877,2021.08.012.0,2.831955,-3.5082855,17860.746,0.020313844
7878,2021.08.013.0,1.5476608,-2.830536,17860.746,0.017950423
7879,2021.08.011.0,55.85533,84.64679,17860.746,0.08885325
7880,2021.08.012.0,46.68174,57.26467,17860.746,0.08648982
7881,2021.08.013.0,28.793228,40.82981,17860.746,0.08412639
7882,2021.08.011.0,2.831955,-1.4873276,17955.707,0.022677273
7883,2021.08.012.0,2.4650192,-1.8894653,17955.707,0.020313844
7884,2021.08.013.0,1.6393967,0.7391052,17955.707,0.017950423
7885,2021.08.011.0,44.84702,60.212433,17955.707,0.08885325
7886,2021.08.012.0,37.049465,44.058655,17955.707,0.08648982
7887,2021.08.013.0,22.371712,31.62669,17955.707,0.08412639
7888,2021.08.013.0,83.376114,108.83523,17955.707,0.16684636
7889,2021.08.013.0,206.30226,241.49504,17955.707,0.29919833
7890,2021.08.011.0,2.6484833,0.15828705,18050.67,0.022677273
7891,2021.08.012.0,2.0980759,-1.75,18050.67,0.020313844
7892,2021.08.013.0,1.3641815,-1.910553,18050.67,0.017950423
7893,2021.08.011.0,36.590786,49.56243,18050.67,0.08885325
7894,2021.08.012.0,28.334553,32.57033,18050.67,0.08648982
7895,2021.08.013.0,17.78492,21.109123,18050.67,0.08412639
7896,2021.08.012.0,102.64066,131.13596,18050.67,0.16920978
7897,2021.08.013.0,76.9546,104.96777,18050.67,0.16684636
7898,2021.08.011.0,2.00634,0.5313034,18145.63,0.022677273
7899,2021.08.012.0,1.7311325,-1.3520355,18145.63,0.020313844
7900,2021.08.013.0,1.3641815,-1.4832077,18145.63,0.017950423
7901,2021.08.011.0,28.793228,28.519382,18145.63,0.08885325
7902,2021.08.012.0,21.91304,27.758781,18145.63,0.08648982
7903,2021.08.013.0,14.574158,22.887604,18145.63,0.08412639
7904,2021.08.011.0,1.8228607,-0.86712646,18240.594,0.022677273
7905,2021.08.012.0,1.6393967,-2.2896347,18240.594,0.020313844
7906,2021.08.013.0,1.1807175,-2.5230637,18240.594,0.017950423
7907,2021.08.011.0,23.28907,30.377926,18240.594,0.08885325
7908,2021.08.012.0,17.78492,21.401344,18240.594,0.08648982
7909,2021.08.013.0,11.363403,18.87181,18240.594,0.08412639
7910,2021.08.012.0,75.11988,78.39728,18240.594,0.16920978
7911,2021.08.013.0,50.351173,74.15018,18240.594,0.16684636
7912,2021.08.011.0,1.6393967,-2.5454102,18335.555,0.022677273
7913,2021.08.012.0,1.5476608,-3.6235886,18335.555,0.020313844
7914,2021.08.013.0,1.0889816,-3.6375885,18335.555,0.017950423
7915,2021.08.011.0,19.160957,20.01986,18335.555,0.08885325
7916,2021.08.012.0,14.574158,19.068512,18335.555,0.08648982
7917,2021.08.013.0,10.446045,15.745369,18335.555,0.08412639
7918,2021.08.013.0,131.0788,158.60294,18335.555,0.29919833
7919,2021.08.011.0,1.5476608,-2.9719162,18430.518,0.022677273
7920,2021.08.012.0,1.3641815,-4.013191,18430.518,0.020313844
7921,2021.08.013.0,1.0889816,-4.488037,18430.518,0.017950423
7922,2021.08.011.0,14.574158,21.506584,18430.518,0.08885325
7923,2021.08.012.0,11.8220825,16.10141,18430.518,0.08648982
7924,2021.08.013.0,9.070007,14.999893,18430.518,0.08412639
7925,2021.08.012.0,47.5991,53.058285,18430.518,0.16920978
7926,2021.08.013.0,38.884182,44.942677,18430.518,0.16684636
7927,2021.08.011.0,1.3641815,-4.0352325,18525.479,0.022677273
7928,2021.08.012.0,1.1807175,-4.7101746,18525.479,0.020313844
7929,2021.08.013.0,1.0889816,-5.2191925,18525.479,0.017950423
7930,2021.08.011.0,13.19812,21.152702,18525.479,0.08885325
7931,2021.08.012.0,10.446045,15.38018,18525.479,0.08648982
7932,2021.08.013.0,7.693962,11.0381775,18525.479,0.08412639
7933,2021.08.011.0,1.1807175,-4.4599533,18620.441,0.022677273
7934,2021.08.012.0,1.3641815,-5.2966385,18620.441,0.020313844
7935,2021.08.013.0,1.0889816,-4.503639,18620.441,0.017950423
7936,2021.08.011.0,11.363403,14.440025,18620.441,0.08885325
7937,2021.08.012.0,8.703064,11.676102,18620.441,0.08648982
7938,2021.08.013.0,7.143547,9.499039,18620.441,0.08412639
7939,2021.08.012.0,1.0889816,-5.6036224,18715.402,0.020313844
7940,2021.08.013.0,0.99723816,-5.8355255,18715.402,0.017950423
7941,2021.08.011.0,9.620415,14.230766,18715.402,0.08885325
7942,2021.08.012.0,7.693962,11.089554,18715.402,0.08648982
7943,2021.08.013.0,6.501396,7.8508453,18715.402,0.08412639
7944,2021.08.013.0,4.4832077,10.267342,18810.363,0.08648982
7945,2021.08.011.0,1.0889816,-6.3107147,18905.326,0.022677273
7946,2021.08.012.0,0.99723816,-6.580826,18905.326,0.020313844
7947,2021.08.011.0,8.152641,8.113594,18905.326,0.08885325
7948,2021.08.012.0,6.3179245,9.022163,18905.326,0.08648982
7949,2021.08.013.0,5.8592453,6.873749,18905.326,0.08412639
7950,2021.08.013.0,16.867554,18.028427,18905.326,0.16684636
7951,2021.08.012.0,5.2170944,7.908226,19095.25,0.08885325
7952,2021.08.013.0,4.758415,6.6576004,19095.25,0.08412639
7953,2021.08.013.0,0.99723816,-8.068817,19380.135,0.017950423
7954,2021.08.011.0,3.5658493,1.0041809,19854.943,0.08885325
7955,2021.08.012.0,3.4741135,1.3251953,19854.943,0.08648982
7956,2021.08.013.0,2.6484833,1.1327133,19854.943,0.08412639
7957,2021.08.013.0,6.9600754,11.108017,20139.83,0.16684636
7958,2021.08.011.0,0.99723816,-10.516373,20614.639,0.022677273
7959,2021.08.012.0,0.99723816,-9.298706,20614.639,0.020313844
7960,2021.08.013.0,0.99723816,-8.89666,20614.639,0.017950423
7961,2021.08.012.0,2.189804,0.3350525,20994.486,0.08648982
7962,2021.08.013.0,2.6484833,1.2111816,20994.486,0.08412639
7963,2021.08.013.0,21.91304,34.566525,21564.258,0.51427025
7964,2021.08.018.0,2.9236984,5.87339,11498.305,0.072309256
7965,2021.08.019.0,3.0154343,2.017746,11498.305,0.06994583
7966,2021.08.020.0,4.758415,3.3483276,11498.305,0.0675824
7967,2021.08.020.0,7.785698,6.184944,12257.999,0.0675824
7968,2021.08.018.0,54.020615,54.262127,12447.923,0.28738117
7969,2021.08.019.0,83.376114,48.54679,12447.923,0.28501773
7970,2021.08.020.0,95.30179,76.45885,12447.923,0.28265432
7971,2021.08.019.0,10.446045,5.0197067,12827.77,0.06994583
7972,2021.08.020.0,13.656799,15.276611,12827.77,0.0675824
7973,2021.08.019.0,15.032837,8.921997,13207.617,0.06994583
7974,2021.08.020.0,21.91304,20.656754,13207.617,0.0675824
7975,2021.08.020.0,138.41768,95.42806,13207.617,0.28265432
7976,2021.08.019.0,20.078316,8.606827,13397.541,0.06994583
7977,2021.08.020.0,23.747757,28.289932,13397.541,0.0675824
7978,2021.08.020.0,28.334553,29.353584,13587.465,0.0675824
7979,2021.08.018.0,11.363403,15.0616,13777.388,0.072309256
7980,2021.08.019.0,27.417187,8.760086,13777.388,0.06994583
7981,2021.08.020.0,38.425507,34.66591,13777.388,0.0675824
7982,2021.08.020.0,167.77318,137.85162,13777.388,0.28265432
7983,2021.08.019.0,276.93893,264.08377,13777.388,0.5000897
7984,2021.08.020.0,321.88953,266.08273,13777.388,0.49772623
7985,2021.08.018.0,14.574158,15.879066,13967.312,0.072309256
7986,2021.08.019.0,31.545307,10.03759,13967.312,0.06994583
7987,2021.08.020.0,41.63626,35.24253,13967.312,0.0675824
7988,2021.08.018.0,15.950203,24.555923,14157.235,0.072309256
7989,2021.08.019.0,37.508144,13.29644,14157.235,0.06994583
7990,2021.08.020.0,52.185894,45.62693,14157.235,0.0675824
7991,2021.08.019.0,224.64944,123.839935,14157.235,0.28501773
7992,2021.08.020.0,216.39322,182.46368,14157.235,0.28265432
7993,2021.08.018.0,18.243599,26.118706,14347.158,0.072309256
7994,2021.08.019.0,43.47098,17.595245,14347.158,0.06994583
7995,2021.08.020.0,61.35949,59.760986,14347.158,0.0675824
7996,2021.08.018.0,22.371712,31.19183,14537.082,0.072309256
7997,2021.08.019.0,54.020615,18.627983,14537.082,0.06994583
7998,2021.08.020.0,76.03724,74.79792,14537.082,0.0675824
7999,2021.08.018.0,25.12379,42.686905,14632.044,0.072309256
8000,2021.08.019.0,59.52477,23.064259,14632.044,0.06994583
8001,2021.08.020.0,81.5414,79.82631,14632.044,0.0675824
8002,2021.08.018.0,78.789314,101.320305,14632.044,0.15502922
8003,2021.08.019.0,143.00447,76.116745,14632.044,0.1526658
8004,2021.08.020.0,158.59958,152.0668,14632.044,0.15030237
8005,2021.08.020.0,92.549706,84.34897,14727.006,0.0675824
8006,2021.08.018.0,30.16927,50.80085,14821.968,0.072309256
8007,2021.08.019.0,68.698364,28.618267,14821.968,0.06994583
8008,2021.08.020.0,98.05386,90.135414,14821.968,0.0675824
8009,2021.08.018.0,33.380024,49.022327,14916.93,0.072309256
8010,2021.08.019.0,74.20252,31.554253,14916.93,0.06994583
8011,2021.08.020.0,107.227455,102.35483,14916.93,0.0675824
8012,2021.08.019.0,87.04555,30.630222,15011.892,0.06994583
8013,2021.08.020.0,114.56633,113.51833,15011.892,0.0675824
8014,2021.08.020.0,187.03772,188.33429,15011.892,0.15030237
8015,2021.08.018.0,40.718903,67.60362,15106.854,0.072309256
8016,2021.08.019.0,91.63235,39.72526,15106.854,0.06994583
8017,2021.08.020.0,128.32672,113.92964,15106.854,0.0675824
8018,2021.08.019.0,211.80643,114.5897,15106.854,0.1526658
8019,2021.08.020.0,197.12868,212.33438,15106.854,0.15030237
8020,2021.08.019.0,363.17072,285.50357,15106.854,0.28501773
8021,2021.08.020.0,386.10468,319.31415,15106.854,0.28265432
8022,2021.08.018.0,44.84702,68.758316,15201.815,0.072309256
8023,2021.08.019.0,101.7233,46.329792,15201.815,0.06994583
8024,2021.08.020.0,133.83087,137.78534,15201.815,0.0675824
8025,2021.08.019.0,217.31056,152.39343,15201.815,0.1526658
8026,2021.08.020.0,248.5008,199.75128,15201.815,0.15030237
8027,2021.08.018.0,49.433815,81.08268,15296.777,0.072309256
8028,2021.08.019.0,110.8969,53.449677,15296.777,0.06994583
8029,2021.08.020.0,147.59128,144.1153,15296.777,0.0675824
8030,2021.08.018.0,133.83087,139.09314,15296.777,0.15502922
8031,2021.08.019.0,232.90569,125.75055,15296.777,0.1526658
8032,2021.08.018.0,55.85533,91.5041,15391.738,0.072309256
8033,2021.08.019.0,121.905205,58.270615,15391.738,0.06994583
8034,2021.08.020.0,170.52525,152.55685,15391.738,0.0675824
8035,2021.08.018.0,61.35949,101.66881,15486.7,0.072309256
8036,2021.08.019.0,133.83087,66.22998,15486.7,0.06994583
8037,2021.08.020.0,177.86414,165.13908,15486.7,0.0675824
8038,2021.08.018.0,68.698364,105.68417,15581.662,0.072309256
8039,2021.08.019.0,146.67392,73.2039,15581.662,0.06994583
8040,2021.08.020.0,192.54187,170.26312,15581.662,0.0675824
8041,2021.08.018.0,76.9546,128.50314,15676.624,0.072309256
8042,2021.08.019.0,165.93845,80.80762,15676.624,0.06994583
8043,2021.08.020.0,213.64114,184.36337,15676.624,0.0675824
8044,2021.08.018.0,86.12819,134.88757,15771.586,0.072309256
8045,2021.08.019.0,177.86414,91.42774,15771.586,0.06994583
8046,2021.08.020.0,231.98833,195.73254,15771.586,0.0675824
8047,2021.08.018.0,96.21915,141.26822,15866.548,0.072309256
8048,2021.08.019.0,198.04602,97.86624,15866.548,0.06994583
8049,2021.08.020.0,255.83968,203.21838,15866.548,0.0675824
8050,2021.08.018.0,109.97954,161.61081,15961.51,0.072309256
8051,2021.08.019.0,217.31056,114.460106,15961.51,0.06994583
8052,2021.08.020.0,281.52573,207.59138,15961.51,0.0675824
8053,2021.08.018.0,123.73993,175.06674,16056.472,0.072309256
8054,2021.08.019.0,243.914,128.96207,16056.472,0.06994583
8055,2021.08.020.0,306.29443,227.27074,16056.472,0.0675824
8056,2021.08.018.0,137.50032,183.85213,16151.434,0.072309256
8057,2021.08.019.0,267.76535,137.64857,16151.434,0.06994583
8058,2021.08.020.0,337.48465,228.22672,16151.434,0.0675824
8059,2021.08.020.0,442.06366,295.99414,16151.434,0.15030237
8060,2021.08.018.0,156.76486,207.1502,16246.3955,0.072309256
8061,2021.08.019.0,304.45972,159.96942,16246.3955,0.06994583
8062,2021.08.020.0,362.25336,253.07224,16246.3955,0.0675824
8063,2021.08.018.0,177.86414,228.63219,16341.356,0.072309256
8064,2021.08.019.0,334.7326,173.7525,16341.356,0.06994583
8065,2021.08.020.0,311.79858,259.95282,16341.356,0.0675824
8066,2021.08.018.0,203.5502,236.65535,16436.318,0.072309256
8067,2021.08.019.0,308.12915,191.68481,16436.318,0.06994583
8068,2021.08.020.0,262.26117,250.07599,16436.318,0.0675824
8069,2021.08.019.0,423.71643,371.62488,16436.318,0.1526658
8070,2021.08.020.0,429.22058,387.0598,16436.318,0.15030237
8071,2021.08.018.0,230.15361,254.1653,16531.281,0.072309256
8072,2021.08.019.0,258.59174,214.92516,16531.281,0.06994583
8073,2021.08.020.0,211.80643,215.20206,16531.281,0.0675824
8074,2021.08.020.0,389.7741,376.64893,16531.281,0.15030237
8075,2021.08.018.0,269.60004,225.52603,16626.242,0.072309256
8076,2021.08.019.0,209.05434,227.892,16626.242,0.06994583
8077,2021.08.020.0,170.52525,173.03868,16626.242,0.0675824
8078,2021.08.020.0,315.46802,356.6411,16626.242,0.15030237
8079,2021.08.018.0,301.70764,195.1623,16721.205,0.072309256
8080,2021.08.019.0,168.69054,235.26886,16721.205,0.06994583
8081,2021.08.020.0,135.6656,152.89282,16721.205,0.0675824
8082,2021.08.019.0,292.53406,364.8778,16721.205,0.1526658
8083,2021.08.020.0,303.54236,306.11096,16721.205,0.15030237
8084,2021.08.018.0,254.92232,159.67822,16816.166,0.072309256
8085,2021.08.019.0,136.58295,198.15053,16816.166,0.06994583
8086,2021.08.020.0,107.227455,128.2554,16816.166,0.0675824
8087,2021.08.020.0,246.66608,272.07098,16816.166,0.15030237
8088,2021.08.018.0,209.97171,131.83667,16911.127,0.072309256
8089,2021.08.019.0,105.39274,178.39154,16911.127,0.06994583
8090,2021.08.020.0,84.29347,106.82244,16911.127,0.0675824
8091,2021.08.018.0,169.6079,102.39318,17006.09,0.072309256
8092,2021.08.019.0,83.376114,138.75264,17006.09,0.06994583
8093,2021.08.020.0,65.02892,79.14811,17006.09,0.0675824
8094,2021.08.019.0,184.28564,256.76074,17006.09,0.1526658
8095,2021.08.020.0,186.12036,191.0373,17006.09,0.15030237
8096,2021.08.018.0,136.58295,89.8761,17101.05,0.072309256
8097,2021.08.019.0,63.194206,126.67598,17101.05,0.06994583
8098,2021.08.020.0,48.516457,65.80357,17101.05,0.0675824
8099,2021.08.018.0,106.3101,63.949528,17196.014,0.072309256
8100,2021.08.019.0,49.433815,100.40616,17196.014,0.06994583
8101,2021.08.020.0,36.590786,48.719803,17196.014,0.0675824
8102,2021.08.018.0,84.29347,53.873215,17290.975,0.072309256
8103,2021.08.019.0,37.966824,79.659996,17290.975,0.06994583
8104,2021.08.020.0,28.334553,36.67896,17290.975,0.0675824
8105,2021.08.019.0,121.905205,161.91373,17290.975,0.1526658
8106,2021.08.020.0,113.64897,128.64333,17290.975,0.15030237
8107,2021.08.018.0,65.02892,35.96263,17385.938,0.072309256
8108,2021.08.019.0,30.16927,56.724937,17385.938,0.06994583
8109,2021.08.020.0,21.91304,25.311977,17385.938,0.0675824
8110,2021.08.018.0,165.93845,122.40172,17385.938,0.15502922
8111,2021.08.019.0,98.97122,153.29817,17385.938,0.1526658
8112,2021.08.020.0,93.467064,108.406136,17385.938,0.15030237
8113,2021.08.018.0,49.433815,31.613476,17480.898,0.072309256
8114,2021.08.019.0,22.830395,46.1663,17480.898,0.06994583
8115,2021.08.020.0,17.32624,19.407654,17480.898,0.0675824
8116,2021.08.018.0,38.425507,16.517967,17575.861,0.072309256
8117,2021.08.019.0,20.078316,35.87993,17575.861,0.06994583
8118,2021.08.020.0,14.574158,20.15406,17575.861,0.0675824
8119,2021.08.018.0,29.251907,19.05394,17670.822,0.072309256
8120,2021.08.019.0,15.032837,28.54433,17670.822,0.06994583
8121,2021.08.020.0,12.280762,14.473915,17670.822,0.0675824
8122,2021.08.018.0,23.28907,15.074158,17765.783,0.072309256
8123,2021.08.019.0,11.8220825,19.85962,17765.783,0.06994583
8124,2021.08.020.0,10.9047165,9.231613,17765.783,0.0675824
8125,2021.08.020.0,53.103252,57.941772,17765.783,0.15030237
8126,2021.08.020.0,141.16975,140.98865,17765.783,0.28265432
8127,2021.08.018.0,18.243599,9.10688,17860.746,0.072309256
8128,2021.08.019.0,9.345215,16.949371,17860.746,0.06994583
8129,2021.08.020.0,7.9691772,12.429665,17860.746,0.0675824
8130,2021.08.018.0,15.032837,12.5937805,17955.707,0.072309256
8131,2021.08.019.0,8.152641,14.654373,17955.707,0.06994583
8132,2021.08.020.0,7.2352905,10.43737,17955.707,0.0675824
8133,2021.08.018.0,63.194206,53.254826,17955.707,0.15502922
8134,2021.08.019.0,41.63626,64.847565,17955.707,0.1526658
8135,2021.08.020.0,41.63626,40.927677,17955.707,0.15030237
8136,2021.08.020.0,113.64897,109.68788,17955.707,0.28265432
8137,2021.08.018.0,11.363403,12.274849,18050.67,0.072309256
8138,2021.08.019.0,6.7766037,13.819138,18050.67,0.06994583
8139,2021.08.020.0,6.684868,9.414078,18050.67,0.0675824
8140,2021.08.018.0,49.433815,45.84152,18050.67,0.15502922
8141,2021.08.019.0,36.590786,47.819447,18050.67,0.1526658
8142,2021.08.020.0,33.83871,35.027687,18050.67,0.15030237
8143,2021.08.018.0,10.9047165,10.425423,18145.63,0.072309256
8144,2021.08.019.0,6.2261887,11.819916,18145.63,0.06994583
8145,2021.08.020.0,6.684868,8.992134,18145.63,0.0675824
8146,2021.08.020.0,29.710594,36.583324,18145.63,0.15030237
8147,2021.08.020.0,84.29347,93.35724,18145.63,0.28265432
8148,2021.08.018.0,8.886536,9.224037,18240.594,0.072309256
8149,2021.08.019.0,6.9600754,8.159485,18240.594,0.06994583
8150,2021.08.020.0,6.4096603,8.069191,18240.594,0.0675824
8151,2021.08.018.0,33.83871,38.673313,18240.594,0.15502922
8152,2021.08.019.0,25.12379,39.267418,18240.594,0.1526658
8153,2021.08.018.0,8.519592,10.262756,18335.555,0.072309256
8154,2021.08.019.0,5.950981,11.224976,18335.555,0.06994583
8155,2021.08.020.0,6.2261887,8.749092,18335.555,0.0675824
8156,2021.08.019.0,74.20252,90.99854,18335.555,0.28501773
8157,2021.08.020.0,66.86365,80.95703,18335.555,0.28265432
8158,2021.08.018.0,7.4187546,9.954422,18430.518,0.072309256
8159,2021.08.019.0,5.2170944,10.73204,18430.518,0.06994583
8160,2021.08.020.0,4.5749435,8.748543,18430.518,0.0675824
8161,2021.08.018.0,25.12379,27.591633,18430.518,0.15502922
8162,2021.08.019.0,18.702278,29.80143,18430.518,0.1526658
8163,2021.08.020.0,19.160957,27.341656,18430.518,0.15030237
8164,2021.08.018.0,6.3179245,8.117989,18525.479,0.072309256
8165,2021.08.019.0,4.5749435,7.316025,18525.479,0.06994583
8166,2021.08.020.0,4.208,6.615837,18525.479,0.0675824
8167,2021.08.020.0,19.160957,18.040642,18525.479,0.15030237
8168,2021.08.019.0,5.6757812,7.3302383,18620.441,0.06994583
8169,2021.08.020.0,4.299736,6.909767,18620.441,0.0675824
8170,2021.08.018.0,5.2170944,7.181328,18715.402,0.072309256
8171,2021.08.019.0,4.0245285,6.4236145,18715.402,0.06994583
8172,2021.08.020.0,4.1162567,5.9112854,18715.402,0.0675824
8173,2021.08.020.0,13.656799,17.193748,18715.402,0.15030237
8174,2021.08.018.0,48.516457,58.45274,18715.402,0.28738117
8175,2021.08.019.0,50.351173,48.14619,18715.402,0.28501773
8176,2021.08.020.0,55.85533,45.879745,18715.402,0.28265432
8177,2021.08.018.0,4.5749435,7.4490814,18905.326,0.072309256
8178,2021.08.019.0,3.5658493,5.590393,18905.326,0.06994583
8179,2021.08.020.0,3.198906,5.0415344,18905.326,0.0675824
8180,2021.08.018.0,16.408875,13.696022,18905.326,0.15502922
8181,2021.08.019.0,10.9047165,16.734573,18905.326,0.1526658
8182,2021.08.020.0,10.9047165,14.415504,18905.326,0.15030237
8183,2021.08.018.0,51.268536,60.521164,18905.326,0.28738117
8184,2021.08.019.0,44.84702,55.717583,18905.326,0.28501773
8185,2021.08.020.0,3.2906342,5.2436066,19095.25,0.06994583
8186,2021.08.018.0,3.3823776,3.1346207,19854.943,0.072309256
8187,2021.08.019.0,2.556755,2.5522766,19854.943,0.06994583
8188,2021.08.020.0,2.4650192,1.7118759,19854.943,0.0675824
8189,2021.08.020.0,3.10717,9.091499,20139.83,0.15502922
8190,2021.08.018.0,2.189804,2.490448,20994.486,0.072309256
8191,2021.08.019.0,1.5476608,0.22467041,20994.486,0.06994583
8192,2021.08.020.0,1.3641815,-0.046524048,20994.486,0.0675824
8193,2021.08.019.0,10.446045,21.3713,21564.258,0.28501773
8194,2021.08.020.0,5.492302,24.15411,21564.258,0.28265432
8195,2021.08.018.0,20.995674,35.94777,21564.258,0.5024531
8196,2021.08.019.0,19.619637,33.777325,21564.258,0.5000897
8197,2021.08.025.0,2.3732834,1.9281769,11498.305,0.05576526
8198,2021.08.026.0,2.3732834,3.0927277,11498.305,0.053401835
8199,2021.08.027.0,2.3732834,2.5071182,11498.305,0.051038407
8200,2021.08.025.0,2.6484833,2.8886871,12257.999,0.05576526
8201,2021.08.026.0,2.0980759,2.4855652,12257.999,0.053401835
8202,2021.08.027.0,2.9236984,0.8885956,12257.999,0.051038407
8203,2021.08.025.0,51.268536,56.621925,12447.923,0.27083716
8204,2021.08.026.0,52.185894,51.88541,12447.923,0.26847374
8205,2021.08.027.0,51.268536,45.28408,12447.923,0.26611033
8206,2021.08.025.0,3.10717,5.1633987,12637.846,0.05576526
8207,2021.08.026.0,2.9236984,4.8235855,12637.846,0.053401835
8208,2021.08.027.0,2.4650192,3.6321106,12637.846,0.051038407
8209,2021.08.026.0,61.35949,61.06533,12637.846,0.27083716
8210,2021.08.027.0,50.351173,56.659195,12637.846,0.26611033
8211,2021.08.025.0,3.198906,6.4372253,12827.77,0.05576526
8212,2021.08.026.0,2.28154,3.2524872,12827.77,0.053401835
8213,2021.08.027.0,2.6484833,1.1190186,12827.77,0.051038407
8214,2021.08.025.0,3.8410568,3.2577286,13017.693,0.05576526
8215,2021.08.026.0,2.556755,4.097664,13017.693,0.053401835
8216,2021.08.027.0,2.6484833,1.408081,13017.693,0.051038407
8217,2021.08.025.0,4.5749435,6.3926544,13207.617,0.05576526
8218,2021.08.026.0,2.831955,6.969757,13207.617,0.053401835
8219,2021.08.027.0,2.9236984,3.157051,13207.617,0.051038407
8220,2021.08.026.0,73.28516,68.69836,13207.617,0.26847374
8221,2021.08.027.0,67.781006,65.91798,13207.617,0.26611033
8222,2021.08.025.0,5.400566,6.68116,13397.541,0.05576526
8223,2021.08.026.0,3.2906342,6.8125153,13397.541,0.053401835
8224,2021.08.027.0,3.198906,3.2284927,13397.541,0.051038407
8225,2021.08.025.0,6.0427094,8.320869,13587.465,0.05576526
8226,2021.08.026.0,3.8410568,6.505043,13587.465,0.053401835
8227,2021.08.027.0,3.5658493,3.5374603,13587.465,0.051038407
8228,2021.08.025.0,7.4187546,10.84211,13777.388,0.05576526
8229,2021.08.026.0,4.758415,8.7438965,13777.388,0.053401835
8230,2021.08.027.0,4.4832077,4.973358,13777.388,0.051038407
8231,2021.08.025.0,210.88907,244.71048,13777.388,0.48590907
8232,2021.08.026.0,198.96341,226.42747,13777.388,0.4835457
8233,2021.08.027.0,191.62451,205.93423,13777.388,0.48118225
8234,2021.08.025.0,9.161743,10.848297,13967.312,0.05576526
8235,2021.08.026.0,7.3270187,8.3598175,13967.312,0.053401835
8236,2021.08.027.0,6.0427094,6.381462,13967.312,0.051038407
8237,2021.08.025.0,9.712151,15.008713,14157.235,0.05576526
8238,2021.08.026.0,7.051811,10.964264,14157.235,0.053401835
8239,2021.08.027.0,6.8683395,7.2566147,14157.235,0.051038407
8240,2021.08.027.0,107.227455,108.36978,14157.235,0.26611033
8241,2021.08.025.0,11.8220825,18.623772,14347.158,0.05576526
8242,2021.08.026.0,8.6113205,13.578766,14347.158,0.053401835
8243,2021.08.027.0,6.9600754,8.109886,14347.158,0.051038407
8244,2021.08.025.0,14.1154785,25.201008,14537.082,0.05576526
8245,2021.08.026.0,10.446045,16.886345,14537.082,0.053401835
8246,2021.08.027.0,7.143547,11.788986,14537.082,0.051038407
8247,2021.08.025.0,15.950203,24.948914,14632.044,0.05576526
8248,2021.08.026.0,11.8220825,19.338188,14632.044,0.053401835
8249,2021.08.027.0,9.070007,12.52523,14632.044,0.051038407
8250,2021.08.025.0,60.44213,73.1854,14632.044,0.13848522
8251,2021.08.026.0,57.69005,61.619873,14632.044,0.1361218
8252,2021.08.027.0,46.68174,59.950195,14632.044,0.13375838
8253,2021.08.025.0,16.867554,26.899055,14727.006,0.05576526
8254,2021.08.026.0,13.19812,20.815079,14727.006,0.053401835
8255,2021.08.027.0,9.345215,12.639442,14727.006,0.051038407
8256,2021.08.025.0,18.243599,29.059849,14821.968,0.05576526
8257,2021.08.026.0,13.656799,21.843323,14821.968,0.053401835
8258,2021.08.027.0,11.363403,16.16674,14821.968,0.051038407
8259,2021.08.025.0,19.160957,27.959278,14916.93,0.05576526
8260,2021.08.026.0,15.950203,21.817062,14916.93,0.053401835
8261,2021.08.027.0,11.363403,19.606949,14916.93,0.051038407
8262,2021.08.025.0,21.454361,32.154133,15011.892,0.05576526
8263,2021.08.026.0,15.950203,26.28461,15011.892,0.053401835
8264,2021.08.027.0,12.739441,18.72396,15011.892,0.051038407
8265,2021.08.025.0,82.458755,99.174934,15011.892,0.13848522
8266,2021.08.026.0,83.376114,85.93869,15011.892,0.1361218
8267,2021.08.027.0,62.276848,78.86708,15011.892,0.13375838
8268,2021.08.025.0,23.28907,25.237053,15106.854,0.05576526
8269,2021.08.026.0,19.619637,17.627235,15106.854,0.053401835
8270,2021.08.027.0,14.1154785,12.610176,15106.854,0.051038407
8271,2021.08.025.0,89.79763,114.61151,15106.854,0.13848522
8272,2021.08.026.0,83.376114,93.32172,15106.854,0.1361218
8273,2021.08.027.0,68.698364,81.98398,15106.854,0.13375838
8274,2021.08.025.0,215.47586,313.24292,15106.854,0.27083716
8275,2021.08.026.0,220.98001,255.6693,15106.854,0.26847374
8276,2021.08.027.0,184.28564,222.67827,15106.854,0.26611033
8277,2021.08.027.0,344.82355,412.6828,15106.854,0.48118225
8278,2021.08.025.0,26.041153,41.228703,15201.815,0.05576526
8279,2021.08.026.0,21.454361,31.982037,15201.815,0.053401835
8280,2021.08.027.0,15.491524,26.54963,15201.815,0.051038407
8281,2021.08.026.0,95.30179,102.28487,15201.815,0.1361218
8282,2021.08.027.0,75.11988,90.92798,15201.815,0.13375838
8283,2021.08.025.0,28.334553,45.231663,15296.777,0.05576526
8284,2021.08.026.0,24.665112,30.272968,15296.777,0.053401835
8285,2021.08.027.0,17.32624,27.053394,15296.777,0.051038407
8286,2021.08.026.0,102.64066,109.60167,15296.777,0.1361218
8287,2021.08.027.0,79.70667,95.26861,15296.777,0.13375838
8288,2021.08.025.0,30.627949,58.17637,15391.738,0.05576526
8289,2021.08.026.0,27.417187,36.885338,15391.738,0.053401835
8290,2021.08.027.0,18.702278,30.297241,15391.738,0.051038407
8291,2021.08.026.0,115.48369,128.0785,15391.738,0.1361218
8292,2021.08.027.0,85.21083,106.11218,15391.738,0.13375838
8293,2021.08.025.0,35.21475,59.48761,15486.7,0.05576526
8294,2021.08.026.0,31.086628,39.03277,15486.7,0.053401835
8295,2021.08.027.0,20.995674,31.559486,15486.7,0.051038407
8296,2021.08.025.0,115.48369,160.2458,15486.7,0.13848522
8297,2021.08.026.0,118.23577,110.98444,15486.7,0.1361218
8298,2021.08.027.0,91.63235,108.20171,15486.7,0.13375838
8299,2021.08.025.0,38.425507,71.800255,15581.662,0.05576526
8300,2021.08.026.0,33.380024,45.0901,15581.662,0.053401835
8301,2021.08.027.0,23.28907,30.638275,15581.662,0.051038407
8302,2021.08.027.0,103.55802,115.34897,15581.662,0.13375838
8303,2021.08.025.0,43.0123,75.9742,15676.624,0.05576526
8304,2021.08.026.0,37.508144,44.73032,15676.624,0.053401835
8305,2021.08.027.0,26.041153,33.756763,15676.624,0.051038407
8306,2021.08.026.0,302.625,365.69464,15676.624,0.26847374
8307,2021.08.027.0,299.87292,317.64032,15676.624,0.26611033
8308,2021.08.025.0,48.516457,87.960335,15771.586,0.05576526
8309,2021.08.026.0,42.09494,52.978786,15771.586,0.053401835
8310,2021.08.027.0,29.251907,36.75559,15771.586,0.051038407
8311,2021.08.025.0,54.020615,94.93087,15866.548,0.05576526
8312,2021.08.026.0,46.68174,54.8172,15866.548,0.053401835
8313,2021.08.027.0,32.921345,36.78305,15866.548,0.051038407
8314,2021.08.027.0,132.91351,150.45029,15866.548,0.13375838
8315,2021.08.025.0,60.44213,93.38487,15961.51,0.05576526
8316,2021.08.026.0,54.020615,57.95295,15961.51,0.053401835
8317,2021.08.027.0,37.508144,38.290424,15961.51,0.051038407
8318,2021.08.027.0,148.50864,165.74687,15961.51,0.13375838
8319,2021.08.025.0,68.698364,117.59903,16056.472,0.05576526
8320,2021.08.026.0,63.194206,68.71462,16056.472,0.053401835
8321,2021.08.027.0,43.0123,43.97315,16056.472,0.051038407
8322,2021.08.025.0,198.04602,241.16322,16056.472,0.13848522
8323,2021.08.026.0,192.54187,188.84363,16056.472,0.1361218
8324,2021.08.027.0,153.09543,169.72662,16056.472,0.13375838
8325,2021.08.026.0,620.0314,444.16656,16056.472,0.4835457
8326,2021.08.025.0,77.871956,131.03441,16151.434,0.05576526
8327,2021.08.026.0,65.94629,84.63004,16151.434,0.053401835
8328,2021.08.027.0,48.516457,59.768356,16151.434,0.051038407
8329,2021.08.025.0,219.1453,266.7531,16151.434,0.13848522
8330,2021.08.026.0,202.63283,207.79854,16151.434,0.1361218
8331,2021.08.027.0,169.6079,177.049,16151.434,0.13375838
8332,2021.08.025.0,87.04555,136.77075,16246.3955,0.05576526
8333,2021.08.026.0,81.5414,94.96773,16246.3955,0.053401835
8334,2021.08.027.0,55.85533,73.66795,16246.3955,0.051038407
8335,2021.08.025.0,231.98833,322.46918,16246.3955,0.13848522
8336,2021.08.026.0,223.73209,243.76634,16246.3955,0.1361218
8337,2021.08.027.0,182.45093,208.15747,16246.3955,0.13375838
8338,2021.08.025.0,101.7233,141.07083,16341.356,0.05576526
8339,2021.08.026.0,91.63235,101.688995,16341.356,0.053401835
8340,2021.08.027.0,65.02892,81.48921,16341.356,0.051038407
8341,2021.08.025.0,250.33553,325.46655,16341.356,0.13848522
8342,2021.08.026.0,251.25287,247.42644,16341.356,0.1361218
8343,2021.08.027.0,193.45923,225.87682,16341.356,0.13375838
8344,2021.08.025.0,114.56633,150.27257,16436.318,0.05576526
8345,2021.08.026.0,107.227455,104.586975,16436.318,0.053401835
8346,2021.08.027.0,74.20252,86.67503,16436.318,0.051038407
8347,2021.08.025.0,282.44308,335.74152,16436.318,0.13848522
8348,2021.08.026.0,271.43478,269.23416,16436.318,0.1361218
8349,2021.08.027.0,220.98001,230.03293,16436.318,0.13375838
8350,2021.08.025.0,131.99615,163.80511,16531.281,0.05576526
8351,2021.08.026.0,122.82257,115.01308,16531.281,0.053401835
8352,2021.08.027.0,83.376114,98.114365,16531.281,0.051038407
8353,2021.08.026.0,295.28613,289.475,16531.281,0.1361218
8354,2021.08.027.0,240.24455,260.7459,16531.281,0.13375838
8355,2021.08.025.0,150.34335,178.87729,16626.242,0.05576526
8356,2021.08.026.0,142.08711,126.01401,16626.242,0.053401835
8357,2021.08.027.0,96.21915,108.3009,16626.242,0.051038407
8358,2021.08.025.0,339.31937,354.9383,16626.242,0.13848522
8359,2021.08.026.0,349.41034,317.65512,16626.242,0.1361218
8360,2021.08.027.0,266.848,300.31253,16626.242,0.13375838
8361,2021.08.025.0,174.1947,201.49193,16721.205,0.05576526
8362,2021.08.026.0,165.0211,151.00948,16721.205,0.053401835
8363,2021.08.027.0,112.73161,130.8199,16721.205,0.051038407
8364,2021.08.025.0,367.7575,370.23108,16721.205,0.13848522
8365,2021.08.026.0,358.58392,342.5713,16721.205,0.1361218
8366,2021.08.027.0,294.36877,327.10843,16721.205,0.13375838
8367,2021.08.025.0,203.5502,220.04172,16816.166,0.05576526
8368,2021.08.026.0,194.37659,183.1996,16816.166,0.053401835
8369,2021.08.027.0,131.99615,157.76773,16816.166,0.051038407
8370,2021.08.026.0,387.9394,339.0213,16816.166,0.1361218
8371,2021.08.027.0,323.72424,329.70496,16816.166,0.13375838
8372,2021.08.025.0,238.40985,199.22057,16911.127,0.05576526
8373,2021.08.026.0,225.5668,196.30756,16911.127,0.053401835
8374,2021.08.027.0,157.68222,170.64795,16911.127,0.051038407
8375,2021.08.027.0,342.98883,365.80554,16911.127,0.13375838
8376,2021.08.025.0,237.49248,156.10695,17006.09,0.05576526
8377,2021.08.026.0,254.00494,190.21643,17006.09,0.053401835
8378,2021.08.027.0,184.28564,201.00464,17006.09,0.051038407
8379,2021.08.024.0,315.46802,253.56145,17006.09,0.14084865
8380,2021.08.025.0,369.59222,287.63812,17006.09,0.13848522
8381,2021.08.026.0,376.9311,330.12543,17006.09,0.1361218
8382,2021.08.027.0,377.84845,346.65033,17006.09,0.13375838
8383,2021.08.025.0,743.8749,439.90143,17006.09,0.48590907
8384,2021.08.026.0,771.3957,441.8263,17006.09,0.4835457
8385,2021.08.027.0,853.958,442.65186,17006.09,0.48118225
8386,2021.08.025.0,187.95508,138.75005,17101.05,0.05576526
8387,2021.08.026.0,206.30226,178.08096,17101.05,0.053401835
8388,2021.08.027.0,216.39322,188.08209,17101.05,0.051038407
8389,2021.08.025.0,149.426,104.08164,17196.014,0.05576526
8390,2021.08.026.0,162.26901,141.69789,17196.014,0.053401835
8391,2021.08.027.0,230.15361,148.68532,17196.014,0.051038407
8392,2021.08.027.0,366.84015,299.38702,17196.014,0.13375838
8393,2021.08.025.0,111.814255,81.908394,17290.975,0.05576526
8394,2021.08.026.0,125.574646,118.87079,17290.975,0.053401835
8395,2021.08.027.0,181.53357,116.11191,17290.975,0.051038407
8396,2021.08.025.0,254.92232,201.8223,17290.975,0.13848522
8397,2021.08.026.0,265.9306,250.23343,17290.975,0.1361218
8398,2021.08.027.0,347.57562,268.0731,17290.975,0.13375838
8399,2021.08.025.0,84.29347,57.408516,17385.938,0.05576526
8400,2021.08.026.0,94.38442,86.31068,17385.938,0.053401835
8401,2021.08.027.0,141.16975,90.07916,17385.938,0.051038407
8402,2021.08.025.0,209.97171,174.93535,17385.938,0.13848522
8403,2021.08.026.0,220.06265,217.20006,17385.938,0.1361218
8404,2021.08.027.0,286.11252,229.57239,17385.938,0.13375838
8405,2021.08.025.0,62.276848,39.12439,17480.898,0.05576526
8406,2021.08.026.0,70.53308,59.92513,17480.898,0.053401835
8407,2021.08.027.0,107.227455,60.127438,17480.898,0.051038407
8408,2021.08.026.0,192.54187,184.39606,17480.898,0.1361218
8409,2021.08.027.0,247.58344,208.67314,17480.898,0.13375838
8410,2021.08.025.0,43.92966,25.191227,17575.861,0.05576526
8411,2021.08.026.0,50.351173,39.117203,17575.861,0.053401835
8412,2021.08.027.0,79.70667,37.409763,17575.861,0.051038407
8413,2021.08.026.0,159.51694,160.39651,17575.861,0.1361218
8414,2021.08.027.0,204.46753,155.76689,17575.861,0.13375838
8415,2021.08.025.0,31.545307,19.739227,17670.822,0.05576526
8416,2021.08.026.0,37.049465,32.48818,17670.822,0.053401835
8417,2021.08.027.0,57.69005,34.224136,17670.822,0.051038407
8418,2021.08.027.0,167.77318,127.38243,17670.822,0.13375838
8419,2021.08.025.0,22.830395,15.840843,17765.783,0.05576526
8420,2021.08.026.0,26.499832,21.383797,17765.783,0.053401835
8421,2021.08.027.0,41.63626,24.196426,17765.783,0.051038407
8422,2021.08.025.0,107.227455,91.78068,17765.783,0.13848522
8423,2021.08.026.0,114.56633,108.172104,17765.783,0.1361218
8424,2021.08.027.0,154.93015,111.02832,17765.783,0.13375838
8425,2021.08.025.0,257.67438,208.10938,17765.783,0.27083716
8426,2021.08.026.0,269.60004,248.97406,17765.783,0.26847374
8427,2021.08.027.0,315.46802,269.9019,17765.783,0.26611033
8428,2021.08.025.0,16.867554,12.40155,17860.746,0.05576526
8429,2021.08.026.0,19.160957,18.036133,17860.746,0.053401835
8430,2021.08.027.0,29.710594,18.573982,17860.746,0.051038407
8431,2021.08.026.0,95.30179,86.90533,17860.746,0.1361218
8432,2021.08.027.0,124.65729,93.05786,17860.746,0.13375838
8433,2021.08.025.0,11.8220825,10.044991,17955.707,0.05576526
8434,2021.08.026.0,14.1154785,11.1964035,17955.707,0.053401835
8435,2021.08.027.0,21.454361,12.337326,17955.707,0.051038407
8436,2021.08.025.0,71.45044,50.295464,17955.707,0.13848522
8437,2021.08.026.0,79.70667,69.01671,17955.707,0.1361218
8438,2021.08.027.0,109.06218,73.12914,17955.707,0.13375838
8439,2021.08.026.0,211.80643,182.14891,17955.707,0.26847374
8440,2021.08.027.0,257.67438,217.25935,17955.707,0.26611033
8441,2021.08.025.0,9.528687,7.8134766,18050.67,0.05576526
8442,2021.08.026.0,10.446045,9.42675,18050.67,0.053401835
8443,2021.08.027.0,15.491524,7.8252945,18050.67,0.051038407
8444,2021.08.025.0,60.44213,45.52493,18050.67,0.13848522
8445,2021.08.026.0,65.94629,55.450058,18050.67,0.1361218
8446,2021.08.027.0,87.96291,56.750984,18050.67,0.13375838
8447,2021.08.025.0,8.060913,4.79187,18145.63,0.05576526
8448,2021.08.026.0,8.703064,5.7971725,18145.63,0.053401835
8449,2021.08.027.0,12.280762,5.9458237,18145.63,0.051038407
8450,2021.08.025.0,52.185894,33.589214,18145.63,0.13848522
8451,2021.08.026.0,55.85533,49.624798,18145.63,0.1361218
8452,2021.08.027.0,74.20252,49.90734,18145.63,0.13375838
8453,2021.08.026.0,161.35165,167.0105,18145.63,0.26847374
8454,2021.08.027.0,197.12868,166.84662,18145.63,0.26611033
8455,2021.08.025.0,6.4096603,3.844429,18240.594,0.05576526
8456,2021.08.026.0,7.2352905,3.7460327,18240.594,0.053401835
8457,2021.08.027.0,9.712151,4.337921,18240.594,0.051038407
8458,2021.08.026.0,40.718903,39.035442,18240.594,0.1361218
8459,2021.08.027.0,58.607407,34.9887,18240.594,0.13375838
8460,2021.08.025.0,6.4096603,3.314705,18335.555,0.05576526
8461,2021.08.026.0,5.2170944,2.69767,18335.555,0.053401835
8462,2021.08.027.0,7.9691772,0.4490509,18335.555,0.051038407
8463,2021.08.027.0,48.516457,29.434574,18335.555,0.13375838
8464,2021.08.025.0,4.758415,2.5879288,18430.518,0.05576526
8465,2021.08.026.0,4.850151,2.0086365,18430.518,0.053401835
8466,2021.08.027.0,5.584038,0.8219681,18430.518,0.051038407
8467,2021.08.026.0,32.00399,19.131592,18430.518,0.1361218
8468,2021.08.027.0,38.884182,21.122887,18430.518,0.13375838
8469,2021.08.026.0,3.4741135,1.41465,18525.479,0.05576526
8470,2021.08.027.0,5.6757812,-0.22346497,18525.479,0.051038407
8471,2021.08.027.0,37.508144,18.65606,18525.479,0.13375838
8472,2021.08.027.0,4.208,1.7054749,18620.441,0.051038407
8473,2021.08.025.0,3.3823776,0.67972565,18715.402,0.05576526
8474,2021.08.026.0,3.6575851,-1.3186646,18715.402,0.053401835
8475,2021.08.027.0,4.1162567,-1.7627106,18715.402,0.051038407
8476,2021.08.026.0,87.04555,74.95902,18715.402,0.26847374
8477,2021.08.027.0,101.7233,86.56742,18715.402,0.26611033
8478,2021.08.025.0,2.9236984,-1.189537,18905.326,0.05576526
8479,2021.08.026.0,4.0245285,-2.9687347,18905.326,0.053401835
8480,2021.08.027.0,3.8410568,-2.8041916,18905.326,0.051038407
8481,2021.08.026.0,72.3678,64.74277,18905.326,0.26847374
8482,2021.08.027.0,83.376114,71.4496,18905.326,0.26611033
8483,2021.08.025.0,2.00634,-5.3327026,19854.943,0.05576526
8484,2021.08.026.0,1.8228607,-7.209297,19854.943,0.053401835
8485,2021.08.026.0,28.334553,28.308891,19854.943,0.26847374
8486,2021.08.027.0,30.16927,22.876461,19854.943,0.26611033
8487,2021.08.026.0,1.1807175,-10.155815,20804.562,0.053401835
8488,2021.08.027.0,1.1807175,-11.689507,20804.562,0.051038407
8489,2021.08.025.0,1.2724533,-7.243271,20994.486,0.05576526
8490,2021.08.026.0,1.1807175,-10.3003235,20994.486,0.053401835
8491,2021.08.027.0,1.0889816,-12.087975,20994.486,0.051038407
8492,2021.08.025.0,9.436951,22.204498,21564.258,0.27083716
8493,2021.08.027.0,10.446045,15.889496,21564.258,0.26847374
8494,2021.08.026.0,23.28907,35.246223,21564.258,0.4835457
8495,2021.08.027.0,25.582474,31.044079,21564.258,0.48118225
8496,2021.09.01.0,1.5476608,-3.7983246,11498.305,0.03922127
8497,2021.09.02.0,1.4559174,-3.3558807,11498.305,0.03685784
8498,2021.09.03.0,1.4559174,-4.4735107,11498.305,0.034494415
8499,2021.09.01.0,1.2724533,-1.1488113,12257.999,0.03922127
8500,2021.09.02.0,0.99723816,-3.910736,12257.999,0.03685784
8501,2021.09.03.0,1.2724533,-6.2876663,12257.999,0.034494415
8502,2021.09.01.0,44.84702,32.64958,12447.923,0.25429317
8503,2021.09.02.0,48.516457,30.478905,12447.923,0.25192976
8504,2021.09.03.0,39.801544,34.490593,12447.923,0.24956635
8505,2021.09.01.0,1.3641815,5.924057,12637.846,0.03922127
8506,2021.09.03.0,2.6484833,0.8772812,12637.846,0.03685784
8507,2021.09.01.0,1.4559174,-1.7633057,12827.77,0.03922127
8508,2021.09.01.0,1.5476608,-1.3229599,13017.693,0.03922127
8509,2021.09.02.0,1.0889816,-2.8644028,13017.693,0.03685784
8510,2021.09.03.0,1.2724533,-4.643471,13017.693,0.034494415
8511,2021.09.01.0,1.5476608,-1.3689575,13207.617,0.03922127
8512,2021.09.02.0,1.1807175,-3.0634232,13207.617,0.03685784
8513,2021.09.03.0,1.0889816,-4.5725403,13207.617,0.034494415
8514,2021.09.01.0,61.35949,50.504086,13207.617,0.25429317
8515,2021.09.03.0,51.268536,49.676224,13207.617,0.25192976
8516,2021.09.01.0,1.5476608,4.7777634,13397.541,0.03922127
8517,2021.09.02.0,1.2724533,-0.3215332,13397.541,0.03685784
8518,2021.09.03.0,1.1807175,-1.7282104,13397.541,0.034494415
8519,2021.09.03.0,131.0788,95.06506,13397.541,0.46463823
8520,2021.09.01.0,2.00634,-0.6703186,13587.465,0.03922127
8521,2021.09.02.0,1.3641815,-1.7949753,13587.465,0.03685784
8522,2021.09.03.0,1.1807175,-3.7281723,13587.465,0.034494415
8523,2021.09.01.0,2.00634,-1.6860504,13777.388,0.03922127
8524,2021.09.02.0,1.5476608,-2.8208923,13777.388,0.03685784
8525,2021.09.03.0,1.7311325,-3.6388931,13777.388,0.034494415
8526,2021.09.02.0,3.3823776,-2.7197037,13967.312,0.03685784
8527,2021.09.03.0,1.9145966,2.6175995,13967.312,0.034494415
8528,2021.09.01.0,2.3732834,-1.2133942,14157.235,0.03922127
8529,2021.09.02.0,2.28154,-2.5880966,14157.235,0.03685784
8530,2021.09.03.0,2.189804,-2.108055,14157.235,0.034494415
8531,2021.09.02.0,99.88858,78.11413,14157.235,0.25192976
8532,2021.09.03.0,71.45044,93.45651,14157.235,0.24956635
8533,2021.09.03.0,2.00634,-2.7123184,14252.197,0.03685784
8534,2021.09.02.0,21.91304,22.03601,14252.197,0.1195778
8535,2021.09.03.0,18.243599,17.836731,14252.197,0.117214374
8536,2021.09.01.0,2.556755,-0.038757324,14347.158,0.03922127
8537,2021.09.02.0,1.9145966,-2.892479,14347.158,0.03685784
8538,2021.09.03.0,2.189804,-3.283722,14347.158,0.034494415
8539,2021.09.02.0,2.6484833,-1.1734467,14442.121,0.03922127
8540,2021.09.03.0,2.6484833,-2.0674057,14442.121,0.034494415
8541,2021.09.01.0,26.499832,30.118256,14442.121,0.12194124
8542,2021.09.02.0,30.627949,26.207508,14442.121,0.1195778
8543,2021.09.01.0,3.10717,-1.4076309,14537.082,0.03922127
8544,2021.09.02.0,2.6484833,-2.345375,14537.082,0.03685784
8545,2021.09.03.0,2.4650192,-2.256546,14537.082,0.034494415
8546,2021.09.03.0,25.582474,32.1842,14537.082,0.1195778
8547,2021.09.01.0,3.198906,-1.398323,14632.044,0.03922127
8548,2021.09.02.0,4.1162567,-2.5974197,14632.044,0.03685784
8549,2021.09.03.0,2.3732834,1.1048737,14632.044,0.034494415
8550,2021.09.01.0,30.16927,28.383667,14632.044,0.12194124
8551,2021.09.02.0,31.545307,28.075695,14632.044,0.1195778
8552,2021.09.03.0,23.747757,25.376987,14632.044,0.117214374
8553,2021.09.01.0,3.5658493,-0.6548996,14727.006,0.03922127
8554,2021.09.02.0,4.4832077,-2.4298325,14727.006,0.03685784
8555,2021.09.03.0,2.00634,1.1009598,14727.006,0.034494415
8556,2021.09.01.0,3.5658493,-1.0473099,14821.968,0.03922127
8557,2021.09.02.0,4.208,-3.094307,14821.968,0.03685784
8558,2021.09.03.0,2.831955,-0.31795502,14821.968,0.034494415
8559,2021.09.02.0,35.21475,35.686493,14821.968,0.1195778
8560,2021.09.03.0,30.16927,28.626106,14821.968,0.117214374
8561,2021.09.01.0,4.850151,-1.1435394,14916.93,0.03922127
8562,2021.09.02.0,4.850151,-1.5193634,14916.93,0.03685784
8563,2021.09.03.0,2.9236984,-0.8809204,14916.93,0.034494415
8564,2021.09.02.0,39.342865,35.569187,14916.93,0.1195778
8565,2021.09.03.0,30.16927,36.459583,14916.93,0.117214374
8566,2021.09.01.0,4.0245285,-0.6744003,15011.892,0.03922127
8567,2021.09.02.0,4.208,-2.9029999,15011.892,0.03685784
8568,2021.09.03.0,3.198906,-0.12598419,15011.892,0.034494415
8569,2021.09.01.0,42.09494,40.2321,15011.892,0.12194124
8570,2021.09.02.0,43.0123,40.29866,15011.892,0.1195778
8571,2021.09.03.0,32.921345,39.537697,15011.892,0.117214374
8572,2021.09.01.0,4.299736,-3.7514648,15106.854,0.03922127
8573,2021.09.02.0,4.1162567,-5.5306473,15106.854,0.03685784
8574,2021.09.03.0,3.4741135,-3.701332,15106.854,0.034494415
8575,2021.09.01.0,44.38834,39.453556,15106.854,0.12194124
8576,2021.09.02.0,47.5991,42.44596,15106.854,0.1195778
8577,2021.09.03.0,33.380024,42.920345,15106.854,0.117214374
8578,2021.09.02.0,170.52525,143.66989,15106.854,0.25429317
8579,2021.09.03.0,140.2524,142.69702,15106.854,0.24956635
8580,2021.09.01.0,315.46802,313.1635,15106.854,0.46936506
8581,2021.09.02.0,324.6416,281.94254,15106.854,0.46700165
8582,2021.09.03.0,294.36877,260.2146,15106.854,0.46463823
8583,2021.09.01.0,5.0336227,0.42230225,15201.815,0.03922127
8584,2021.09.02.0,5.1253586,-2.2414322,15201.815,0.03685784
8585,2021.09.03.0,3.3823776,0.16866302,15201.815,0.034494415
8586,2021.09.01.0,46.68174,46.718273,15201.815,0.12194124
8587,2021.09.02.0,50.351173,42.118103,15201.815,0.1195778
8588,2021.09.03.0,36.590786,46.012154,15201.815,0.117214374
8589,2021.09.01.0,5.2170944,1.3629379,15296.777,0.03922127
8590,2021.09.02.0,5.950981,-1.7118454,15296.777,0.03685784
8591,2021.09.03.0,3.10717,1.1009369,15296.777,0.034494415
8592,2021.09.02.0,54.020615,45.048534,15296.777,0.1195778
8593,2021.09.03.0,39.801544,48.12286,15296.777,0.117214374
8594,2021.09.01.0,5.308838,4.169899,15391.738,0.03922127
8595,2021.09.02.0,6.684868,0.61626434,15391.738,0.03685784
8596,2021.09.03.0,4.4832077,3.4206696,15391.738,0.034494415
8597,2021.09.01.0,54.937973,46.053425,15391.738,0.12194124
8598,2021.09.02.0,59.52477,47.04068,15391.738,0.1195778
8599,2021.09.03.0,44.38834,51.40858,15391.738,0.117214374
8600,2021.09.01.0,5.950981,4.6756897,15486.7,0.03922127
8601,2021.09.02.0,7.4187546,-0.15814209,15486.7,0.03685784
8602,2021.09.03.0,4.5749435,3.502182,15486.7,0.034494415
8603,2021.09.01.0,58.607407,50.362026,15486.7,0.12194124
8604,2021.09.02.0,66.86365,46.419792,15486.7,0.1195778
8605,2021.09.03.0,48.516457,55.116207,15486.7,0.117214374
8606,2021.09.03.0,183.36829,188.2544,15486.7,0.24956635
8607,2021.09.01.0,6.7766037,5.3206863,15581.662,0.03922127
8608,2021.09.02.0,8.427856,-1.0354385,15581.662,0.03685784
8609,2021.09.03.0,5.492302,3.3205643,15581.662,0.034494415
8610,2021.09.01.0,63.194206,51.770878,15581.662,0.12194124
8611,2021.09.02.0,70.53308,52.277184,15581.662,0.1195778
8612,2021.09.03.0,52.185894,57.96413,15581.662,0.117214374
8613,2021.09.01.0,7.4187546,7.341797,15676.624,0.03922127
8614,2021.09.02.0,9.987366,4.948723,15676.624,0.03685784
8615,2021.09.03.0,6.0427094,9.407051,15676.624,0.034494415
8616,2021.09.02.0,77.871956,54.15027,15676.624,0.1195778
8617,2021.09.03.0,56.77269,63.72895,15676.624,0.117214374
8618,2021.09.01.0,220.06265,219.7389,15676.624,0.25429317
8619,2021.09.02.0,239.32721,205.50601,15676.624,0.25192976
8620,2021.09.03.0,225.5668,209.16483,15676.624,0.24956635
8621,2021.09.01.0,8.244377,7.4443665,15771.586,0.03922127
8622,2021.09.02.0,11.8220825,4.5249863,15771.586,0.03685784
8623,2021.09.03.0,7.051811,10.033089,15771.586,0.034494415
8624,2021.09.01.0,76.9546,66.57768,15771.586,0.12194124
8625,2021.09.02.0,83.376114,62.288006,15771.586,0.1195778
8626,2021.09.03.0,61.35949,68.87048,15771.586,0.117214374
8627,2021.09.01.0,9.528687,9.076851,15866.548,0.03922127
8628,2021.09.02.0,12.739441,4.9563217,15866.548,0.03685784
8629,2021.09.03.0,7.3270187,10.401215,15866.548,0.034494415
8630,2021.09.01.0,85.21083,72.57397,15866.548,0.12194124
8631,2021.09.02.0,95.30179,69.99157,15866.548,0.1195778
8632,2021.09.03.0,66.86365,79.32077,15866.548,0.117214374
8633,2021.09.01.0,11.363403,7.638321,15961.51,0.03922127
8634,2021.09.02.0,14.574158,8.882042,15961.51,0.03685784
8635,2021.09.03.0,8.703064,15.756714,15961.51,0.034494415
8636,2021.09.01.0,93.467064,78.76704,15961.51,0.12194124
8637,2021.09.02.0,104.47538,75.36792,15961.51,0.1195778
8638,2021.09.03.0,76.03724,87.24089,15961.51,0.117214374
8639,2021.09.01.0,13.19812,14.2669525,16056.472,0.03922127
8640,2021.09.02.0,16.867554,10.09745,16056.472,0.03685784
8641,2021.09.03.0,9.987366,12.382263,16056.472,0.034494415
8642,2021.09.01.0,100.80594,83.819046,16056.472,0.12194124
8643,2021.09.02.0,109.97954,85.09152,16056.472,0.1195778
8644,2021.09.03.0,79.70667,91.12636,16056.472,0.117214374
8645,2021.09.01.0,276.93893,277.73438,16056.472,0.25429317
8646,2021.09.02.0,285.1952,260.89355,16056.472,0.25192976
8647,2021.09.03.0,254.92232,257.7435,16056.472,0.24956635
8648,2021.09.01.0,15.032837,14.251701,16151.434,0.03922127
8649,2021.09.02.0,19.160957,12.216827,16151.434,0.03685784
8650,2021.09.03.0,11.363403,17.42363,16151.434,0.034494415
8651,2021.09.01.0,109.06218,93.8797,16151.434,0.12194124
8652,2021.09.02.0,123.73993,96.40768,16151.434,0.1195778
8653,2021.09.03.0,90.71499,109.736595,16151.434,0.117214374
8654,2021.09.01.0,17.78492,13.754143,16246.3955,0.03922127
8655,2021.09.02.0,23.747757,12.569359,16246.3955,0.03685784
8656,2021.09.03.0,13.19812,19.088722,16246.3955,0.034494415
8657,2021.09.01.0,119.15312,100.55875,16246.3955,0.12194124
8658,2021.09.02.0,138.41768,95.80519,16246.3955,0.1195778
8659,2021.09.03.0,100.80594,119.74611,16246.3955,0.117214374
8660,2021.09.01.0,20.995674,14.419838,16341.356,0.03922127
8661,2021.09.02.0,26.958511,10.642914,16341.356,0.03685784
8662,2021.09.03.0,15.032837,18.470863,16341.356,0.034494415
8663,2021.09.01.0,133.83087,106.78738,16341.356,0.12194124
8664,2021.09.02.0,152.17807,112.513855,16341.356,0.1195778
8665,2021.09.03.0,110.8969,129.65637,16341.356,0.117214374
8666,2021.09.01.0,24.665112,14.364784,16436.318,0.03922127
8667,2021.09.02.0,32.46267,12.698761,16436.318,0.03685784
8668,2021.09.03.0,18.243599,27.293816,16436.318,0.034494415
8669,2021.09.01.0,152.17807,124.42656,16436.318,0.12194124
8670,2021.09.02.0,156.76486,131.89932,16436.318,0.1195778
8671,2021.09.03.0,124.65729,137.57732,16436.318,0.117214374
8672,2021.09.02.0,386.10468,335.1393,16436.318,0.25192976
8673,2021.09.01.0,29.251907,17.476562,16531.281,0.03922127
8674,2021.09.02.0,38.425507,11.37291,16531.281,0.03685784
8675,2021.09.03.0,21.91304,25.295208,16531.281,0.034494415
8676,2021.09.01.0,159.51694,143.09613,16531.281,0.12194124
8677,2021.09.02.0,178.7815,143.11484,16531.281,0.1195778
8678,2021.09.03.0,134.74823,158.28656,16531.281,0.117214374
8679,2021.09.01.0,34.756065,20.20678,16626.242,0.03922127
8680,2021.09.02.0,45.764378,18.129082,16626.242,0.03685784
8681,2021.09.03.0,25.582474,35.706375,16626.242,0.034494415
8682,2021.09.01.0,177.86414,160.06065,16626.242,0.12194124
8683,2021.09.02.0,198.04602,157.25298,16626.242,0.1195778
8684,2021.09.03.0,150.34335,175.95644,16626.242,0.117214374
8685,2021.09.01.0,42.09494,30.238495,16721.205,0.03922127
8686,2021.09.02.0,55.85533,22.410244,16721.205,0.03685784
8687,2021.09.03.0,31.086628,42.813683,16721.205,0.034494415
8688,2021.09.01.0,193.45923,176.4101,16721.205,0.12194124
8689,2021.09.02.0,214.5585,170.62845,16721.205,0.1195778
8690,2021.09.03.0,167.77318,190.3773,16721.205,0.117214374
8691,2021.09.01.0,50.351173,39.936306,16816.166,0.03922127
8692,2021.09.02.0,69.61572,30.682194,16816.166,0.03685784
8693,2021.09.03.0,38.425507,55.358093,16816.166,0.034494415
8694,2021.09.01.0,219.1453,191.62592,16816.166,0.12194124
8695,2021.09.02.0,243.914,195.5173,16816.166,0.1195778
8696,2021.09.03.0,184.28564,216.925,16816.166,0.117214374
8697,2021.09.03.0,427.38586,418.48657,16816.166,0.24956635
8698,2021.09.01.0,63.194206,52.5169,16911.127,0.03922127
8699,2021.09.02.0,83.376114,40.441757,16911.127,0.03685784
8700,2021.09.03.0,46.68174,63.847237,16911.127,0.034494415
8701,2021.09.01.0,234.7404,217.04892,16911.127,0.12194124
8702,2021.09.02.0,269.60004,213.96786,16911.127,0.1195778
8703,2021.09.03.0,200.79811,238.63542,16911.127,0.117214374
8704,2021.09.01.0,74.20252,68.18735,17006.09,0.03922127
8705,2021.09.02.0,102.64066,53.544853,17006.09,0.03685784
8706,2021.09.03.0,58.607407,79.83229,17006.09,0.034494415
8707,2021.09.01.0,262.26117,246.89859,17006.09,0.12194124
8708,2021.09.02.0,299.87292,242.07285,17006.09,0.1195778
8709,2021.09.03.0,231.07097,266.77454,17006.09,0.117214374
8710,2021.09.01.0,93.467064,98.45416,17101.05,0.03922127
8711,2021.09.02.0,124.65729,78.76613,17101.05,0.03685784
8712,2021.09.03.0,74.20252,103.710556,17101.05,0.034494415
8713,2021.09.02.0,339.31937,277.58804,17101.05,0.1195778
8714,2021.09.03.0,259.5091,299.87177,17101.05,0.117214374
8715,2021.09.01.0,114.56633,120.887695,17196.014,0.03922127
8716,2021.09.02.0,154.93015,102.39041,17196.014,0.03685784
8717,2021.09.03.0,95.30179,125.125946,17196.014,0.034494415
8718,2021.09.02.0,384.27002,297.41586,17196.014,0.1195778
8719,2021.09.03.0,285.1952,321.8031,17196.014,0.117214374
8720,2021.09.01.0,139.33504,140.46597,17290.975,0.03922127
8721,2021.09.02.0,188.87244,123.49785,17290.975,0.03685784
8722,2021.09.03.0,120.07049,142.24133,17290.975,0.034494415
8723,2021.09.01.0,361.336,335.3449,17290.975,0.12194124
8724,2021.09.02.0,366.84015,337.55176,17290.975,0.1195778
8725,2021.09.03.0,322.8069,335.3293,17290.975,0.117214374
8726,2021.09.01.0,172.35997,158.68553,17385.938,0.03922127
8727,2021.09.02.0,157.68222,136.86688,17385.938,0.03685784
8728,2021.09.03.0,146.67392,130.39337,17385.938,0.034494415
8729,2021.09.01.0,392.52625,345.4074,17385.938,0.12194124
8730,2021.09.02.0,321.88953,348.904,17385.938,0.1195778
8731,2021.09.03.0,356.7492,320.09882,17385.938,0.117214374
8732,2021.09.02.0,711.76733,442.36243,17385.938,0.46700165
8733,2021.09.03.0,757.63525,443.14636,17385.938,0.46463823
8734,2021.09.01.0,187.03772,155.83977,17480.898,0.03922127
8735,2021.09.02.0,115.48369,149.18959,17480.898,0.03685784
8736,2021.09.03.0,182.45093,100.14363,17480.898,0.034494415
8737,2021.09.01.0,350.3277,322.5179,17480.898,0.12194124
8738,2021.09.02.0,272.35214,330.13885,17480.898,0.1195778
8739,2021.09.03.0,353.99713,281.61597,17480.898,0.117214374
8740,2021.09.01.0,142.08711,130.2103,17575.861,0.03922127
8741,2021.09.02.0,83.376114,127.76402,17575.861,0.03685784
8742,2021.09.03.0,143.92183,77.055145,17575.861,0.034494415
8743,2021.09.01.0,303.54236,278.04337,17575.861,0.12194124
8744,2021.09.02.0,228.31888,291.16962,17575.861,0.1195778
8745,2021.09.03.0,303.54236,244.00449,17575.861,0.117214374
8746,2021.09.02.0,441.1463,409.83258,17575.861,0.25192976
8747,2021.09.03.0,500.7746,416.02637,17575.861,0.24956635
8748,2021.09.01.0,104.47538,109.9853,17670.822,0.03922127
8749,2021.09.02.0,58.607407,102.722015,17670.822,0.03685784
8750,2021.09.03.0,105.39274,57.485584,17670.822,0.034494415
8751,2021.09.01.0,264.0959,251.3935,17670.822,0.12194124
8752,2021.09.02.0,194.37659,248.24081,17670.822,0.1195778
8753,2021.09.03.0,257.67438,192.41214,17670.822,0.117214374
8754,2021.09.01.0,75.11988,84.56118,17765.783,0.03922127
8755,2021.09.02.0,39.342865,73.33274,17765.783,0.03685784
8756,2021.09.03.0,75.11988,35.78018,17765.783,0.034494415
8757,2021.09.01.0,231.98833,219.00621,17765.783,0.12194124
8758,2021.09.02.0,161.35165,216.38289,17765.783,0.1195778
8759,2021.09.03.0,218.22794,188.2143,17765.783,0.117214374
8760,2021.09.01.0,403.53455,355.86914,17765.783,0.25429317
8761,2021.09.02.0,340.23672,382.99316,17765.783,0.25192976
8762,2021.09.03.0,393.4436,365.32257,17765.783,0.24956635
8763,2021.09.01.0,51.268536,58.491684,17860.746,0.03922127
8764,2021.09.02.0,25.582474,53.65708,17860.746,0.03685784
8765,2021.09.03.0,52.185894,28.77288,17860.746,0.034494415
8766,2021.09.01.0,194.37659,177.47517,17860.746,0.12194124
8767,2021.09.02.0,135.6656,190.40091,17860.746,0.1195778
8768,2021.09.03.0,186.12036,148.59369,17860.746,0.117214374
8769,2021.09.01.0,36.132103,36.210217,17955.707,0.03922127
8770,2021.09.02.0,17.32624,25.839672,17955.707,0.03685784
8771,2021.09.03.0,36.590786,12.756645,17955.707,0.034494415
8772,2021.09.01.0,164.10373,139.30519,17955.707,0.12194124
8773,2021.09.02.0,111.814255,145.66393,17955.707,0.1195778
8774,2021.09.03.0,155.8475,110.559555,17955.707,0.117214374
8775,2021.09.02.0,287.94727,359.29266,17955.707,0.25192976
8776,2021.09.03.0,345.7409,344.59753,17955.707,0.24956635
8777,2021.09.03.0,523.7086,430.47552,17955.707,0.46463823
8778,2021.09.01.0,24.665112,33.923183,18050.67,0.03922127
8779,2021.09.02.0,12.280762,25.070656,18050.67,0.03685784
8780,2021.09.03.0,26.041153,15.217789,18050.67,0.034494415
8781,2021.09.01.0,132.91351,122.10337,18050.67,0.12194124
8782,2021.09.02.0,94.38442,118.88534,18050.67,0.1195778
8783,2021.09.03.0,128.32672,93.681786,18050.67,0.117214374
8784,2021.09.01.0,17.32624,21.872833,18145.63,0.03922127
8785,2021.09.02.0,8.886536,19.085266,18145.63,0.03685784
8786,2021.09.03.0,17.78492,11.826607,18145.63,0.034494415
8787,2021.09.01.0,114.56633,96.710434,18145.63,0.12194124
8788,2021.09.02.0,76.03724,109.29155,18145.63,0.1195778
8789,2021.09.03.0,106.3101,78.79528,18145.63,0.117214374
8790,2021.09.01.0,260.42645,258.18555,18145.63,0.25429317
8791,2021.09.02.0,230.15361,270.36276,18145.63,0.25192976
8792,2021.09.03.0,276.02158,245.77142,18145.63,0.24956635
8793,2021.09.01.0,11.8220825,10.24073,18240.594,0.03922127
8794,2021.09.02.0,6.501396,11.094795,18240.594,0.03685784
8795,2021.09.03.0,12.739441,8.480354,18240.594,0.034494415
8796,2021.09.02.0,65.02892,84.31606,18240.594,0.1195778
8797,2021.09.03.0,87.04555,67.75397,18240.594,0.117214374
8798,2021.09.01.0,8.703064,7.456909,18335.555,0.03922127
8799,2021.09.02.0,4.6666794,6.0885925,18335.555,0.03685784
8800,2021.09.03.0,9.070007,4.211426,18335.555,0.034494415
8801,2021.09.02.0,50.351173,71.40649,18335.555,0.1195778
8802,2021.09.03.0,72.3678,53.058674,18335.555,0.117214374
8803,2021.09.01.0,6.3179245,2.8278732,18430.518,0.03922127
8804,2021.09.02.0,3.8410568,1.1507797,18430.518,0.03685784
8805,2021.09.03.0,6.8683395,0.7812195,18430.518,0.034494415
8806,2021.09.02.0,44.38834,52.32462,18430.518,0.1195778
8807,2021.09.03.0,58.607407,38.60671,18430.518,0.117214374
8808,2021.09.02.0,3.3823776,0.036956787,18525.479,0.03685784
8809,2021.09.03.0,5.6757812,-0.18676758,18525.479,0.034494415
8810,2021.09.03.0,48.516457,33.886314,18525.479,0.117214374
8811,2021.09.02.0,2.189804,-3.8759995,18620.441,0.03685784
8812,2021.09.03.0,3.8410568,-3.743515,18620.441,0.034494415
8813,2021.09.03.0,38.425507,29.37783,18620.441,0.117214374
8814,2021.09.01.0,4.299736,-3.3769531,18715.402,0.03922127
8815,2021.09.02.0,3.10717,-3.0184631,18715.402,0.03685784
8816,2021.09.03.0,4.5749435,-2.777893,18715.402,0.034494415
8817,2021.09.02.0,118.23577,143.9555,18715.402,0.25192976
8818,2021.09.03.0,139.33504,125.54562,18715.402,0.24956635
8819,2021.09.01.0,2.6484833,-6.2812347,18905.326,0.03922127
8820,2021.09.02.0,2.6484833,-6.589905,18905.326,0.03685784
8821,2021.09.03.0,3.0154343,-5.147011,18905.326,0.034494415
8822,2021.09.02.0,110.8969,102.54666,18905.326,0.25192976
8823,2021.09.03.0,107.227455,105.58996,18905.326,0.24956635
8824,2021.09.03.0,20.078316,13.749619,19000.287,0.117214374
8825,2021.09.01.0,37.049465,39.718925,19854.943,0.25429317
8826,2021.09.02.0,35.673428,37.444622,19854.943,0.25192976
8827,2021.09.03.0,35.673428,31.25615,19854.943,0.24956635
8828,2021.09.01.0,1.8228607,-16.255203,20804.562,0.03922127
8829,2021.09.01.0,0.99723816,-16.989342,20994.486,0.03922127
8830,2021.09.03.0,0.99723816,-16.529388,20994.486,0.03685784
8831,2021.09.02.0,31.545307,27.171776,21564.258,0.46700165
8832,2021.09.08.0,45.764378,29.233372,12447.923,0.23774919
8833,2021.09.09.0,43.92966,32.723053,12447.923,0.23538578
8834,2021.09.010.0,37.508144,32.24688,12447.923,0.23302233
8835,2021.09.08.0,1.1807175,-1.3021164,13207.617,0.022677273
8836,2021.09.09.0,1.0889816,-0.032417297,13207.617,0.020313844
8837,2021.09.010.0,1.5476608,-3.0220032,13207.617,0.017950423
8838,2021.09.08.0,137.50032,116.54805,13207.617,0.45282108
8839,2021.09.09.0,145.75655,121.30804,13207.617,0.45045763
8840,2021.09.010.0,121.905205,126.33479,13207.617,0.44809425
8841,2021.09.09.0,154.01279,126.79211,13397.541,0.45045763
8842,2021.09.010.0,130.16144,138.35197,13397.541,0.44809425
8843,2021.09.08.0,18.243599,10.588661,13967.312,0.10539725
8844,2021.09.09.0,15.950203,9.143364,13967.312,0.10303382
8845,2021.09.010.0,12.280762,6.3102264,13967.312,0.10067039
8846,2021.09.010.0,11.8220825,11.068344,14062.273,0.10067039
8847,2021.09.08.0,1.1807175,-1.6947784,14157.235,0.022677273
8848,2021.09.09.0,1.1807175,-2.7928467,14157.235,0.020313844
8849,2021.09.010.0,1.2724533,-1.4462738,14157.235,0.017950423
8850,2021.09.08.0,21.454361,16.71614,14157.235,0.10539725
8851,2021.09.09.0,19.160957,16.78106,14157.235,0.10303382
8852,2021.09.010.0,12.739441,14.226997,14157.235,0.10067039
8853,2021.09.09.0,58.607407,57.162796,14157.235,0.16920978
8854,2021.09.010.0,42.09494,57.382156,14157.235,0.16684636
8855,2021.09.08.0,97.136505,90.121155,14157.235,0.23774919
8856,2021.09.09.0,95.30179,86.9639,14157.235,0.23538578
8857,2021.09.010.0,90.71499,83.46536,14157.235,0.23302233
8858,2021.09.09.0,22.830395,14.394119,14252.197,0.10303382
8859,2021.09.010.0,14.574158,15.270332,14252.197,0.10067039
8860,2021.09.09.0,0.99723816,-0.0061950684,14347.158,0.020313844
8861,2021.09.010.0,1.1807175,-2.704628,14347.158,0.017950423
8862,2021.09.09.0,33.83871,21.522263,14537.082,0.10303382
8863,2021.09.010.0,15.491524,18.972809,14537.082,0.10067039
8864,2021.09.08.0,1.4559174,-1.5279541,14632.044,0.022677273
8865,2021.09.09.0,1.7311325,-1.9262924,14632.044,0.020313844
8866,2021.09.010.0,1.2724533,1.3351212,14632.044,0.017950423
8867,2021.09.08.0,28.793228,18.04284,14632.044,0.10539725
8868,2021.09.09.0,26.958511,22.225212,14632.044,0.10303382
8869,2021.09.010.0,19.619637,23.556911,14632.044,0.10067039
8870,2021.09.010.0,20.536995,21.241058,14727.006,0.10067039
8871,2021.09.08.0,1.7311325,-1.5454636,14821.968,0.022677273
8872,2021.09.09.0,1.5476608,0.6188431,14821.968,0.020313844
8873,2021.09.010.0,1.4559174,-0.1222229,14821.968,0.017950423
8874,2021.09.08.0,36.590786,26.07759,14821.968,0.10539725
8875,2021.09.09.0,33.83871,33.910164,14821.968,0.10303382
8876,2021.09.010.0,21.91304,22.589901,14821.968,0.10067039
8877,2021.09.08.0,1.4559174,-3.492607,14916.93,0.022677273
8878,2021.09.09.0,1.8228607,-2.7741928,14916.93,0.020313844
8879,2021.09.010.0,1.5476608,1.1272583,14916.93,0.017950423
8880,2021.09.09.0,34.756065,35.08398,14916.93,0.10303382
8881,2021.09.010.0,23.28907,21.911537,14916.93,0.10067039
8882,2021.09.08.0,1.7311325,-3.0041962,15011.892,0.022677273
8883,2021.09.09.0,2.0980759,-1.5955658,15011.892,0.020313844
8884,2021.09.010.0,1.6393967,1.4046555,15011.892,0.017950423
8885,2021.09.08.0,39.342865,31.651798,15011.892,0.10539725
8886,2021.09.09.0,37.508144,36.19062,15011.892,0.10303382
8887,2021.09.010.0,26.041153,29.416637,15011.892,0.10067039
8888,2021.09.08.0,2.189804,-3.809822,15106.854,0.022677273
8889,2021.09.09.0,1.8228607,-2.246376,15106.854,0.020313844
8890,2021.09.010.0,1.7311325,-1.9911652,15106.854,0.017950423
8891,2021.09.08.0,43.0123,31.468357,15106.854,0.10539725
8892,2021.09.09.0,40.718903,34.39689,15106.854,0.10303382
8893,2021.09.010.0,28.334553,31.153008,15106.854,0.10067039
8894,2021.09.010.0,294.36877,280.64566,15106.854,0.45045763
8895,2021.09.08.0,2.189804,-2.312622,15201.815,0.022677273
8896,2021.09.09.0,2.189804,-1.5338898,15201.815,0.020313844
8897,2021.09.010.0,1.8228607,-0.24104309,15201.815,0.017950423
8898,2021.09.08.0,46.223057,39.42129,15201.815,0.10539725
8899,2021.09.09.0,45.764378,39.08724,15201.815,0.10303382
8900,2021.09.010.0,31.086628,36.74222,15201.815,0.10067039
8901,2021.09.08.0,2.189804,-4.038521,15296.777,0.022677273
8902,2021.09.09.0,2.6484833,-1.52034,15296.777,0.020313844
8903,2021.09.010.0,1.9145966,1.1034088,15296.777,0.017950423
8904,2021.09.08.0,51.268536,35.443825,15296.777,0.10539725
8905,2021.09.09.0,52.185894,41.622448,15296.777,0.10303382
8906,2021.09.010.0,33.83871,42.12759,15296.777,0.10067039
8907,2021.09.08.0,2.556755,-2.3072128,15391.738,0.022677273
8908,2021.09.09.0,2.28154,-1.0783157,15391.738,0.020313844
8909,2021.09.010.0,2.00634,-0.763855,15391.738,0.017950423
8910,2021.09.08.0,55.85533,36.46017,15391.738,0.10539725
8911,2021.09.09.0,52.185894,40.39318,15391.738,0.10303382
8912,2021.09.010.0,36.590786,37.84332,15391.738,0.10067039
8913,2021.09.08.0,2.831955,-1.700737,15486.7,0.022677273
8914,2021.09.09.0,2.4650192,-1.2691193,15486.7,0.020313844
8915,2021.09.010.0,2.00634,-0.56809235,15486.7,0.017950423
8916,2021.09.08.0,60.44213,43.593727,15486.7,0.10539725
8917,2021.09.09.0,58.607407,49.559685,15486.7,0.10303382
8918,2021.09.010.0,39.801544,46.44288,15486.7,0.10067039
8919,2021.09.08.0,3.2906342,-1.8508301,15581.662,0.022677273
8920,2021.09.09.0,2.9236984,-0.014274597,15581.662,0.020313844
8921,2021.09.010.0,2.0980759,-0.34407806,15581.662,0.017950423
8922,2021.09.08.0,65.94629,43.928635,15581.662,0.10539725
8923,2021.09.09.0,62.276848,56.441544,15581.662,0.10303382
8924,2021.09.010.0,43.47098,44.56078,15581.662,0.10067039
8925,2021.09.08.0,3.4741135,-1.7470856,15676.624,0.022677273
8926,2021.09.09.0,3.10717,1.4050522,15676.624,0.020313844
8927,2021.09.010.0,2.00634,-0.7953415,15676.624,0.017950423
8928,2021.09.08.0,74.20252,47.84317,15676.624,0.10539725
8929,2021.09.09.0,76.03724,62.155197,15676.624,0.10303382
8930,2021.09.010.0,48.516457,58.213387,15676.624,0.10067039
8931,2021.09.08.0,238.40985,185.02664,15676.624,0.23774919
8932,2021.09.010.0,200.79811,207.07477,15676.624,0.23538578
8933,2021.09.08.0,4.299736,0.21621704,15771.586,0.022677273
8934,2021.09.09.0,3.5658493,1.1166916,15771.586,0.020313844
8935,2021.09.010.0,2.3732834,0.30883026,15771.586,0.017950423
8936,2021.09.08.0,78.789314,54.033173,15771.586,0.10539725
8937,2021.09.09.0,80.62404,63.35302,15771.586,0.10303382
8938,2021.09.010.0,48.516457,59.59989,15771.586,0.10067039
8939,2021.09.08.0,4.850151,1.6626587,15866.548,0.022677273
8940,2021.09.09.0,4.0245285,3.2080612,15866.548,0.020313844
8941,2021.09.010.0,2.3732834,0.76646423,15866.548,0.017950423
8942,2021.09.08.0,87.96291,59.723003,15866.548,0.10539725
8943,2021.09.09.0,88.88027,74.327034,15866.548,0.10303382
8944,2021.09.010.0,61.35949,69.60943,15866.548,0.10067039
8945,2021.09.08.0,5.8592453,3.3029099,15961.51,0.022677273
8946,2021.09.09.0,4.850151,4.8234024,15961.51,0.020313844
8947,2021.09.010.0,2.556755,3.738655,15961.51,0.017950423
8948,2021.09.08.0,95.30179,67.3259,15961.51,0.10539725
8949,2021.09.09.0,94.38442,76.217514,15961.51,0.10303382
8950,2021.09.010.0,64.111565,72.741165,15961.51,0.10067039
8951,2021.09.08.0,7.5104904,-4.4401474,16056.472,0.022677273
8952,2021.09.09.0,6.3179245,-4.374069,16056.472,0.020313844
8953,2021.09.010.0,2.831955,-3.5469055,16056.472,0.017950423
8954,2021.09.08.0,105.39274,69.5505,16056.472,0.10539725
8955,2021.09.09.0,106.3101,87.89638,16056.472,0.10303382
8956,2021.09.010.0,71.45044,84.18275,16056.472,0.10067039
8957,2021.09.09.0,216.39322,169.82993,16056.472,0.16920978
8958,2021.09.010.0,162.26901,195.00705,16056.472,0.16684636
8959,2021.09.08.0,294.36877,218.0262,16056.472,0.23774919
8960,2021.09.010.0,266.848,246.84245,16056.472,0.23538578
8961,2021.09.08.0,9.070007,9.331001,16151.434,0.022677273
8962,2021.09.09.0,7.3270187,13.191742,16151.434,0.020313844
8963,2021.09.010.0,3.0154343,10.777374,16151.434,0.017950423
8964,2021.09.08.0,119.15312,83.43112,16151.434,0.10539725
8965,2021.09.09.0,118.23577,100.52036,16151.434,0.10303382
8966,2021.09.010.0,82.458755,98.737625,16151.434,0.10067039
8967,2021.09.08.0,10.9047165,9.218727,16246.3955,0.022677273
8968,2021.09.09.0,8.519592,15.432472,16246.3955,0.020313844
8969,2021.09.010.0,3.198906,14.217049,16246.3955,0.017950423
8970,2021.09.08.0,130.16144,84.339516,16246.3955,0.10539725
8971,2021.09.09.0,130.16144,110.214775,16246.3955,0.10303382
8972,2021.09.010.0,91.63235,112.68857,16246.3955,0.10067039
8973,2021.09.010.0,180.61621,205.1792,16246.3955,0.16920978
8974,2021.09.08.0,12.739441,12.8100815,16341.356,0.022677273
8975,2021.09.09.0,10.446045,16.45256,16341.356,0.020313844
8976,2021.09.010.0,3.7493134,13.856041,16341.356,0.017950423
8977,2021.09.08.0,142.08711,107.52553,16341.356,0.10539725
8978,2021.09.09.0,144.83919,127.01065,16341.356,0.10303382
8979,2021.09.010.0,101.7233,128.44966,16341.356,0.10067039
8980,2021.09.08.0,17.32624,14.979172,16436.318,0.022677273
8981,2021.09.09.0,13.19812,26.266102,16436.318,0.020313844
8982,2021.09.010.0,4.0245285,20.031906,16436.318,0.017950423
8983,2021.09.08.0,154.93015,119.06021,16436.318,0.10539725
8984,2021.09.09.0,159.51694,138.9181,16436.318,0.10303382
8985,2021.09.010.0,111.814255,139.14276,16436.318,0.10067039
8986,2021.09.08.0,20.995674,11.471184,16531.281,0.022677273
8987,2021.09.09.0,16.867554,23.342701,16531.281,0.020313844
8988,2021.09.010.0,4.6666794,19.837479,16531.281,0.017950423
8989,2021.09.08.0,175.11205,132.76581,16531.281,0.10539725
8990,2021.09.09.0,174.1947,158.32857,16531.281,0.10303382
8991,2021.09.010.0,121.905205,157.47696,16531.281,0.10067039
8992,2021.09.010.0,247.58344,292.31915,16531.281,0.16684636
8993,2021.09.08.0,26.499832,21.066353,16626.242,0.022677273
8994,2021.09.09.0,21.91304,34.365406,16626.242,0.020313844
8995,2021.09.010.0,5.400566,26.155773,16626.242,0.017950423
8996,2021.09.08.0,198.04602,153.8116,16626.242,0.10539725
8997,2021.09.09.0,198.04602,184.18451,16626.242,0.10303382
8998,2021.09.010.0,137.50032,184.25092,16626.242,0.10067039
8999,2021.09.08.0,34.297386,21.683563,16721.205,0.022677273
9000,2021.09.09.0,28.793228,40.422478,16721.205,0.020313844
9001,2021.09.010.0,6.3179245,31.219917,16721.205,0.017950423
9002,2021.09.08.0,219.1453,172.23889,16721.205,0.10539725
9003,2021.09.09.0,217.31056,203.4122,16721.205,0.10303382
9004,2021.09.010.0,153.09543,202.93123,16721.205,0.10067039
9005,2021.09.08.0,43.47098,23.987015,16816.166,0.022677273
9006,2021.09.09.0,38.884182,40.24982,16816.166,0.020313844
9007,2021.09.010.0,7.877434,31.674553,16816.166,0.017950423
9008,2021.09.08.0,240.24455,178.87045,16816.166,0.10539725
9009,2021.09.09.0,244.83136,212.98047,16816.166,0.10303382
9010,2021.09.010.0,171.44261,227.66063,16816.166,0.10067039
9011,2021.09.08.0,56.77269,32.91367,16911.127,0.022677273
9012,2021.09.09.0,52.185894,57.16902,16911.127,0.020313844
9013,2021.09.010.0,10.446045,47.97822,16911.127,0.017950423
9014,2021.09.08.0,266.848,199.67957,16911.127,0.10539725
9015,2021.09.09.0,271.43478,235.21109,16911.127,0.10303382
9016,2021.09.010.0,197.12868,247.58696,16911.127,0.10067039
9017,2021.09.08.0,74.20252,29.046677,17006.09,0.022677273
9018,2021.09.09.0,68.698364,43.232765,17006.09,0.020313844
9019,2021.09.010.0,15.032837,36.213543,17006.09,0.017950423
9020,2021.09.08.0,300.79028,233.8498,17006.09,0.10539725
9021,2021.09.09.0,303.54236,266.8459,17006.09,0.10303382
9022,2021.09.010.0,217.31056,269.6815,17006.09,0.10067039
9023,2021.09.08.0,95.30179,52.485725,17101.05,0.022677273
9024,2021.09.09.0,93.467064,65.91992,17101.05,0.020313844
9025,2021.09.010.0,22.830395,50.888523,17101.05,0.017950423
9026,2021.09.09.0,335.64996,291.44498,17101.05,0.10303382
9027,2021.09.010.0,244.83136,299.0371,17101.05,0.10067039
9028,2021.09.08.0,127.40936,59.91539,17196.014,0.022677273
9029,2021.09.09.0,125.574646,63.854664,17196.014,0.020313844
9030,2021.09.010.0,34.756065,50.25162,17196.014,0.017950423
9031,2021.09.08.0,368.67487,282.57684,17196.014,0.10539725
9032,2021.09.09.0,355.83185,313.6894,17196.014,0.10303382
9033,2021.09.010.0,267.76535,317.80344,17196.014,0.10067039
9034,2021.09.08.0,131.0788,79.04094,17290.975,0.022677273
9035,2021.09.09.0,106.3101,80.760796,17290.975,0.020313844
9036,2021.09.010.0,51.268536,55.610332,17290.975,0.017950423
9037,2021.09.08.0,315.46802,295.53766,17290.975,0.10539725
9038,2021.09.09.0,309.0465,280.95953,17290.975,0.10303382
9039,2021.09.010.0,308.12915,265.14117,17290.975,0.10067039
9040,2021.09.08.0,89.79763,92.46528,17385.938,0.022677273
9041,2021.09.09.0,68.698364,59.186623,17385.938,0.020313844
9042,2021.09.010.0,76.03724,36.25989,17385.938,0.017950423
9043,2021.09.08.0,263.17853,297.83966,17385.938,0.10539725
9044,2021.09.09.0,265.9306,245.72118,17385.938,0.10303382
9045,2021.09.010.0,343.9062,227.36319,17385.938,0.10067039
9046,2021.09.010.0,711.76733,443.04327,17385.938,0.44809425
9047,2021.09.08.0,56.77269,85.849266,17480.898,0.022677273
9048,2021.09.09.0,40.26022,42.628456,17480.898,0.020313844
9049,2021.09.010.0,91.63235,28.46305,17480.898,0.017950423
9050,2021.09.08.0,230.15361,279.86426,17480.898,0.10539725
9051,2021.09.09.0,222.81473,234.61269,17480.898,0.10303382
9052,2021.09.010.0,299.87292,213.25922,17480.898,0.10067039
9053,2021.09.08.0,33.83871,55.6491,17575.861,0.022677273
9054,2021.09.09.0,22.371712,27.36005,17575.861,0.020313844
9055,2021.09.010.0,53.103252,19.372131,17575.861,0.017950423
9056,2021.09.08.0,194.37659,240.18768,17575.861,0.10539725
9057,2021.09.09.0,187.03772,188.96884,17575.861,0.10303382
9058,2021.09.010.0,257.67438,171.75876,17575.861,0.10067039
9059,2021.09.09.0,388.85675,404.21674,17575.861,0.23538578
9060,2021.09.010.0,473.25385,390.95654,17575.861,0.23302233
9061,2021.09.08.0,19.619637,42.469532,17670.822,0.022677273
9062,2021.09.09.0,11.8220825,14.474457,17670.822,0.020313844
9063,2021.09.010.0,27.417187,8.9841,17670.822,0.017950423
9064,2021.09.08.0,158.59958,217.79742,17670.822,0.10539725
9065,2021.09.09.0,154.01279,159.67337,17670.822,0.10303382
9066,2021.09.010.0,216.39322,144.14676,17670.822,0.10067039
9067,2021.09.08.0,10.446045,24.279308,17765.783,0.022677273
9068,2021.09.09.0,6.5931396,5.3120956,17765.783,0.020313844
9069,2021.09.010.0,14.1154785,0.4344864,17765.783,0.017950423
9070,2021.09.08.0,128.32672,174.1114,17765.783,0.10539725
9071,2021.09.09.0,126.492004,122.86084,17765.783,0.10303382
9072,2021.09.010.0,176.94678,112.23087,17765.783,0.10067039
9073,2021.09.09.0,307.2118,337.0777,17765.783,0.23538578
9074,2021.09.010.0,347.57562,309.70535,17765.783,0.23302233
9075,2021.09.08.0,6.501396,18.523376,17860.746,0.022677273
9076,2021.09.09.0,4.208,1.3803558,17860.746,0.020313844
9077,2021.09.010.0,7.3270187,-2.629036,17860.746,0.017950423
9078,2021.09.08.0,105.39274,130.98438,17860.746,0.10539725
9079,2021.09.09.0,106.3101,98.82916,17860.746,0.10303382
9080,2021.09.010.0,144.83919,92.651085,17860.746,0.10067039
9081,2021.09.08.0,4.4832077,2.763359,17955.707,0.022677273
9082,2021.09.09.0,3.2906342,-6.122246,17955.707,0.020313844
9083,2021.09.010.0,4.5749435,-5.3202286,17955.707,0.017950423
9084,2021.09.08.0,87.96291,110.64208,17955.707,0.10539725
9085,2021.09.09.0,83.376114,84.74017,17955.707,0.10303382
9086,2021.09.010.0,117.31841,74.72288,17955.707,0.10067039
9087,2021.09.09.0,265.01324,302.56232,17955.707,0.23538578
9088,2021.09.010.0,276.02158,292.5357,17955.707,0.23302233
9089,2021.09.08.0,3.198906,11.091461,18050.67,0.022677273
9090,2021.09.09.0,2.3732834,3.6360703,18050.67,0.020313844
9091,2021.09.010.0,2.831955,1.1497574,18050.67,0.017950423
9092,2021.09.08.0,67.781006,89.48954,18050.67,0.10539725
9093,2021.09.09.0,65.94629,65.18,18050.67,0.10303382
9094,2021.09.010.0,91.63235,62.137268,18050.67,0.10067039
9095,2021.09.08.0,2.7402267,6.091484,18145.63,0.022677273
9096,2021.09.09.0,2.00634,0.49473572,18145.63,0.020313844
9097,2021.09.010.0,2.28154,-1.5576859,18145.63,0.017950423
9098,2021.09.08.0,55.85533,73.78306,18145.63,0.10539725
9099,2021.09.09.0,54.020615,55.05507,18145.63,0.10303382
9100,2021.09.010.0,72.3678,52.93998,18145.63,0.10067039
9101,2021.09.08.0,179.69885,248.00218,18145.63,0.23774919
9102,2021.09.09.0,200.79811,202.10013,18145.63,0.23538578
9103,2021.09.08.0,2.00634,4.1252136,18240.594,0.022677273
9104,2021.09.09.0,1.6393967,-0.013534546,18240.594,0.020313844
9105,2021.09.010.0,1.8228607,-1.7098389,18240.594,0.017950423
9106,2021.09.08.0,44.84702,57.982986,18240.594,0.10539725
9107,2021.09.09.0,43.0123,39.466778,18240.594,0.10303382
9108,2021.09.010.0,56.77269,33.135807,18240.594,0.10067039
9109,2021.09.08.0,2.00634,2.8928223,18335.555,0.022677273
9110,2021.09.09.0,1.5476608,0.1318512,18335.555,0.020313844
9111,2021.09.010.0,1.5476608,-1.9556503,18335.555,0.017950423
9112,2021.09.08.0,35.673428,48.574894,18335.555,0.10539725
9113,2021.09.09.0,35.21475,38.99761,18335.555,0.10303382
9114,2021.09.010.0,44.84702,38.302906,18335.555,0.10067039
9115,2021.09.010.0,185.203,144.65257,18335.555,0.23302233
9116,2021.09.08.0,1.6393967,0.17008209,18430.518,0.022677273
9117,2021.09.09.0,1.3641815,-1.5908966,18430.518,0.020313844
9118,2021.09.010.0,1.2724533,-3.3347778,18430.518,0.017950423
9119,2021.09.08.0,30.16927,39.711807,18430.518,0.10539725
9120,2021.09.09.0,28.793228,33.793217,18430.518,0.10303382
9121,2021.09.010.0,33.83871,33.265423,18430.518,0.10067039
9122,2021.09.010.0,1.1807175,-2.629593,18525.479,0.017950423
9123,2021.09.09.0,21.91304,21.297134,18525.479,0.10303382
9124,2021.09.010.0,27.417187,19.33731,18525.479,0.10067039
9125,2021.09.08.0,20.536995,22.397179,18620.441,0.10539725
9126,2021.09.09.0,18.702278,20.127808,18620.441,0.10303382
9127,2021.09.010.0,19.160957,21.915886,18620.441,0.10067039
9128,2021.09.08.0,96.21915,118.87927,18715.402,0.23774919
9129,2021.09.09.0,100.80594,97.25516,18715.402,0.23538578
9130,2021.09.010.0,111.814255,90.14007,18715.402,0.23302233
9131,2021.09.010.0,12.739441,13.912537,18810.363,0.10067039
9132,2021.09.08.0,1.0889816,-6.4160614,18905.326,0.022677273
9133,2021.09.09.0,0.99723816,-6.620178,18905.326,0.020313844
9134,2021.09.010.0,0.99723816,-7.1040726,18905.326,0.017950423
9135,2021.09.09.0,12.280762,14.767609,18905.326,0.10303382
9136,2021.09.010.0,10.9047165,12.083244,18905.326,0.10067039
9137,2021.09.08.0,73.28516,93.28168,18905.326,0.23774919
9138,2021.09.09.0,77.871956,79.4408,18905.326,0.23538578
9139,2021.09.010.0,85.21083,78.89514,18905.326,0.23302233
9140,2021.09.08.0,10.9047165,13.798714,19000.287,0.10539725
9141,2021.09.09.0,9.987366,13.496925,19000.287,0.10303382
9142,2021.09.010.0,9.987366,10.712303,19000.287,0.10067039
9143,2021.09.010.0,37.508144,33.751377,19665.02,0.23302233
9144,2021.09.08.0,31.086628,22.421001,19854.943,0.23774919
9145,2021.09.09.0,27.875874,25.027348,19854.943,0.23538578
9146,2021.09.010.0,28.334553,23.078236,19854.943,0.23302233
9147,2021.09.09.0,30.16927,29.844158,21564.258,0.45045763
9148,2021.09.010.0,28.793228,33.910007,21564.258,0.44809425
9149,2021.09.015.0,37.049465,30.174774,12447.923,0.22120517
9150,2021.09.016.0,37.049465,28.443817,12447.923,0.21884176
9151,2021.09.017.0,38.425507,25.392265,12447.923,0.21647835
9152,2021.09.015.0,116.40105,114.14883,13207.617,0.43627706
9153,2021.09.016.0,129.24408,108.792694,13207.617,0.43391368
9154,2021.09.017.0,128.32672,116.76392,13207.617,0.43155023
9155,2021.09.015.0,133.83087,121.34589,13397.541,0.43627706
9156,2021.09.016.0,138.41768,121.98775,13397.541,0.43391368
9157,2021.09.017.0,136.58295,123.71132,13397.541,0.43155023
9158,2021.09.015.0,7.3270187,7.3176804,13967.312,0.08885325
9159,2021.09.016.0,5.400566,3.7946396,13967.312,0.08648982
9160,2021.09.017.0,6.3179245,2.073059,13967.312,0.08412639
9161,2021.09.016.0,40.26022,34.219547,13967.312,0.1526658
9162,2021.09.017.0,40.26022,38.748672,13967.312,0.15030237
9163,2021.09.017.0,5.8592453,3.9503021,14062.273,0.08412639
9164,2021.09.015.0,10.446045,8.304115,14157.235,0.08885325
9165,2021.09.016.0,7.4187546,7.3995056,14157.235,0.08648982
9166,2021.09.017.0,7.785698,3.768776,14157.235,0.08412639
9167,2021.09.015.0,39.801544,39.76534,14157.235,0.15502922
9168,2021.09.016.0,35.673428,43.925404,14157.235,0.1526658
9169,2021.09.017.0,43.0123,39.11918,14157.235,0.15030237
9170,2021.09.015.0,83.376114,78.28574,14157.235,0.22120517
9171,2021.09.016.0,83.376114,85.37112,14157.235,0.21884176
9172,2021.09.016.0,8.336113,7.5119247,14252.197,0.08648982
9173,2021.09.017.0,9.253471,3.7479477,14252.197,0.08412639
9174,2021.09.017.0,10.9047165,6.3154373,14347.158,0.08412639
9175,2021.09.016.0,13.19812,12.158806,14537.082,0.08648982
9176,2021.09.017.0,12.280762,8.4188,14537.082,0.08412639
9177,2021.09.015.0,15.950203,14.411949,14632.044,0.08885325
9178,2021.09.016.0,15.491524,11.971764,14632.044,0.08648982
9179,2021.09.017.0,14.574158,8.46241,14632.044,0.08412639
9180,2021.09.016.0,18.243599,14.271576,14727.006,0.08648982
9181,2021.09.017.0,14.574158,10.055344,14727.006,0.08412639
9182,2021.09.015.0,19.160957,14.315369,14821.968,0.08885325
9183,2021.09.016.0,13.656799,17.775612,14821.968,0.08648982
9184,2021.09.017.0,17.78492,10.502914,14821.968,0.08412639
9185,2021.09.015.0,20.995674,17.398155,14916.93,0.08885325
9186,2021.09.016.0,20.995674,20.782799,14916.93,0.08648982
9187,2021.09.017.0,18.702278,18.59079,14916.93,0.08412639
9188,2021.09.015.0,22.830395,24.768543,15011.892,0.08885325
9189,2021.09.016.0,21.91304,19.490883,15011.892,0.08648982
9190,2021.09.017.0,20.995674,19.75792,15011.892,0.08412639
9191,2021.09.015.0,24.665112,26.826096,15106.854,0.08885325
9192,2021.09.016.0,24.665112,21.357536,15106.854,0.08648982
9193,2021.09.017.0,23.747757,17.507568,15106.854,0.08412639
9194,2021.09.017.0,78.789314,72.12138,15106.854,0.15030237
9195,2021.09.015.0,27.417187,25.660889,15201.815,0.08885325
9196,2021.09.016.0,27.417187,23.578377,15201.815,0.08648982
9197,2021.09.017.0,26.958511,19.249023,15201.815,0.08412639
9198,2021.09.015.0,30.16927,28.38507,15296.777,0.08885325
9199,2021.09.016.0,30.627949,27.281078,15296.777,0.08648982
9200,2021.09.017.0,29.251907,23.722095,15296.777,0.08412639
9201,2021.09.015.0,32.921345,32.513714,15391.738,0.08885325
9202,2021.09.016.0,33.83871,26.369331,15391.738,0.08648982
9203,2021.09.017.0,32.00399,26.818855,15391.738,0.08412639
9204,2021.09.015.0,34.756065,38.824707,15486.7,0.08885325
9205,2021.09.016.0,37.508144,36.560432,15486.7,0.08648982
9206,2021.09.017.0,33.83871,38.243774,15486.7,0.08412639
9207,2021.09.015.0,38.884182,39.70646,15581.662,0.08885325
9208,2021.09.016.0,42.09494,36.29125,15581.662,0.08648982
9209,2021.09.017.0,38.884182,36.224762,15581.662,0.08412639
9210,2021.09.016.0,118.23577,110.77637,15581.662,0.1526658
9211,2021.09.017.0,116.40105,103.57502,15581.662,0.15030237
9212,2021.09.015.0,44.38834,42.216743,15676.624,0.08885325
9213,2021.09.016.0,46.68174,41.61048,15676.624,0.08648982
9214,2021.09.017.0,41.63626,42.833603,15676.624,0.08412639
9215,2021.09.015.0,47.5991,39.964565,15771.586,0.08885325
9216,2021.09.016.0,53.103252,38.632717,15771.586,0.08648982
9217,2021.09.017.0,46.68174,44.975636,15771.586,0.08412639
9218,2021.09.015.0,54.020615,48.872818,15866.548,0.08885325
9219,2021.09.016.0,58.607407,48.93904,15866.548,0.08648982
9220,2021.09.017.0,54.020615,50.25738,15866.548,0.08412639
9221,2021.09.017.0,129.24408,132.23999,15866.548,0.15030237
9222,2021.09.016.0,230.15361,209.75035,15866.548,0.21884176
9223,2021.09.017.0,223.73209,212.71309,15866.548,0.21647835
9224,2021.09.015.0,58.607407,52.041843,15961.51,0.08885325
9225,2021.09.016.0,61.35949,50.745434,15961.51,0.08648982
9226,2021.09.017.0,58.607407,50.810173,15961.51,0.08412639
9227,2021.09.015.0,65.02892,62.4786,16056.472,0.08885325
9228,2021.09.016.0,71.45044,63.037548,16056.472,0.08648982
9229,2021.09.017.0,65.94629,65.21866,16056.472,0.08412639
9230,2021.09.015.0,163.18637,157.14229,16056.472,0.15502922
9231,2021.09.016.0,179.69885,158.03027,16056.472,0.1526658
9232,2021.09.017.0,162.26901,167.54205,16056.472,0.15030237
9233,2021.09.015.0,72.3678,69.42862,16151.434,0.08885325
9234,2021.09.016.0,78.789314,65.28975,16151.434,0.08648982
9235,2021.09.017.0,73.28516,65.74477,16151.434,0.08412639
9236,2021.09.015.0,80.62404,71.24031,16246.3955,0.08885325
9237,2021.09.016.0,88.88027,71.25693,16246.3955,0.08648982
9238,2021.09.017.0,81.5414,72.76806,16246.3955,0.08412639
9239,2021.09.015.0,90.71499,87.15804,16341.356,0.08885325
9240,2021.09.016.0,99.88858,80.75769,16341.356,0.08648982
9241,2021.09.017.0,89.79763,87.92244,16341.356,0.08412639
9242,2021.09.016.0,219.1453,187.68097,16341.356,0.1526658
9243,2021.09.017.0,195.29396,202.47589,16341.356,0.15030237
9244,2021.09.015.0,101.7233,91.75331,16436.318,0.08885325
9245,2021.09.016.0,110.8969,92.421814,16436.318,0.08648982
9246,2021.09.017.0,99.88858,90.71232,16436.318,0.08412639
9247,2021.09.017.0,234.7404,219.66359,16436.318,0.15030237
9248,2021.09.015.0,112.73161,109.929855,16531.281,0.08885325
9249,2021.09.016.0,123.73993,112.82299,16531.281,0.08648982
9250,2021.09.017.0,112.73161,107.41686,16531.281,0.08412639
9251,2021.09.016.0,264.0959,220.91359,16531.281,0.1526658
9252,2021.09.017.0,245.7487,239.6016,16531.281,0.15030237
9253,2021.09.015.0,125.574646,135.0314,16626.242,0.08885325
9254,2021.09.016.0,140.2524,133.72296,16626.242,0.08648982
9255,2021.09.017.0,127.40936,126.534225,16626.242,0.08412639
9256,2021.09.016.0,284.27783,255.69846,16626.242,0.1526658
9257,2021.09.017.0,275.10422,266.4619,16626.242,0.15030237
9258,2021.09.015.0,143.00447,148.42708,16721.205,0.08885325
9259,2021.09.016.0,154.93015,143.89445,16721.205,0.08648982
9260,2021.09.017.0,142.08711,147.18332,16721.205,0.08412639
9261,2021.09.017.0,294.36877,268.85236,16721.205,0.15030237
9262,2021.09.015.0,165.0211,154.75934,16816.166,0.08885325
9263,2021.09.016.0,175.11205,160.68985,16816.166,0.08648982
9264,2021.09.017.0,156.76486,165.57095,16816.166,0.08412639
9265,2021.09.015.0,182.45093,175.85803,16911.127,0.08885325
9266,2021.09.016.0,198.04602,168.84447,16911.127,0.08648982
9267,2021.09.017.0,179.69885,165.64322,16911.127,0.08412639
9268,2021.09.015.0,207.21962,179.4301,17006.09,0.08885325
9269,2021.09.016.0,226.48418,187.83694,17006.09,0.08648982
9270,2021.09.017.0,202.63283,200.40015,17006.09,0.08412639
9271,2021.09.015.0,232.90569,213.60669,17101.05,0.08885325
9272,2021.09.016.0,253.08759,211.99475,17101.05,0.08648982
9273,2021.09.017.0,229.23624,223.13068,17101.05,0.08412639
9274,2021.09.015.0,262.26117,221.92659,17196.014,0.08885325
9275,2021.09.016.0,284.27783,224.36902,17196.014,0.08648982
9276,2021.09.017.0,262.26117,237.26465,17196.014,0.08412639
9277,2021.09.015.0,299.87292,245.26233,17290.975,0.08885325
9278,2021.09.016.0,276.93893,244.92368,17290.975,0.08648982
9279,2021.09.017.0,290.69934,215.23325,17290.975,0.08412639
9280,2021.09.015.0,276.02158,261.7611,17385.938,0.08885325
9281,2021.09.016.0,228.31888,226.06837,17385.938,0.08648982
9282,2021.09.017.0,242.07928,186.03029,17385.938,0.08412639
9283,2021.09.017.0,377.84845,341.3315,17385.938,0.15030237
9284,2021.09.015.0,227.40154,236.30476,17480.898,0.08885325
9285,2021.09.016.0,186.12036,204.20581,17480.898,0.08648982
9286,2021.09.017.0,198.04602,168.19943,17480.898,0.08412639
9287,2021.09.016.0,318.22012,325.8775,17480.898,0.1526658
9288,2021.09.017.0,321.88953,299.81134,17480.898,0.15030237
9289,2021.09.015.0,188.87244,211.13354,17575.861,0.08885325
9290,2021.09.016.0,150.34335,181.71077,17575.861,0.08648982
9291,2021.09.017.0,157.68222,149.57578,17575.861,0.08412639
9292,2021.09.015.0,390.69147,397.71875,17575.861,0.22120517
9293,2021.09.016.0,366.84015,381.02356,17575.861,0.21884176
9294,2021.09.017.0,404.4519,357.96783,17575.861,0.21647835
9295,2021.09.015.0,153.09543,176.2516,17670.822,0.08885325
9296,2021.09.016.0,117.31841,147.7938,17670.822,0.08648982
9297,2021.09.017.0,123.73993,122.43967,17670.822,0.08412639
9298,2021.09.015.0,120.98785,146.96039,17765.783,0.08885325
9299,2021.09.016.0,90.71499,120.204666,17765.783,0.08648982
9300,2021.09.017.0,93.467064,91.689445,17765.783,0.08412639
9301,2021.09.016.0,201.71547,241.42526,17765.783,0.1526658
9302,2021.09.017.0,215.47586,218.45425,17765.783,0.15030237
9303,2021.09.017.0,332.89783,293.5896,17765.783,0.21647835
9304,2021.09.015.0,94.38442,118.57013,17860.746,0.08885325
9305,2021.09.016.0,67.781006,93.82198,17860.746,0.08648982
9306,2021.09.017.0,69.61572,68.049034,17860.746,0.08412639
9307,2021.09.017.0,187.95508,160.48843,17860.746,0.15030237
9308,2021.09.015.0,73.28516,91.11453,17955.707,0.08885325
9309,2021.09.016.0,51.268536,67.4207,17955.707,0.08648982
9310,2021.09.017.0,53.103252,45.763046,17955.707,0.08412639
9311,2021.09.017.0,176.02942,142.50812,17955.707,0.15030237
9312,2021.09.015.0,54.937973,67.9958,18050.67,0.08885325
9313,2021.09.016.0,38.884182,57.71266,18050.67,0.08648982
9314,2021.09.017.0,37.508144,45.877983,18050.67,0.08412639
9315,2021.09.016.0,116.40105,141.70612,18050.67,0.1526658
9316,2021.09.017.0,146.67392,118.81383,18050.67,0.15030237
9317,2021.09.015.0,43.0123,43.674725,18145.63,0.08885325
9318,2021.09.016.0,29.251907,41.907913,18145.63,0.08648982
9319,2021.09.017.0,27.875874,29.829094,18145.63,0.08412639
9320,2021.09.016.0,167.77318,211.76782,18145.63,0.21884176
9321,2021.09.017.0,197.12868,171.98181,18145.63,0.21647835
9322,2021.09.015.0,32.921345,36.142242,18240.594,0.08885325
9323,2021.09.016.0,21.91304,29.863934,18240.594,0.08648982
9324,2021.09.017.0,20.995674,22.575699,18240.594,0.08412639
9325,2021.09.015.0,25.12379,34.629883,18335.555,0.08885325
9326,2021.09.016.0,16.867554,30.345406,18335.555,0.08648982
9327,2021.09.017.0,15.491524,25.594116,18335.555,0.08412639
9328,2021.09.015.0,147.59128,182.0047,18335.555,0.22120517
9329,2021.09.016.0,136.58295,162.35202,18335.555,0.21884176
9330,2021.09.017.0,154.93015,144.1052,18335.555,0.21647835
9331,2021.09.015.0,19.619637,25.229626,18430.518,0.08885325
9332,2021.09.016.0,13.19812,18.36837,18430.518,0.08648982
9333,2021.09.017.0,11.8220825,16.795288,18430.518,0.08412639
9334,2021.09.017.0,61.35949,55.36741,18430.518,0.15030237
9335,2021.09.015.0,15.491524,18.60112,18525.479,0.08885325
9336,2021.09.016.0,10.446045,14.616333,18525.479,0.08648982
9337,2021.09.017.0,9.345215,11.782349,18525.479,0.08412639
9338,2021.09.017.0,55.85533,50.117165,18525.479,0.15030237
9339,2021.09.017.0,105.39274,105.22872,18525.479,0.21647835
9340,2021.09.015.0,12.280762,15.515892,18620.441,0.08885325
9341,2021.09.016.0,9.070007,11.442604,18620.441,0.08648982
9342,2021.09.017.0,7.9691772,10.090637,18620.441,0.08412639
9343,2021.09.015.0,10.446045,11.496292,18715.402,0.08885325
9344,2021.09.016.0,7.693962,11.99646,18715.402,0.08648982
9345,2021.09.017.0,7.693962,9.729889,18715.402,0.08412639
9346,2021.09.017.0,79.70667,81.968124,18715.402,0.21647835
9347,2021.09.015.0,9.070007,9.0464325,18810.363,0.08885325
9348,2021.09.016.0,6.501396,8.247536,18810.363,0.08648982
9349,2021.09.017.0,5.950981,6.681755,18810.363,0.08412639
9350,2021.09.015.0,7.877434,9.528839,18905.326,0.08885325
9351,2021.09.016.0,5.8592453,7.808983,18905.326,0.08648982
9352,2021.09.017.0,5.584038,6.5593796,18905.326,0.08412639
9353,2021.09.015.0,62.276848,78.07593,18905.326,0.22120517
9354,2021.09.016.0,58.607407,61.034473,18905.326,0.21884176
9355,2021.09.017.0,72.3678,56.280922,18905.326,0.21647835
9356,2021.09.015.0,7.3270187,6.4591064,19000.287,0.08885325
9357,2021.09.016.0,5.492302,5.807617,19000.287,0.08648982
9358,2021.09.016.0,4.758415,5.9328995,19095.25,0.08885325
9359,2021.09.017.0,5.8592453,4.032982,19095.25,0.08412639
9360,2021.09.017.0,23.747757,23.069004,19665.02,0.21647835
9361,2021.09.017.0,16.867554,24.642433,19854.943,0.21647835
9362,2021.09.017.0,2.28154,0.19532776,20139.83,0.08412639
9363,2021.09.016.0,20.995674,24.846764,21564.258,0.43391368
9364,2021.09.017.0,23.28907,26.866169,21564.258,0.43155023
9365,2021.09.024.0,34.756065,26.270863,12447.923,0.19993436
9366,2021.09.027.0,32.921345,23.402489,12447.923,0.19757092
9367,2021.09.028.0,36.590786,25.44767,12447.923,0.19048063
9368,2021.09.028.0,47.5991,46.129208,13207.617,0.19048063
9369,2021.09.024.0,128.32672,134.49121,13207.617,0.41500625
9370,2021.09.027.0,122.82257,125.89082,13207.617,0.4126428
9371,2021.09.028.0,124.65729,119.38242,13207.617,0.40555254
9372,2021.09.027.0,130.16144,126.4899,13397.541,0.4126428
9373,2021.09.028.0,138.41768,122.15224,13397.541,0.40555254
9374,2021.09.024.0,7.143547,5.6341934,13967.312,0.0675824
9375,2021.09.027.0,6.501396,1.9149017,13967.312,0.06521897
9376,2021.09.028.0,4.941887,2.1265564,13967.312,0.058128685
9377,2021.09.027.0,33.83871,25.24429,13967.312,0.13139495
9378,2021.09.028.0,34.297386,31.447227,13967.312,0.12430467
9379,2021.09.024.0,7.602234,6.652939,14062.273,0.0675824
9380,2021.09.027.0,7.143547,2.4621048,14062.273,0.06521897
9381,2021.09.028.0,6.3179245,3.596367,14062.273,0.058128685
9382,2021.09.024.0,8.703064,5.373535,14157.235,0.0675824
9383,2021.09.027.0,8.060913,2.040596,14157.235,0.06521897
9384,2021.09.028.0,5.308838,3.03154,14157.235,0.058128685
9385,2021.09.024.0,38.425507,40.18694,14157.235,0.13375838
9386,2021.09.027.0,37.049465,37.78995,14157.235,0.13139495
9387,2021.09.028.0,49.433815,37.6077,14157.235,0.12430467
9388,2021.09.027.0,67.781006,74.97216,14157.235,0.19757092
9389,2021.09.028.0,79.70667,76.371445,14157.235,0.19048063
9390,2021.09.024.0,9.070007,6.6251755,14252.197,0.0675824
9391,2021.09.027.0,7.785698,3.1112366,14252.197,0.06521897
9392,2021.09.028.0,8.152641,2.3052292,14252.197,0.058128685
9393,2021.09.027.0,8.152641,2.6589584,14347.158,0.06521897
9394,2021.09.028.0,7.9691772,3.6978683,14347.158,0.058128685
9395,2021.09.027.0,9.528687,6.911537,14442.121,0.06521897
9396,2021.09.028.0,9.070007,6.2750854,14442.121,0.058128685
9397,2021.09.024.0,10.9047165,8.195038,14537.082,0.0675824
9398,2021.09.027.0,10.446045,4.791832,14537.082,0.06521897
9399,2021.09.028.0,10.9047165,6.686165,14537.082,0.058128685
9400,2021.09.024.0,12.739441,11.298897,14632.044,0.0675824
9401,2021.09.027.0,11.363403,8.776855,14632.044,0.06521897
9402,2021.09.028.0,9.89563,9.024025,14632.044,0.058128685
9403,2021.09.024.0,12.739441,10.996681,14727.006,0.0675824
9404,2021.09.027.0,12.280762,6.716461,14727.006,0.06521897
9405,2021.09.028.0,9.89563,10.47673,14727.006,0.058128685
9406,2021.09.024.0,13.656799,13.477364,14821.968,0.0675824
9407,2021.09.027.0,13.656799,10.186104,14821.968,0.06521897
9408,2021.09.028.0,10.446045,10.958427,14821.968,0.058128685
9409,2021.09.024.0,15.491524,18.487457,14916.93,0.0675824
9410,2021.09.027.0,13.19812,13.137482,14916.93,0.06521897
9411,2021.09.028.0,12.280762,11.17527,14916.93,0.058128685
9412,2021.09.024.0,16.867554,21.46994,15011.892,0.0675824
9413,2021.09.027.0,14.574158,15.851425,15011.892,0.06521897
9414,2021.09.028.0,14.1154785,13.831093,15011.892,0.058128685
9415,2021.09.027.0,67.781006,66.75187,15011.892,0.13139495
9416,2021.09.028.0,72.3678,69.90664,15011.892,0.12430467
9417,2021.09.024.0,17.78492,23.233437,15106.854,0.0675824
9418,2021.09.027.0,16.408875,18.04644,15106.854,0.06521897
9419,2021.09.028.0,15.491524,17.640182,15106.854,0.058128685
9420,2021.09.024.0,75.11988,84.69785,15106.854,0.13375838
9421,2021.09.027.0,73.28516,71.85802,15106.854,0.13139495
9422,2021.09.028.0,76.03724,74.14526,15106.854,0.12430467
9423,2021.09.027.0,128.32672,137.10597,15106.854,0.19757092
9424,2021.09.028.0,149.426,121.956665,15106.854,0.19048063
9425,2021.09.024.0,20.536995,27.113316,15201.815,0.0675824
9426,2021.09.027.0,17.32624,18.282349,15201.815,0.06521897
9427,2021.09.028.0,17.32624,18.034904,15201.815,0.058128685
9428,2021.09.024.0,22.371712,27.611832,15296.777,0.0675824
9429,2021.09.027.0,19.160957,18.349426,15296.777,0.06521897
9430,2021.09.028.0,18.702278,20.271324,15296.777,0.058128685
9431,2021.09.028.0,94.38442,83.26765,15296.777,0.12430467
9432,2021.09.024.0,24.206432,33.549015,15391.738,0.0675824
9433,2021.09.027.0,20.995674,22.5969,15391.738,0.06521897
9434,2021.09.028.0,23.28907,25.496346,15391.738,0.058128685
9435,2021.09.024.0,27.417187,38.181892,15486.7,0.0675824
9436,2021.09.027.0,22.830395,24.223618,15486.7,0.06521897
9437,2021.09.028.0,27.417187,24.616371,15486.7,0.058128685
9438,2021.09.024.0,30.16927,41.71073,15581.662,0.0675824
9439,2021.09.027.0,25.582474,32.78219,15581.662,0.06521897
9440,2021.09.028.0,26.958511,30.08165,15581.662,0.058128685
9441,2021.09.024.0,109.97954,125.42174,15581.662,0.13375838
9442,2021.09.027.0,99.88858,105.75843,15581.662,0.13139495
9443,2021.09.028.0,111.814255,96.74615,15581.662,0.12430467
9444,2021.09.024.0,34.756065,48.59746,15676.624,0.0675824
9445,2021.09.027.0,28.334553,31.882713,15676.624,0.06521897
9446,2021.09.028.0,33.83871,33.497257,15676.624,0.058128685
9447,2021.09.024.0,40.26022,50.482502,15771.586,0.0675824
9448,2021.09.027.0,32.00399,35.598,15771.586,0.06521897
9449,2021.09.028.0,37.508144,36.442905,15771.586,0.058128685
9450,2021.09.024.0,42.09494,58.525063,15866.548,0.0675824
9451,2021.09.027.0,35.673428,42.082706,15866.548,0.06521897
9452,2021.09.028.0,42.553623,40.46158,15866.548,0.058128685
9453,2021.09.024.0,135.6656,172.42142,15866.548,0.13375838
9454,2021.09.027.0,126.492004,142.9683,15866.548,0.13139495
9455,2021.09.028.0,145.75655,131.95686,15866.548,0.12430467
9456,2021.09.027.0,198.04602,235.58783,15866.548,0.19757092
9457,2021.09.024.0,48.516457,69.51767,15961.51,0.0675824
9458,2021.09.027.0,40.26022,44.71928,15961.51,0.06521897
9459,2021.09.028.0,48.516457,44.125004,15961.51,0.058128685
9460,2021.09.024.0,54.020615,79.23867,16056.472,0.0675824
9461,2021.09.027.0,45.3057,52.010635,16056.472,0.06521897
9462,2021.09.028.0,55.85533,45.394478,16056.472,0.058128685
9463,2021.09.024.0,158.59958,200.18463,16056.472,0.13375838
9464,2021.09.027.0,148.50864,180.38133,16056.472,0.13139495
9465,2021.09.028.0,171.44261,164.99188,16056.472,0.12430467
9466,2021.09.024.0,60.44213,87.89647,16151.434,0.0675824
9467,2021.09.027.0,51.268536,56.65355,16151.434,0.06521897
9468,2021.09.028.0,64.111565,50.548523,16151.434,0.058128685
9469,2021.09.028.0,212.72377,170.4608,16151.434,0.12430467
9470,2021.09.024.0,70.53308,96.72441,16246.3955,0.0675824
9471,2021.09.027.0,59.52477,66.56662,16246.3955,0.06521897
9472,2021.09.028.0,74.20252,59.185528,16246.3955,0.058128685
9473,2021.09.028.0,207.21962,186.46344,16246.3955,0.12430467
9474,2021.09.024.0,77.871956,111.24525,16341.356,0.0675824
9475,2021.09.027.0,65.94629,75.87905,16341.356,0.06521897
9476,2021.09.028.0,79.70667,61.70164,16341.356,0.058128685
9477,2021.09.027.0,193.45923,222.39783,16341.356,0.13139495
9478,2021.09.028.0,232.90569,194.88957,16341.356,0.12430467
9479,2021.09.024.0,88.88027,118.14251,16436.318,0.0675824
9480,2021.09.027.0,75.11988,87.89006,16436.318,0.06521897
9481,2021.09.028.0,93.467064,80.48191,16436.318,0.058128685
9482,2021.09.028.0,239.32721,210.09457,16436.318,0.12430467
9483,2021.09.024.0,101.7233,142.25162,16531.281,0.0675824
9484,2021.09.027.0,84.29347,104.1699,16531.281,0.06521897
9485,2021.09.028.0,105.39274,84.673584,16531.281,0.058128685
9486,2021.09.027.0,217.31056,249.48456,16531.281,0.13139495
9487,2021.09.028.0,257.67438,212.10506,16531.281,0.12430467
9488,2021.09.024.0,114.56633,145.94705,16626.242,0.0675824
9489,2021.09.027.0,98.05386,115.080246,16626.242,0.06521897
9490,2021.09.028.0,120.98785,96.671906,16626.242,0.058128685
9491,2021.09.028.0,296.2035,241.12312,16626.242,0.12430467
9492,2021.09.024.0,131.0788,153.55795,16721.205,0.0675824
9493,2021.09.027.0,110.8969,117.23355,16721.205,0.06521897
9494,2021.09.028.0,140.2524,102.765945,16721.205,0.058128685
9495,2021.09.024.0,145.75655,181.24417,16816.166,0.0675824
9496,2021.09.027.0,126.492004,142.07976,16816.166,0.06521897
9497,2021.09.028.0,158.59958,124.85761,16816.166,0.058128685
9498,2021.09.028.0,333.8152,285.4035,16816.166,0.12430467
9499,2021.09.023.0,235.65776,258.00717,16911.127,0.06994583
9500,2021.09.024.0,169.6079,211.1718,16911.127,0.0675824
9501,2021.09.027.0,146.67392,163.8333,16911.127,0.06521897
9502,2021.09.028.0,182.45093,141.05319,16911.127,0.058128685
9503,2021.09.024.0,195.29396,219.98094,17006.09,0.0675824
9504,2021.09.027.0,170.52525,177.91516,17006.09,0.06521897
9505,2021.09.028.0,209.97171,152.82053,17006.09,0.058128685
9506,2021.09.027.0,333.8152,340.61014,17006.09,0.13139495
9507,2021.09.028.0,442.98096,318.7315,17006.09,0.12430467
9508,2021.09.024.0,221.89737,226.92833,17101.05,0.0675824
9509,2021.09.027.0,198.04602,196.26103,17101.05,0.06521897
9510,2021.09.028.0,243.914,175.63815,17101.05,0.058128685
9511,2021.09.028.0,464.08026,340.13086,17101.05,0.12430467
9512,2021.09.024.0,253.08759,196.27235,17196.014,0.0675824
9513,2021.09.027.0,229.23624,208.88353,17196.014,0.06521897
9514,2021.09.028.0,254.00494,197.95952,17196.014,0.058128685
9515,2021.09.024.0,248.5008,168.80215,17290.975,0.0675824
9516,2021.09.027.0,259.5091,215.73364,17290.975,0.06521897
9517,2021.09.028.0,202.63283,229.1609,17290.975,0.058128685
9518,2021.09.027.0,386.10468,317.12045,17290.975,0.13139495
9519,2021.09.028.0,334.7326,325.2447,17290.975,0.12430467
9520,2021.09.024.0,200.79811,134.96596,17385.938,0.0675824
9521,2021.09.027.0,209.97171,191.99745,17385.938,0.06521897
9522,2021.09.028.0,161.35165,206.94955,17385.938,0.058128685
9523,2021.09.027.0,335.64996,293.9704,17385.938,0.13139495
9524,2021.09.028.0,294.36877,309.623,17385.938,0.12430467
9525,2021.09.024.0,157.68222,117.76246,17480.898,0.0675824
9526,2021.09.027.0,166.8558,161.81781,17480.898,0.06521897
9527,2021.09.028.0,126.492004,182.72403,17480.898,0.058128685
9528,2021.09.024.0,295.28613,210.51575,17480.898,0.13375838
9529,2021.09.027.0,292.53406,253.42107,17480.898,0.13139495
9530,2021.09.028.0,257.67438,280.073,17480.898,0.12430467
9531,2021.09.024.0,122.82257,93.21847,17575.861,0.0675824
9532,2021.09.027.0,129.24408,138.49364,17575.861,0.06521897
9533,2021.09.028.0,97.136505,141.99988,17575.861,0.058128685
9534,2021.09.027.0,248.5008,239.04929,17575.861,0.13139495
9535,2021.09.028.0,221.89737,243.94298,17575.861,0.12430467
9536,2021.09.027.0,357.66656,312.2735,17575.861,0.19757092
9537,2021.09.028.0,303.54236,333.55518,17575.861,0.19048063
9538,2021.09.024.0,93.467064,71.408134,17670.822,0.0675824
9539,2021.09.027.0,97.136505,107.52646,17670.822,0.06521897
9540,2021.09.028.0,72.3678,110.97397,17670.822,0.058128685
9541,2021.09.024.0,68.698364,48.748905,17765.783,0.0675824
9542,2021.09.027.0,75.11988,78.51053,17765.783,0.06521897
9543,2021.09.028.0,55.85533,81.51554,17765.783,0.058128685
9544,2021.09.024.0,170.52525,140.87433,17765.783,0.13375838
9545,2021.09.027.0,184.28564,164.3346,17765.783,0.13139495
9546,2021.09.028.0,140.2524,183.61737,17765.783,0.12430467
9547,2021.09.024.0,50.351173,34.308105,17860.746,0.0675824
9548,2021.09.027.0,54.020615,55.558605,17860.746,0.06521897
9549,2021.09.028.0,41.63626,56.187946,17860.746,0.058128685
9550,2021.09.027.0,143.92183,133.26357,17860.746,0.13139495
9551,2021.09.028.0,126.492004,134.1826,17860.746,0.12430467
9552,2021.09.024.0,37.049465,28.821808,17955.707,0.0675824
9553,2021.09.027.0,40.26022,46.780506,17955.707,0.06521897
9554,2021.09.028.0,30.16927,41.81857,17955.707,0.058128685
9555,2021.09.024.0,124.65729,99.89126,17955.707,0.13375838
9556,2021.09.027.0,129.24408,114.87101,17955.707,0.13139495
9557,2021.09.028.0,96.21915,114.43758,17955.707,0.12430467
9558,2021.09.028.0,185.203,218.56798,17955.707,0.19048063
9559,2021.09.024.0,27.417187,17.490456,18050.67,0.0675824
9560,2021.09.027.0,30.16927,29.844635,18050.67,0.06521897
9561,2021.09.028.0,22.830395,28.885864,18050.67,0.058128685
9562,2021.09.027.0,98.97122,89.73368,18050.67,0.13139495
9563,2021.09.028.0,87.96291,85.60749,18050.67,0.12430467
9564,2021.09.024.0,20.536995,19.948929,18145.63,0.0675824
9565,2021.09.027.0,22.371712,27.078728,18145.63,0.06521897
9566,2021.09.028.0,18.243599,22.54741,18145.63,0.058128685
9567,2021.09.028.0,131.99615,155.1453,18145.63,0.19757092
9568,2021.09.024.0,15.491524,14.128761,18240.594,0.0675824
9569,2021.09.027.0,16.867554,21.011253,18240.594,0.06521897
9570,2021.09.028.0,13.656799,21.954681,18240.594,0.058128685
9571,2021.09.028.0,58.607407,57.77939,18240.594,0.12430467
9572,2021.09.024.0,11.8220825,12.700012,18335.555,0.0675824
9573,2021.09.027.0,13.19812,14.732773,18335.555,0.06521897
9574,2021.09.028.0,10.446045,14.244865,18335.555,0.058128685
9575,2021.09.024.0,119.15312,113.09207,18335.555,0.19993436
9576,2021.09.027.0,125.574646,124.016846,18335.555,0.19757092
9577,2021.09.028.0,100.80594,133.98602,18335.555,0.19048063
9578,2021.09.024.0,7.877434,10.074234,18430.518,0.0675824
9579,2021.09.027.0,9.987366,10.070572,18430.518,0.06521897
9580,2021.09.028.0,8.152641,9.743179,18430.518,0.058128685
9581,2021.09.027.0,43.0123,38.66041,18430.518,0.13139495
9582,2021.09.028.0,39.801544,33.142284,18430.518,0.12430467
9583,2021.09.024.0,7.693962,8.920197,18525.479,0.0675824
9584,2021.09.027.0,8.060913,10.441605,18525.479,0.06521897
9585,2021.09.028.0,6.1344604,8.515556,18525.479,0.058128685
9586,2021.09.024.0,37.508144,33.558357,18525.479,0.13375838
9587,2021.09.027.0,36.590786,38.793648,18525.479,0.13139495
9588,2021.09.028.0,32.00399,35.434418,18525.479,0.12430467
9589,2021.09.027.0,88.88027,85.947105,18525.479,0.19757092
9590,2021.09.028.0,74.20252,85.837746,18525.479,0.19048063
9591,2021.09.024.0,6.3179245,6.788521,18620.441,0.0675824
9592,2021.09.027.0,6.5931396,8.079994,18620.441,0.06521897
9593,2021.09.028.0,4.299736,5.7981415,18620.441,0.058128685
9594,2021.09.024.0,5.400566,5.895836,18715.402,0.0675824
9595,2021.09.027.0,5.584038,5.3154755,18715.402,0.06521897
9596,2021.09.028.0,3.8410568,4.276169,18715.402,0.058128685
9597,2021.09.028.0,22.371712,19.86512,18715.402,0.12430467
9598,2021.09.024.0,4.5749435,3.9050827,18810.363,0.0675824
9599,2021.09.027.0,3.5658493,4.7790833,18810.363,0.06521897
9600,2021.09.028.0,3.9327927,1.7060165,18810.363,0.058128685
9601,2021.09.027.0,19.619637,22.161942,18810.363,0.13139495
9602,2021.09.028.0,17.32624,22.569954,18810.363,0.12430467
9603,2021.09.024.0,4.208,3.796791,18905.326,0.0675824
9604,2021.09.027.0,3.8410568,4.0186157,18905.326,0.06521897
9605,2021.09.028.0,3.5658493,1.6556168,18905.326,0.058128685
9606,2021.09.028.0,15.950203,20.54512,18905.326,0.12430467
9607,2021.09.027.0,52.185894,52.049892,18905.326,0.19757092
9608,2021.09.028.0,44.84702,52.4483,18905.326,0.19048063
9609,2021.09.028.0,2.6484833,2.5693588,19000.287,0.06521897
9610,2021.09.028.0,31.086628,36.37104,19095.25,0.19048063
9611,2021.09.024.0,22.371712,18.021202,19665.02,0.19993436
9612,2021.09.027.0,19.619637,21.94181,19665.02,0.19757092
9613,2021.09.028.0,21.91304,20.058517,19665.02,0.19048063
9614,2021.09.028.0,1.2724533,-4.5874557,20044.867,0.058128685
9615,2021.09.027.0,1.0889816,-2.4831543,20139.83,0.06521897
9616,2021.09.028.0,1.0889816,-4.356041,20139.83,0.058128685
9617,2021.09.027.0,21.454361,31.042263,21564.258,0.41500625
9618,2021.09.028.0,19.619637,27.665733,21564.258,0.40555254
9619,2021.010.01.0,47.5991,31.135963,12447.923,0.18339036
9620,2021.010.04.0,52.185894,41.367348,12447.923,0.18102694
9621,2021.010.05.0,52.185894,39.237595,12447.923,0.17393665
9622,2021.010.01.0,78.789314,49.128563,13207.617,0.18339036
9623,2021.010.04.0,80.62404,66.47502,13207.617,0.18102694
9624,2021.010.05.0,87.96291,58.316895,13207.617,0.17393665
9625,2021.010.01.0,184.28564,137.91417,13207.617,0.39846227
9626,2021.010.04.0,192.54187,166.20325,13207.617,0.39609885
9627,2021.010.05.0,183.36829,177.35895,13207.617,0.38900855
9628,2021.010.05.0,239.32721,200.50894,13397.541,0.38900855
9629,2021.010.01.0,11.363403,6.682312,13967.312,0.051038407
9630,2021.010.04.0,7.2352905,19.92134,13967.312,0.048674982
9631,2021.010.05.0,3.6575851,12.44326,13967.312,0.0415847
9632,2021.010.01.0,68.698364,41.496025,13967.312,0.117214374
9633,2021.010.04.0,76.9546,58.904675,13967.312,0.11485095
9634,2021.010.05.0,68.698364,58.04663,13967.312,0.10776067
9635,2021.010.01.0,13.656799,7.397438,14062.273,0.051038407
9636,2021.010.04.0,8.703064,21.44725,14062.273,0.048674982
9637,2021.010.05.0,4.850151,14.13456,14062.273,0.0415847
9638,2021.010.04.0,79.70667,66.3418,14062.273,0.11485095
9639,2021.010.05.0,72.3678,67.834045,14062.273,0.10776067
9640,2021.010.01.0,14.574158,8.467842,14157.235,0.051038407
9641,2021.010.04.0,9.987366,25.251354,14157.235,0.048674982
9642,2021.010.05.0,5.308838,16.217834,14157.235,0.0415847
9643,2021.010.01.0,80.62404,36.11375,14157.235,0.117214374
9644,2021.010.04.0,79.70667,84.22979,14157.235,0.11485095
9645,2021.010.05.0,76.9546,69.94716,14157.235,0.10776067
9646,2021.010.04.0,147.59128,126.46179,14157.235,0.18102694
9647,2021.010.05.0,130.16144,131.48453,14157.235,0.17393665
9648,2021.010.01.0,16.408875,6.4109573,14252.197,0.051038407
9649,2021.010.04.0,11.8220825,24.972473,14252.197,0.048674982
9650,2021.010.05.0,5.400566,16.596413,14252.197,0.0415847
9651,2021.010.01.0,19.160957,10.3357315,14347.158,0.051038407
9652,2021.010.04.0,15.032837,30.958881,14347.158,0.048674982
9653,2021.010.05.0,7.2352905,21.915482,14347.158,0.0415847
9654,2021.010.01.0,22.830395,9.739082,14442.121,0.051038407
9655,2021.010.04.0,15.032837,37.612194,14442.121,0.048674982
9656,2021.010.05.0,7.785698,21.731644,14442.121,0.0415847
9657,2021.010.01.0,25.12379,11.615463,14537.082,0.051038407
9658,2021.010.04.0,20.078316,39.675144,14537.082,0.048674982
9659,2021.010.05.0,9.253471,25.745274,14537.082,0.0415847
9660,2021.010.05.0,108.14481,97.663414,14537.082,0.10776067
9661,2021.010.01.0,29.710594,13.418175,14632.044,0.051038407
9662,2021.010.04.0,23.747757,45.8961,14632.044,0.048674982
9663,2021.010.05.0,11.8220825,29.119698,14632.044,0.0415847
9664,2021.010.04.0,120.07049,119.70978,14632.044,0.11485095
9665,2021.010.05.0,119.15312,114.24306,14632.044,0.10776067
9666,2021.010.01.0,34.297386,17.274841,14727.006,0.051038407
9667,2021.010.04.0,29.251907,44.609318,14727.006,0.048674982
9668,2021.010.05.0,15.032837,33.8499,14727.006,0.0415847
9669,2021.010.01.0,39.342865,18.710297,14821.968,0.051038407
9670,2021.010.04.0,32.00399,56.670654,14821.968,0.048674982
9671,2021.010.05.0,18.702278,37.997993,14821.968,0.0415847
9672,2021.010.01.0,43.92966,24.3637,14916.93,0.051038407
9673,2021.010.04.0,37.508144,59.40652,14916.93,0.048674982
9674,2021.010.05.0,21.454361,41.227966,14916.93,0.0415847
9675,2021.010.04.0,152.17807,154.21489,14916.93,0.11485095
9676,2021.010.05.0,141.16975,150.2921,14916.93,0.10776067
9677,2021.010.01.0,52.185894,24.563862,15011.892,0.051038407
9678,2021.010.04.0,46.68174,76.46626,15011.892,0.048674982
9679,2021.010.05.0,28.334553,54.975525,15011.892,0.0415847
9680,2021.010.01.0,156.76486,93.66175,15011.892,0.117214374
9681,2021.010.04.0,153.09543,157.3853,15011.892,0.11485095
9682,2021.010.05.0,157.68222,152.33789,15011.892,0.10776067
9683,2021.010.01.0,55.85533,16.35553,15106.854,0.051038407
9684,2021.010.04.0,51.268536,57.1644,15106.854,0.048674982
9685,2021.010.05.0,35.21475,41.876835,15106.854,0.0415847
9686,2021.010.01.0,165.93845,103.13469,15106.854,0.117214374
9687,2021.010.04.0,176.02942,165.7663,15106.854,0.11485095
9688,2021.010.05.0,161.35165,171.0925,15106.854,0.10776067
9689,2021.010.01.0,257.67438,167.88821,15106.854,0.18339036
9690,2021.010.04.0,254.92232,238.6358,15106.854,0.18102694
9691,2021.010.05.0,245.7487,251.13843,15106.854,0.17393665
9692,2021.010.01.0,64.111565,34.946606,15201.815,0.051038407
9693,2021.010.04.0,63.194206,89.27734,15201.815,0.048674982
9694,2021.010.05.0,43.47098,74.79951,15201.815,0.0415847
9695,2021.010.04.0,190.70715,173.97049,15201.815,0.11485095
9696,2021.010.05.0,179.69885,181.08948,15201.815,0.10776067
9697,2021.010.01.0,76.03724,34.761387,15296.777,0.051038407
9698,2021.010.04.0,70.53308,101.12603,15296.777,0.048674982
9699,2021.010.05.0,51.268536,73.334465,15296.777,0.0415847
9700,2021.010.01.0,196.21132,107.352165,15296.777,0.117214374
9701,2021.010.04.0,201.71547,186.10497,15296.777,0.11485095
9702,2021.010.05.0,214.5585,192.98303,15296.777,0.10776067
9703,2021.010.01.0,81.5414,40.1745,15391.738,0.051038407
9704,2021.010.04.0,81.5414,109.041534,15391.738,0.048674982
9705,2021.010.05.0,60.44213,92.76325,15391.738,0.0415847
9706,2021.010.04.0,209.97171,188.45825,15391.738,0.11485095
9707,2021.010.05.0,209.97171,197.65094,15391.738,0.10776067
9708,2021.010.01.0,89.79763,47.04515,15486.7,0.051038407
9709,2021.010.04.0,100.80594,115.96761,15486.7,0.048674982
9710,2021.010.05.0,73.28516,116.411964,15486.7,0.0415847
9711,2021.010.05.0,230.15361,220.52582,15486.7,0.10776067
9712,2021.010.01.0,98.97122,38.60617,15581.662,0.051038407
9713,2021.010.04.0,103.55802,101.34814,15581.662,0.048674982
9714,2021.010.05.0,83.376114,100.09436,15581.662,0.0415847
9715,2021.010.01.0,242.99664,149.94827,15581.662,0.117214374
9716,2021.010.04.0,253.08759,234.0127,15581.662,0.11485095
9717,2021.010.05.0,244.83136,250.73917,15581.662,0.10776067
9718,2021.010.01.0,115.48369,56.75448,15676.624,0.051038407
9719,2021.010.04.0,118.23577,135.41534,15676.624,0.048674982
9720,2021.010.05.0,97.136505,131.09004,15676.624,0.0415847
9721,2021.010.01.0,255.83968,150.57169,15676.624,0.117214374
9722,2021.010.04.0,280.60837,237.60742,15676.624,0.11485095
9723,2021.010.05.0,266.848,269.85226,15676.624,0.10776067
9724,2021.010.01.0,128.32672,66.20248,15771.586,0.051038407
9725,2021.010.04.0,131.99615,146.38547,15771.586,0.048674982
9726,2021.010.05.0,112.73161,146.68533,15771.586,0.0415847
9727,2021.010.05.0,271.43478,283.62244,15771.586,0.10776067
9728,2021.010.01.0,136.58295,66.313385,15866.548,0.051038407
9729,2021.010.04.0,150.34335,150.3728,15866.548,0.048674982
9730,2021.010.05.0,127.40936,167.02933,15866.548,0.0415847
9731,2021.010.01.0,300.79028,176.56873,15866.548,0.117214374
9732,2021.010.04.0,317.30273,255.25893,15866.548,0.11485095
9733,2021.010.05.0,299.87292,294.66605,15866.548,0.10776067
9734,2021.010.04.0,450.3199,341.03296,15866.548,0.18102694
9735,2021.010.05.0,420.047,378.2694,15866.548,0.17393665
9736,2021.010.01.0,155.8475,77.97293,15961.51,0.051038407
9737,2021.010.04.0,172.35997,166.72415,15961.51,0.048674982
9738,2021.010.05.0,148.50864,188.59407,15961.51,0.0415847
9739,2021.010.05.0,323.72424,311.28967,15961.51,0.10776067
9740,2021.010.01.0,172.35997,87.501396,16056.472,0.051038407
9741,2021.010.04.0,195.29396,168.32181,16056.472,0.048674982
9742,2021.010.05.0,172.35997,186.82541,16056.472,0.0415847
9743,2021.010.01.0,342.98883,216.18727,16056.472,0.117214374
9744,2021.010.04.0,373.26166,299.47205,16056.472,0.11485095
9745,2021.010.05.0,351.24506,331.97064,16056.472,0.10776067
9746,2021.010.01.0,191.62451,91.26782,16151.434,0.051038407
9747,2021.010.04.0,219.1453,183.39243,16151.434,0.048674982
9748,2021.010.05.0,192.54187,212.93279,16151.434,0.0415847
9749,2021.010.01.0,369.59222,237.9614,16151.434,0.117214374
9750,2021.010.04.0,399.86505,324.3863,16151.434,0.11485095
9751,2021.010.05.0,382.43524,353.33124,16151.434,0.10776067
9752,2021.010.01.0,212.72377,103.283035,16246.3955,0.051038407
9753,2021.010.04.0,243.914,198.74011,16246.3955,0.048674982
9754,2021.010.05.0,220.98001,230.43419,16246.3955,0.0415847
9755,2021.010.01.0,401.69983,253.59074,16246.3955,0.117214374
9756,2021.010.04.0,416.37756,330.81213,16246.3955,0.11485095
9757,2021.010.05.0,438.39417,357.0374,16246.3955,0.10776067
9758,2021.010.01.0,242.07928,121.65523,16341.356,0.051038407
9759,2021.010.04.0,274.18686,201.90764,16341.356,0.048674982
9760,2021.010.05.0,253.08759,237.54124,16341.356,0.0415847
9761,2021.010.01.0,447.56775,290.9299,16341.356,0.117214374
9762,2021.010.04.0,464.08026,360.02692,16341.356,0.11485095
9763,2021.010.05.0,443.89832,378.4292,16341.356,0.10776067
9764,2021.010.01.0,269.60004,131.00162,16436.318,0.051038407
9765,2021.010.04.0,273.2695,222.18918,16436.318,0.048674982
9766,2021.010.05.0,287.02988,224.94392,16436.318,0.0415847
9767,2021.010.01.0,459.49347,295.1675,16436.318,0.117214374
9768,2021.010.04.0,446.6504,365.0426,16436.318,0.11485095
9769,2021.010.05.0,450.3199,383.32965,16436.318,0.10776067
9770,2021.010.01.0,298.0382,143.11694,16531.281,0.051038407
9771,2021.010.04.0,223.73209,238.35132,16531.281,0.048674982
9772,2021.010.05.0,231.07097,210.0567,16531.281,0.0415847
9773,2021.010.01.0,453.98932,313.6986,16531.281,0.117214374
9774,2021.010.04.0,401.69983,362.73328,16531.281,0.11485095
9775,2021.010.05.0,407.20398,360.32538,16531.281,0.10776067
9776,2021.010.01.0,261.3438,154.97424,16626.242,0.051038407
9777,2021.010.04.0,179.69885,199.0525,16626.242,0.048674982
9778,2021.010.05.0,190.70715,162.46378,16626.242,0.0415847
9779,2021.010.04.0,349.41034,350.60364,16626.242,0.11485095
9780,2021.010.05.0,349.41034,338.72815,16626.242,0.10776067
9781,2021.010.01.0,211.80643,170.65881,16721.205,0.051038407
9782,2021.010.04.0,141.16975,156.76358,16721.205,0.048674982
9783,2021.010.05.0,150.34335,123.520905,16721.205,0.0415847
9784,2021.010.05.0,315.46802,308.6758,16721.205,0.10776067
9785,2021.010.01.0,164.10373,170.50113,16816.166,0.051038407
9786,2021.010.04.0,107.227455,125.70741,16816.166,0.048674982
9787,2021.010.05.0,112.73161,90.52259,16816.166,0.0415847
9788,2021.010.01.0,316.38538,350.9793,16816.166,0.117214374
9789,2021.010.04.0,274.18686,304.8781,16816.166,0.11485095
9790,2021.010.05.0,269.60004,252.82922,16816.166,0.10776067
9791,2021.010.04.0,374.17902,412.20905,16816.166,0.18102694
9792,2021.010.05.0,366.84015,392.67383,16816.166,0.17393665
9793,2021.09.030.0,270.5174,190.30396,16911.127,0.053401835
9794,2021.010.01.0,127.40936,185.33731,16911.127,0.051038407
9795,2021.010.04.0,82.458755,107.67491,16911.127,0.048674982
9796,2021.010.05.0,87.04555,67.21779,16911.127,0.0415847
9797,2021.010.04.0,243.914,287.86884,16911.127,0.11485095
9798,2021.010.05.0,231.98833,238.66544,16911.127,0.10776067
9799,2021.010.01.0,91.63235,172.76001,17006.09,0.051038407
9800,2021.010.04.0,60.44213,101.54751,17006.09,0.048674982
9801,2021.010.05.0,65.02892,50.516575,17006.09,0.0415847
9802,2021.010.04.0,196.21132,257.37415,17006.09,0.11485095
9803,2021.010.05.0,205.38492,186.92543,17006.09,0.10776067
9804,2021.010.04.0,325.55896,374.96704,17006.09,0.18102694
9805,2021.010.05.0,298.0382,349.99933,17006.09,0.17393665
9806,2021.010.01.0,72.3678,149.50699,17101.05,0.051038407
9807,2021.010.04.0,44.84702,80.86131,17101.05,0.048674982
9808,2021.010.05.0,47.5991,43.164585,17101.05,0.0415847
9809,2021.010.01.0,207.21962,316.51898,17101.05,0.117214374
9810,2021.010.04.0,174.1947,214.28549,17101.05,0.11485095
9811,2021.010.05.0,171.44261,162.34747,17101.05,0.10776067
9812,2021.010.01.0,52.185894,129.54395,17196.014,0.051038407
9813,2021.010.04.0,35.21475,65.98448,17196.014,0.048674982
9814,2021.010.05.0,33.83871,33.602013,17196.014,0.0415847
9815,2021.010.01.0,156.76486,258.7446,17196.014,0.117214374
9816,2021.010.04.0,147.59128,171.46463,17196.014,0.11485095
9817,2021.010.05.0,145.75655,130.82597,17196.014,0.10776067
9818,2021.010.05.0,230.15361,218.6747,17196.014,0.17393665
9819,2021.010.01.0,37.966824,108.167694,17290.975,0.051038407
9820,2021.010.04.0,25.582474,47.417625,17290.975,0.048674982
9821,2021.010.05.0,24.665112,22.230324,17290.975,0.0415847
9822,2021.010.01.0,143.92183,223.79808,17290.975,0.117214374
9823,2021.010.04.0,120.07049,158.76372,17290.975,0.11485095
9824,2021.010.05.0,119.15312,112.29825,17290.975,0.10776067
9825,2021.010.01.0,28.334553,94.18583,17385.938,0.051038407
9826,2021.010.04.0,19.160957,40.474007,17385.938,0.048674982
9827,2021.010.05.0,18.243599,21.667046,17385.938,0.0415847
9828,2021.010.01.0,109.06218,214.26514,17385.938,0.117214374
9829,2021.010.04.0,103.55802,130.13876,17385.938,0.11485095
9830,2021.010.05.0,102.64066,94.89902,17385.938,0.10776067
9831,2021.010.04.0,175.11205,228.55592,17385.938,0.18102694
9832,2021.010.05.0,180.61621,162.94647,17385.938,0.17393665
9833,2021.010.01.0,20.536995,69.60988,17480.898,0.051038407
9834,2021.010.04.0,14.574158,28.346748,17480.898,0.048674982
9835,2021.010.05.0,13.19812,14.202385,17480.898,0.0415847
9836,2021.010.01.0,102.64066,194.24527,17480.898,0.117214374
9837,2021.010.04.0,83.376114,109.177284,17480.898,0.11485095
9838,2021.010.05.0,89.79763,78.25619,17480.898,0.10776067
9839,2021.010.01.0,15.491524,51.92187,17575.861,0.051038407
9840,2021.010.04.0,11.8220825,18.967361,17575.861,0.048674982
9841,2021.010.05.0,10.9047165,8.918556,17575.861,0.0415847
9842,2021.010.01.0,83.376114,131.25548,17575.861,0.117214374
9843,2021.010.04.0,68.698364,84.78229,17575.861,0.11485095
9844,2021.010.05.0,72.3678,63.821796,17575.861,0.10776067
9845,2021.010.04.0,137.50032,148.15298,17575.861,0.18102694
9846,2021.010.05.0,130.16144,126.92049,17575.861,0.17393665
9847,2021.010.01.0,11.363403,35.25762,17670.822,0.051038407
9848,2021.010.04.0,9.620415,17.39833,17670.822,0.048674982
9849,2021.010.05.0,8.519592,13.948341,17670.822,0.0415847
9850,2021.010.01.0,63.194206,117.295364,17670.822,0.117214374
9851,2021.010.04.0,60.44213,72.99612,17670.822,0.11485095
9852,2021.010.05.0,58.607407,59.506424,17670.822,0.10776067
9853,2021.010.01.0,9.803894,26.332664,17765.783,0.051038407
9854,2021.010.04.0,8.336113,16.086494,17765.783,0.048674982
9855,2021.010.05.0,7.051811,12.617073,17765.783,0.0415847
9856,2021.010.01.0,58.607407,98.1712,17765.783,0.117214374
9857,2021.010.04.0,48.516457,59.603863,17765.783,0.11485095
9858,2021.010.05.0,47.5991,46.48623,17765.783,0.10776067
9859,2021.010.01.0,7.4187546,23.59343,17860.746,0.051038407
9860,2021.010.04.0,6.9600754,15.271309,17860.746,0.048674982
9861,2021.010.05.0,6.2261887,13.372467,17860.746,0.0415847
9862,2021.010.01.0,47.5991,81.48957,17860.746,0.117214374
9863,2021.010.04.0,41.17758,49.251373,17860.746,0.11485095
9864,2021.010.05.0,42.09494,35.653236,17860.746,0.10776067
9865,2021.010.01.0,6.501396,19.48848,17955.707,0.051038407
9866,2021.010.04.0,5.6757812,13.153824,17955.707,0.048674982
9867,2021.010.05.0,4.758415,10.464706,17955.707,0.0415847
9868,2021.010.01.0,37.966824,67.996895,17955.707,0.117214374
9869,2021.010.04.0,33.83871,42.593174,17955.707,0.11485095
9870,2021.010.05.0,32.46267,30.49889,17955.707,0.10776067
9871,2021.010.04.0,74.20252,100.950195,17955.707,0.18102694
9872,2021.010.05.0,78.789314,73.20738,17955.707,0.17393665
9873,2021.010.05.0,177.86414,243.7331,17955.707,0.38900855
9874,2021.010.01.0,5.492302,20.213615,18050.67,0.051038407
9875,2021.010.04.0,4.850151,14.608543,18050.67,0.048674982
9876,2021.010.05.0,4.1162567,12.552017,18050.67,0.0415847
9877,2021.010.01.0,30.16927,52.797283,18050.67,0.117214374
9878,2021.010.04.0,28.334553,27.423946,18050.67,0.11485095
9879,2021.010.05.0,24.665112,23.93811,18050.67,0.10776067
9880,2021.010.01.0,4.5749435,16.222496,18145.63,0.051038407
9881,2021.010.04.0,4.299736,11.781029,18145.63,0.048674982
9882,2021.010.05.0,3.5658493,10.362091,18145.63,0.0415847
9883,2021.010.01.0,26.499832,45.951176,18145.63,0.117214374
9884,2021.010.04.0,25.12379,34.433025,18145.63,0.11485095
9885,2021.010.05.0,22.371712,29.677399,18145.63,0.10776067
9886,2021.010.04.0,54.937973,81.067215,18145.63,0.18102694
9887,2021.010.05.0,55.85533,58.641777,18145.63,0.17393665
9888,2021.010.01.0,4.299736,13.5298,18240.594,0.051038407
9889,2021.010.04.0,3.6575851,9.179581,18240.594,0.048674982
9890,2021.010.05.0,2.9236984,7.674019,18240.594,0.0415847
9891,2021.010.01.0,22.371712,31.275772,18240.594,0.117214374
9892,2021.010.04.0,20.995674,24.58068,18240.594,0.11485095
9893,2021.010.05.0,18.243599,18.579506,18240.594,0.10776067
9894,2021.010.01.0,3.10717,12.784836,18335.555,0.051038407
9895,2021.010.04.0,3.2906342,8.760712,18335.555,0.048674982
9896,2021.010.05.0,2.6484833,8.947777,18335.555,0.0415847
9897,2021.010.04.0,19.619637,18.889305,18335.555,0.11485095
9898,2021.010.01.0,54.937973,87.221306,18335.555,0.18339036
9899,2021.010.04.0,47.5991,60.119568,18335.555,0.18102694
9900,2021.010.05.0,47.5991,48.084026,18335.555,0.17393665
9901,2021.010.01.0,2.7402267,8.554306,18430.518,0.051038407
9902,2021.010.04.0,2.556755,6.227852,18430.518,0.048674982
9903,2021.010.05.0,2.189804,5.9448776,18430.518,0.0415847
9904,2021.010.01.0,16.408875,25.777508,18430.518,0.117214374
9905,2021.010.04.0,13.656799,22.684639,18430.518,0.11485095
9906,2021.010.05.0,13.656799,19.73494,18430.518,0.10776067
9907,2021.010.01.0,3.0154343,8.509132,18525.479,0.051038407
9908,2021.010.04.0,2.3732834,6.344795,18525.479,0.048674982
9909,2021.010.05.0,2.00634,6.0994873,18525.479,0.0415847
9910,2021.010.01.0,14.574158,21.096527,18525.479,0.117214374
9911,2021.010.04.0,14.1154785,14.562065,18525.479,0.11485095
9912,2021.010.05.0,11.8220825,15.049583,18525.479,0.10776067
9913,2021.010.01.0,44.84702,60.054394,18525.479,0.18339036
9914,2021.010.04.0,37.508144,51.664837,18525.479,0.18102694
9915,2021.010.05.0,35.673428,44.743786,18525.479,0.17393665
9916,2021.010.01.0,2.9236984,5.0455856,18620.441,0.051038407
9917,2021.010.04.0,2.6484833,4.188858,18620.441,0.048674982
9918,2021.010.05.0,2.00634,4.671028,18620.441,0.0415847
9919,2021.010.01.0,13.19812,19.068779,18620.441,0.117214374
9920,2021.010.04.0,11.8220825,15.272278,18620.441,0.11485095
9921,2021.010.05.0,11.8220825,13.7137985,18620.441,0.10776067
9922,2021.010.01.0,2.28154,5.9123154,18715.402,0.051038407
9923,2021.010.05.0,1.1807175,4.1735153,18715.402,0.048674982
9924,2021.010.04.0,9.987366,13.981537,18715.402,0.11485095
9925,2021.010.05.0,9.070007,11.609062,18715.402,0.10776067
9926,2021.010.05.0,20.078316,28.348015,18715.402,0.17393665
9927,2021.010.01.0,2.28154,4.0264587,18810.363,0.051038407
9928,2021.010.04.0,1.4559174,3.3323135,18810.363,0.048674982
9929,2021.010.05.0,1.6393967,3.0940704,18810.363,0.0415847
9930,2021.010.01.0,9.987366,13.152748,18810.363,0.117214374
9931,2021.010.05.0,6.3179245,11.590904,18810.363,0.11485095
9932,2021.010.01.0,1.5476608,1.2843552,18905.326,0.051038407
9933,2021.010.04.0,1.6393967,1.8158188,18905.326,0.048674982
9934,2021.010.05.0,1.6393967,2.7411041,18905.326,0.0415847
9935,2021.010.01.0,8.978264,12.2687,18905.326,0.117214374
9936,2021.010.04.0,8.6113205,10.86245,18905.326,0.11485095
9937,2021.010.05.0,7.4187546,10.492851,18905.326,0.10776067
9938,2021.010.04.0,20.078316,27.09948,18905.326,0.18102694
9939,2021.010.05.0,18.243599,20.040085,18905.326,0.17393665
9940,2021.010.05.0,1.3641815,2.3777237,19000.287,0.0415847
9941,2021.010.01.0,12.739441,18.841805,19665.02,0.18339036
9942,2021.010.05.0,9.987366,15.0770035,19665.02,0.18102694
9943,2021.010.04.0,10.9047165,13.059486,19854.943,0.18102694
9944,2021.010.05.0,10.446045,13.579475,19854.943,0.17393665
9945,2021.010.05.0,43.0123,44.583595,19854.943,0.38900855
9946,2021.010.01.0,0.9055023,-3.6102295,20139.83,0.051038407
9947,2021.010.04.0,0.9055023,-1.6559143,20139.83,0.048674982
9948,2021.010.05.0,0.9055023,-0.29618835,20139.83,0.0415847
9949,2021.010.04.0,15.950203,27.133781,21564.258,0.39609885
9950,2021.010.05.0,15.950203,28.624077,21564.258,0.38900855
9951,2021.010.08.0,38.884182,30.205593,12447.923,0.16684636
9952,2021.010.012.0,41.63626,31.28077,12447.923,0.16448292
9953,2021.010.013.0,36.132103,34.232952,12447.923,0.15502922
9954,2021.010.08.0,63.194206,47.560658,13207.617,0.16684636
9955,2021.010.012.0,67.781006,53.705597,13207.617,0.16448292
9956,2021.010.013.0,55.85533,59.96971,13207.617,0.15502922
9957,2021.010.08.0,157.68222,168.41481,13207.617,0.38191825
9958,2021.010.012.0,174.1947,157.84332,13207.617,0.37955484
9959,2021.010.013.0,160.4343,160.89922,13207.617,0.37010112
9960,2021.010.013.0,176.02942,181.70158,13397.541,0.37010112
9961,2021.010.012.0,326.47635,383.25903,13587.465,0.5969902
9962,2021.010.08.0,4.299736,6.254463,13967.312,0.034494415
9963,2021.010.012.0,2.6484833,5.604477,13967.312,0.032130986
9964,2021.010.013.0,1.8228607,3.689804,13967.312,0.022677273
9965,2021.010.08.0,44.84702,34.13222,13967.312,0.10067039
9966,2021.010.012.0,44.84702,42.234787,13967.312,0.09830696
9967,2021.010.013.0,35.673428,38.185116,13967.312,0.08885325
9968,2021.010.08.0,3.10717,5.286789,14062.273,0.034494415
9969,2021.010.012.0,2.9236984,2.921463,14062.273,0.032130986
9970,2021.010.013.0,1.7311325,3.8548965,14062.273,0.022677273
9971,2021.010.012.0,46.68174,43.728725,14062.273,0.09830696
9972,2021.010.013.0,39.342865,42.008522,14062.273,0.08885325
9973,2021.010.08.0,3.10717,5.438736,14157.235,0.034494415
9974,2021.010.012.0,3.10717,2.9497528,14157.235,0.032130986
9975,2021.010.013.0,2.7402267,4.3516617,14157.235,0.022677273
9976,2021.010.08.0,54.020615,48.580887,14157.235,0.10067039
9977,2021.010.012.0,57.69005,50.28577,14157.235,0.09830696
9978,2021.010.013.0,41.17758,52.940487,14157.235,0.08885325
9979,2021.010.08.0,5.400566,11.596252,14252.197,0.034494415
9980,2021.010.012.0,3.2906342,9.186539,14252.197,0.032130986
9981,2021.010.012.0,67.781006,53.94353,14252.197,0.09830696
9982,2021.010.013.0,47.5991,60.5255,14252.197,0.08885325
9983,2021.010.08.0,5.2170944,8.460693,14347.158,0.034494415
9984,2021.010.012.0,3.6575851,6.788681,14347.158,0.032130986
9985,2021.010.012.0,65.94629,54.66833,14347.158,0.09830696
9986,2021.010.013.0,51.268536,61.06608,14347.158,0.08885325
9987,2021.010.08.0,7.3270187,9.197136,14442.121,0.034494415
9988,2021.010.012.0,4.4832077,8.41452,14442.121,0.032130986
9989,2021.010.013.0,2.556755,6.125557,14442.121,0.022677273
9990,2021.010.08.0,6.9600754,9.234993,14537.082,0.034494415
9991,2021.010.012.0,4.391472,7.8223953,14537.082,0.032130986
9992,2021.010.013.0,2.831955,5.3336334,14537.082,0.022677273
9993,2021.010.08.0,78.789314,61.118973,14537.082,0.10067039
9994,2021.010.012.0,79.70667,76.473366,14537.082,0.09830696
9995,2021.010.013.0,66.86365,80.97364,14537.082,0.08885325
9996,2021.010.08.0,7.143547,9.8409195,14632.044,0.034494415
9997,2021.010.012.0,4.941887,7.8932724,14632.044,0.032130986
9998,2021.010.013.0,2.831955,5.2356644,14632.044,0.022677273
9999,2021.010.08.0,80.62404,70.34959,14632.044,0.10067039
10000,2021.010.012.0,83.376114,72.010635,14632.044,0.09830696
10001,2021.010.013.0,72.3678,81.88948,14632.044,0.08885325
10002,2021.010.08.0,8.794792,10.08152,14727.006,0.034494415
10003,2021.010.012.0,5.308838,10.749115,14727.006,0.032130986
10004,2021.010.013.0,3.10717,7.1466446,14727.006,0.022677273
10005,2021.010.012.0,92.549706,90.52857,14727.006,0.09830696
10006,2021.010.013.0,78.789314,84.24947,14727.006,0.08885325
10007,2021.010.08.0,9.987366,12.591766,14821.968,0.034494415
10008,2021.010.012.0,6.3179245,12.14679,14821.968,0.032130986
10009,2021.010.013.0,3.9327927,7.626137,14821.968,0.022677273
10010,2021.010.013.0,91.63235,99.05774,14821.968,0.08885325
10011,2021.010.08.0,9.987366,14.2385025,14916.93,0.034494415
10012,2021.010.012.0,8.060913,13.455986,14916.93,0.032130986
10013,2021.010.013.0,4.4832077,10.419174,14916.93,0.022677273
10014,2021.010.08.0,101.7233,100.12829,14916.93,0.10067039
10015,2021.010.012.0,112.73161,109.336975,14916.93,0.09830696
10016,2021.010.013.0,99.88858,121.87902,14916.93,0.08885325
10017,2021.010.013.0,200.79811,194.58017,14916.93,0.15502922
10018,2021.010.08.0,12.739441,17.213615,15011.892,0.034494415
10019,2021.010.012.0,12.280762,15.589905,15011.892,0.032130986
10020,2021.010.013.0,5.1253586,15.720299,15011.892,0.022677273
10021,2021.010.08.0,113.64897,116.692856,15011.892,0.10067039
10022,2021.010.012.0,120.07049,114.09989,15011.892,0.09830696
10023,2021.010.013.0,109.06218,125.44965,15011.892,0.08885325
10024,2021.010.08.0,12.739441,12.318794,15106.854,0.034494415
10025,2021.010.012.0,9.803894,7.9100037,15106.854,0.032130986
10026,2021.010.013.0,6.5931396,6.7684784,15106.854,0.022677273
10027,2021.010.08.0,123.73993,120.09273,15106.854,0.10067039
10028,2021.010.012.0,131.0788,126.97356,15106.854,0.09830696
10029,2021.010.013.0,122.82257,129.5183,15106.854,0.08885325
10030,2021.010.08.0,211.80643,205.83118,15106.854,0.16684636
10031,2021.010.012.0,227.40154,205.92838,15106.854,0.16448292
10032,2021.010.013.0,231.98833,210.1081,15106.854,0.15502922
10033,2021.010.08.0,16.408875,21.141197,15201.815,0.034494415
10034,2021.010.012.0,12.739441,19.998322,15201.815,0.032130986
10035,2021.010.013.0,9.345215,18.035156,15201.815,0.022677273
10036,2021.010.012.0,142.08711,135.47234,15201.815,0.09830696
10037,2021.010.013.0,133.83087,144.98541,15201.815,0.08885325
10038,2021.010.08.0,19.619637,26.320053,15296.777,0.034494415
10039,2021.010.012.0,16.408875,22.258774,15296.777,0.032130986
10040,2021.010.013.0,10.446045,21.29229,15296.777,0.022677273
10041,2021.010.08.0,146.67392,150.1939,15296.777,0.10067039
10042,2021.010.012.0,156.76486,158.60611,15296.777,0.09830696
10043,2021.010.013.0,151.26071,158.90425,15296.777,0.08885325
10044,2021.010.08.0,21.91304,29.164383,15391.738,0.034494415
10045,2021.010.012.0,20.995674,26.664368,15391.738,0.032130986
10046,2021.010.013.0,11.8220825,30.3101,15391.738,0.022677273
10047,2021.010.012.0,171.44261,158.40968,15391.738,0.09830696
10048,2021.010.013.0,166.8558,174.37723,15391.738,0.08885325
10049,2021.010.08.0,27.417187,37.268574,15486.7,0.034494415
10050,2021.010.012.0,26.041153,32.172,15486.7,0.032130986
10051,2021.010.013.0,20.078316,33.441113,15486.7,0.022677273
10052,2021.010.08.0,169.6079,181.2103,15486.7,0.10067039
10053,2021.010.012.0,187.03772,176.83856,15486.7,0.09830696
10054,2021.010.013.0,179.69885,187.27637,15486.7,0.08885325
10055,2021.010.08.0,33.380024,32.902687,15581.662,0.034494415
10056,2021.010.012.0,34.297386,34.574814,15581.662,0.032130986
10057,2021.010.013.0,26.958511,39.763855,15581.662,0.022677273
10058,2021.010.08.0,179.69885,184.2436,15581.662,0.10067039
10059,2021.010.012.0,209.05434,182.38525,15581.662,0.09830696
10060,2021.010.013.0,198.04602,200.79153,15581.662,0.08885325
10061,2021.010.08.0,40.718903,55.364815,15676.624,0.034494415
10062,2021.010.012.0,43.0123,41.39698,15676.624,0.032130986
10063,2021.010.013.0,35.21475,50.168034,15676.624,0.022677273
10064,2021.010.08.0,207.21962,209.09938,15676.624,0.10067039
10065,2021.010.012.0,209.05434,217.11621,15676.624,0.09830696
10066,2021.010.013.0,204.46753,210.65877,15676.624,0.08885325
10067,2021.010.012.0,331.06314,315.14862,15676.624,0.16448292
10068,2021.010.08.0,48.516457,68.36134,15771.586,0.034494415
10069,2021.010.012.0,55.85533,53.245953,15771.586,0.032130986
10070,2021.010.013.0,46.68174,64.98438,15771.586,0.022677273
10071,2021.010.08.0,203.5502,218.17842,15771.586,0.10067039
10072,2021.010.012.0,248.5008,200.09453,15771.586,0.09830696
10073,2021.010.013.0,239.32721,231.52884,15771.586,0.08885325
10074,2021.010.08.0,59.52477,70.08207,15866.548,0.034494415
10075,2021.010.012.0,68.698364,56.11445,15866.548,0.032130986
10076,2021.010.013.0,58.607407,63.719166,15866.548,0.022677273
10077,2021.010.08.0,231.98833,247.31854,15866.548,0.10067039
10078,2021.010.012.0,259.5091,237.16006,15866.548,0.09830696
10079,2021.010.013.0,266.848,246.63045,15866.548,0.08885325
10080,2021.010.013.0,405.36926,359.16125,15866.548,0.15502922
10081,2021.010.08.0,71.45044,104.252846,15961.51,0.034494415
10082,2021.010.012.0,82.458755,82.105576,15961.51,0.032130986
10083,2021.010.013.0,76.9546,88.74996,15961.51,0.022677273
10084,2021.010.08.0,250.33553,251.74696,15961.51,0.10067039
10085,2021.010.012.0,287.94727,246.3782,15961.51,0.09830696
10086,2021.010.013.0,288.86462,266.19965,15961.51,0.08885325
10087,2021.010.08.0,85.21083,67.96483,16056.472,0.034494415
10088,2021.010.012.0,102.64066,58.26204,16056.472,0.032130986
10089,2021.010.013.0,94.38442,68.92885,16056.472,0.022677273
10090,2021.010.08.0,281.52573,285.89758,16056.472,0.10067039
10091,2021.010.012.0,313.6333,278.80988,16056.472,0.09830696
10092,2021.010.013.0,320.0548,283.7699,16056.472,0.08885325
10093,2021.010.013.0,452.1546,388.99127,16056.472,0.15502922
10094,2021.010.08.0,100.80594,125.08728,16151.434,0.034494415
10095,2021.010.012.0,120.98785,107.62554,16151.434,0.032130986
10096,2021.010.013.0,117.31841,111.40349,16151.434,0.022677273
10097,2021.010.08.0,299.87292,301.01892,16151.434,0.10067039
10098,2021.010.012.0,336.56732,274.6505,16151.434,0.09830696
10099,2021.010.013.0,354.9145,284.90506,16151.434,0.08885325
10100,2021.010.08.0,118.23577,134.82303,16246.3955,0.034494415
10101,2021.010.012.0,145.75655,111.30027,16246.3955,0.032130986
10102,2021.010.013.0,144.83919,118.557236,16246.3955,0.022677273
10103,2021.010.08.0,324.6416,320.90656,16246.3955,0.10067039
10104,2021.010.012.0,364.08807,300.2654,16246.3955,0.09830696
10105,2021.010.013.0,389.7741,300.80536,16246.3955,0.08885325
10106,2021.010.08.0,138.41768,153.20213,16341.356,0.034494415
10107,2021.010.012.0,172.35997,130.62518,16341.356,0.032130986
10108,2021.010.013.0,178.7815,138.31445,16341.356,0.022677273
10109,2021.010.08.0,349.41034,344.17535,16341.356,0.10067039
10110,2021.010.012.0,411.79077,321.23914,16341.356,0.09830696
10111,2021.010.013.0,424.6338,329.6745,16341.356,0.08885325
10112,2021.010.08.0,162.26901,137.36429,16436.318,0.034494415
10113,2021.010.012.0,209.05434,124.89837,16436.318,0.032130986
10114,2021.010.013.0,145.75655,139.78844,16436.318,0.022677273
10115,2021.010.08.0,382.43524,352.67206,16436.318,0.10067039
10116,2021.010.012.0,439.31152,331.7536,16436.318,0.09830696
10117,2021.010.013.0,367.7575,343.27905,16436.318,0.08885325
10118,2021.010.08.0,191.62451,139.39645,16531.281,0.034494415
10119,2021.010.012.0,170.52525,129.5924,16531.281,0.032130986
10120,2021.010.013.0,105.39274,114.81105,16531.281,0.022677273
10121,2021.010.08.0,417.29492,342.752,16531.281,0.10067039
10122,2021.010.012.0,392.52625,348.17627,16531.281,0.09830696
10123,2021.010.013.0,318.22012,338.85223,16531.281,0.08885325
10124,2021.010.08.0,230.15361,143.5625,16626.242,0.034494415
10125,2021.010.012.0,126.492004,149.76021,16626.242,0.032130986
10126,2021.010.013.0,71.45044,107.93446,16626.242,0.022677273
10127,2021.010.08.0,440.22888,326.93378,16626.242,0.10067039
10128,2021.010.012.0,324.6416,341.48056,16626.242,0.09830696
10129,2021.010.013.0,281.52573,295.0551,16626.242,0.08885325
10130,2021.010.08.0,198.04602,177.15991,16721.205,0.034494415
10131,2021.010.012.0,91.63235,144.84003,16721.205,0.032130986
10132,2021.010.013.0,46.223057,91.28915,16721.205,0.022677273
10133,2021.010.08.0,390.69147,336.8886,16721.205,0.10067039
10134,2021.010.012.0,287.02988,343.03387,16721.205,0.09830696
10135,2021.010.013.0,239.32721,297.87216,16721.205,0.08885325
10136,2021.010.08.0,151.26071,121.392365,16816.166,0.034494415
10137,2021.010.012.0,61.35949,106.94127,16816.166,0.032130986
10138,2021.010.013.0,27.417187,68.28078,16816.166,0.022677273
10139,2021.010.08.0,342.98883,299.14606,16816.166,0.10067039
10140,2021.010.012.0,254.92232,302.49283,16816.166,0.09830696
10141,2021.010.013.0,205.38492,246.6708,16816.166,0.08885325
10142,2021.010.08.0,459.49347,380.38757,16816.166,0.16684636
10143,2021.010.012.0,381.51788,384.05768,16816.166,0.16448292
10144,2021.010.013.0,348.49298,362.67236,16816.166,0.15502922
10145,2021.010.013.0,532.8822,442.0802,16816.166,0.37010112
10146,2021.010.08.0,114.56633,111.04764,16911.127,0.034494415
10147,2021.010.012.0,41.17758,94.63626,16911.127,0.032130986
10148,2021.010.013.0,16.408875,50.778732,16911.127,0.022677273
10149,2021.010.08.0,303.54236,264.96832,16911.127,0.10067039
10150,2021.010.012.0,219.1453,257.22592,16911.127,0.09830696
10151,2021.010.013.0,165.93845,203.34604,16911.127,0.08885325
10152,2021.010.08.0,82.458755,82.14537,17006.09,0.034494415
10153,2021.010.012.0,26.499832,58.81151,17006.09,0.032130986
10154,2021.010.013.0,9.620415,28.355427,17006.09,0.022677273
10155,2021.010.08.0,255.83968,244.63368,17006.09,0.10067039
10156,2021.010.012.0,187.03772,222.0864,17006.09,0.09830696
10157,2021.010.013.0,138.41768,163.38763,17006.09,0.08885325
10158,2021.010.08.0,376.9311,337.6281,17006.09,0.16684636
10159,2021.010.012.0,276.93893,350.73456,17006.09,0.16448292
10160,2021.010.013.0,254.00494,295.53857,17006.09,0.15502922
10161,2021.010.08.0,57.69005,101.618935,17101.05,0.034494415
10162,2021.010.012.0,16.867554,61.242798,17101.05,0.032130986
10163,2021.010.013.0,6.1344604,22.364105,17101.05,0.022677273
10164,2021.010.08.0,217.31056,208.50613,17101.05,0.10067039
10165,2021.010.012.0,155.8475,183.78749,17101.05,0.09830696
10166,2021.010.013.0,114.56633,136.89926,17101.05,0.08885325
10167,2021.010.08.0,38.884182,68.61769,17196.014,0.034494415
10168,2021.010.012.0,11.8220825,39.099762,17196.014,0.032130986
10169,2021.010.013.0,4.1162567,12.386284,17196.014,0.022677273
10170,2021.010.08.0,184.28564,176.2184,17196.014,0.10067039
10171,2021.010.012.0,129.24408,163.59251,17196.014,0.09830696
10172,2021.010.013.0,92.549706,113.88051,17196.014,0.08885325
10173,2021.010.012.0,217.31056,275.91577,17196.014,0.16448292
10174,2021.010.013.0,194.37659,232.30556,17196.014,0.15502922
10175,2021.010.08.0,26.041153,56.16258,17290.975,0.034494415
10176,2021.010.012.0,8.336113,28.486923,17290.975,0.032130986
10177,2021.010.013.0,3.3823776,8.723114,17290.975,0.022677273
10178,2021.010.08.0,153.09543,154.91025,17290.975,0.10067039
10179,2021.010.012.0,108.14481,126.96583,17290.975,0.09830696
10180,2021.010.013.0,76.03724,90.534515,17290.975,0.08885325
10181,2021.010.08.0,17.32624,42.17923,17385.938,0.034494415
10182,2021.010.012.0,5.950981,17.711662,17385.938,0.032130986
10183,2021.010.013.0,2.556755,7.873047,17385.938,0.022677273
10184,2021.010.08.0,127.40936,131.07474,17385.938,0.10067039
10185,2021.010.012.0,88.88027,102.59108,17385.938,0.09830696
10186,2021.010.013.0,60.44213,74.11927,17385.938,0.08885325
10187,2021.010.08.0,233.82304,214.15488,17385.938,0.16684636
10188,2021.010.012.0,176.02942,220.65872,17385.938,0.16448292
10189,2021.010.08.0,11.363403,24.792648,17480.898,0.034494415
10190,2021.010.012.0,4.758415,12.709343,17480.898,0.032130986
10191,2021.010.013.0,2.6484833,6.5611725,17480.898,0.022677273
10192,2021.010.08.0,105.39274,101.83761,17480.898,0.10067039
10193,2021.010.012.0,73.28516,79.516945,17480.898,0.09830696
10194,2021.010.013.0,49.433815,55.821312,17480.898,0.08885325
10195,2021.010.08.0,9.070007,17.557098,17575.861,0.034494415
10196,2021.010.012.0,4.0245285,9.338936,17575.861,0.032130986
10197,2021.010.013.0,1.9145966,6.599327,17575.861,0.022677273
10198,2021.010.08.0,86.12819,90.6035,17575.861,0.10067039
10199,2021.010.012.0,60.44213,68.30846,17575.861,0.09830696
10200,2021.010.013.0,39.342865,46.526897,17575.861,0.08885325
10201,2021.010.08.0,174.1947,178.0434,17575.861,0.16684636
10202,2021.010.012.0,127.40936,179.29318,17575.861,0.16448292
10203,2021.010.013.0,107.227455,140.09053,17575.861,0.15502922
10204,2021.010.08.0,6.7766037,12.712273,17670.822,0.034494415
10205,2021.010.012.0,3.6575851,7.9727936,17670.822,0.032130986
10206,2021.010.013.0,1.9145966,6.067024,17670.822,0.022677273
10207,2021.010.08.0,73.28516,71.95061,17670.822,0.10067039
10208,2021.010.012.0,48.516457,55.010525,17670.822,0.09830696
10209,2021.010.013.0,32.46267,39.988472,17670.822,0.08885325
10210,2021.010.08.0,4.5749435,8.193016,17765.783,0.034494415
10211,2021.010.012.0,3.10717,5.212837,17765.783,0.032130986
10212,2021.010.013.0,1.5476608,4.412445,17765.783,0.022677273
10213,2021.010.08.0,59.52477,58.02408,17765.783,0.10067039
10214,2021.010.012.0,37.049465,42.352947,17765.783,0.09830696
10215,2021.010.013.0,26.041153,26.285252,17765.783,0.08885325
10216,2021.010.013.0,86.12819,104.427055,17765.783,0.15502922
10217,2021.010.08.0,3.6575851,8.320053,17860.746,0.034494415
10218,2021.010.012.0,2.4650192,4.0767975,17860.746,0.032130986
10219,2021.010.013.0,1.3641815,3.0869598,17860.746,0.022677273
10220,2021.010.08.0,48.516457,46.016384,17860.746,0.10067039
10221,2021.010.012.0,33.380024,37.761333,17860.746,0.09830696
10222,2021.010.013.0,21.91304,31.919994,17860.746,0.08885325
10223,2021.010.08.0,3.198906,4.5943756,17955.707,0.034494415
10224,2021.010.012.0,2.00634,2.74691,17955.707,0.032130986
10225,2021.010.013.0,1.3641815,1.736023,17955.707,0.022677273
10226,2021.010.08.0,37.966824,36.17677,17955.707,0.10067039
10227,2021.010.012.0,27.875874,28.814846,17955.707,0.09830696
10228,2021.010.013.0,18.243599,20.254204,17955.707,0.08885325
10229,2021.010.08.0,107.227455,108.48311,17955.707,0.16684636
10230,2021.010.012.0,67.781006,102.010925,17955.707,0.16448292
10231,2021.010.013.0,60.44213,76.87367,17955.707,0.15502922
10232,2021.010.012.0,204.46753,208.41556,17955.707,0.37955484
10233,2021.010.013.0,193.45923,203.47702,17955.707,0.37010112
10234,2021.010.08.0,3.0154343,3.418274,18050.67,0.034494415
10235,2021.010.012.0,1.8228607,1.5730896,18050.67,0.032130986
10236,2021.010.013.0,1.1807175,0.06434631,18050.67,0.022677273
10237,2021.010.08.0,34.297386,27.13427,18050.67,0.10067039
10238,2021.010.012.0,19.160957,20.48967,18050.67,0.09830696
10239,2021.010.013.0,14.574158,15.794121,18050.67,0.08885325
10240,2021.010.013.0,51.268536,55.85405,18050.67,0.15502922
10241,2021.010.08.0,2.831955,2.9789047,18145.63,0.034494415
10242,2021.010.012.0,1.6393967,2.0143585,18145.63,0.032130986
10243,2021.010.013.0,1.0889816,-0.014709473,18145.63,0.022677273
10244,2021.010.08.0,28.334553,22.536251,18145.63,0.10067039
10245,2021.010.012.0,16.408875,23.060463,18145.63,0.09830696
10246,2021.010.013.0,12.739441,17.204468,18145.63,0.08885325
10247,2021.010.012.0,51.268536,68.19533,18145.63,0.16448292
10248,2021.010.013.0,44.38834,54.528687,18145.63,0.15502922
10249,2021.010.08.0,2.189804,1.4414825,18240.594,0.034494415
10250,2021.010.012.0,1.3641815,0.2510605,18240.594,0.032130986
10251,2021.010.013.0,1.1807175,-1.239212,18240.594,0.022677273
10252,2021.010.08.0,21.91304,19.891556,18240.594,0.10067039
10253,2021.010.012.0,15.032837,16.019691,18240.594,0.09830696
10254,2021.010.013.0,9.987366,12.65873,18240.594,0.08885325
10255,2021.010.08.0,1.9145966,0.82349396,18335.555,0.034494415
10256,2021.010.012.0,1.2724533,-0.6220932,18335.555,0.032130986
10257,2021.010.013.0,1.0889816,-1.8710022,18335.555,0.022677273
10258,2021.010.012.0,12.739441,16.59336,18335.555,0.09830696
10259,2021.010.013.0,9.436951,12.117218,18335.555,0.08885325
10260,2021.010.08.0,55.85533,55.584183,18335.555,0.16684636
10261,2021.010.012.0,32.921345,50.134724,18335.555,0.16448292
10262,2021.010.013.0,33.83871,37.363983,18335.555,0.15502922
10263,2021.010.08.0,1.4559174,-1.3066177,18430.518,0.034494415
10264,2021.010.012.0,1.1807175,41.172863,18430.518,0.032130986
10265,2021.010.013.0,0.99723816,16.494072,18430.518,0.022677273
10266,2021.010.08.0,15.032837,18.771828,18430.518,0.10067039
10267,2021.010.012.0,10.9047165,13.080475,18430.518,0.09830696
10268,2021.010.013.0,9.345215,10.330231,18430.518,0.08885325
10269,2021.010.08.0,1.6393967,-0.523674,18525.479,0.034494415
10270,2021.010.012.0,1.1807175,-1.7438202,18525.479,0.032130986
10271,2021.010.013.0,0.99723816,-2.9470901,18525.479,0.022677273
10272,2021.010.08.0,13.19812,11.178436,18525.479,0.10067039
10273,2021.010.012.0,9.253471,8.031105,18525.479,0.09830696
10274,2021.010.013.0,8.244377,6.0629044,18525.479,0.08885325
10275,2021.010.08.0,40.718903,30.777973,18525.479,0.16684636
10276,2021.010.013.0,25.12379,35.933968,18525.479,0.16448292
10277,2021.010.012.0,0.9055023,-1.1278992,18620.441,0.034494415
10278,2021.010.013.0,0.99723816,-3.0677948,18620.441,0.022677273
10279,2021.010.013.0,6.5931396,9.138657,18620.441,0.08885325
10280,2021.010.08.0,10.446045,9.707497,18715.402,0.10067039
10281,2021.010.012.0,4.0245285,6.8792725,18715.402,0.09830696
10282,2021.010.013.0,7.143547,3.6053314,18715.402,0.08885325
10283,2021.010.08.0,1.0889816,-0.7585449,18810.363,0.034494415
10284,2021.010.012.0,0.99723816,-2.9103775,18810.363,0.032130986
10285,2021.010.013.0,1.5476608,-3.459221,18810.363,0.022677273
10286,2021.010.013.0,7.877434,5.453537,18810.363,0.08885325
10287,2021.010.08.0,0.99723816,-1.4064865,18905.326,0.034494415
10288,2021.010.012.0,0.99723816,-3.9477768,18905.326,0.032130986
10289,2021.010.013.0,0.99723816,-3.456253,18905.326,0.022677273
10290,2021.010.012.0,5.400566,3.3122177,18905.326,0.09830696
10291,2021.010.012.0,8.244377,4.9630127,19854.943,0.16448292
10292,2021.010.013.0,9.712151,4.9387283,19854.943,0.15502922
10293,2021.010.08.0,0.9055023,3.502983,20139.83,0.034494415
10294,2021.010.013.0,0.9055023,-2.4815521,20139.83,0.032130986
10295,2021.010.013.0,15.491524,28.974155,21564.258,0.37955484
10296,2021.010.018.0,20.078316,21.772156,12447.923,0.14793894
10297,2021.010.019.0,16.408875,22.003044,12447.923,0.14084865
10298,2021.010.020.0,15.491524,16.905869,12447.923,0.13848522
10299,2021.010.018.0,33.380024,33.010574,13207.617,0.14793894
10300,2021.010.019.0,26.958511,32.364624,13207.617,0.14084865
10301,2021.010.020.0,23.28907,26.11303,13207.617,0.13848522
10302,2021.010.018.0,118.23577,119.92274,13207.617,0.36301085
10303,2021.010.019.0,105.39274,104.38914,13207.617,0.35592058
10304,2021.010.020.0,102.64066,92.3286,13207.617,0.35355714
10305,2021.010.019.0,30.627949,30.39729,13397.541,0.14793894
10306,2021.010.020.0,26.499832,26.630981,13397.541,0.13848522
10307,2021.010.019.0,114.56633,119.76674,13397.541,0.35592058
10308,2021.010.020.0,109.97954,102.454155,13397.541,0.35355714
10309,2021.010.018.0,14.574158,12.076378,13967.312,0.08176296
10310,2021.010.019.0,8.886536,16.872765,13967.312,0.074672684
10311,2021.010.020.0,7.3270187,9.955162,13967.312,0.072309256
10312,2021.010.018.0,15.950203,18.538078,14062.273,0.08176296
10313,2021.010.019.0,10.446045,17.210266,14062.273,0.074672684
10314,2021.010.020.0,8.060913,7.2523804,14062.273,0.072309256
10315,2021.010.018.0,17.32624,18.548843,14157.235,0.08176296
10316,2021.010.019.0,9.987366,21.183563,14157.235,0.074672684
10317,2021.010.020.0,8.244377,9.5227585,14157.235,0.072309256
10318,2021.010.018.0,18.702278,16.601837,14252.197,0.08176296
10319,2021.010.019.0,9.987366,19.32856,14252.197,0.074672684
10320,2021.010.020.0,9.070007,8.198257,14252.197,0.072309256
10321,2021.010.018.0,20.078316,15.467705,14347.158,0.08176296
10322,2021.010.019.0,11.8220825,20.203804,14347.158,0.074672684
10323,2021.010.020.0,9.528687,12.383629,14347.158,0.072309256
10324,2021.010.018.0,21.91304,21.416382,14442.121,0.08176296
10325,2021.010.019.0,12.739441,23.656548,14442.121,0.074672684
10326,2021.010.020.0,10.9047165,13.061073,14442.121,0.072309256
10327,2021.010.018.0,24.206432,21.17759,14537.082,0.08176296
10328,2021.010.019.0,14.574158,23.4291,14537.082,0.074672684
10329,2021.010.020.0,12.280762,10.364632,14537.082,0.072309256
10330,2021.010.018.0,25.582474,20.329971,14632.044,0.08176296
10331,2021.010.019.0,15.491524,24.878998,14632.044,0.074672684
10332,2021.010.020.0,13.19812,14.979897,14632.044,0.072309256
10333,2021.010.018.0,28.793228,27.628536,14727.006,0.08176296
10334,2021.010.019.0,17.32624,28.985489,14727.006,0.074672684
10335,2021.010.020.0,14.574158,16.99871,14727.006,0.072309256
10336,2021.010.019.0,69.61572,80.50642,14727.006,0.14084865
10337,2021.010.020.0,69.61572,68.0336,14727.006,0.13848522
10338,2021.010.019.0,19.160957,31.692448,14821.968,0.074672684
10339,2021.010.020.0,16.867554,17.922241,14821.968,0.072309256
10340,2021.010.018.0,35.673428,29.157143,14916.93,0.08176296
10341,2021.010.019.0,20.995674,34.593437,14916.93,0.074672684
10342,2021.010.020.0,17.78492,22.331223,14916.93,0.072309256
10343,2021.010.019.0,78.789314,94.203896,14916.93,0.14084865
10344,2021.010.020.0,79.70667,72.43101,14916.93,0.13848522
10345,2021.010.018.0,38.884182,30.76838,15011.892,0.08176296
10346,2021.010.019.0,23.747757,32.144478,15011.892,0.074672684
10347,2021.010.020.0,20.536995,17.060211,15011.892,0.072309256
10348,2021.010.018.0,43.47098,41.44948,15106.854,0.08176296
10349,2021.010.019.0,26.958511,40.303352,15106.854,0.074672684
10350,2021.010.020.0,22.371712,21.97284,15106.854,0.072309256
10351,2021.010.018.0,122.82257,136.1574,15106.854,0.14793894
10352,2021.010.019.0,96.21915,110.083435,15106.854,0.14084865
10353,2021.010.020.0,93.467064,81.96101,15106.854,0.13848522
10354,2021.010.020.0,464.08026,440.71033,15106.854,0.568629
10355,2021.010.018.0,48.516457,38.861145,15201.815,0.08176296
10356,2021.010.019.0,30.16927,39.13503,15201.815,0.074672684
10357,2021.010.020.0,25.12379,22.789398,15201.815,0.072309256
10358,2021.010.018.0,55.85533,49.81629,15296.777,0.08176296
10359,2021.010.019.0,33.83871,51.557507,15296.777,0.074672684
10360,2021.010.020.0,28.793228,30.957294,15296.777,0.072309256
10361,2021.010.019.0,38.425507,59.383064,15391.738,0.074672684
10362,2021.010.020.0,33.83871,31.090553,15391.738,0.072309256
10363,2021.010.018.0,69.61572,71.39846,15486.7,0.08176296
10364,2021.010.019.0,43.47098,58.14232,15486.7,0.074672684
10365,2021.010.020.0,37.049465,36.05891,15486.7,0.072309256
10366,2021.010.018.0,77.871956,78.82235,15581.662,0.08176296
10367,2021.010.019.0,49.433815,65.195114,15581.662,0.074672684
10368,2021.010.020.0,42.553623,38.86151,15581.662,0.072309256
10369,2021.010.018.0,87.04555,91.98079,15676.624,0.08176296
10370,2021.010.019.0,55.85533,77.309204,15676.624,0.074672684
10371,2021.010.020.0,49.433815,42.055424,15676.624,0.072309256
10372,2021.010.019.0,155.8475,185.71931,15676.624,0.14084865
10373,2021.010.020.0,163.18637,139.40163,15676.624,0.13848522
10374,2021.010.018.0,98.05386,98.6797,15771.586,0.08176296
10375,2021.010.019.0,64.111565,79.204384,15771.586,0.074672684
10376,2021.010.020.0,54.937973,42.086506,15771.586,0.072309256
10377,2021.010.018.0,109.97954,126.59702,15866.548,0.08176296
10378,2021.010.019.0,73.28516,103.36438,15866.548,0.074672684
10379,2021.010.020.0,63.194206,57.12324,15866.548,0.072309256
10380,2021.010.019.0,189.7898,218.46661,15866.548,0.14084865
10381,2021.010.020.0,183.36829,171.94337,15866.548,0.13848522
10382,2021.010.018.0,124.65729,133.78546,15961.51,0.08176296
10383,2021.010.019.0,83.376114,111.031235,15961.51,0.074672684
10384,2021.010.020.0,75.11988,74.4828,15961.51,0.072309256
10385,2021.010.018.0,139.33504,143.23605,16056.472,0.08176296
10386,2021.010.019.0,94.38442,120.921326,16056.472,0.074672684
10387,2021.010.020.0,84.29347,79.74076,16056.472,0.072309256
10388,2021.010.018.0,261.3438,305.0055,16056.472,0.14793894
10389,2021.010.019.0,227.40154,250.99098,16056.472,0.14084865
10390,2021.010.020.0,220.98001,204.19012,16056.472,0.13848522
10391,2021.010.018.0,159.51694,165.88469,16151.434,0.08176296
10392,2021.010.019.0,108.14481,149.12459,16151.434,0.074672684
10393,2021.010.020.0,96.21915,98.26456,16151.434,0.072309256
10394,2021.010.018.0,179.69885,167.90776,16246.3955,0.08176296
10395,2021.010.019.0,124.65729,154.4549,16246.3955,0.074672684
10396,2021.010.020.0,114.56633,108.44116,16246.3955,0.072309256
10397,2021.010.018.0,321.88953,352.23267,16246.3955,0.14793894
10398,2021.010.019.0,257.67438,300.2658,16246.3955,0.14084865
10399,2021.010.020.0,264.0959,239.5309,16246.3955,0.13848522
10400,2021.010.018.0,202.63283,210.6059,16341.356,0.08176296
10401,2021.010.019.0,142.08711,178.5102,16341.356,0.074672684
10402,2021.010.020.0,130.16144,131.86644,16341.356,0.072309256
10403,2021.010.018.0,227.40154,229.56044,16436.318,0.08176296
10404,2021.010.019.0,166.8558,208.9566,16436.318,0.074672684
10405,2021.010.020.0,151.26071,161.07048,16436.318,0.072309256
10406,2021.010.018.0,258.59174,233.08168,16531.281,0.08176296
10407,2021.010.019.0,186.12036,219.00061,16531.281,0.074672684
10408,2021.010.020.0,174.1947,167.01578,16531.281,0.072309256
10409,2021.010.018.0,291.6167,246.15526,16626.242,0.08176296
10410,2021.010.019.0,214.5585,250.8852,16626.242,0.074672684
10411,2021.010.020.0,199.88077,199.09042,16626.242,0.072309256
10412,2021.010.018.0,321.88953,266.26022,16721.205,0.08176296
10413,2021.010.019.0,247.58344,273.73398,16721.205,0.074672684
10414,2021.010.020.0,231.98833,219.38957,16721.205,0.072309256
10415,2021.010.018.0,269.60004,254.17717,16816.166,0.08176296
10416,2021.010.019.0,278.77365,233.29115,16816.166,0.074672684
10417,2021.010.020.0,261.3438,226.30487,16816.166,0.072309256
10418,2021.010.019.0,432.89,351.47546,16816.166,0.14084865
10419,2021.010.020.0,437.4768,369.2721,16816.166,0.13848522
10420,2021.010.018.0,223.73209,221.78465,16911.127,0.08176296
10421,2021.010.019.0,295.28613,200.9718,16911.127,0.074672684
10422,2021.010.020.0,290.69934,234.87756,16911.127,0.072309256
10423,2021.010.018.0,185.203,195.64122,17006.09,0.08176296
10424,2021.010.019.0,247.58344,166.58786,17006.09,0.074672684
10425,2021.010.020.0,240.24455,208.65085,17006.09,0.072309256
10426,2021.010.018.0,319.13748,304.25598,17006.09,0.14793894
10427,2021.010.019.0,387.9394,298.1354,17006.09,0.14084865
10428,2021.010.020.0,379.68317,330.39728,17006.09,0.13848522
10429,2021.010.018.0,150.34335,173.969,17101.05,0.08176296
10430,2021.010.019.0,199.88077,130.22717,17101.05,0.074672684
10431,2021.010.020.0,194.37659,171.43776,17101.05,0.072309256
10432,2021.010.018.0,120.07049,147.84206,17196.014,0.08176296
10433,2021.010.019.0,164.10373,107.209564,17196.014,0.074672684
10434,2021.010.020.0,155.8475,144.59537,17196.014,0.072309256
10435,2021.010.019.0,310.88123,243.04884,17196.014,0.14084865
10436,2021.010.020.0,290.69934,290.83917,17196.014,0.13848522
10437,2021.010.018.0,95.30179,127.045364,17290.975,0.08176296
10438,2021.010.019.0,130.16144,84.688805,17290.975,0.074672684
10439,2021.010.020.0,125.574646,119.00043,17290.975,0.072309256
10440,2021.010.020.0,255.83968,255.80167,17290.975,0.13848522
10441,2021.010.018.0,75.11988,108.43892,17385.938,0.08176296
10442,2021.010.019.0,103.55802,67.046875,17385.938,0.074672684
10443,2021.010.020.0,98.97122,96.77529,17385.938,0.072309256
10444,2021.010.020.0,225.5668,230.16266,17385.938,0.13848522
10445,2021.010.018.0,58.607407,86.249054,17480.898,0.08176296
10446,2021.010.019.0,79.70667,51.279575,17480.898,0.074672684
10447,2021.010.020.0,76.03724,72.75264,17480.898,0.072309256
10448,2021.010.018.0,44.84702,68.88895,17575.861,0.08176296
10449,2021.010.019.0,62.276848,38.553013,17575.861,0.074672684
10450,2021.010.020.0,58.607407,56.526688,17575.861,0.072309256
10451,2021.010.018.0,134.74823,148.6294,17575.861,0.14793894
10452,2021.010.019.0,167.77318,130.93161,17575.861,0.14084865
10453,2021.010.020.0,163.18637,170.08917,17575.861,0.13848522
10454,2021.010.018.0,35.21475,56.912956,17670.822,0.08176296
10455,2021.010.019.0,47.5991,32.235096,17670.822,0.074672684
10456,2021.010.020.0,43.92966,39.51173,17670.822,0.072309256
10457,2021.010.019.0,143.00447,133.16234,17670.822,0.14084865
10458,2021.010.020.0,135.6656,151.97513,17670.822,0.13848522
10459,2021.010.018.0,28.334553,42.339127,17765.783,0.08176296
10460,2021.010.019.0,37.049465,23.958523,17765.783,0.074672684
10461,2021.010.020.0,34.297386,32.5271,17765.783,0.072309256
10462,2021.010.018.0,105.39274,117.01979,17765.783,0.14793894
10463,2021.010.019.0,121.905205,112.11537,17765.783,0.14084865
10464,2021.010.020.0,113.64897,123.1437,17765.783,0.13848522
10465,2021.010.018.0,21.91304,30.888641,17860.746,0.08176296
10466,2021.010.019.0,29.251907,20.489319,17860.746,0.074672684
10467,2021.010.020.0,26.041153,25.564411,17860.746,0.072309256
10468,2021.010.020.0,98.97122,93.304214,17860.746,0.13848522
10469,2021.010.018.0,17.78492,25.336124,17955.707,0.08176296
10470,2021.010.019.0,22.830395,14.706436,17955.707,0.074672684
10471,2021.010.020.0,20.078316,15.638046,17955.707,0.072309256
10472,2021.010.018.0,65.94629,88.02118,17955.707,0.14793894
10473,2021.010.019.0,79.70667,65.42662,17955.707,0.14084865
10474,2021.010.020.0,76.03724,73.33765,17955.707,0.13848522
10475,2021.010.018.0,255.83968,195.42894,17955.707,0.36301085
10476,2021.010.019.0,257.67438,207.9649,17955.707,0.35592058
10477,2021.010.020.0,256.75702,251.57155,17955.707,0.35355714
10478,2021.010.018.0,13.19812,18.77707,18050.67,0.08176296
10479,2021.010.019.0,17.32624,13.134262,18050.67,0.074672684
10480,2021.010.020.0,16.408875,14.415222,18050.67,0.072309256
10481,2021.010.018.0,54.937973,66.33123,18050.67,0.14793894
10482,2021.010.019.0,71.45044,50.81287,18050.67,0.14084865
10483,2021.010.020.0,65.02892,64.0797,18050.67,0.13848522
10484,2021.010.018.0,11.363403,9.254478,18145.63,0.08176296
10485,2021.010.019.0,14.1154785,8.9872055,18145.63,0.074672684
10486,2021.010.020.0,12.739441,11.866905,18145.63,0.072309256
10487,2021.010.018.0,44.84702,43.69423,18145.63,0.14793894
10488,2021.010.019.0,59.52477,37.046204,18145.63,0.14084865
10489,2021.010.020.0,54.020615,51.41398,18145.63,0.13848522
10490,2021.010.018.0,9.345215,10.007103,18240.594,0.08176296
10491,2021.010.019.0,11.363403,5.6100006,18240.594,0.074672684
10492,2021.010.020.0,9.620415,5.997696,18240.594,0.072309256
10493,2021.010.019.0,51.268536,36.398163,18240.594,0.14084865
10494,2021.010.020.0,42.553623,42.774673,18240.594,0.13848522
10495,2021.010.019.0,9.253471,5.280548,18335.555,0.074672684
10496,2021.010.020.0,8.427856,5.6538086,18335.555,0.072309256
10497,2021.010.018.0,35.673428,35.203613,18335.555,0.14793894
10498,2021.010.019.0,42.553623,31.84021,18335.555,0.14084865
10499,2021.010.020.0,36.132103,31.686237,18335.555,0.13848522
10500,2021.010.018.0,6.7766037,5.3509216,18430.518,0.08176296
10501,2021.010.019.0,7.3270187,1.8538132,18430.518,0.074672684
10502,2021.010.020.0,7.051811,3.7804718,18430.518,0.072309256
10503,2021.010.020.0,32.00399,21.699081,18430.518,0.13848522
10504,2021.010.018.0,5.7675095,0.42419434,18525.479,0.08176296
10505,2021.010.019.0,6.5931396,2.44207,18525.479,0.074672684
10506,2021.010.020.0,5.7675095,2.6364975,18525.479,0.072309256
10507,2021.010.019.0,27.875874,18.912437,18525.479,0.14084865
10508,2021.010.020.0,5.8592453,-0.1813736,18620.441,0.072309256
10509,2021.010.018.0,5.0336227,3.1026154,18715.402,0.08176296
10510,2021.010.019.0,5.400566,1.9477158,18715.402,0.074672684
10511,2021.010.020.0,4.4832077,1.3392563,18715.402,0.072309256
10512,2021.010.020.0,18.702278,11.713219,18715.402,0.13848522
10513,2021.010.020.0,0.9055023,-1.9850998,20044.867,0.074672684
10514,2021.010.019.0,44.84702,31.719486,20804.562,0.57099247
10515,2021.010.020.0,44.38834,29.235653,20804.562,0.568629
10516,2021.010.019.0,12.739441,25.00135,21564.258,0.35592058
10517,2021.010.020.0,12.739441,24.75106,21564.258,0.35355714
10518,2021.010.025.0,13.19812,13.658348,12447.923,0.13139495
10519,2021.010.026.0,11.363403,12.182594,12447.923,0.12430467
10520,2021.010.027.0,9.528687,8.217567,12447.923,0.12194124
10521,2021.010.025.0,20.536995,18.30542,13207.617,0.13139495
10522,2021.010.026.0,17.78492,19.830467,13207.617,0.12430467
10523,2021.010.027.0,14.1154785,16.37957,13207.617,0.12194124
10524,2021.010.025.0,87.96291,83.9422,13207.617,0.34646687
10525,2021.010.026.0,72.3678,83.314926,13207.617,0.3393766
10526,2021.010.027.0,66.86365,73.3607,13207.617,0.33701316
10527,2021.010.025.0,179.69885,167.42233,13207.617,0.5615388
10528,2021.010.026.0,161.35165,159.86388,13207.617,0.5544485
10529,2021.010.027.0,154.93015,152.31943,13207.617,0.55208504
10530,2021.010.026.0,19.160957,22.365799,13397.541,0.12430467
10531,2021.010.027.0,18.243599,16.419449,13397.541,0.12194124
10532,2021.010.026.0,84.29347,79.222626,13397.541,0.34646687
10533,2021.010.027.0,80.62404,76.299644,13397.541,0.33701316
10534,2021.010.025.0,4.4832077,4.449692,13967.312,0.06521897
10535,2021.010.026.0,3.2906342,2.4171143,13967.312,0.058128685
10536,2021.010.027.0,2.4650192,-0.44795227,13967.312,0.05576526
10537,2021.010.026.0,22.830395,33.356167,13967.312,0.12430467
10538,2021.010.027.0,20.995674,21.255905,13967.312,0.12194124
10539,2021.010.025.0,4.758415,3.57518,14062.273,0.06521897
10540,2021.010.026.0,3.7493134,2.0559235,14062.273,0.058128685
10541,2021.010.027.0,3.6575851,-0.87194824,14062.273,0.05576526
10542,2021.010.025.0,4.941887,3.320465,14157.235,0.06521897
10543,2021.010.026.0,3.2906342,2.223915,14157.235,0.058128685
10544,2021.010.027.0,2.556755,-0.9043808,14157.235,0.05576526
10545,2021.010.027.0,23.28907,24.02198,14157.235,0.12194124
10546,2021.010.025.0,5.7675095,5.0166473,14252.197,0.06521897
10547,2021.010.026.0,3.5658493,3.484398,14252.197,0.058128685
10548,2021.010.027.0,3.3823776,-1.0718384,14252.197,0.05576526
10549,2021.010.025.0,6.2261887,5.201294,14347.158,0.06521897
10550,2021.010.026.0,3.8410568,2.3281937,14347.158,0.058128685
10551,2021.010.027.0,2.6484833,-1.1083755,14347.158,0.05576526
10552,2021.010.025.0,7.3270187,3.7955246,14442.121,0.06521897
10553,2021.010.026.0,4.4832077,3.514679,14442.121,0.058128685
10554,2021.010.027.0,3.0154343,-0.8201752,14442.121,0.05576526
10555,2021.010.025.0,6.8683395,5.824135,14537.082,0.06521897
10556,2021.010.026.0,4.6666794,4.140167,14537.082,0.058128685
10557,2021.010.027.0,3.5658493,0.3107834,14537.082,0.05576526
10558,2021.010.027.0,30.16927,37.05727,14537.082,0.12194124
10559,2021.010.025.0,8.6113205,9.231499,14632.044,0.06521897
10560,2021.010.026.0,5.1253586,6.0925903,14632.044,0.058128685
10561,2021.010.027.0,3.5658493,0.7884064,14632.044,0.05576526
10562,2021.010.025.0,9.987366,6.0827026,14727.006,0.06521897
10563,2021.010.026.0,5.8592453,5.431381,14727.006,0.058128685
10564,2021.010.027.0,4.0245285,1.5287857,14727.006,0.05576526
10565,2021.010.026.0,42.09494,45.90507,14727.006,0.12430467
10566,2021.010.027.0,36.590786,28.230782,14727.006,0.12194124
10567,2021.010.025.0,10.9047165,10.867546,14821.968,0.06521897
10568,2021.010.026.0,6.684868,7.7618027,14821.968,0.058128685
10569,2021.010.027.0,4.758415,3.3148575,14821.968,0.05576526
10570,2021.010.025.0,12.280762,13.730461,14916.93,0.06521897
10571,2021.010.026.0,7.3270187,8.252571,14916.93,0.058128685
10572,2021.010.027.0,6.2261887,3.0865707,14916.93,0.05576526
10573,2021.010.026.0,52.185894,62.02297,14916.93,0.12430467
10574,2021.010.027.0,42.09494,43.56967,14916.93,0.12194124
10575,2021.010.025.0,14.574158,12.091644,15011.892,0.06521897
10576,2021.010.026.0,8.6113205,12.947014,15011.892,0.058128685
10577,2021.010.027.0,5.400566,6.5506134,15011.892,0.05576526
10578,2021.010.027.0,48.516457,44.02259,15011.892,0.12194124
10579,2021.010.025.0,15.950203,17.251167,15106.854,0.06521897
10580,2021.010.026.0,9.345215,15.635391,15106.854,0.058128685
10581,2021.010.027.0,6.9600754,7.8524323,15106.854,0.05576526
10582,2021.010.025.0,76.9546,74.49068,15106.854,0.13139495
10583,2021.010.026.0,61.35949,63.456947,15106.854,0.12430467
10584,2021.010.027.0,46.68174,53.900265,15106.854,0.12194124
10585,2021.010.025.0,17.32624,15.570045,15201.815,0.06521897
10586,2021.010.026.0,10.446045,12.300072,15201.815,0.058128685
10587,2021.010.027.0,7.5104904,5.1062393,15201.815,0.05576526
10588,2021.010.025.0,20.995674,18.025513,15296.777,0.06521897
10589,2021.010.026.0,12.280762,17.209969,15296.777,0.058128685
10590,2021.010.027.0,8.427856,8.228622,15296.777,0.05576526
10591,2021.010.026.0,72.3678,78.907455,15296.777,0.12430467
10592,2021.010.027.0,60.44213,58.34233,15296.777,0.12194124
10593,2021.010.025.0,23.28907,17.08068,15391.738,0.06521897
10594,2021.010.026.0,13.19812,16.830727,15391.738,0.058128685
10595,2021.010.027.0,9.436951,9.68338,15391.738,0.05576526
10596,2021.010.025.0,99.88858,88.220856,15391.738,0.13139495
10597,2021.010.026.0,75.11988,79.63305,15391.738,0.12430467
10598,2021.010.027.0,65.02892,60.287804,15391.738,0.12194124
10599,2021.010.025.0,25.582474,21.172226,15486.7,0.06521897
10600,2021.010.026.0,15.491524,13.453781,15486.7,0.058128685
10601,2021.010.027.0,10.9047165,7.4177246,15486.7,0.05576526
10602,2021.010.025.0,31.086628,22.287392,15581.662,0.06521897
10603,2021.010.026.0,18.243599,21.496193,15581.662,0.058128685
10604,2021.010.027.0,12.739441,11.433975,15581.662,0.05576526
10605,2021.010.026.0,96.21915,95.69616,15581.662,0.12430467
10606,2021.010.027.0,74.20252,75.57352,15581.662,0.12194124
10607,2021.010.025.0,34.297386,31.790905,15676.624,0.06521897
10608,2021.010.026.0,20.995674,29.381573,15676.624,0.058128685
10609,2021.010.027.0,14.1154785,15.589165,15676.624,0.05576526
10610,2021.010.026.0,101.7233,110.29866,15676.624,0.12430467
10611,2021.010.027.0,82.458755,90.954956,15676.624,0.12194124
10612,2021.010.025.0,41.17758,34.064552,15771.586,0.06521897
10613,2021.010.026.0,23.747757,26.637142,15771.586,0.058128685
10614,2021.010.027.0,16.408875,11.730949,15771.586,0.05576526
10615,2021.010.025.0,46.68174,36.05027,15866.548,0.06521897
10616,2021.010.026.0,28.334553,30.31446,15866.548,0.058128685
10617,2021.010.027.0,19.160957,20.947723,15866.548,0.05576526
10618,2021.010.025.0,156.76486,145.47331,15866.548,0.13139495
10619,2021.010.026.0,121.905205,131.42139,15866.548,0.12430467
10620,2021.010.027.0,98.97122,111.95278,15866.548,0.12194124
10621,2021.010.025.0,55.85533,46.536934,15961.51,0.06521897
10622,2021.010.026.0,33.83871,37.277897,15961.51,0.058128685
10623,2021.010.027.0,23.28907,20.70958,15961.51,0.05576526
10624,2021.010.025.0,64.111565,48.87071,16056.472,0.06521897
10625,2021.010.026.0,40.26022,40.530693,16056.472,0.058128685
10626,2021.010.027.0,27.417187,29.81047,16056.472,0.05576526
10627,2021.010.025.0,187.03772,170.65367,16056.472,0.13139495
10628,2021.010.026.0,149.426,162.96378,16056.472,0.12430467
10629,2021.010.027.0,121.905205,137.889,16056.472,0.12194124
10630,2021.010.025.0,76.03724,61.463947,16151.434,0.06521897
10631,2021.010.026.0,48.516457,49.053898,16151.434,0.058128685
10632,2021.010.027.0,32.46267,32.604706,16151.434,0.05576526
10633,2021.010.025.0,87.04555,68.82287,16246.3955,0.06521897
10634,2021.010.026.0,55.85533,53.219868,16246.3955,0.058128685
10635,2021.010.027.0,40.26022,34.067337,16246.3955,0.05576526
10636,2021.010.025.0,223.73209,204.30179,16246.3955,0.13139495
10637,2021.010.026.0,178.7815,189.25787,16246.3955,0.12430467
10638,2021.010.027.0,153.09543,160.6526,16246.3955,0.12194124
10639,2021.010.025.0,106.3101,89.22952,16341.356,0.06521897
10640,2021.010.026.0,67.781006,71.56574,16341.356,0.058128685
10641,2021.010.027.0,48.516457,43.186646,16341.356,0.05576526
10642,2021.010.025.0,122.82257,117.73413,16436.318,0.06521897
10643,2021.010.026.0,78.789314,99.998116,16436.318,0.058128685
10644,2021.010.027.0,59.52477,57.903053,16436.318,0.05576526
10645,2021.010.027.0,225.5668,199.7597,16436.318,0.12194124
10646,2021.010.025.0,143.00447,132.10397,16531.281,0.06521897
10647,2021.010.026.0,96.21915,111.65573,16531.281,0.058128685
10648,2021.010.027.0,73.28516,70.48217,16531.281,0.05576526
10649,2021.010.027.0,209.97171,225.31937,16531.281,0.12194124
10650,2021.010.025.0,166.8558,162.6753,16626.242,0.06521897
10651,2021.010.026.0,113.64897,138.34428,16626.242,0.058128685
10652,2021.010.027.0,88.88027,93.52364,16626.242,0.05576526
10653,2021.010.027.0,236.57512,251.92696,16626.242,0.12194124
10654,2021.010.025.0,195.29396,167.36377,16721.205,0.06521897
10655,2021.010.026.0,134.74823,146.6804,16721.205,0.058128685
10656,2021.010.027.0,109.97954,107.53329,16721.205,0.05576526
10657,2021.010.026.0,292.53406,312.79852,16721.205,0.12430467
10658,2021.010.027.0,265.01324,263.78867,16721.205,0.12194124
10659,2021.010.025.0,230.15361,190.0499,16816.166,0.06521897
10660,2021.010.026.0,162.26901,169.71521,16816.166,0.058128685
10661,2021.010.027.0,132.91351,125.365715,16816.166,0.05576526
10662,2021.010.026.0,331.06314,341.48682,16816.166,0.12430467
10663,2021.010.027.0,294.36877,301.45947,16816.166,0.12194124
10664,2021.010.025.0,260.42645,196.64697,16911.127,0.06521897
10665,2021.010.026.0,194.37659,205.44614,16911.127,0.058128685
10666,2021.010.027.0,162.26901,166.27069,16911.127,0.05576526
10667,2021.010.025.0,211.80643,176.3909,17006.09,0.06521897
10668,2021.010.026.0,228.31888,188.34956,17006.09,0.058128685
10669,2021.010.027.0,197.12868,198.11078,17006.09,0.05576526
10670,2021.010.025.0,357.66656,316.79626,17006.09,0.13139495
10671,2021.010.026.0,409.0387,319.63416,17006.09,0.12430467
10672,2021.010.027.0,360.41864,344.1894,17006.09,0.12194124
10673,2021.010.025.0,170.52525,151.241,17101.05,0.06521897
10674,2021.010.026.0,222.81473,163.68936,17101.05,0.058128685
10675,2021.010.027.0,211.80643,204.76865,17101.05,0.05576526
10676,2021.010.025.0,131.99615,126.10933,17196.014,0.06521897
10677,2021.010.026.0,176.94678,123.7069,17196.014,0.058128685
10678,2021.010.027.0,165.93845,163.74329,17196.014,0.05576526
10679,2021.010.025.0,257.67438,257.22964,17196.014,0.13139495
10680,2021.010.026.0,313.6333,254.25444,17196.014,0.12430467
10681,2021.010.027.0,305.37708,289.41766,17196.014,0.12194124
10682,2021.010.025.0,104.47538,92.21455,17290.975,0.06521897
10683,2021.010.026.0,140.2524,102.17905,17290.975,0.058128685
10684,2021.010.027.0,128.32672,147.84442,17290.975,0.05576526
10685,2021.010.026.0,275.10422,215.85818,17290.975,0.12430467
10686,2021.010.027.0,260.42645,257.88568,17290.975,0.12194124
10687,2021.010.025.0,81.5414,69.0394,17385.938,0.06521897
10688,2021.010.026.0,108.14481,78.34168,17385.938,0.058128685
10689,2021.010.027.0,98.05386,116.188675,17385.938,0.05576526
10690,2021.010.027.0,221.89737,207.3811,17385.938,0.12194124
10691,2021.010.025.0,58.607407,45.835957,17480.898,0.06521897
10692,2021.010.026.0,81.5414,48.98211,17480.898,0.058128685
10693,2021.010.027.0,71.45044,83.80344,17480.898,0.05576526
10694,2021.010.025.0,43.92966,39.157803,17575.861,0.06521897
10695,2021.010.026.0,61.35949,38.464405,17575.861,0.058128685
10696,2021.010.027.0,53.103252,60.872833,17575.861,0.05576526
10697,2021.010.025.0,134.74823,133.09192,17575.861,0.13139495
10698,2021.010.026.0,160.4343,134.49504,17575.861,0.12430467
10699,2021.010.027.0,153.09543,160.11563,17575.861,0.12194124
10700,2021.010.025.0,32.921345,34.137775,17670.822,0.06521897
10701,2021.010.026.0,44.38834,31.5536,17670.822,0.058128685
10702,2021.010.027.0,39.342865,44.44625,17670.822,0.05576526
10703,2021.010.025.0,116.40105,110.32851,17670.822,0.13139495
10704,2021.010.026.0,142.08711,102.41139,17670.822,0.12430467
10705,2021.010.027.0,122.82257,127.99005,17670.822,0.12194124
10706,2021.010.025.0,25.582474,24.23743,17765.783,0.06521897
10707,2021.010.026.0,33.380024,22.965626,17765.783,0.058128685
10708,2021.010.027.0,29.710594,30.507557,17765.783,0.05576526
10709,2021.010.025.0,100.80594,89.67457,17765.783,0.13139495
10710,2021.010.026.0,110.8969,86.305595,17765.783,0.12430467
10711,2021.010.027.0,101.7233,97.5179,17765.783,0.12194124
10712,2021.010.025.0,19.160957,19.636887,17860.746,0.06521897
10713,2021.010.026.0,23.28907,19.158867,17860.746,0.058128685
10714,2021.010.027.0,20.995674,20.710419,17860.746,0.05576526
10715,2021.010.026.0,93.467064,76.526215,17860.746,0.12430467
10716,2021.010.027.0,84.29347,87.75811,17860.746,0.12194124
10717,2021.010.025.0,14.574158,18.001282,17955.707,0.06521897
10718,2021.010.026.0,17.78492,18.465569,17955.707,0.058128685
10719,2021.010.027.0,15.491524,18.393158,17955.707,0.05576526
10720,2021.010.025.0,65.02892,58.084267,17955.707,0.13139495
10721,2021.010.026.0,74.20252,54.330704,17955.707,0.12430467
10722,2021.010.027.0,68.698364,62.925865,17955.707,0.12194124
10723,2021.010.025.0,222.81473,228.59557,17955.707,0.34646687
10724,2021.010.026.0,248.5008,215.63449,17955.707,0.3393766
10725,2021.010.027.0,228.31888,214.61613,17955.707,0.33701316
10726,2021.010.025.0,11.363403,10.834335,18050.67,0.06521897
10727,2021.010.026.0,12.739441,12.310242,18050.67,0.058128685
10728,2021.010.027.0,10.9047165,13.743355,18050.67,0.05576526
10729,2021.010.025.0,53.103252,50.00441,18050.67,0.13139495
10730,2021.010.026.0,61.35949,47.607334,18050.67,0.12430467
10731,2021.010.027.0,54.937973,58.453354,18050.67,0.12194124
10732,2021.010.025.0,9.070007,11.25473,18145.63,0.06521897
10733,2021.010.026.0,9.987366,9.172691,18145.63,0.058128685
10734,2021.010.027.0,8.703064,9.041695,18145.63,0.05576526
10735,2021.010.025.0,43.47098,44.499374,18145.63,0.13139495
10736,2021.010.026.0,51.268536,41.32058,18145.63,0.12430467
10737,2021.010.027.0,43.92966,46.770733,18145.63,0.12194124
10738,2021.010.025.0,7.877434,8.498741,18240.594,0.06521897
10739,2021.010.026.0,7.693962,6.2082367,18240.594,0.058128685
10740,2021.010.027.0,6.8683395,6.784813,18240.594,0.05576526
10741,2021.010.026.0,42.09494,31.665424,18240.594,0.12430467
10742,2021.010.027.0,34.756065,39.417686,18240.594,0.12194124
10743,2021.010.025.0,5.8592453,8.5915985,18335.555,0.06521897
10744,2021.010.026.0,6.4096603,5.8967133,18335.555,0.058128685
10745,2021.010.027.0,5.2170944,5.910614,18335.555,0.05576526
10746,2021.010.025.0,28.793228,29.465279,18335.555,0.13139495
10747,2021.010.026.0,33.83871,28.815708,18335.555,0.12430467
10748,2021.010.027.0,28.334553,31.54684,18335.555,0.12194124
10749,2021.010.025.0,4.6666794,3.3037338,18430.518,0.06521897
10750,2021.010.026.0,5.400566,2.1098404,18430.518,0.058128685
10751,2021.010.027.0,3.5658493,3.8320847,18430.518,0.05576526
10752,2021.010.026.0,25.582474,19.17202,18430.518,0.12430467
10753,2021.010.027.0,23.28907,16.700256,18430.518,0.12194124
10754,2021.010.025.0,4.941887,3.1159363,18525.479,0.06521897
10755,2021.010.026.0,3.9327927,2.9505157,18525.479,0.058128685
10756,2021.010.027.0,3.3823776,1.3026657,18525.479,0.05576526
10757,2021.010.027.0,18.702278,18.045624,18525.479,0.12194124
10758,2021.010.026.0,4.1162567,0.8245239,18620.441,0.058128685
10759,2021.010.027.0,2.831955,0.88973236,18620.441,0.05576526
10760,2021.010.025.0,3.5658493,-0.35923004,18715.402,0.06521897
10761,2021.010.026.0,3.4741135,0.5045395,18715.402,0.058128685
10762,2021.010.026.0,14.574158,11.934708,18715.402,0.12430467
10763,2021.010.027.0,12.280762,13.651138,18715.402,0.12194124
10764,2021.010.026.0,8.152641,5.303131,18905.326,0.12430467
10765,2021.010.027.0,9.987366,5.7440643,18905.326,0.12194124
10766,2021.010.027.0,5.0336227,2.4402695,19285.174,0.13139495
10767,2021.010.027.0,0.9055023,-5.871048,20044.867,0.05576526
10768,2021.010.027.0,33.380024,29.394562,20804.562,0.5544485
10769,2021.010.026.0,9.436951,21.638206,21564.258,0.3393766
10770,2021.011.01.0,9.070007,7.1783295,12447.923,0.11485095
10771,2021.011.02.0,9.712151,5.999588,12447.923,0.10776067
10772,2021.011.03.0,9.345215,6.4310303,12447.923,0.10539725
10773,2021.011.03.0,9.528687,7.146286,12637.846,0.10539725
10774,2021.011.03.0,10.9047165,6.159424,12827.77,0.10539725
10775,2021.011.01.0,14.574158,14.70652,13207.617,0.11485095
10776,2021.011.02.0,13.656799,12.243858,13207.617,0.10776067
10777,2021.011.03.0,13.656799,11.81839,13207.617,0.10539725
10778,2021.011.01.0,66.86365,77.56869,13207.617,0.32992285
10779,2021.011.02.0,64.111565,77.03282,13207.617,0.32283258
10780,2021.011.03.0,65.94629,69.24193,13207.617,0.32046914
10781,2021.011.01.0,145.75655,137.72548,13207.617,0.5449948
10782,2021.011.02.0,146.67392,144.54312,13207.617,0.5379045
10783,2021.011.03.0,137.50032,148.70549,13207.617,0.53554106
10784,2021.011.03.0,14.574158,10.293968,13397.541,0.10539725
10785,2021.011.02.0,74.20252,75.68892,13397.541,0.32283258
10786,2021.011.03.0,74.20252,74.5213,13397.541,0.32046914
10787,2021.011.01.0,16.408875,19.440529,13587.465,0.11485095
10788,2021.011.02.0,17.32624,15.140991,13587.465,0.10776067
10789,2021.011.03.0,16.408875,15.418564,13587.465,0.10539725
10790,2021.011.01.0,19.619637,20.827171,13777.388,0.11485095
10791,2021.011.02.0,19.160957,14.927338,13777.388,0.10776067
10792,2021.011.01.0,2.00634,0.9983597,13967.312,0.048674982
10793,2021.011.02.0,2.0980759,-1.7149887,13967.312,0.0415847
10794,2021.011.03.0,2.556755,0.18250275,13967.312,0.03922127
10795,2021.011.01.0,20.995674,21.84748,13967.312,0.11485095
10796,2021.011.02.0,20.995674,13.659203,13967.312,0.10776067
10797,2021.011.03.0,20.078316,19.468254,13967.312,0.10539725
10798,2021.011.01.0,2.9236984,10.029396,14062.273,0.048674982
10799,2021.011.02.0,1.7311325,3.5665894,14062.273,0.0415847
10800,2021.011.03.0,1.2724533,0.98309326,14062.273,0.03922127
10801,2021.011.01.0,2.189804,4.020546,14157.235,0.048674982
10802,2021.011.02.0,1.5476608,-1.3160858,14157.235,0.0415847
10803,2021.011.03.0,1.7311325,-1.589653,14157.235,0.03922127
10804,2021.011.01.0,23.747757,33.148582,14157.235,0.11485095
10805,2021.011.02.0,23.747757,24.569145,14157.235,0.10776067
10806,2021.011.03.0,21.91304,21.156487,14157.235,0.10539725
10807,2021.011.02.0,2.28154,0.015419006,14252.197,0.0415847
10808,2021.011.03.0,1.7311325,-1.532135,14252.197,0.03922127
10809,2021.011.01.0,1.8228607,3.8342361,14347.158,0.048674982
10810,2021.011.03.0,1.7311325,-2.8770142,14347.158,0.0415847
10811,2021.011.03.0,23.747757,25.311028,14347.158,0.10539725
10812,2021.011.02.0,2.3732834,-1.8488235,14442.121,0.0415847
10813,2021.011.03.0,1.8228607,-0.5671158,14442.121,0.03922127
10814,2021.011.01.0,4.208,4.5595703,14537.082,0.048674982
10815,2021.011.02.0,2.0980759,0.54073334,14537.082,0.0415847
10816,2021.011.03.0,2.00634,-2.3162918,14537.082,0.03922127
10817,2021.011.01.0,30.627949,33.20153,14537.082,0.11485095
10818,2021.011.02.0,31.086628,22.903637,14537.082,0.10776067
10819,2021.011.01.0,3.3823776,4.6299286,14632.044,0.048674982
10820,2021.011.02.0,2.6484833,-0.97673035,14632.044,0.0415847
10821,2021.011.03.0,2.3732834,-0.50632477,14632.044,0.03922127
10822,2021.011.01.0,32.921345,47.195553,14632.044,0.11485095
10823,2021.011.02.0,32.921345,33.03238,14632.044,0.10776067
10824,2021.011.03.0,29.710594,28.914494,14632.044,0.10539725
10825,2021.011.01.0,3.10717,10.992012,14727.006,0.048674982
10826,2021.011.02.0,2.556755,-0.17362213,14727.006,0.0415847
10827,2021.011.03.0,2.00634,0.7196045,14727.006,0.03922127
10828,2021.011.01.0,33.83871,53.161785,14727.006,0.11485095
10829,2021.011.02.0,34.297386,35.343845,14727.006,0.10776067
10830,2021.011.01.0,4.208,8.107674,14821.968,0.048674982
10831,2021.011.02.0,3.5658493,0.78590393,14821.968,0.0415847
10832,2021.011.03.0,2.6484833,0.8836746,14821.968,0.03922127
10833,2021.011.01.0,4.850151,8.988182,14916.93,0.048674982
10834,2021.011.02.0,5.0336227,1.3054199,14916.93,0.0415847
10835,2021.011.03.0,3.10717,3.0712051,14916.93,0.03922127
10836,2021.011.01.0,42.09494,49.603954,14916.93,0.11485095
10837,2021.011.02.0,39.342865,31.963715,14916.93,0.10776067
10838,2021.011.03.0,39.342865,31.098892,14916.93,0.10539725
10839,2021.011.01.0,5.2170944,9.618408,15011.892,0.048674982
10840,2021.011.02.0,6.3179245,0.874794,15011.892,0.0415847
10841,2021.011.03.0,3.3823776,4.3689194,15011.892,0.03922127
10842,2021.011.03.0,41.17758,37.95393,15011.892,0.10539725
10843,2021.011.01.0,6.0427094,11.044327,15106.854,0.048674982
10844,2021.011.02.0,6.5931396,4.2692566,15106.854,0.0415847
10845,2021.011.03.0,3.9327927,5.4571457,15106.854,0.03922127
10846,2021.011.01.0,46.68174,55.56389,15106.854,0.11485095
10847,2021.011.02.0,48.516457,39.18003,15106.854,0.10776067
10848,2021.011.03.0,43.0123,43.022255,15106.854,0.10539725
10849,2021.011.02.0,198.04602,199.58443,15106.854,0.32283258
10850,2021.011.03.0,198.04602,190.05878,15106.854,0.32046914
10851,2021.011.01.0,6.2261887,14.35347,15201.815,0.048674982
10852,2021.011.02.0,7.051811,5.7828445,15201.815,0.0415847
10853,2021.011.03.0,4.4832077,8.0603485,15201.815,0.03922127
10854,2021.011.01.0,54.020615,54.54911,15201.815,0.11485095
10855,2021.011.02.0,44.38834,41.28829,15201.815,0.10776067
10856,2021.011.03.0,48.516457,36.434193,15201.815,0.10539725
10857,2021.011.01.0,7.693962,14.180847,15296.777,0.048674982
10858,2021.011.02.0,8.886536,5.9096985,15296.777,0.0415847
10859,2021.011.03.0,5.1253586,9.628426,15296.777,0.03922127
10860,2021.011.01.0,55.85533,61.536346,15296.777,0.11485095
10861,2021.011.02.0,55.85533,46.664665,15296.777,0.10776067
10862,2021.011.03.0,51.268536,48.80767,15296.777,0.10539725
10863,2021.011.01.0,8.703064,18.118408,15391.738,0.048674982
10864,2021.011.02.0,9.161743,7.0822754,15391.738,0.0415847
10865,2021.011.03.0,6.2261887,10.522026,15391.738,0.03922127
10866,2021.011.01.0,59.52477,71.14091,15391.738,0.11485095
10867,2021.011.02.0,65.94629,50.928055,15391.738,0.10776067
10868,2021.011.03.0,54.020615,57.268143,15391.738,0.10539725
10869,2021.011.01.0,9.620415,22.422379,15486.7,0.048674982
10870,2021.011.02.0,9.987366,11.770897,15486.7,0.0415847
10871,2021.011.03.0,6.684868,11.787979,15486.7,0.03922127
10872,2021.011.01.0,69.61572,77.80021,15486.7,0.11485095
10873,2021.011.02.0,67.781006,60.230015,15486.7,0.10776067
10874,2021.011.03.0,62.276848,56.825996,15486.7,0.10539725
10875,2021.011.01.0,11.363403,22.73809,15581.662,0.048674982
10876,2021.011.02.0,11.8220825,11.310333,15581.662,0.0415847
10877,2021.011.03.0,7.785698,15.079277,15581.662,0.03922127
10878,2021.011.02.0,75.11988,61.432602,15581.662,0.10776067
10879,2021.011.03.0,68.698364,60.84326,15581.662,0.10539725
10880,2021.011.01.0,13.19812,23.8321,15676.624,0.048674982
10881,2021.011.02.0,14.574158,11.97802,15676.624,0.0415847
10882,2021.011.03.0,8.978264,14.805809,15676.624,0.03922127
10883,2021.011.01.0,80.62404,92.92123,15676.624,0.11485095
10884,2021.011.02.0,82.458755,71.26533,15676.624,0.10776067
10885,2021.011.03.0,75.11988,71.00244,15676.624,0.10539725
10886,2021.011.01.0,14.574158,28.994904,15771.586,0.048674982
10887,2021.011.02.0,15.491524,15.421219,15771.586,0.0415847
10888,2021.011.03.0,10.446045,19.94239,15771.586,0.03922127
10889,2021.011.02.0,92.549706,78.52224,15771.586,0.10776067
10890,2021.011.03.0,81.5414,80.59914,15771.586,0.10539725
10891,2021.011.01.0,17.32624,29.71791,15866.548,0.048674982
10892,2021.011.02.0,18.243599,20.206879,15866.548,0.0415847
10893,2021.011.03.0,12.739441,21.149231,15866.548,0.03922127
10894,2021.011.01.0,99.88858,107.28525,15866.548,0.11485095
10895,2021.011.02.0,102.64066,83.67221,15866.548,0.10776067
10896,2021.011.03.0,89.79763,84.89631,15866.548,0.10539725
10897,2021.011.01.0,20.078316,33.118515,15961.51,0.048674982
10898,2021.011.02.0,20.536995,23.11052,15961.51,0.0415847
10899,2021.011.03.0,14.574158,25.701878,15961.51,0.03922127
10900,2021.011.01.0,110.8969,118.28967,15961.51,0.11485095
10901,2021.011.02.0,108.14481,102.003075,15961.51,0.10776067
10902,2021.011.03.0,98.05386,93.39315,15961.51,0.10539725
10903,2021.011.01.0,23.747757,37.604218,16056.472,0.048674982
10904,2021.011.02.0,24.206432,24.094765,16056.472,0.0415847
10905,2021.011.03.0,17.32624,22.734219,16056.472,0.03922127
10906,2021.011.01.0,121.905205,139.2012,16056.472,0.11485095
10907,2021.011.02.0,125.574646,113.652336,16056.472,0.10776067
10908,2021.011.03.0,108.14481,114.75808,16056.472,0.10539725
10909,2021.011.01.0,28.334553,41.511047,16151.434,0.048674982
10910,2021.011.02.0,28.793228,23.876572,16151.434,0.0415847
10911,2021.011.03.0,20.536995,27.9637,16151.434,0.03922127
10912,2021.011.03.0,122.82257,127.45687,16151.434,0.10539725
10913,2021.011.01.0,33.83871,51.965015,16246.3955,0.048674982
10914,2021.011.02.0,34.756065,29.663837,16246.3955,0.0415847
10915,2021.011.03.0,25.582474,34.31223,16246.3955,0.03922127
10916,2021.011.01.0,153.09543,168.3977,16246.3955,0.11485095
10917,2021.011.02.0,154.01279,139.46782,16246.3955,0.10776067
10918,2021.011.03.0,134.74823,139.99966,16246.3955,0.10539725
10919,2021.011.01.0,40.718903,50.547276,16341.356,0.048674982
10920,2021.011.02.0,42.09494,34.45189,16341.356,0.0415847
10921,2021.011.03.0,31.086628,35.407955,16341.356,0.03922127
10922,2021.011.03.0,149.426,145.62164,16341.356,0.10539725
10923,2021.011.01.0,50.351173,60.85727,16436.318,0.048674982
10924,2021.011.02.0,50.351173,40.90199,16436.318,0.0415847
10925,2021.011.03.0,39.342865,39.148197,16436.318,0.03922127
10926,2021.011.01.0,187.03772,204.57672,16436.318,0.11485095
10927,2021.011.02.0,186.12036,180.1065,16436.318,0.10776067
10928,2021.011.03.0,169.6079,171.21419,16436.318,0.10539725
10929,2021.011.01.0,59.52477,72.50805,16531.281,0.048674982
10930,2021.011.02.0,61.35949,50.929337,16531.281,0.0415847
10931,2021.011.03.0,48.516457,48.77199,16531.281,0.03922127
10932,2021.011.01.0,209.97171,222.86226,16531.281,0.11485095
10933,2021.011.02.0,208.13698,191.34586,16531.281,0.10776067
10934,2021.011.03.0,187.95508,188.35225,16531.281,0.10539725
10935,2021.011.01.0,74.20252,86.746506,16626.242,0.048674982
10936,2021.011.02.0,76.03724,54.56546,16626.242,0.0415847
10937,2021.011.03.0,58.607407,49.85596,16626.242,0.03922127
10938,2021.011.01.0,225.5668,225.0925,16626.242,0.11485095
10939,2021.011.02.0,233.82304,192.24442,16626.242,0.10776067
10940,2021.011.03.0,208.13698,194.02826,16626.242,0.10539725
10941,2021.011.01.0,89.79763,101.44536,16721.205,0.048674982
10942,2021.011.02.0,93.467064,70.14519,16721.205,0.0415847
10943,2021.011.03.0,75.11988,66.864624,16721.205,0.03922127
10944,2021.011.01.0,265.01324,258.68512,16721.205,0.11485095
10945,2021.011.02.0,263.17853,238.09856,16721.205,0.10776067
10946,2021.011.03.0,233.82304,232.18242,16721.205,0.10539725
10947,2021.011.01.0,112.73161,129.88956,16816.166,0.048674982
10948,2021.011.02.0,117.31841,90.47046,16816.166,0.0415847
10949,2021.011.03.0,94.38442,84.15734,16816.166,0.03922127
10950,2021.011.01.0,287.94727,283.64975,16816.166,0.11485095
10951,2021.011.02.0,288.86462,257.53497,16816.166,0.10776067
10952,2021.011.03.0,259.5091,241.48631,16816.166,0.10539725
10953,2021.011.01.0,138.41768,143.93652,16911.127,0.048674982
10954,2021.011.02.0,143.92183,110.52066,16911.127,0.0415847
10955,2021.011.03.0,117.31841,105.71792,16911.127,0.03922127
10956,2021.011.02.0,325.55896,273.674,16911.127,0.10776067
10957,2021.011.03.0,299.87292,273.85474,16911.127,0.10539725
10958,2021.011.01.0,172.35997,154.5451,17006.09,0.048674982
10959,2021.011.02.0,176.94678,138.64505,17006.09,0.0415847
10960,2021.011.03.0,150.34335,124.37084,17006.09,0.03922127
10961,2021.011.01.0,353.07977,305.80923,17006.09,0.11485095
10962,2021.011.02.0,364.08807,302.42288,17006.09,0.10776067
10963,2021.011.03.0,331.06314,303.69577,17006.09,0.10539725
10964,2021.011.01.0,197.12868,150.37866,17101.05,0.048674982
10965,2021.011.02.0,172.35997,182.27498,17101.05,0.0415847
10966,2021.011.03.0,182.45093,165.50778,17101.05,0.03922127
10967,2021.011.03.0,340.23672,277.76328,17101.05,0.10539725
10968,2021.011.01.0,148.50864,121.02011,17196.014,0.048674982
10969,2021.011.02.0,130.16144,148.84021,17196.014,0.0415847
10970,2021.011.03.0,135.6656,131.79141,17196.014,0.03922127
10971,2021.011.01.0,308.12915,245.34926,17196.014,0.11485095
10972,2021.011.02.0,280.60837,274.37415,17196.014,0.10776067
10973,2021.011.03.0,275.10422,260.20944,17196.014,0.10539725
10974,2021.011.01.0,113.64897,91.50493,17290.975,0.048674982
10975,2021.011.02.0,96.21915,125.529465,17290.975,0.0415847
10976,2021.011.03.0,97.136505,95.02969,17290.975,0.03922127
10977,2021.011.01.0,257.67438,216.55731,17290.975,0.11485095
10978,2021.011.02.0,225.5668,244.04457,17290.975,0.10776067
10979,2021.011.03.0,245.7487,217.55153,17290.975,0.10539725
10980,2021.011.01.0,82.458755,68.55912,17385.938,0.048674982
10981,2021.011.02.0,68.698364,93.1824,17385.938,0.0415847
10982,2021.011.03.0,68.698364,67.99451,17385.938,0.03922127
10983,2021.011.01.0,218.22794,180.9043,17385.938,0.11485095
10984,2021.011.02.0,198.96341,199.64906,17385.938,0.10776067
10985,2021.011.03.0,209.97171,185.40884,17385.938,0.10539725
10986,2021.011.01.0,59.52477,42.863327,17480.898,0.048674982
10987,2021.011.02.0,47.5991,62.76468,17480.898,0.0415847
10988,2021.011.03.0,47.5991,44.963776,17480.898,0.03922127
10989,2021.011.02.0,162.26901,176.67693,17480.898,0.10776067
10990,2021.011.03.0,173.27734,155.93117,17480.898,0.10539725
10991,2021.011.01.0,41.63626,31.431652,17575.861,0.048674982
10992,2021.011.02.0,32.921345,45.224224,17575.861,0.0415847
10993,2021.011.03.0,31.545307,31.78983,17575.861,0.03922127
10994,2021.011.01.0,161.35165,113.24918,17575.861,0.11485095
10995,2021.011.02.0,136.58295,141.8765,17575.861,0.10776067
10996,2021.011.03.0,138.41768,131.09518,17575.861,0.10539725
10997,2021.011.01.0,29.251907,25.578312,17670.822,0.048674982
10998,2021.011.02.0,22.830395,34.30392,17670.822,0.0415847
10999,2021.011.03.0,20.536995,27.75565,17670.822,0.03922127
11000,2021.011.01.0,126.492004,102.79239,17670.822,0.11485095
11001,2021.011.02.0,109.06218,117.52457,17670.822,0.10776067
11002,2021.011.03.0,109.06218,99.322464,17670.822,0.10539725
11003,2021.011.01.0,20.995674,22.4421,17765.783,0.048674982
11004,2021.011.02.0,15.491524,25.705147,17765.783,0.0415847
11005,2021.011.03.0,13.656799,20.432724,17765.783,0.03922127
11006,2021.011.01.0,103.55802,80.22512,17765.783,0.11485095
11007,2021.011.02.0,90.71499,97.76958,17765.783,0.10776067
11008,2021.011.03.0,88.88027,83.239235,17765.783,0.10539725
11009,2021.011.01.0,14.574158,19.857368,17860.746,0.048674982
11010,2021.011.02.0,11.363403,19.332214,17860.746,0.0415847
11011,2021.011.03.0,9.345215,14.436073,17860.746,0.03922127
11012,2021.011.02.0,73.28516,80.110146,17860.746,0.10776067
11013,2021.011.03.0,71.45044,70.73123,17860.746,0.10539725
11014,2021.011.01.0,10.446045,15.133858,17955.707,0.048674982
11015,2021.011.02.0,8.152641,14.541214,17955.707,0.0415847
11016,2021.011.03.0,6.501396,12.22979,17955.707,0.03922127
11017,2021.011.01.0,66.86365,51.336594,17955.707,0.11485095
11018,2021.011.02.0,58.607407,62.95542,17955.707,0.10776067
11019,2021.011.03.0,54.937973,52.408978,17955.707,0.10539725
11020,2021.011.01.0,245.7487,201.81007,17955.707,0.32992285
11021,2021.011.02.0,264.0959,215.5192,17955.707,0.32283258
11022,2021.011.03.0,230.15361,239.31294,17955.707,0.32046914
11023,2021.011.01.0,7.4187546,12.234802,18050.67,0.048674982
11024,2021.011.02.0,5.7675095,12.065872,18050.67,0.0415847
11025,2021.011.03.0,4.850151,9.2304,18050.67,0.03922127
11026,2021.011.01.0,53.103252,36.83243,18050.67,0.11485095
11027,2021.011.02.0,45.764378,47.112576,18050.67,0.10776067
11028,2021.011.03.0,43.0123,42.59954,18050.67,0.10539725
11029,2021.011.01.0,5.7675095,8.395424,18145.63,0.048674982
11030,2021.011.02.0,4.4832077,7.213661,18145.63,0.0415847
11031,2021.011.03.0,4.0245285,6.141762,18145.63,0.03922127
11032,2021.011.01.0,42.553623,38.153233,18145.63,0.11485095
11033,2021.011.02.0,32.921345,36.97454,18145.63,0.10776067
11034,2021.011.03.0,32.921345,31.468056,18145.63,0.10539725
11035,2021.011.02.0,211.80643,178.95428,18145.63,0.32283258
11036,2021.011.03.0,193.45923,200.54971,18145.63,0.32046914
11037,2021.011.01.0,4.391472,6.1617813,18240.594,0.048674982
11038,2021.011.02.0,3.3823776,4.173004,18240.594,0.0415847
11039,2021.011.03.0,3.10717,2.5466995,18240.594,0.03922127
11040,2021.011.01.0,34.756065,30.360657,18240.594,0.11485095
11041,2021.011.02.0,28.334553,31.047825,18240.594,0.10776067
11042,2021.011.03.0,25.582474,29.257805,18240.594,0.10539725
11043,2021.011.01.0,3.6575851,3.03833,18335.555,0.048674982
11044,2021.011.02.0,3.0154343,2.0697632,18335.555,0.0415847
11045,2021.011.01.0,27.875874,25.244717,18335.555,0.11485095
11046,2021.011.02.0,22.830395,27.611881,18335.555,0.10776067
11047,2021.011.03.0,20.078316,20.803528,18335.555,0.10539725
11048,2021.011.01.0,3.0154343,2.5723343,18430.518,0.048674982
11049,2021.011.02.0,2.4650192,1.4501648,18430.518,0.0415847
11050,2021.011.03.0,2.556755,0.9029312,18430.518,0.03922127
11051,2021.011.01.0,20.995674,23.228,18430.518,0.11485095
11052,2021.011.02.0,18.243599,24.384377,18430.518,0.10776067
11053,2021.011.03.0,15.950203,18.48896,18430.518,0.10539725
11054,2021.011.01.0,2.6484833,1.0192108,18525.479,0.048674982
11055,2021.011.02.0,1.9145966,0.59391785,18525.479,0.0415847
11056,2021.011.03.0,2.189804,-0.7523575,18525.479,0.03922127
11057,2021.011.02.0,14.574158,13.577858,18525.479,0.10776067
11058,2021.011.03.0,13.19812,10.308716,18525.479,0.10539725
11059,2021.011.03.0,2.00634,-1.754715,18620.441,0.03922127
11060,2021.011.01.0,11.363403,11.981239,18715.402,0.11485095
11061,2021.011.02.0,9.89563,12.320335,18715.402,0.10776067
11062,2021.011.03.0,9.070007,10.819794,18715.402,0.10539725
11063,2021.011.01.0,6.2261887,7.8770294,18905.326,0.11485095
11064,2021.011.02.0,6.7766037,7.243065,18905.326,0.10776067
11065,2021.011.03.0,6.0427094,8.178741,18905.326,0.10539725
11066,2021.011.03.0,69.61572,69.89516,18905.326,0.32046914
11067,2021.011.01.0,3.198906,0.91444397,19665.02,0.11485095
11068,2021.011.02.0,6.2261887,1.3438263,19665.02,0.10776067
11069,2021.011.03.0,2.6484833,5.744568,19665.02,0.10539725
11070,2021.011.02.0,32.00399,28.934654,20804.562,0.5379045
11071,2021.011.03.0,29.251907,27.59291,20804.562,0.53554106
11072,2021.011.01.0,0.9055023,-0.5067673,21564.258,0.11485095
11073,2021.011.02.0,0.9055023,-0.95475006,21564.258,0.10776067
11074,2021.011.03.0,0.9055023,-0.39804077,21564.258,0.10539725
11075,2021.011.03.0,8.794792,21.132103,21564.258,0.32046914
11076,2021.011.08.0,4.6666794,2.6446,12447.923,0.09830696
11077,2021.011.09.0,5.2170944,0.049209595,12447.923,0.091216676
11078,2021.011.010.0,5.6757812,0.091308594,12447.923,0.08885325
11079,2021.011.09.0,5.8592453,2.4842453,12637.846,0.09830696
11080,2021.011.010.0,5.492302,1.0963058,12637.846,0.08885325
11081,2021.011.09.0,6.3179245,2.8843536,12827.77,0.091216676
11082,2021.011.010.0,6.7766037,6.2054367,13017.693,0.08885325
11083,2021.011.08.0,6.1344604,5.491646,13207.617,0.09830696
11084,2021.011.09.0,8.886536,2.9891663,13207.617,0.091216676
11085,2021.011.010.0,7.3270187,6.25856,13207.617,0.08885325
11086,2021.011.08.0,54.937973,51.40048,13207.617,0.3133789
11087,2021.011.09.0,48.516457,52.26879,13207.617,0.3062886
11088,2021.011.010.0,50.351173,50.06294,13207.617,0.30392516
11089,2021.011.08.0,122.82257,149.55876,13207.617,0.52845085
11090,2021.011.09.0,102.64066,134.91301,13207.617,0.5213605
11091,2021.011.010.0,104.47538,115.14298,13207.617,0.51899713
11092,2021.011.010.0,8.060913,6.1787567,13397.541,0.08885325
11093,2021.011.09.0,9.987366,4.727333,13587.465,0.09830696
11094,2021.011.010.0,9.528687,4.7368546,13587.465,0.08885325
11095,2021.011.09.0,9.345215,5.4636,13777.388,0.091216676
11096,2021.011.010.0,10.446045,6.1516876,13777.388,0.08885325
11097,2021.011.08.0,1.2724533,-0.997879,13967.312,0.032130986
11098,2021.011.09.0,1.3641815,-1.6604996,13967.312,0.025040701
11099,2021.011.010.0,1.0889816,-0.84454346,13967.312,0.022677273
11100,2021.011.08.0,9.528687,12.253006,13967.312,0.09830696
11101,2021.011.09.0,11.363403,5.222328,13967.312,0.091216676
11102,2021.011.010.0,11.363403,6.748398,13967.312,0.08885325
11103,2021.011.08.0,1.2724533,1.7245255,14062.273,0.032130986
11104,2021.011.09.0,1.4559174,0.92663574,14062.273,0.025040701
11105,2021.011.09.0,9.987366,8.146042,14062.273,0.091216676
11106,2021.011.010.0,11.8220825,5.581024,14062.273,0.08885325
11107,2021.011.08.0,1.4559174,-2.799797,14157.235,0.032130986
11108,2021.011.09.0,1.2724533,1.0844345,14157.235,0.025040701
11109,2021.011.010.0,1.3641815,-0.72164917,14157.235,0.022677273
11110,2021.011.08.0,9.803894,10.930649,14157.235,0.09830696
11111,2021.011.09.0,11.363403,6.773163,14157.235,0.091216676
11112,2021.011.010.0,11.8220825,7.505516,14157.235,0.08885325
11113,2021.011.09.0,1.4559174,7.4376984,14252.197,0.025040701
11114,2021.011.09.0,1.4559174,-4.267784,14347.158,0.025040701
11115,2021.011.010.0,1.5476608,-2.0207672,14442.121,0.022677273
11116,2021.011.08.0,41.17758,50.278576,14442.121,0.18102694
11117,2021.011.09.0,35.673428,45.40595,14442.121,0.17393665
11118,2021.011.010.0,32.921345,40.656998,14442.121,0.17157322
11119,2021.011.08.0,1.1807175,-1.6761551,14537.082,0.032130986
11120,2021.011.09.0,2.556755,-4.4977417,14537.082,0.025040701
11121,2021.011.010.0,1.4559174,16.526085,14537.082,0.022677273
11122,2021.011.09.0,11.8220825,14.6109085,14537.082,0.091216676
11123,2021.011.010.0,15.032837,10.918655,14537.082,0.08885325
11124,2021.011.08.0,1.1807175,-3.4532623,14632.044,0.032130986
11125,2021.011.09.0,1.2724533,-4.7816544,14632.044,0.025040701
11126,2021.011.010.0,1.0889816,-2.7807312,14632.044,0.022677273
11127,2021.011.08.0,14.1154785,14.76545,14632.044,0.09830696
11128,2021.011.09.0,14.574158,11.529488,14632.044,0.091216676
11129,2021.011.010.0,15.491524,12.4291,14632.044,0.08885325
11130,2021.011.08.0,1.3641815,-3.2489014,14727.006,0.032130986
11131,2021.011.09.0,1.3641815,-4.368828,14727.006,0.025040701
11132,2021.011.09.0,15.032837,13.749466,14727.006,0.091216676
11133,2021.011.010.0,15.032837,9.240051,14727.006,0.08885325
11134,2021.011.08.0,1.4559174,-3.0001678,14821.968,0.032130986
11135,2021.011.09.0,1.5476608,-4.6667404,14821.968,0.025040701
11136,2021.011.010.0,1.2724533,-3.334961,14821.968,0.022677273
11137,2021.011.08.0,1.5476608,-2.7598343,14916.93,0.032130986
11138,2021.011.09.0,1.5476608,-4.149269,14916.93,0.025040701
11139,2021.011.010.0,1.4559174,-3.6203842,14916.93,0.022677273
11140,2021.011.08.0,17.32624,23.465042,14916.93,0.09830696
11141,2021.011.09.0,16.408875,21.46299,14916.93,0.091216676
11142,2021.011.010.0,17.78492,19.114159,14916.93,0.08885325
11143,2021.011.08.0,2.7402267,-2.1976013,15011.892,0.032130986
11144,2021.011.09.0,2.0980759,-0.021102905,15011.892,0.025040701
11145,2021.011.010.0,1.3641815,-2.70755,15011.892,0.022677273
11146,2021.011.09.0,16.867554,20.414627,15011.892,0.091216676
11147,2021.011.010.0,19.160957,19.562943,15011.892,0.08885325
11148,2021.011.08.0,3.3823776,-1.7263184,15106.854,0.032130986
11149,2021.011.09.0,1.6393967,2.9176025,15106.854,0.025040701
11150,2021.011.010.0,1.3641815,-2.982994,15106.854,0.022677273
11151,2021.011.08.0,19.160957,25.318539,15106.854,0.09830696
11152,2021.011.09.0,17.78492,23.962532,15106.854,0.091216676
11153,2021.011.010.0,19.160957,23.33078,15106.854,0.08885325
11154,2021.011.010.0,58.607407,59.699665,15106.854,0.17157322
11155,2021.011.09.0,143.00447,171.3682,15106.854,0.3133789
11156,2021.011.010.0,141.16975,146.30397,15106.854,0.30392516
11157,2021.011.08.0,1.8228607,-1.3365479,15201.815,0.032130986
11158,2021.011.09.0,3.4741135,-3.9264374,15201.815,0.025040701
11159,2021.011.010.0,1.5476608,7.0534897,15201.815,0.022677273
11160,2021.011.08.0,20.078316,26.632298,15201.815,0.09830696
11161,2021.011.09.0,20.536995,21.018143,15201.815,0.091216676
11162,2021.011.010.0,20.078316,23.286724,15201.815,0.08885325
11163,2021.011.08.0,2.0980759,0.11897278,15296.777,0.032130986
11164,2021.011.09.0,2.28154,-2.9576645,15296.777,0.025040701
11165,2021.011.010.0,1.7311325,-2.767105,15296.777,0.022677273
11166,2021.011.08.0,21.91304,25.77449,15296.777,0.09830696
11167,2021.011.09.0,21.91304,21.30896,15296.777,0.091216676
11168,2021.011.010.0,21.91304,24.329449,15296.777,0.08885325
11169,2021.011.08.0,2.189804,0.56020355,15391.738,0.032130986
11170,2021.011.09.0,3.10717,-2.0036392,15391.738,0.025040701
11171,2021.011.010.0,2.00634,0.5870209,15391.738,0.022677273
11172,2021.011.08.0,24.206432,37.371216,15391.738,0.09830696
11173,2021.011.09.0,21.454361,26.925804,15391.738,0.091216676
11174,2021.011.010.0,22.830395,25.006184,15391.738,0.08885325
11175,2021.011.08.0,2.189804,1.5990906,15486.7,0.032130986
11176,2021.011.09.0,1.7311325,-1.819046,15486.7,0.025040701
11177,2021.011.010.0,2.0980759,-3.8678284,15486.7,0.022677273
11178,2021.011.08.0,26.958511,38.484917,15486.7,0.09830696
11179,2021.011.09.0,24.665112,28.622814,15486.7,0.091216676
11180,2021.011.010.0,25.12379,29.271759,15486.7,0.08885325
11181,2021.011.08.0,2.6484833,3.2658005,15581.662,0.032130986
11182,2021.011.09.0,2.4650192,0.36102295,15581.662,0.025040701
11183,2021.011.010.0,2.28154,-1.704277,15581.662,0.022677273
11184,2021.011.08.0,28.334553,35.91477,15581.662,0.09830696
11185,2021.011.09.0,26.041153,29.206459,15581.662,0.091216676
11186,2021.011.010.0,26.499832,29.882881,15581.662,0.08885325
11187,2021.011.08.0,2.6484833,5.8569717,15676.624,0.032130986
11188,2021.011.09.0,2.831955,1.2527466,15676.624,0.025040701
11189,2021.011.010.0,2.189804,-0.67028046,15676.624,0.022677273
11190,2021.011.08.0,32.00399,43.308994,15676.624,0.09830696
11191,2021.011.09.0,28.793228,32.387856,15676.624,0.091216676
11192,2021.011.010.0,30.16927,29.378468,15676.624,0.08885325
11193,2021.011.08.0,2.9236984,6.512169,15771.586,0.032130986
11194,2021.011.09.0,2.7402267,1.8059235,15771.586,0.025040701
11195,2021.011.010.0,2.3732834,-0.73321533,15771.586,0.022677273
11196,2021.011.08.0,38.425507,48.590717,15771.586,0.09830696
11197,2021.011.09.0,29.710594,38.1156,15771.586,0.091216676
11198,2021.011.010.0,32.921345,31.310112,15771.586,0.08885325
11199,2021.011.08.0,3.198906,9.085739,15866.548,0.032130986
11200,2021.011.09.0,3.10717,3.9316788,15866.548,0.025040701
11201,2021.011.010.0,2.6484833,0.84441376,15866.548,0.022677273
11202,2021.011.08.0,38.425507,51.908672,15866.548,0.09830696
11203,2021.011.09.0,34.756065,38.144703,15866.548,0.091216676
11204,2021.011.010.0,34.756065,35.962307,15866.548,0.08885325
11205,2021.011.08.0,3.6575851,10.623093,15961.51,0.032130986
11206,2021.011.09.0,3.4741135,5.7674713,15961.51,0.025040701
11207,2021.011.010.0,2.7402267,2.4623718,15961.51,0.022677273
11208,2021.011.08.0,45.3057,56.188972,15961.51,0.09830696
11209,2021.011.09.0,37.508144,43.045773,15961.51,0.091216676
11210,2021.011.010.0,37.508144,35.586407,15961.51,0.08885325
11211,2021.011.08.0,4.208,11.480774,16056.472,0.032130986
11212,2021.011.09.0,3.6575851,6.534569,16056.472,0.025040701
11213,2021.011.010.0,2.831955,1.8677368,16056.472,0.022677273
11214,2021.011.08.0,47.5991,65.00536,16056.472,0.09830696
11215,2021.011.09.0,41.17758,44.380272,16056.472,0.091216676
11216,2021.011.010.0,42.09494,39.93208,16056.472,0.08885325
11217,2021.011.010.0,129.24408,122.044586,16056.472,0.17157322
11218,2021.011.09.0,261.3438,323.51605,16056.472,0.3062886
11219,2021.011.010.0,257.67438,290.5094,16056.472,0.30392516
11220,2021.011.08.0,4.850151,16.437859,16151.434,0.032130986
11221,2021.011.09.0,4.1162567,11.881531,16151.434,0.025040701
11222,2021.011.010.0,3.10717,6.525032,16151.434,0.022677273
11223,2021.011.08.0,54.020615,74.03439,16151.434,0.09830696
11224,2021.011.09.0,45.764378,51.856068,16151.434,0.091216676
11225,2021.011.010.0,45.3057,43.553616,16151.434,0.08885325
11226,2021.011.08.0,5.400566,13.246407,16246.3955,0.032130986
11227,2021.011.09.0,4.4832077,9.98056,16246.3955,0.025040701
11228,2021.011.010.0,3.5658493,7.0698547,16246.3955,0.022677273
11229,2021.011.08.0,62.276848,89.50081,16246.3955,0.09830696
11230,2021.011.09.0,52.185894,64.62359,16246.3955,0.091216676
11231,2021.011.010.0,49.433815,55.68124,16246.3955,0.08885325
11232,2021.011.08.0,6.2261887,18.890373,16341.356,0.032130986
11233,2021.011.09.0,5.0336227,11.9183655,16341.356,0.025040701
11234,2021.011.010.0,3.9327927,6.755371,16341.356,0.022677273
11235,2021.011.08.0,67.781006,94.442245,16341.356,0.09830696
11236,2021.011.09.0,57.69005,69.91489,16341.356,0.091216676
11237,2021.011.010.0,55.85533,56.056686,16341.356,0.08885325
11238,2021.011.08.0,7.602234,15.460503,16436.318,0.032130986
11239,2021.011.09.0,5.6757812,9.328255,16436.318,0.025040701
11240,2021.011.010.0,4.5749435,6.5800095,16436.318,0.022677273
11241,2021.011.08.0,79.70667,114.16826,16436.318,0.09830696
11242,2021.011.09.0,63.194206,83.53617,16436.318,0.091216676
11243,2021.011.010.0,63.194206,61.35949,16436.318,0.08885325
11244,2021.011.08.0,8.794792,11.203346,16531.281,0.032130986
11245,2021.011.09.0,6.7766037,5.5263443,16531.281,0.025040701
11246,2021.011.010.0,5.0336227,4.4202347,16531.281,0.022677273
11247,2021.011.08.0,87.96291,128.332,16531.281,0.09830696
11248,2021.011.09.0,69.61572,87.031166,16531.281,0.091216676
11249,2021.011.010.0,70.53308,66.3296,16531.281,0.08885325
11250,2021.011.08.0,11.363403,15.393524,16626.242,0.032130986
11251,2021.011.09.0,7.602234,4.753975,16626.242,0.025040701
11252,2021.011.010.0,6.1344604,1.3469315,16626.242,0.022677273
11253,2021.011.08.0,99.88858,119.462975,16626.242,0.09830696
11254,2021.011.09.0,81.5414,83.69156,16626.242,0.091216676
11255,2021.011.010.0,80.62404,64.950424,16626.242,0.08885325
11256,2021.011.08.0,13.656799,24.360733,16721.205,0.032130986
11257,2021.011.09.0,9.070007,1.9314804,16721.205,0.025040701
11258,2021.011.010.0,7.051811,-2.354828,16721.205,0.022677273
11259,2021.011.08.0,115.48369,164.59137,16721.205,0.09830696
11260,2021.011.09.0,94.38442,124.560425,16721.205,0.091216676
11261,2021.011.010.0,90.71499,95.87208,16721.205,0.08885325
11262,2021.011.08.0,18.243599,32.766346,16816.166,0.032130986
11263,2021.011.09.0,10.9047165,5.6493225,16816.166,0.025040701
11264,2021.011.010.0,9.070007,-3.879753,16816.166,0.022677273
11265,2021.011.08.0,134.74823,179.8308,16816.166,0.09830696
11266,2021.011.09.0,105.39274,135.0092,16816.166,0.091216676
11267,2021.011.010.0,102.64066,103.37194,16816.166,0.08885325
11268,2021.011.08.0,24.206432,47.631203,16911.127,0.032130986
11269,2021.011.09.0,14.574158,17.08982,16911.127,0.025040701
11270,2021.011.010.0,10.9047165,0.85752106,16911.127,0.022677273
11271,2021.011.08.0,154.93015,201.27832,16911.127,0.09830696
11272,2021.011.09.0,120.98785,155.82211,16911.127,0.091216676
11273,2021.011.010.0,116.40105,123.85491,16911.127,0.08885325
11274,2021.011.08.0,32.921345,61.16056,17006.09,0.032130986
11275,2021.011.09.0,18.702278,26.494991,17006.09,0.025040701
11276,2021.011.010.0,15.032837,7.1923447,17006.09,0.022677273
11277,2021.011.08.0,175.11205,224.01936,17006.09,0.09830696
11278,2021.011.09.0,141.16975,173.98282,17006.09,0.091216676
11279,2021.011.010.0,134.74823,142.01434,17006.09,0.08885325
11280,2021.011.08.0,46.68174,100.86897,17101.05,0.032130986
11281,2021.011.09.0,25.582474,49.582092,17101.05,0.025040701
11282,2021.011.010.0,20.995674,17.58815,17101.05,0.022677273
11283,2021.011.08.0,200.79811,250.84897,17101.05,0.09830696
11284,2021.011.09.0,156.76486,193.49634,17101.05,0.091216676
11285,2021.011.010.0,154.93015,150.58318,17101.05,0.08885325
11286,2021.011.08.0,64.111565,104.608696,17196.014,0.032130986
11287,2021.011.09.0,36.132103,61.529762,17196.014,0.025040701
11288,2021.011.010.0,29.251907,31.607075,17196.014,0.022677273
11289,2021.011.08.0,235.65776,279.14304,17196.014,0.09830696
11290,2021.011.09.0,188.87244,236.20476,17196.014,0.091216676
11291,2021.011.010.0,182.45093,189.23396,17196.014,0.08885325
11292,2021.011.08.0,89.79763,111.781334,17290.975,0.032130986
11293,2021.011.09.0,52.185894,78.076385,17290.975,0.025040701
11294,2021.011.010.0,42.553623,45.447025,17290.975,0.022677273
11295,2021.011.08.0,288.86462,259.88486,17290.975,0.09830696
11296,2021.011.09.0,215.47586,262.68243,17290.975,0.091216676
11297,2021.011.010.0,212.72377,215.8275,17290.975,0.08885325
11298,2021.011.08.0,126.492004,98.07269,17385.938,0.032130986
11299,2021.011.09.0,72.3678,97.71966,17385.938,0.025040701
11300,2021.011.010.0,63.194206,63.23133,17385.938,0.022677273
11301,2021.011.08.0,296.2035,231.09181,17385.938,0.09830696
11302,2021.011.09.0,247.58344,265.24588,17385.938,0.091216676
11303,2021.011.010.0,246.66608,243.54942,17385.938,0.08885325
11304,2021.011.08.0,103.55802,64.926346,17480.898,0.032130986
11305,2021.011.09.0,106.3101,80.75115,17480.898,0.025040701
11306,2021.011.010.0,92.549706,69.352135,17480.898,0.022677273
11307,2021.011.08.0,248.5008,199.13034,17480.898,0.09830696
11308,2021.011.09.0,288.86462,228.03693,17480.898,0.091216676
11309,2021.011.010.0,285.1952,260.82678,17480.898,0.08885325
11310,2021.011.08.0,68.698364,72.59046,17575.861,0.032130986
11311,2021.011.09.0,104.47538,83.91954,17575.861,0.025040701
11312,2021.011.010.0,93.467064,91.090614,17575.861,0.022677273
11313,2021.011.08.0,207.21962,179.07228,17575.861,0.09830696
11314,2021.011.09.0,259.5091,206.17961,17575.861,0.091216676
11315,2021.011.010.0,255.83968,245.65697,17575.861,0.08885325
11316,2021.011.08.0,43.0123,53.71914,17670.822,0.032130986
11317,2021.011.09.0,66.86365,70.04568,17670.822,0.025040701
11318,2021.011.010.0,56.77269,77.36432,17670.822,0.022677273
11319,2021.011.08.0,172.35997,144.95483,17670.822,0.09830696
11320,2021.011.09.0,216.39322,174.7145,17670.822,0.091216676
11321,2021.011.010.0,210.88907,221.18219,17670.822,0.08885325
11322,2021.011.08.0,26.041153,39.491962,17765.783,0.032130986
11323,2021.011.09.0,42.09494,50.37381,17765.783,0.025040701
11324,2021.011.010.0,32.921345,66.57368,17765.783,0.022677273
11325,2021.011.08.0,137.50032,123.50218,17765.783,0.09830696
11326,2021.011.09.0,177.86414,143.67181,17765.783,0.091216676
11327,2021.011.010.0,171.44261,183.86295,17765.783,0.08885325
11328,2021.011.010.0,318.22012,305.1565,17765.783,0.17157322
11329,2021.011.010.0,450.3199,379.12195,17765.783,0.30392516
11330,2021.011.08.0,15.032837,27.22853,17860.746,0.032130986
11331,2021.011.09.0,25.582474,25.952019,17860.746,0.025040701
11332,2021.011.010.0,17.78492,46.036736,17860.746,0.022677273
11333,2021.011.08.0,109.97954,90.09317,17860.746,0.09830696
11334,2021.011.09.0,143.00447,113.2722,17860.746,0.091216676
11335,2021.011.010.0,137.50032,151.86206,17860.746,0.08885325
11336,2021.011.08.0,9.345215,18.31546,17955.707,0.032130986
11337,2021.011.09.0,16.408875,16.466446,17955.707,0.025040701
11338,2021.011.010.0,9.987366,31.610672,17955.707,0.022677273
11339,2021.011.08.0,86.12819,85.307915,17955.707,0.09830696
11340,2021.011.09.0,115.48369,89.37282,17955.707,0.091216676
11341,2021.011.010.0,109.06218,119.52867,17955.707,0.08885325
11342,2021.011.08.0,178.7815,175.33376,17955.707,0.18102694
11343,2021.011.09.0,238.40985,197.94623,17955.707,0.17393665
11344,2021.011.010.0,245.7487,245.49106,17955.707,0.17157322
11345,2021.011.08.0,313.6333,262.32166,17955.707,0.3133789
11346,2021.011.09.0,374.17902,300.13977,17955.707,0.3062886
11347,2021.011.010.0,358.58392,348.43005,17955.707,0.30392516
11348,2021.011.08.0,5.8592453,8.599236,18050.67,0.032130986
11349,2021.011.09.0,9.89563,6.633232,18050.67,0.025040701
11350,2021.011.010.0,5.2170944,14.419876,18050.67,0.022677273
11351,2021.011.08.0,66.86365,64.77495,18050.67,0.09830696
11352,2021.011.09.0,91.63235,64.1037,18050.67,0.091216676
11353,2021.011.010.0,87.96291,85.70488,18050.67,0.08885325
11354,2021.011.08.0,4.1162567,4.6488876,18145.63,0.032130986
11355,2021.011.09.0,6.4096603,3.3621216,18145.63,0.025040701
11356,2021.011.010.0,3.4741135,7.475624,18145.63,0.022677273
11357,2021.011.08.0,51.268536,47.799034,18145.63,0.09830696
11358,2021.011.09.0,72.3678,48.773266,18145.63,0.091216676
11359,2021.011.010.0,66.86365,71.64553,18145.63,0.08885325
11360,2021.011.09.0,303.54236,240.64758,18145.63,0.3062886
11361,2021.011.010.0,307.2118,280.39844,18145.63,0.30392516
11362,2021.011.08.0,2.9236984,1.3548203,18240.594,0.032130986
11363,2021.011.09.0,4.4832077,0.025566101,18240.594,0.025040701
11364,2021.011.010.0,2.556755,2.5629196,18240.594,0.022677273
11365,2021.011.08.0,41.63626,40.542717,18240.594,0.09830696
11366,2021.011.09.0,56.77269,42.980373,18240.594,0.091216676
11367,2021.011.010.0,52.185894,50.41153,18240.594,0.08885325
11368,2021.011.09.0,2.6484833,-2.7391052,18335.555,0.025040701
11369,2021.011.010.0,2.00634,-0.9888458,18335.555,0.022677273
11370,2021.011.08.0,30.627949,31.342823,18335.555,0.09830696
11371,2021.011.09.0,45.764378,27.8961,18335.555,0.091216676
11372,2021.011.010.0,39.342865,43.361492,18335.555,0.08885325
11373,2021.011.08.0,2.00634,-1.6791611,18430.518,0.032130986
11374,2021.011.09.0,1.7311325,-2.6937103,18430.518,0.025040701
11375,2021.011.010.0,1.4559174,-4.2864456,18430.518,0.022677273
11376,2021.011.08.0,24.206432,22.669125,18430.518,0.09830696
11377,2021.011.09.0,34.756065,22.773193,18430.518,0.091216676
11378,2021.011.010.0,31.545307,35.212944,18430.518,0.08885325
11379,2021.011.010.0,106.3101,107.566574,18430.518,0.17157322
11380,2021.011.08.0,1.6393967,-2.6853943,18525.479,0.032130986
11381,2021.011.09.0,2.00634,-3.4815216,18525.479,0.025040701
11382,2021.011.010.0,1.4559174,-4.076996,18525.479,0.022677273
11383,2021.011.08.0,19.160957,19.412704,18525.479,0.09830696
11384,2021.011.09.0,26.041153,16.518944,18525.479,0.091216676
11385,2021.011.010.0,23.28907,18.635246,18525.479,0.08885325
11386,2021.011.010.0,19.160957,17.015053,18620.441,0.08885325
11387,2021.011.08.0,11.8220825,11.505455,18715.402,0.09830696
11388,2021.011.09.0,17.32624,9.107536,18715.402,0.091216676
11389,2021.011.010.0,14.1154785,13.422447,18715.402,0.08885325
11390,2021.011.09.0,13.656799,9.302536,18810.363,0.091216676
11391,2021.011.010.0,11.363403,12.493256,18810.363,0.08885325
11392,2021.011.08.0,8.152641,9.099228,18905.326,0.09830696
11393,2021.011.09.0,11.8220825,6.4390793,18905.326,0.091216676
11394,2021.011.010.0,8.244377,9.943687,18905.326,0.08885325
11395,2021.011.09.0,43.0123,28.936596,18905.326,0.17393665
11396,2021.011.010.0,44.38834,36.569435,18905.326,0.17157322
11397,2021.011.09.0,115.48369,84.50371,18905.326,0.3062886
11398,2021.011.010.0,120.07049,103.67927,18905.326,0.30392516
11399,2021.011.09.0,17.32624,17.611237,19380.135,0.17393665
11400,2021.011.08.0,2.6484833,0.6442642,19665.02,0.09830696
11401,2021.011.09.0,2.6484833,0.5472107,19665.02,0.091216676
11402,2021.011.010.0,5.0336227,-0.5503845,19665.02,0.08885325
11403,2021.011.09.0,34.297386,29.7919,20804.562,0.5213605
11404,2021.011.010.0,42.09494,29.043018,20804.562,0.51899713
11405,2021.011.09.0,0.9055023,-0.87929535,21564.258,0.091216676
11406,2021.011.010.0,0.9055023,-1.738533,21564.258,0.08885325
11407,2021.011.010.0,8.703064,16.03392,21564.258,0.30392516
11408,2021.011.015.0,2.189804,-2.8568344,12447.923,0.08176296
11409,2021.011.016.0,2.3732834,-4.67099,12447.923,0.074672684
11410,2021.011.017.0,2.6484833,-4.3721924,12447.923,0.072309256
11411,2021.011.015.0,2.4650192,-1.5390244,13017.693,0.08176296
11412,2021.011.016.0,2.4650192,-3.643364,13017.693,0.074672684
11413,2021.011.017.0,2.0980759,-4.122719,13017.693,0.072309256
11414,2021.011.015.0,2.831955,-1.6295319,13207.617,0.08176296
11415,2021.011.016.0,2.6484833,-2.8493118,13207.617,0.074672684
11416,2021.011.017.0,3.8410568,-4.0618515,13207.617,0.072309256
11417,2021.011.015.0,40.718903,45.928898,13207.617,0.2968349
11418,2021.011.016.0,39.342865,43.505867,13207.617,0.28974462
11419,2021.011.017.0,38.425507,43.502285,13207.617,0.28738117
11420,2021.011.015.0,98.97122,114.83382,13207.617,0.5119068
11421,2021.011.016.0,98.97122,118.93431,13207.617,0.50481653
11422,2021.011.017.0,95.30179,121.45622,13207.617,0.5024531
11423,2021.011.017.0,2.4650192,0.16609955,13397.541,0.072309256
11424,2021.011.016.0,2.6484833,3.71109,13587.465,0.074672684
11425,2021.011.017.0,2.831955,-1.9689865,13587.465,0.072309256
11426,2021.011.017.0,3.10717,-2.5851212,13777.388,0.072309256
11427,2021.011.015.0,4.0245285,0.4468689,13967.312,0.08176296
11428,2021.011.016.0,5.0336227,-1.0560532,13967.312,0.074672684
11429,2021.011.017.0,3.5658493,-0.119529724,13967.312,0.072309256
11430,2021.011.017.0,3.6575851,-0.6017456,14062.273,0.072309256
11431,2021.011.015.0,4.941887,-0.20506287,14157.235,0.08176296
11432,2021.011.016.0,4.208,-0.75205994,14157.235,0.074672684
11433,2021.011.017.0,3.9327927,-2.1626205,14157.235,0.072309256
11434,2021.011.017.0,4.4832077,-0.68122864,14347.158,0.074672684
11435,2021.011.016.0,5.492302,0.6787491,14442.121,0.074672684
11436,2021.011.017.0,4.850151,0.6723404,14442.121,0.072309256
11437,2021.011.015.0,26.958511,33.97376,14442.121,0.16448292
11438,2021.011.016.0,24.665112,29.162392,14442.121,0.15739265
11439,2021.011.017.0,25.12379,23.213299,14442.121,0.15502922
11440,2021.011.016.0,4.850151,1.0261383,14537.082,0.074672684
11441,2021.011.017.0,5.1253586,-1.4433594,14537.082,0.072309256
11442,2021.011.015.0,6.4096603,3.3255005,14632.044,0.08176296
11443,2021.011.016.0,6.1344604,1.9571915,14632.044,0.074672684
11444,2021.011.017.0,5.492302,-0.31204224,14632.044,0.072309256
11445,2021.011.017.0,29.251907,35.9854,14632.044,0.15502922
11446,2021.011.016.0,6.3179245,1.6231308,14727.006,0.074672684
11447,2021.011.017.0,5.950981,-0.6888504,14727.006,0.072309256
11448,2021.011.016.0,6.9600754,4.2245255,14821.968,0.074672684
11449,2021.011.017.0,6.501396,0.77706146,14821.968,0.072309256
11450,2021.011.015.0,7.785698,4.2288055,14916.93,0.08176296
11451,2021.011.016.0,7.2352905,3.968834,14916.93,0.074672684
11452,2021.011.017.0,6.9600754,1.2352905,14916.93,0.072309256
11453,2021.011.015.0,8.519592,5.8548584,15011.892,0.08176296
11454,2021.011.016.0,6.8683395,4.343231,15011.892,0.074672684
11455,2021.011.017.0,7.5104904,0.5468979,15011.892,0.072309256
11456,2021.011.015.0,9.712151,7.2183914,15106.854,0.08176296
11457,2021.011.016.0,8.152641,5.854904,15106.854,0.074672684
11458,2021.011.017.0,7.785698,3.4808884,15106.854,0.072309256
11459,2021.011.016.0,42.09494,45.018894,15106.854,0.15739265
11460,2021.011.017.0,34.756065,42.005867,15106.854,0.15502922
11461,2021.011.016.0,118.23577,105.92244,15106.854,0.28974462
11462,2021.011.017.0,117.31841,103.52695,15106.854,0.28738117
11463,2021.011.015.0,9.987366,8.465691,15201.815,0.08176296
11464,2021.011.016.0,9.89563,6.2991486,15201.815,0.074672684
11465,2021.011.017.0,8.703064,4.5921173,15201.815,0.072309256
11466,2021.011.015.0,11.363403,8.794876,15296.777,0.08176296
11467,2021.011.016.0,10.446045,6.1697464,15296.777,0.074672684
11468,2021.011.017.0,9.070007,6.7003555,15296.777,0.072309256
11469,2021.011.015.0,12.280762,7.9540405,15391.738,0.08176296
11470,2021.011.016.0,10.446045,5.193802,15391.738,0.074672684
11471,2021.011.017.0,9.620415,2.848915,15391.738,0.072309256
11472,2021.011.015.0,13.656799,13.039307,15486.7,0.08176296
11473,2021.011.016.0,11.8220825,8.311363,15486.7,0.074672684
11474,2021.011.017.0,10.9047165,6.13443,15486.7,0.072309256
11475,2021.011.017.0,44.84702,56.553246,15486.7,0.15739265
11476,2021.011.015.0,15.491524,13.602394,15581.662,0.08176296
11477,2021.011.016.0,12.739441,6.359459,15581.662,0.074672684
11478,2021.011.017.0,11.8220825,3.152916,15581.662,0.072309256
11479,2021.011.016.0,60.44213,63.475395,15581.662,0.15739265
11480,2021.011.017.0,54.020615,58.355263,15581.662,0.15502922
11481,2021.011.015.0,15.950203,11.302689,15676.624,0.08176296
11482,2021.011.016.0,13.19812,11.357765,15676.624,0.074672684
11483,2021.011.017.0,12.739441,12.701942,15676.624,0.072309256
11484,2021.011.015.0,18.243599,18.517365,15771.586,0.08176296
11485,2021.011.016.0,15.491524,17.599258,15771.586,0.074672684
11486,2021.011.017.0,14.1154785,15.040871,15771.586,0.072309256
11487,2021.011.017.0,66.86365,64.86248,15771.586,0.15502922
11488,2021.011.015.0,20.078316,20.742355,15866.548,0.08176296
11489,2021.011.016.0,17.32624,15.248535,15866.548,0.074672684
11490,2021.011.017.0,15.491524,13.46624,15866.548,0.072309256
11491,2021.011.015.0,22.830395,22.09208,15961.51,0.08176296
11492,2021.011.016.0,18.702278,18.332932,15961.51,0.074672684
11493,2021.011.017.0,16.867554,16.596252,15961.51,0.072309256
11494,2021.011.015.0,25.582474,27.759808,16056.472,0.08176296
11495,2021.011.016.0,21.454361,22.8246,16056.472,0.074672684
11496,2021.011.017.0,18.702278,20.877289,16056.472,0.072309256
11497,2021.011.016.0,96.21915,88.224884,16056.472,0.15739265
11498,2021.011.017.0,83.376114,85.57505,16056.472,0.15502922
11499,2021.011.016.0,222.81473,251.68578,16056.472,0.28974462
11500,2021.011.015.0,28.334553,26.690666,16151.434,0.08176296
11501,2021.011.016.0,24.206432,22.603428,16151.434,0.074672684
11502,2021.011.017.0,20.995674,19.629417,16151.434,0.072309256
11503,2021.011.017.0,87.96291,96.38282,16151.434,0.15502922
11504,2021.011.015.0,32.921345,33.916145,16246.3955,0.08176296
11505,2021.011.016.0,26.499832,28.20456,16246.3955,0.074672684
11506,2021.011.017.0,22.830395,22.57685,16246.3955,0.072309256
11507,2021.011.016.0,117.31841,116.280655,16246.3955,0.15739265
11508,2021.011.017.0,100.80594,107.19,16246.3955,0.15502922
11509,2021.011.017.0,239.32721,259.815,16246.3955,0.28738117
11510,2021.011.015.0,37.049465,34.718056,16341.356,0.08176296
11511,2021.011.016.0,30.16927,28.120655,16341.356,0.074672684
11512,2021.011.017.0,25.582474,22.904373,16341.356,0.072309256
11513,2021.011.015.0,42.09494,41.060627,16436.318,0.08176296
11514,2021.011.016.0,34.756065,31.316772,16436.318,0.074672684
11515,2021.011.017.0,29.710594,28.949234,16436.318,0.072309256
11516,2021.011.017.0,135.6656,132.27814,16436.318,0.15502922
11517,2021.011.015.0,47.5991,43.02189,16531.281,0.08176296
11518,2021.011.016.0,40.26022,35.46778,16531.281,0.074672684
11519,2021.011.017.0,33.83871,32.3799,16531.281,0.072309256
11520,2021.011.015.0,172.35997,174.38719,16531.281,0.16448292
11521,2021.011.016.0,154.01279,155.91124,16531.281,0.15739265
11522,2021.011.017.0,133.83087,142.42178,16531.281,0.15502922
11523,2021.011.015.0,55.85533,52.999245,16626.242,0.08176296
11524,2021.011.016.0,46.68174,39.641964,16626.242,0.074672684
11525,2021.011.017.0,38.425507,35.57992,16626.242,0.072309256
11526,2021.011.017.0,145.75655,153.77513,16626.242,0.15502922
11527,2021.011.016.0,335.64996,359.2525,16626.242,0.28974462
11528,2021.011.017.0,310.88123,344.2904,16626.242,0.28738117
11529,2021.011.015.0,65.02892,62.783173,16721.205,0.08176296
11530,2021.011.016.0,53.103252,52.256683,16721.205,0.074672684
11531,2021.011.017.0,44.38834,47.07428,16721.205,0.072309256
11532,2021.011.015.0,74.20252,68.37555,16816.166,0.08176296
11533,2021.011.016.0,61.35949,54.55339,16816.166,0.074672684
11534,2021.011.017.0,49.433815,51.260918,16816.166,0.072309256
11535,2021.011.017.0,176.02942,184.68933,16816.166,0.15502922
11536,2021.011.015.0,86.12819,102.35223,16911.127,0.08176296
11537,2021.011.016.0,71.45044,76.30023,16911.127,0.074672684
11538,2021.011.017.0,59.52477,58.184135,16911.127,0.072309256
11539,2021.011.017.0,206.30226,197.8688,16911.127,0.15502922
11540,2021.011.015.0,98.05386,121.94812,17006.09,0.08176296
11541,2021.011.016.0,82.458755,88.16488,17006.09,0.074672684
11542,2021.011.017.0,65.94629,73.72013,17006.09,0.072309256
11543,2021.011.016.0,235.65776,237.85414,17006.09,0.15739265
11544,2021.011.017.0,238.40985,212.86475,17006.09,0.15502922
11545,2021.011.015.0,115.48369,113.58275,17101.05,0.08176296
11546,2021.011.016.0,98.05386,93.41182,17101.05,0.074672684
11547,2021.011.017.0,79.70667,80.64101,17101.05,0.072309256
11548,2021.011.015.0,135.6656,168.64856,17196.014,0.08176296
11549,2021.011.016.0,116.40105,132.0765,17196.014,0.074672684
11550,2021.011.017.0,93.467064,108.260414,17196.014,0.072309256
11551,2021.011.016.0,287.02988,311.26578,17196.014,0.15739265
11552,2021.011.017.0,255.83968,276.68054,17196.014,0.15502922
11553,2021.011.015.0,160.4343,164.5195,17290.975,0.08176296
11554,2021.011.016.0,138.41768,132.76843,17290.975,0.074672684
11555,2021.011.017.0,112.73161,118.36503,17290.975,0.072309256
11556,2021.011.015.0,182.45093,214.01306,17385.938,0.08176296
11557,2021.011.016.0,161.35165,173.33896,17385.938,0.074672684
11558,2021.011.017.0,130.16144,145.97655,17385.938,0.072309256
11559,2021.011.015.0,216.39322,240.61543,17480.898,0.08176296
11560,2021.011.016.0,191.62451,206.13364,17480.898,0.074672684
11561,2021.011.017.0,154.93015,176.3612,17480.898,0.072309256
11562,2021.011.017.0,343.9062,376.6828,17480.898,0.15739265
11563,2021.011.015.0,253.08759,225.73659,17575.861,0.08176296
11564,2021.011.016.0,227.40154,231.90929,17575.861,0.074672684
11565,2021.011.017.0,184.28564,213.57262,17575.861,0.072309256
11566,2021.011.017.0,381.51788,385.41443,17575.861,0.15502922
11567,2021.011.017.0,615.4446,435.0227,17575.861,0.28974462
11568,2021.011.015.0,244.83136,201.16905,17670.822,0.08176296
11569,2021.011.016.0,246.66608,230.64499,17670.822,0.074672684
11570,2021.011.017.0,218.22794,239.69199,17670.822,0.072309256
11571,2021.011.015.0,197.12868,172.1748,17765.783,0.08176296
11572,2021.011.016.0,198.96341,201.43362,17765.783,0.074672684
11573,2021.011.017.0,223.73209,204.50726,17765.783,0.072309256
11574,2021.011.015.0,342.98883,304.39178,17765.783,0.16448292
11575,2021.011.016.0,349.41034,318.4195,17765.783,0.15739265
11576,2021.011.017.0,369.59222,338.8136,17765.783,0.15502922
11577,2021.011.015.0,161.35165,133.20274,17860.746,0.08176296
11578,2021.011.016.0,160.4343,167.24744,17860.746,0.074672684
11579,2021.011.017.0,177.86414,172.91812,17860.746,0.072309256
11580,2021.011.015.0,124.65729,101.324905,17955.707,0.08176296
11581,2021.011.016.0,123.73993,135.40399,17955.707,0.074672684
11582,2021.011.017.0,134.74823,141.55356,17955.707,0.072309256
11583,2021.011.015.0,247.58344,242.95837,17955.707,0.16448292
11584,2021.011.017.0,277.8563,253.5264,17955.707,0.15739265
11585,2021.011.016.0,417.29492,381.23657,17955.707,0.2968349
11586,2021.011.017.0,428.30322,390.10376,17955.707,0.28738117
11587,2021.011.016.0,560.403,436.22394,17955.707,0.50481653
11588,2021.011.015.0,94.38442,72.49582,18050.67,0.08176296
11589,2021.011.016.0,94.38442,90.62098,18050.67,0.074672684
11590,2021.011.017.0,103.55802,96.394356,18050.67,0.072309256
11591,2021.011.015.0,72.3678,64.21784,18145.63,0.08176296
11592,2021.011.016.0,70.53308,67.1293,18145.63,0.074672684
11593,2021.011.017.0,76.9546,63.10963,18145.63,0.072309256
11594,2021.011.016.0,198.96341,181.05087,18145.63,0.15739265
11595,2021.011.017.0,204.46753,202.45169,18145.63,0.15502922
11596,2021.011.015.0,327.3937,310.33386,18145.63,0.2968349
11597,2021.011.017.0,347.57562,321.20593,18145.63,0.28974462
11598,2021.011.015.0,54.020615,47.520077,18240.594,0.08176296
11599,2021.011.016.0,51.268536,48.473026,18240.594,0.074672684
11600,2021.011.017.0,55.85533,40.500607,18240.594,0.072309256
11601,2021.011.015.0,39.342865,27.58601,18335.555,0.08176296
11602,2021.011.016.0,37.508144,34.73158,18335.555,0.074672684
11603,2021.011.017.0,37.966824,34.025715,18335.555,0.072309256
11604,2021.011.017.0,150.34335,127.38771,18335.555,0.15502922
11605,2021.011.015.0,29.710594,25.098957,18430.518,0.08176296
11606,2021.011.016.0,26.499832,25.930515,18430.518,0.074672684
11607,2021.011.017.0,27.417187,27.408817,18430.518,0.072309256
11608,2021.011.016.0,122.82257,100.99516,18430.518,0.15739265
11609,2021.011.017.0,124.65729,107.386116,18430.518,0.15502922
11610,2021.011.015.0,20.995674,19.32743,18525.479,0.08176296
11611,2021.011.016.0,19.160957,18.919548,18525.479,0.074672684
11612,2021.011.017.0,19.619637,18.678612,18525.479,0.072309256
11613,2021.011.015.0,15.491524,16.503067,18620.441,0.08176296
11614,2021.011.016.0,14.1154785,14.121735,18620.441,0.074672684
11615,2021.011.017.0,13.656799,14.121323,18620.441,0.072309256
11616,2021.011.017.0,82.458755,71.56976,18620.441,0.15502922
11617,2021.011.015.0,11.8220825,13.352531,18715.402,0.08176296
11618,2021.011.016.0,10.446045,11.603836,18715.402,0.074672684
11619,2021.011.017.0,9.712151,9.726913,18715.402,0.072309256
11620,2021.011.016.0,68.698364,60.931652,18715.402,0.15739265
11621,2021.011.017.0,70.53308,60.09487,18715.402,0.15502922
11622,2021.011.015.0,8.152641,9.26017,18810.363,0.08176296
11623,2021.011.016.0,6.4096603,8.039673,18810.363,0.074672684
11624,2021.011.017.0,7.2352905,7.6595383,18810.363,0.072309256
11625,2021.011.017.0,58.607407,46.20281,18810.363,0.15502922
11626,2021.011.015.0,6.8683395,6.781395,18905.326,0.08176296
11627,2021.011.016.0,6.501396,6.707344,18905.326,0.074672684
11628,2021.011.017.0,5.584038,5.13472,18905.326,0.072309256
11629,2021.011.015.0,49.433815,46.0541,18905.326,0.16448292
11630,2021.011.016.0,43.0123,50.997627,18905.326,0.15739265
11631,2021.011.017.0,50.351173,40.77488,18905.326,0.15502922
11632,2021.011.015.0,132.91351,113.09981,18905.326,0.2968349
11633,2021.011.016.0,128.32672,120.70155,18905.326,0.28974462
11634,2021.011.017.0,4.758415,2.8265762,19000.287,0.072309256
11635,2021.011.017.0,39.342865,35.04847,19000.287,0.15739265
11636,2021.011.017.0,15.950203,8.452492,19380.135,0.15502922
11637,2021.011.015.0,2.3732834,3.0810318,19665.02,0.08176296
11638,2021.011.016.0,2.189804,2.6457596,19665.02,0.074672684
11639,2021.011.017.0,2.0980759,1.1686478,19665.02,0.072309256
11640,2021.011.016.0,39.342865,30.181889,20804.562,0.50481653
11641,2021.011.017.0,35.673428,27.007645,20804.562,0.5024531
11642,2021.011.016.0,0.9055023,1.1004486,21564.258,0.074672684
11643,2021.011.017.0,0.9055023,0.8077774,21564.258,0.072309256
11644,2021.011.016.0,6.8683395,13.128113,21564.258,0.28974462
11645,2021.011.017.0,6.684868,14.716858,21564.258,0.28738117
11646,2021.011.023.0,1.2724533,-6.7773666,12447.923,0.058128685
11647,2021.011.023.0,1.1807175,-4.9226837,13017.693,0.058128685
11648,2021.011.024.0,0.99723816,-6.123726,13017.693,0.05576526
11649,2021.011.022.0,1.2724533,-4.407631,13207.617,0.06521897
11650,2021.011.023.0,1.1807175,-5.8599625,13207.617,0.058128685
11651,2021.011.024.0,1.0889816,-6.0184326,13207.617,0.05576526
11652,2021.011.022.0,33.83871,39.297523,13207.617,0.28029087
11653,2021.011.023.0,39.342865,36.73913,13207.617,0.2732006
11654,2021.011.024.0,37.049465,44.556553,13207.617,0.27083716
11655,2021.011.022.0,86.12819,113.806145,13207.617,0.49536282
11656,2021.011.023.0,94.38442,110.92552,13207.617,0.48827252
11657,2021.011.024.0,96.21915,112.45773,13207.617,0.48590907
11658,2021.011.024.0,1.2724533,-6.230049,13777.388,0.058128685
11659,2021.011.022.0,2.189804,-4.398041,13967.312,0.06521897
11660,2021.011.023.0,1.7311325,-5.939934,13967.312,0.058128685
11661,2021.011.024.0,1.3641815,-6.043289,13967.312,0.05576526
11662,2021.011.022.0,2.00634,-4.750084,14157.235,0.06521897
11663,2021.011.023.0,2.0980759,-6.4074783,14157.235,0.058128685
11664,2021.011.024.0,1.7311325,-4.6832733,14157.235,0.05576526
11665,2021.011.024.0,1.5476608,-4.590271,14252.197,0.06521897
11666,2021.011.022.0,18.243599,16.407791,14442.121,0.14793894
11667,2021.011.023.0,20.536995,14.995476,14442.121,0.14084865
11668,2021.011.024.0,18.243599,15.874268,14442.121,0.13848522
11669,2021.011.023.0,2.189804,-6.148796,14537.082,0.058128685
11670,2021.011.024.0,1.9145966,-5.037094,14537.082,0.05576526
11671,2021.011.022.0,2.831955,-4.563736,14632.044,0.06521897
11672,2021.011.023.0,2.6484833,-5.694252,14632.044,0.058128685
11673,2021.011.023.0,24.206432,18.200928,14632.044,0.14084865
11674,2021.011.024.0,22.830395,20.510262,14632.044,0.13848522
11675,2021.011.022.0,2.9236984,-4.0870743,14727.006,0.06521897
11676,2021.011.023.0,2.28154,-6.193405,14727.006,0.058128685
11677,2021.011.024.0,2.3732834,-5.2071686,14727.006,0.05576526
11678,2021.011.022.0,3.3823776,-3.8390884,14821.968,0.06521897
11679,2021.011.023.0,3.10717,-5.05896,14821.968,0.058128685
11680,2021.011.024.0,2.3732834,-4.8135147,14821.968,0.05576526
11681,2021.011.022.0,3.5658493,-4.07885,14916.93,0.06521897
11682,2021.011.023.0,3.4741135,-5.5613556,14916.93,0.058128685
11683,2021.011.024.0,2.7402267,-4.522522,14916.93,0.05576526
11684,2021.011.024.0,25.12379,25.662266,14916.93,0.13848522
11685,2021.011.022.0,3.5658493,-3.1053085,15011.892,0.06521897
11686,2021.011.023.0,3.7493134,-5.212532,15011.892,0.058128685
11687,2021.011.024.0,2.831955,-3.5962982,15011.892,0.05576526
11688,2021.011.022.0,4.4832077,-1.0564499,15106.854,0.06521897
11689,2021.011.023.0,4.4832077,-4.7438583,15106.854,0.058128685
11690,2021.011.024.0,3.3823776,-2.9910889,15106.854,0.05576526
11691,2021.011.022.0,28.793228,34.44859,15106.854,0.14793894
11692,2021.011.023.0,33.83871,29.26606,15106.854,0.14084865
11693,2021.011.024.0,30.627949,29.722183,15106.854,0.13848522
11694,2021.011.024.0,109.06218,113.485634,15106.854,0.27083716
11695,2021.011.022.0,4.941887,-1.836052,15201.815,0.06521897
11696,2021.011.023.0,5.2170944,-2.65699,15201.815,0.058128685
11697,2021.011.024.0,4.0245285,-3.5230255,15201.815,0.05576526
11698,2021.011.024.0,35.21475,34.226482,15201.815,0.13848522
11699,2021.011.022.0,5.2170944,-2.7710419,15296.777,0.06521897
11700,2021.011.023.0,5.308838,-3.4965744,15296.777,0.058128685
11701,2021.011.024.0,3.7493134,-3.171936,15296.777,0.05576526
11702,2021.011.022.0,5.400566,-0.8931961,15391.738,0.06521897
11703,2021.011.023.0,5.950981,-2.4409409,15391.738,0.058128685
11704,2021.011.024.0,4.299736,-0.61104584,15391.738,0.05576526
11705,2021.011.022.0,6.3179245,-1.0147095,15486.7,0.06521897
11706,2021.011.023.0,6.4096603,-2.2912369,15486.7,0.058128685
11707,2021.011.024.0,4.6666794,-0.92874146,15486.7,0.05576526
11708,2021.011.023.0,47.5991,36.17767,15486.7,0.14084865
11709,2021.011.024.0,42.553623,42.562355,15486.7,0.13848522
11710,2021.011.022.0,6.8683395,-0.50761414,15581.662,0.06521897
11711,2021.011.023.0,7.143547,-0.11909485,15581.662,0.058128685
11712,2021.011.024.0,5.308838,1.1810226,15581.662,0.05576526
11713,2021.011.022.0,44.38834,42.699184,15581.662,0.14793894
11714,2021.011.023.0,52.185894,43.38182,15581.662,0.14084865
11715,2021.011.024.0,45.764378,48.773777,15581.662,0.13848522
11716,2021.011.022.0,7.051811,3.0315552,15676.624,0.06521897
11717,2021.011.023.0,8.060913,-2.3743057,15676.624,0.058128685
11718,2021.011.024.0,6.3179245,0.82967377,15676.624,0.05576526
11719,2021.011.023.0,55.85533,43.7736,15676.624,0.14084865
11720,2021.011.024.0,51.268536,50.825157,15676.624,0.13848522
11721,2021.011.022.0,8.794792,2.5694962,15771.586,0.06521897
11722,2021.011.023.0,8.886536,-1.0042038,15771.586,0.058128685
11723,2021.011.024.0,6.501396,1.7841492,15771.586,0.05576526
11724,2021.011.022.0,50.351173,48.870872,15771.586,0.14793894
11725,2021.011.023.0,62.276848,47.661858,15771.586,0.14084865
11726,2021.011.024.0,54.020615,56.96933,15771.586,0.13848522
11727,2021.011.022.0,9.070007,7.606018,15866.548,0.06521897
11728,2021.011.023.0,10.9047165,1.2784424,15866.548,0.058128685
11729,2021.011.024.0,9.070007,4.520439,15866.548,0.05576526
11730,2021.011.022.0,52.185894,55.50753,15866.548,0.14793894
11731,2021.011.023.0,68.698364,48.94517,15866.548,0.14084865
11732,2021.011.024.0,64.111565,62.154896,15866.548,0.13848522
11733,2021.011.022.0,9.987366,8.496635,15961.51,0.06521897
11734,2021.011.023.0,12.280762,3.0607834,15961.51,0.058128685
11735,2021.011.024.0,8.794792,5.748146,15961.51,0.05576526
11736,2021.011.023.0,74.20252,54.188614,15961.51,0.14084865
11737,2021.011.024.0,65.94629,65.53697,15961.51,0.13848522
11738,2021.011.022.0,12.280762,8.266457,16056.472,0.06521897
11739,2021.011.023.0,13.656799,5.34684,16056.472,0.058128685
11740,2021.011.024.0,10.446045,6.975807,16056.472,0.05576526
11741,2021.011.022.0,68.698364,65.02135,16056.472,0.14793894
11742,2021.011.023.0,85.21083,63.048336,16056.472,0.14084865
11743,2021.011.024.0,75.11988,75.04274,16056.472,0.13848522
11744,2021.011.022.0,13.19812,11.408989,16151.434,0.06521897
11745,2021.011.023.0,15.491524,9.344376,16151.434,0.058128685
11746,2021.011.024.0,12.280762,7.682556,16151.434,0.05576526
11747,2021.011.023.0,91.63235,69.08228,16151.434,0.14084865
11748,2021.011.024.0,86.12819,82.57809,16151.434,0.13848522
11749,2021.011.022.0,14.574158,10.616417,16246.3955,0.06521897
11750,2021.011.023.0,19.619637,7.572502,16246.3955,0.058128685
11751,2021.011.024.0,14.1154785,15.240631,16246.3955,0.05576526
11752,2021.011.022.0,81.5414,79.26217,16246.3955,0.14793894
11753,2021.011.023.0,98.97122,74.557846,16246.3955,0.14084865
11754,2021.011.024.0,88.88027,85.06011,16246.3955,0.13848522
11755,2021.011.023.0,230.15361,183.30768,16246.3955,0.2732006
11756,2021.011.022.0,16.408875,14.602821,16341.356,0.06521897
11757,2021.011.023.0,21.91304,12.074753,16341.356,0.058128685
11758,2021.011.024.0,16.867554,16.627434,16341.356,0.05576526
11759,2021.011.023.0,108.14481,80.900055,16341.356,0.14084865
11760,2021.011.024.0,100.80594,96.05174,16341.356,0.13848522
11761,2021.011.022.0,19.619637,21.619537,16436.318,0.06521897
11762,2021.011.023.0,26.499832,16.592484,16436.318,0.058128685
11763,2021.011.024.0,20.078316,19.174057,16436.318,0.05576526
11764,2021.011.022.0,95.30179,98.9623,16436.318,0.14793894
11765,2021.011.023.0,119.15312,92.25217,16436.318,0.14084865
11766,2021.011.024.0,111.814255,108.72917,16436.318,0.13848522
11767,2021.011.022.0,22.371712,22.137398,16531.281,0.06521897
11768,2021.011.023.0,30.16927,15.524582,16531.281,0.058128685
11769,2021.011.024.0,24.206432,22.876347,16531.281,0.05576526
11770,2021.011.022.0,109.06218,105.752365,16531.281,0.14793894
11771,2021.011.023.0,133.83087,108.44885,16531.281,0.14084865
11772,2021.011.024.0,127.40936,121.02467,16531.281,0.13848522
11773,2021.011.022.0,26.041153,26.134308,16626.242,0.06521897
11774,2021.011.023.0,34.756065,22.87423,16626.242,0.058128685
11775,2021.011.024.0,27.875874,27.745869,16626.242,0.05576526
11776,2021.011.022.0,109.97954,129.88118,16626.242,0.14793894
11777,2021.011.023.0,144.83919,117.90372,16626.242,0.14084865
11778,2021.011.024.0,131.0788,136.21846,16626.242,0.13848522
11779,2021.011.022.0,271.43478,268.87576,16626.242,0.28029087
11780,2021.011.022.0,30.16927,32.61395,16721.205,0.06521897
11781,2021.011.023.0,42.09494,29.028042,16721.205,0.058128685
11782,2021.011.024.0,32.921345,38.096207,16721.205,0.05576526
11783,2021.011.023.0,159.51694,125.4801,16721.205,0.14084865
11784,2021.011.024.0,146.67392,145.72026,16721.205,0.13848522
11785,2021.011.022.0,35.673428,38.886177,16816.166,0.06521897
11786,2021.011.023.0,49.433815,34.7022,16816.166,0.058128685
11787,2021.011.024.0,40.26022,44.061104,16816.166,0.05576526
11788,2021.011.023.0,176.94678,141.21396,16816.166,0.14084865
11789,2021.011.024.0,177.86414,171.45079,16816.166,0.13848522
11790,2021.011.022.0,41.63626,39.995743,16911.127,0.06521897
11791,2021.011.023.0,56.77269,39.209015,16911.127,0.058128685
11792,2021.011.024.0,49.433815,53.202305,16911.127,0.05576526
11793,2021.011.023.0,197.12868,149.91501,16911.127,0.14084865
11794,2021.011.024.0,189.7898,181.99297,16911.127,0.13848522
11795,2021.011.022.0,48.516457,47.848675,17006.09,0.06521897
11796,2021.011.023.0,68.698364,47.42522,17006.09,0.058128685
11797,2021.011.024.0,57.69005,65.723885,17006.09,0.05576526
11798,2021.011.022.0,173.27734,175.80923,17006.09,0.14793894
11799,2021.011.023.0,218.22794,170.56079,17006.09,0.14084865
11800,2021.011.024.0,221.89737,196.97176,17006.09,0.13848522
11801,2021.011.023.0,391.60883,348.03125,17006.09,0.2732006
11802,2021.011.022.0,58.607407,55.21409,17101.05,0.06521897
11803,2021.011.023.0,83.376114,53.767845,17101.05,0.058128685
11804,2021.011.024.0,73.28516,76.57894,17101.05,0.05576526
11805,2021.011.024.0,224.64944,217.63583,17101.05,0.13848522
11806,2021.011.022.0,66.86365,69.50835,17196.014,0.06521897
11807,2021.011.023.0,99.88858,67.67643,17196.014,0.058128685
11808,2021.011.024.0,87.96291,102.29375,17196.014,0.05576526
11809,2021.011.022.0,217.31056,202.49304,17196.014,0.14793894
11810,2021.011.023.0,254.92232,197.61508,17196.014,0.14084865
11811,2021.011.024.0,249.41815,222.1214,17196.014,0.13848522
11812,2021.011.022.0,81.5414,77.833954,17290.975,0.06521897
11813,2021.011.023.0,119.15312,74.47054,17290.975,0.058128685
11814,2021.011.024.0,102.64066,105.666916,17290.975,0.05576526
11815,2021.011.024.0,298.95557,262.67404,17290.975,0.13848522
11816,2021.011.022.0,98.05386,90.05074,17385.938,0.06521897
11817,2021.011.023.0,141.16975,90.03487,17385.938,0.058128685
11818,2021.011.024.0,126.492004,134.71524,17385.938,0.05576526
11819,2021.011.022.0,118.23577,111.01452,17480.898,0.06521897
11820,2021.011.023.0,169.6079,108.02668,17480.898,0.058128685
11821,2021.011.024.0,152.17807,152.38649,17480.898,0.05576526
11822,2021.011.022.0,143.92183,135.09485,17575.861,0.06521897
11823,2021.011.023.0,204.46753,135.02155,17575.861,0.058128685
11824,2021.011.024.0,186.12036,183.54016,17575.861,0.05576526
11825,2021.011.022.0,315.46802,310.75085,17575.861,0.14793894
11826,2021.011.023.0,402.6172,293.24023,17575.861,0.14084865
11827,2021.011.024.0,384.27002,330.58087,17575.861,0.13848522
11828,2021.011.022.0,170.52525,172.18156,17670.822,0.06521897
11829,2021.011.023.0,204.46753,165.30835,17670.822,0.058128685
11830,2021.011.024.0,208.13698,194.41235,17670.822,0.05576526
11831,2021.011.023.0,353.99713,341.77045,17670.822,0.14084865
11832,2021.011.024.0,335.64996,337.95047,17670.822,0.13848522
11833,2021.011.022.0,207.21962,199.71994,17765.783,0.06521897
11834,2021.011.023.0,160.4343,196.94156,17765.783,0.058128685
11835,2021.011.024.0,161.35165,168.21664,17765.783,0.05576526
11836,2021.011.022.0,386.10468,365.83228,17765.783,0.14793894
11837,2021.011.023.0,309.0465,352.51642,17765.783,0.14084865
11838,2021.011.024.0,302.625,311.23956,17765.783,0.13848522
11839,2021.011.022.0,190.70715,200.29642,17860.746,0.06521897
11840,2021.011.023.0,123.73993,190.12738,17860.746,0.058128685
11841,2021.011.024.0,120.98785,144.16165,17860.746,0.05576526
11842,2021.011.024.0,251.25287,283.75394,17860.746,0.13848522
11843,2021.011.022.0,145.75655,169.49321,17955.707,0.06521897
11844,2021.011.023.0,92.549706,157.29034,17955.707,0.058128685
11845,2021.011.024.0,89.79763,114.34955,17955.707,0.05576526
11846,2021.011.023.0,238.40985,294.64285,17955.707,0.14084865
11847,2021.011.024.0,227.40154,246.31589,17955.707,0.13848522
11848,2021.011.022.0,109.97954,122.6297,18050.67,0.06521897
11849,2021.011.023.0,66.86365,115.900696,18050.67,0.058128685
11850,2021.011.024.0,64.111565,81.2955,18050.67,0.05576526
11851,2021.011.022.0,261.3438,252.87032,18050.67,0.14793894
11852,2021.011.023.0,197.12868,242.82684,18050.67,0.14084865
11853,2021.011.024.0,192.54187,191.75443,18050.67,0.13848522
11854,2021.011.022.0,81.5414,89.32578,18145.63,0.06521897
11855,2021.011.023.0,47.5991,84.01998,18145.63,0.058128685
11856,2021.011.024.0,45.764378,56.683144,18145.63,0.05576526
11857,2021.011.023.0,169.6079,205.43344,18145.63,0.14084865
11858,2021.011.024.0,162.26901,172.84357,18145.63,0.13848522
11859,2021.011.022.0,59.52477,59.642426,18240.594,0.06521897
11860,2021.011.023.0,34.297386,56.939167,18240.594,0.058128685
11861,2021.011.024.0,31.545307,40.635086,18240.594,0.05576526
11862,2021.011.023.0,137.50032,160.73943,18240.594,0.14084865
11863,2021.011.024.0,137.50032,129.75586,18240.594,0.13848522
11864,2021.011.022.0,42.09494,37.947395,18335.555,0.06521897
11865,2021.011.023.0,25.12379,39.527157,18335.555,0.058128685
11866,2021.011.024.0,21.454361,28.676952,18335.555,0.05576526
11867,2021.011.023.0,114.56633,139.25052,18335.555,0.14084865
11868,2021.011.024.0,116.40105,110.65813,18335.555,0.13848522
11869,2021.011.022.0,30.16927,33.033817,18430.518,0.06521897
11870,2021.011.023.0,17.32624,33.001595,18430.518,0.058128685
11871,2021.011.024.0,15.032837,23.825,18430.518,0.05576526
11872,2021.011.022.0,128.32672,120.48828,18430.518,0.14793894
11873,2021.011.023.0,93.467064,117.86903,18430.518,0.14084865
11874,2021.011.024.0,92.549706,88.98908,18430.518,0.13848522
11875,2021.011.022.0,21.454361,16.231934,18525.479,0.06521897
11876,2021.011.023.0,13.19812,16.252121,18525.479,0.058128685
11877,2021.011.024.0,11.363403,12.920975,18525.479,0.05576526
11878,2021.011.022.0,111.814255,99.8025,18525.479,0.14793894
11879,2021.011.023.0,81.5414,96.64221,18525.479,0.14084865
11880,2021.011.024.0,76.03724,75.382545,18525.479,0.13848522
11881,2021.011.022.0,15.491524,15.152618,18620.441,0.06521897
11882,2021.011.023.0,9.070007,14.22995,18620.441,0.058128685
11883,2021.011.024.0,7.877434,10.494804,18620.441,0.05576526
11884,2021.011.022.0,87.96291,84.04796,18620.441,0.14793894
11885,2021.011.023.0,66.86365,80.14465,18620.441,0.14084865
11886,2021.011.024.0,61.35949,61.002335,18620.441,0.13848522
11887,2021.011.022.0,11.363403,8.659203,18715.402,0.06521897
11888,2021.011.023.0,6.8683395,8.016457,18715.402,0.058128685
11889,2021.011.024.0,6.2261887,6.1818314,18715.402,0.05576526
11890,2021.011.022.0,76.03724,66.508224,18715.402,0.14793894
11891,2021.011.023.0,52.185894,56.650406,18715.402,0.14084865
11892,2021.011.024.0,49.433815,40.43218,18715.402,0.13848522
11893,2021.011.022.0,8.6113205,7.4096985,18810.363,0.06521897
11894,2021.011.023.0,5.584038,6.648781,18810.363,0.058128685
11895,2021.011.024.0,4.850151,4.581314,18810.363,0.05576526
11896,2021.011.022.0,57.69005,62.52381,18810.363,0.14793894
11897,2021.011.023.0,43.92966,59.833797,18810.363,0.14084865
11898,2021.011.024.0,41.63626,52.54643,18810.363,0.13848522
11899,2021.011.022.0,6.9600754,4.5047455,18905.326,0.06521897
11900,2021.011.023.0,4.299736,3.7686768,18905.326,0.058128685
11901,2021.011.024.0,3.6575851,2.9768372,18905.326,0.05576526
11902,2021.011.022.0,52.185894,46.04378,18905.326,0.14793894
11903,2021.011.023.0,35.673428,36.540226,18905.326,0.14084865
11904,2021.011.024.0,35.673428,30.657196,18905.326,0.13848522
11905,2021.011.022.0,5.400566,4.0359497,19000.287,0.06521897
11906,2021.011.023.0,3.9327927,2.9514923,19000.287,0.058128685
11907,2021.011.024.0,4.5749435,1.5797806,19000.287,0.05576526
11908,2021.011.023.0,29.251907,33.709938,19000.287,0.14084865
11909,2021.011.024.0,26.041153,28.504128,19000.287,0.13848522
11910,2021.011.023.0,25.12379,31.148449,19095.25,0.14084865
11911,2021.011.024.0,23.747757,29.810333,19095.25,0.13848522
11912,2021.011.024.0,19.619637,25.290112,19190.21,0.13848522
11913,2021.011.023.0,16.408875,26.640575,19285.174,0.14084865
11914,2021.011.024.0,15.950203,22.171783,19285.174,0.13848522
11915,2021.011.023.0,14.574158,18.348839,19380.135,0.14084865
11916,2021.011.024.0,14.1154785,17.80941,19380.135,0.13848522
11917,2021.011.022.0,58.607407,64.96896,19475.098,0.28029087
11918,2021.011.023.0,52.185894,61.349068,19475.098,0.2732006
11919,2021.011.024.0,47.5991,50.189022,19475.098,0.27083716
11920,2021.011.022.0,1.7311325,0.11690521,19665.02,0.06521897
11921,2021.011.023.0,1.6393967,-0.59612274,19665.02,0.058128685
11922,2021.011.024.0,1.5476608,-1.362793,19665.02,0.05576526
11923,2021.011.023.0,79.70667,99.3105,19854.943,0.48827252
11924,2021.011.024.0,92.549706,84.51707,19854.943,0.48590907
11925,2021.011.023.0,41.17758,33.01874,20804.562,0.48827252
11926,2021.011.024.0,28.334553,34.38739,20804.562,0.48590907
11927,2021.011.022.0,0.9055023,0.0704422,21564.258,0.06521897
11928,2021.011.023.0,0.9055023,0.21312714,21564.258,0.058128685
11929,2021.011.024.0,0.9055023,-0.7603378,21564.258,0.05576526
11930,2021.011.029.0,2.00634,26.153683,13207.617,0.048674982
11931,2021.011.030.0,2.0980759,14.034988,13207.617,0.0415847
11932,2021.011.029.0,52.185894,45.56115,13207.617,0.26374692
11933,2021.011.030.0,52.185894,42.149193,13207.617,0.25665662
11934,2021.012.01.0,43.0123,46.27485,13207.617,0.25429317
11935,2021.011.029.0,120.98785,119.50163,13207.617,0.4788188
11936,2021.011.030.0,131.0788,123.21252,13207.617,0.4717285
11937,2021.012.01.0,116.40105,129.19498,13207.617,0.46936506
11938,2021.012.01.0,1.2724533,6.6182404,13587.465,0.03922127
11939,2021.011.029.0,2.6484833,24.53944,13967.312,0.048674982
11940,2021.011.030.0,1.4559174,10.927483,13967.312,0.0415847
11941,2021.012.01.0,2.4650192,4.043236,13967.312,0.03922127
11942,2021.011.029.0,3.4741135,23.24731,14157.235,0.048674982
11943,2021.011.030.0,2.6484833,10.540024,14157.235,0.0415847
11944,2021.012.01.0,1.7311325,5.3563156,14157.235,0.03922127
11945,2021.011.029.0,37.508144,37.753853,14442.121,0.13139495
11946,2021.011.030.0,32.00399,29.564865,14442.121,0.12430467
11947,2021.012.01.0,25.582474,25.939709,14442.121,0.12194124
11948,2021.011.030.0,3.8410568,9.52729,14537.082,0.0415847
11949,2021.012.01.0,3.10717,5.0000916,14537.082,0.03922127
11950,2021.011.030.0,4.758415,11.076218,14632.044,0.0415847
11951,2021.012.01.0,2.6484833,6.905464,14632.044,0.03922127
11952,2021.011.029.0,42.09494,37.916573,14632.044,0.13139495
11953,2021.011.030.0,33.83871,32.06796,14632.044,0.12430467
11954,2021.012.01.0,28.793228,30.85733,14632.044,0.12194124
11955,2021.011.029.0,5.2170944,37.159077,14727.006,0.048674982
11956,2021.011.030.0,5.400566,15.800468,14727.006,0.0415847
11957,2021.012.01.0,4.850151,10.358582,14727.006,0.03922127
11958,2021.012.01.0,30.16927,35.931946,14727.006,0.12194124
11959,2021.011.029.0,4.758415,31.800537,14821.968,0.048674982
11960,2021.011.030.0,3.5658493,11.072861,14821.968,0.0415847
11961,2021.012.01.0,3.8410568,5.744499,14821.968,0.03922127
11962,2021.011.029.0,6.3179245,19.530334,14916.93,0.048674982
11963,2021.011.030.0,4.0245285,8.972481,14916.93,0.0415847
11964,2021.012.01.0,2.831955,3.781723,14916.93,0.03922127
11965,2021.011.030.0,36.132103,39.57191,14916.93,0.12430467
11966,2021.012.01.0,34.756065,34.605064,14916.93,0.12194124
11967,2021.011.029.0,4.6666794,28.423931,15011.892,0.048674982
11968,2021.011.030.0,6.8683395,9.252052,15011.892,0.0415847
11969,2021.012.01.0,3.3823776,9.872543,15011.892,0.03922127
11970,2021.012.01.0,41.63626,36.76489,15011.892,0.12194124
11971,2021.011.029.0,7.9691772,38.332016,15106.854,0.048674982
11972,2021.011.030.0,8.152641,15.329254,15106.854,0.0415847
11973,2021.012.01.0,3.198906,11.00882,15106.854,0.03922127
11974,2021.011.029.0,63.194206,57.46939,15106.854,0.13139495
11975,2021.011.030.0,46.68174,55.473732,15106.854,0.12430467
11976,2021.012.01.0,42.09494,41.99002,15106.854,0.12194124
11977,2021.011.030.0,136.58295,151.85748,15106.854,0.25665662
11978,2021.012.01.0,127.40936,137.36449,15106.854,0.25429317
11979,2021.011.029.0,8.978264,31.614655,15201.815,0.048674982
11980,2021.011.030.0,6.0427094,12.223946,15201.815,0.0415847
11981,2021.012.01.0,4.4832077,6.6209183,15201.815,0.03922127
11982,2021.011.029.0,67.781006,47.053936,15201.815,0.13139495
11983,2021.011.030.0,44.84702,59.433834,15201.815,0.12430467
11984,2021.012.01.0,43.92966,38.159126,15201.815,0.12194124
11985,2021.011.029.0,10.9047165,40.14845,15296.777,0.048674982
11986,2021.011.030.0,6.2261887,16.970673,15296.777,0.0415847
11987,2021.012.01.0,4.4832077,8.909164,15296.777,0.03922127
11988,2021.012.01.0,48.516457,50.84835,15296.777,0.12194124
11989,2021.011.029.0,12.739441,38.08415,15391.738,0.048674982
11990,2021.011.030.0,12.739441,18.706406,15391.738,0.0415847
11991,2021.012.01.0,4.941887,14.360916,15391.738,0.03922127
11992,2021.011.029.0,14.1154785,44.934536,15486.7,0.048674982
11993,2021.011.030.0,12.280762,21.31002,15486.7,0.0415847
11994,2021.012.01.0,5.8592453,13.968826,15486.7,0.03922127
11995,2021.011.030.0,70.53308,72.203224,15486.7,0.12430467
11996,2021.012.01.0,58.607407,57.5625,15486.7,0.12194124
11997,2021.011.029.0,16.408875,48.313946,15581.662,0.048674982
11998,2021.011.030.0,13.656799,22.631504,15581.662,0.0415847
11999,2021.012.01.0,6.501396,14.668732,15581.662,0.03922127
12000,2021.011.029.0,94.38442,82.3689,15581.662,0.13139495
12001,2021.011.030.0,82.458755,76.14697,15581.662,0.12430467
12002,2021.012.01.0,64.111565,66.24216,15581.662,0.12194124
12003,2021.011.029.0,19.619637,45.333878,15676.624,0.048674982
12004,2021.011.030.0,15.491524,26.115108,15676.624,0.0415847
12005,2021.012.01.0,7.3270187,17.472183,15676.624,0.03922127
12006,2021.011.029.0,102.64066,83.61355,15676.624,0.13139495
12007,2021.011.030.0,91.63235,80.80238,15676.624,0.12430467
12008,2021.012.01.0,69.61572,70.38187,15676.624,0.12194124
12009,2021.011.029.0,22.371712,48.36441,15771.586,0.048674982
12010,2021.011.030.0,16.867554,29.147263,15771.586,0.0415847
12011,2021.012.01.0,8.152641,17.329742,15771.586,0.03922127
12012,2021.011.029.0,106.3101,90.86477,15771.586,0.13139495
12013,2021.011.030.0,98.97122,83.883026,15771.586,0.12430467
12014,2021.012.01.0,76.9546,77.16795,15771.586,0.12194124
12015,2021.011.029.0,24.665112,54.67501,15866.548,0.048674982
12016,2021.011.030.0,20.536995,32.47797,15866.548,0.0415847
12017,2021.012.01.0,9.253471,23.003948,15866.548,0.03922127
12018,2021.011.029.0,107.227455,106.176186,15866.548,0.13139495
12019,2021.011.030.0,103.55802,96.36416,15866.548,0.12430467
12020,2021.012.01.0,85.21083,88.47179,15866.548,0.12194124
12021,2021.011.029.0,30.16927,54.129955,15961.51,0.048674982
12022,2021.011.030.0,24.665112,33.0251,15961.51,0.0415847
12023,2021.012.01.0,10.9047165,25.694103,15961.51,0.03922127
12024,2021.011.029.0,123.73993,115.89279,15961.51,0.13139495
12025,2021.011.030.0,114.56633,103.62324,15961.51,0.12430467
12026,2021.012.01.0,87.96291,97.398254,15961.51,0.12194124
12027,2021.011.029.0,34.756065,64.15245,16056.472,0.048674982
12028,2021.011.030.0,28.334553,42.27504,16056.472,0.0415847
12029,2021.012.01.0,12.739441,33.630905,16056.472,0.03922127
12030,2021.011.029.0,144.83919,126.075455,16056.472,0.13139495
12031,2021.011.030.0,128.32672,124.566986,16056.472,0.12430467
12032,2021.012.01.0,97.136505,114.30291,16056.472,0.12194124
12033,2021.011.029.0,42.09494,65.92377,16151.434,0.048674982
12034,2021.011.030.0,32.921345,50.429058,16151.434,0.0415847
12035,2021.012.01.0,14.574158,40.764027,16151.434,0.03922127
12036,2021.011.029.0,154.93015,134.79065,16151.434,0.13139495
12037,2021.011.030.0,137.50032,132.99626,16151.434,0.12430467
12038,2021.012.01.0,107.227455,134.51364,16151.434,0.12194124
12039,2021.011.029.0,47.5991,71.25859,16246.3955,0.048674982
12040,2021.011.030.0,38.425507,54.04025,16246.3955,0.0415847
12041,2021.012.01.0,17.32624,38.807625,16246.3955,0.03922127
12042,2021.011.029.0,166.8558,148.39308,16246.3955,0.13139495
12043,2021.011.030.0,150.34335,145.73552,16246.3955,0.12430467
12044,2021.012.01.0,114.56633,131.49197,16246.3955,0.12194124
12045,2021.011.029.0,54.020615,72.73791,16341.356,0.048674982
12046,2021.011.030.0,43.92966,55.212067,16341.356,0.0415847
12047,2021.012.01.0,20.078316,42.226994,16341.356,0.03922127
12048,2021.011.029.0,178.7815,161.15004,16341.356,0.13139495
12049,2021.011.030.0,166.8558,168.74295,16341.356,0.12430467
12050,2021.012.01.0,126.492004,171.33545,16341.356,0.12194124
12051,2021.011.029.0,62.276848,78.29797,16436.318,0.048674982
12052,2021.011.030.0,49.433815,67.4592,16436.318,0.0415847
12053,2021.012.01.0,24.665112,52.72667,16436.318,0.03922127
12054,2021.011.029.0,186.12036,171.53603,16436.318,0.13139495
12055,2021.011.030.0,183.36829,162.2215,16436.318,0.12430467
12056,2021.012.01.0,138.41768,172.81989,16436.318,0.12194124
12057,2021.011.029.0,73.28516,86.858894,16531.281,0.048674982
12058,2021.011.030.0,58.607407,69.467834,16531.281,0.0415847
12059,2021.012.01.0,28.334553,60.199665,16531.281,0.03922127
12060,2021.011.029.0,220.06265,187.68027,16531.281,0.13139495
12061,2021.011.030.0,194.37659,212.75183,16531.281,0.12430467
12062,2021.012.01.0,149.426,200.66046,16531.281,0.12194124
12063,2021.011.029.0,83.376114,95.31979,16626.242,0.048674982
12064,2021.011.030.0,67.781006,82.11852,16626.242,0.0415847
12065,2021.012.01.0,33.83871,72.25371,16626.242,0.03922127
12066,2021.011.029.0,223.73209,210.72775,16626.242,0.13139495
12067,2021.011.030.0,214.5585,214.49356,16626.242,0.12430467
12068,2021.012.01.0,165.93845,225.85477,16626.242,0.12194124
12069,2021.011.029.0,98.05386,105.476036,16721.205,0.048674982
12070,2021.011.030.0,81.5414,90.12072,16721.205,0.0415847
12071,2021.012.01.0,39.342865,79.240944,16721.205,0.03922127
12072,2021.011.029.0,265.9306,225.7338,16721.205,0.13139495
12073,2021.011.030.0,232.90569,239.89952,16721.205,0.12430467
12074,2021.012.01.0,181.53357,230.33665,16721.205,0.12194124
12075,2021.011.029.0,114.56633,106.72272,16816.166,0.048674982
12076,2021.011.030.0,94.38442,103.133865,16816.166,0.0415847
12077,2021.012.01.0,47.5991,97.11696,16816.166,0.03922127
12078,2021.011.029.0,287.94727,249.92899,16816.166,0.13139495
12079,2021.011.030.0,257.67438,257.25003,16816.166,0.12430467
12080,2021.012.01.0,198.96341,252.63567,16816.166,0.12194124
12081,2021.011.029.0,132.91351,120.664085,16911.127,0.048674982
12082,2021.011.030.0,110.8969,120.281235,16911.127,0.0415847
12083,2021.012.01.0,56.77269,112.69381,16911.127,0.03922127
12084,2021.011.029.0,289.78198,272.3781,16911.127,0.13139495
12085,2021.011.030.0,289.78198,287.3872,16911.127,0.12430467
12086,2021.012.01.0,220.06265,300.50424,16911.127,0.12194124
12087,2021.011.029.0,154.93015,133.60384,17006.09,0.048674982
12088,2021.011.030.0,131.0788,133.86295,17006.09,0.0415847
12089,2021.012.01.0,66.86365,122.15057,17006.09,0.03922127
12090,2021.011.029.0,340.23672,300.58246,17006.09,0.13139495
12091,2021.011.030.0,318.22012,321.73224,17006.09,0.12430467
12092,2021.012.01.0,242.99664,320.13312,17006.09,0.12194124
12093,2021.012.01.0,449.40253,418.26764,17006.09,0.25429317
12094,2021.011.029.0,179.69885,146.75058,17101.05,0.048674982
12095,2021.011.030.0,154.93015,154.65323,17101.05,0.0415847
12096,2021.012.01.0,82.458755,149.51468,17101.05,0.03922127
12097,2021.011.029.0,375.09637,309.72467,17101.05,0.13139495
12098,2021.011.030.0,354.9145,341.8061,17101.05,0.12430467
12099,2021.012.01.0,268.68268,347.63647,17101.05,0.12194124
12100,2021.011.029.0,210.88907,166.80313,17196.014,0.048674982
12101,2021.011.030.0,184.28564,168.74112,17196.014,0.0415847
12102,2021.012.01.0,98.05386,150.39409,17196.014,0.03922127
12103,2021.011.029.0,399.86505,331.77435,17196.014,0.13139495
12104,2021.011.030.0,386.10468,362.047,17196.014,0.12430467
12105,2021.012.01.0,294.36877,372.62988,17196.014,0.12194124
12106,2021.011.029.0,244.83136,184.84639,17290.975,0.048674982
12107,2021.011.030.0,217.31056,194.48726,17290.975,0.0415847
12108,2021.012.01.0,119.15312,177.703,17290.975,0.03922127
12109,2021.011.029.0,425.55115,350.97424,17290.975,0.13139495
12110,2021.011.030.0,468.66705,368.60144,17290.975,0.12430467
12111,2021.012.01.0,317.30273,384.5653,17290.975,0.12194124
12112,2021.011.029.0,201.71547,199.37578,17385.938,0.048674982
12113,2021.011.030.0,191.62451,184.51602,17385.938,0.0415847
12114,2021.012.01.0,146.67392,173.47769,17385.938,0.03922127
12115,2021.012.01.0,344.82355,349.2083,17385.938,0.12194124
12116,2021.011.029.0,157.68222,153.02313,17480.898,0.048674982
12117,2021.011.030.0,146.67392,144.34377,17480.898,0.0415847
12118,2021.012.01.0,175.11205,142.64479,17480.898,0.03922127
12119,2021.012.01.0,389.7741,290.56598,17480.898,0.12194124
12120,2021.011.029.0,119.15312,126.82112,17575.861,0.048674982
12121,2021.011.030.0,109.06218,123.55541,17575.861,0.0415847
12122,2021.012.01.0,197.12868,123.04355,17575.861,0.03922127
12123,2021.011.029.0,300.79028,300.25122,17575.861,0.13139495
12124,2021.011.030.0,265.01324,282.3841,17575.861,0.12430467
12125,2021.012.01.0,369.59222,245.56436,17575.861,0.12194124
12126,2021.011.029.0,85.21083,120.40457,17670.822,0.048674982
12127,2021.011.030.0,77.871956,102.67874,17670.822,0.0415847
12128,2021.012.01.0,151.26071,95.696724,17670.822,0.03922127
12129,2021.011.029.0,234.7404,252.843,17670.822,0.13139495
12130,2021.011.030.0,231.98833,217.952,17670.822,0.12430467
12131,2021.012.01.0,322.8069,199.70615,17670.822,0.12194124
12132,2021.011.029.0,60.44213,96.22441,17765.783,0.048674982
12133,2021.011.030.0,53.103252,72.7527,17765.783,0.0415847
12134,2021.012.01.0,111.814255,61.531,17765.783,0.03922127
12135,2021.011.029.0,203.5502,210.86523,17765.783,0.13139495
12136,2021.011.030.0,198.04602,187.62987,17765.783,0.12430467
12137,2021.012.01.0,276.93893,174.72655,17765.783,0.12194124
12138,2021.011.029.0,42.553623,75.69299,17860.746,0.048674982
12139,2021.011.030.0,36.590786,52.22167,17860.746,0.0415847
12140,2021.012.01.0,79.70667,42.904057,17860.746,0.03922127
12141,2021.011.029.0,175.11205,182.59747,17860.746,0.13139495
12142,2021.011.030.0,162.26901,162.41495,17860.746,0.12430467
12143,2021.012.01.0,231.98833,144.70624,17860.746,0.12194124
12144,2021.011.029.0,29.710594,54.61768,17955.707,0.048674982
12145,2021.011.030.0,25.12379,42.477722,17955.707,0.0415847
12146,2021.012.01.0,55.85533,35.11435,17955.707,0.03922127
12147,2021.011.030.0,134.74823,130.94005,17955.707,0.12430467
12148,2021.012.01.0,200.79811,120.575195,17955.707,0.12194124
12149,2021.011.029.0,20.995674,40.025677,18050.67,0.048674982
12150,2021.011.030.0,18.243599,27.731354,18050.67,0.0415847
12151,2021.012.01.0,37.049465,21.744858,18050.67,0.03922127
12152,2021.011.029.0,120.07049,119.95532,18050.67,0.13139495
12153,2021.011.030.0,108.14481,107.04686,18050.67,0.12430467
12154,2021.012.01.0,168.69054,94.51764,18050.67,0.12194124
12155,2021.011.029.0,15.032837,26.987358,18145.63,0.048674982
12156,2021.011.030.0,11.8220825,21.738304,18145.63,0.0415847
12157,2021.012.01.0,25.12379,18.49878,18145.63,0.03922127
12158,2021.011.029.0,98.05386,102.01715,18145.63,0.13139495
12159,2021.011.030.0,90.71499,86.916885,18145.63,0.12430467
12160,2021.012.01.0,138.41768,78.577194,18145.63,0.12194124
12161,2021.011.029.0,10.446045,20.80671,18240.594,0.048674982
12162,2021.011.030.0,8.703064,17.158638,18240.594,0.0415847
12163,2021.012.01.0,16.867554,14.517105,18240.594,0.03922127
12164,2021.011.030.0,75.11988,73.145515,18240.594,0.12430467
12165,2021.012.01.0,112.73161,62.060837,18240.594,0.12194124
12166,2021.011.029.0,7.602234,14.894539,18335.555,0.048674982
12167,2021.011.030.0,6.3179245,12.681694,18335.555,0.0415847
12168,2021.012.01.0,11.8220825,9.758545,18335.555,0.03922127
12169,2021.011.029.0,65.02892,73.433044,18335.555,0.13139495
12170,2021.011.030.0,58.607407,60.35585,18335.555,0.12430467
12171,2021.012.01.0,93.467064,54.841736,18335.555,0.12194124
12172,2021.011.029.0,6.1344604,12.087601,18430.518,0.048674982
12173,2021.011.030.0,5.308838,9.78273,18430.518,0.0415847
12174,2021.012.01.0,8.152641,6.824562,18430.518,0.03922127
12175,2021.011.029.0,53.103252,61.822166,18430.518,0.13139495
12176,2021.011.030.0,45.764378,56.51347,18430.518,0.12430467
12177,2021.012.01.0,74.20252,51.31093,18430.518,0.12194124
12178,2021.011.029.0,4.941887,7.7685547,18525.479,0.048674982
12179,2021.011.030.0,3.9327927,6.7681046,18525.479,0.0415847
12180,2021.012.01.0,6.2261887,4.6495667,18525.479,0.03922127
12181,2021.011.029.0,45.3057,49.80701,18525.479,0.13139495
12182,2021.011.030.0,36.590786,44.23901,18525.479,0.12430467
12183,2021.012.01.0,60.44213,36.01257,18525.479,0.12194124
12184,2021.011.029.0,3.7493134,4.4810104,18620.441,0.048674982
12185,2021.011.030.0,3.2906342,2.8889618,18620.441,0.0415847
12186,2021.012.01.0,3.9327927,1.2519913,18620.441,0.03922127
12187,2021.011.029.0,34.297386,41.953686,18620.441,0.13139495
12188,2021.011.030.0,30.16927,32.82851,18620.441,0.12430467
12189,2021.012.01.0,45.3057,28.054379,18620.441,0.12194124
12190,2021.011.029.0,3.10717,4.124008,18715.402,0.048674982
12191,2021.011.030.0,2.831955,3.0880814,18715.402,0.0415847
12192,2021.012.01.0,3.7493134,1.7234344,18715.402,0.03922127
12193,2021.011.029.0,28.334553,40.609196,18715.402,0.13139495
12194,2021.011.030.0,25.582474,33.097424,18715.402,0.12430467
12195,2021.012.01.0,38.884182,30.08398,18715.402,0.12194124
12196,2021.011.029.0,211.80643,275.945,18715.402,0.4788188
12197,2021.011.030.0,234.7404,249.80373,18715.402,0.4717285
12198,2021.011.029.0,3.0154343,1.3505402,18810.363,0.048674982
12199,2021.011.030.0,2.4650192,0.5439606,18810.363,0.0415847
12200,2021.012.01.0,3.4741135,-0.66859436,18810.363,0.03922127
12201,2021.011.029.0,22.830395,32.777405,18810.363,0.13139495
12202,2021.011.030.0,19.160957,26.889801,18810.363,0.12430467
12203,2021.012.01.0,29.710594,21.28025,18810.363,0.12194124
12204,2021.011.029.0,2.4650192,1.3200989,18905.326,0.048674982
12205,2021.011.030.0,2.189804,0.32801056,18905.326,0.0415847
12206,2021.012.01.0,2.9236984,-0.6874161,18905.326,0.03922127
12207,2021.011.029.0,18.702278,25.46391,18905.326,0.13139495
12208,2021.011.030.0,17.32624,20.923073,18905.326,0.12430467
12209,2021.012.01.0,24.665112,18.075653,18905.326,0.12194124
12210,2021.011.030.0,1.8228607,-0.038528442,19000.287,0.048674982
12211,2021.011.030.0,14.1154785,21.127335,19000.287,0.12430467
12212,2021.012.01.0,20.078316,19.473381,19000.287,0.12194124
12213,2021.011.029.0,16.408875,21.179466,19095.25,0.13139495
12214,2021.011.030.0,11.8220825,23.068466,19095.25,0.12430467
12215,2021.012.01.0,12.739441,20.001,19095.25,0.12194124
12216,2021.011.029.0,11.363403,16.979599,19190.21,0.13139495
12217,2021.011.030.0,9.161743,16.768425,19190.21,0.12430467
12218,2021.012.01.0,13.656799,13.43969,19190.21,0.12194124
12219,2021.011.029.0,9.987366,16.35701,19285.174,0.13139495
12220,2021.011.030.0,8.244377,16.25399,19285.174,0.12430467
12221,2021.012.01.0,10.9047165,14.2404175,19285.174,0.12194124
12222,2021.011.029.0,10.446045,14.453781,19380.135,0.13139495
12223,2021.012.01.0,8.152641,12.502251,19380.135,0.12430467
12224,2021.012.01.0,36.590786,41.223183,19475.098,0.25665662
12225,2021.011.029.0,1.3641815,-2.106102,19665.02,0.048674982
12226,2021.011.030.0,1.3641815,-2.5980148,19665.02,0.0415847
12227,2021.012.01.0,0.9055023,-3.4386292,19665.02,0.03922127
12228,2021.011.030.0,87.96291,95.39064,19665.02,0.4717285
12229,2021.012.01.0,102.64066,85.65583,19665.02,0.46936506
12230,2021.011.029.0,5.7675095,12.904144,19854.943,0.13139495
12231,2021.011.030.0,6.5931396,11.484215,19854.943,0.12430467
12232,2021.011.030.0,65.94629,76.03809,19854.943,0.4717285
12233,2021.012.01.0,0.9055023,-2.8135452,21564.258,0.03922127
12234,2021.012.06.0,46.68174,50.006905,13207.617,0.2472029
12235,2021.012.07.0,39.342865,50.93205,13207.617,0.24011263
12236,2021.012.08.0,35.673428,41.662712,13207.617,0.23774919
12237,2021.012.06.0,123.73993,119.44008,13207.617,0.46227482
12238,2021.012.07.0,113.64897,122.383896,13207.617,0.45518452
12239,2021.012.08.0,106.3101,121.594604,13207.617,0.45282108
12240,2021.012.06.0,23.747757,22.789787,14442.121,0.11485095
12241,2021.012.07.0,14.574158,17.73452,14442.121,0.10776067
12242,2021.012.08.0,13.19812,10.90033,14442.121,0.10539725
12243,2021.012.08.0,2.7402267,-4.549095,14537.082,0.025040701
12244,2021.012.08.0,13.19812,10.302971,14537.082,0.10539725
12245,2021.012.06.0,27.417187,29.460945,14632.044,0.11485095
12246,2021.012.07.0,20.995674,22.071075,14632.044,0.10776067
12247,2021.012.08.0,14.1154785,14.323799,14632.044,0.10539725
12248,2021.012.07.0,1.4559174,-3.3619614,14727.006,0.025040701
12249,2021.012.07.0,18.243599,21.35527,14727.006,0.10776067
12250,2021.012.08.0,14.1154785,15.243637,14727.006,0.10539725
12251,2021.012.06.0,1.3641815,-3.2171478,14821.968,0.032130986
12252,2021.012.08.0,2.0980759,-5.363701,14821.968,0.025040701
12253,2021.012.06.0,34.297386,31.793835,14916.93,0.11485095
12254,2021.012.07.0,28.334553,29.803246,14916.93,0.10776067
12255,2021.012.08.0,17.32624,22.473587,14916.93,0.10539725
12256,2021.012.07.0,102.64066,106.09373,14916.93,0.2472029
12257,2021.012.07.0,1.6393967,-3.526497,15011.892,0.032130986
12258,2021.012.08.0,1.4559174,-4.897972,15011.892,0.022677273
12259,2021.012.07.0,25.582474,37.834854,15011.892,0.10776067
12260,2021.012.08.0,18.243599,23.433407,15011.892,0.10539725
12261,2021.012.06.0,1.7311325,-4.544777,15106.854,0.032130986
12262,2021.012.07.0,1.2724533,-5.814514,15106.854,0.025040701
12263,2021.012.08.0,1.2724533,-8.319435,15106.854,0.022677273
12264,2021.012.06.0,41.17758,36.184494,15106.854,0.11485095
12265,2021.012.07.0,26.499832,38.665375,15106.854,0.10776067
12266,2021.012.08.0,20.078316,22.8721,15106.854,0.10539725
12267,2021.012.06.0,141.16975,119.9908,15106.854,0.2472029
12268,2021.012.07.0,109.06218,126.15027,15106.854,0.24011263
12269,2021.012.08.0,101.7233,106.586655,15106.854,0.23774919
12270,2021.012.06.0,3.0154343,-3.3205338,15201.815,0.032130986
12271,2021.012.08.0,1.4559174,-3.3119125,15201.815,0.025040701
12272,2021.012.06.0,42.553623,40.50664,15201.815,0.11485095
12273,2021.012.07.0,30.16927,35.777218,15201.815,0.10776067
12274,2021.012.08.0,21.91304,27.110573,15201.815,0.10539725
12275,2021.012.06.0,3.5658493,-4.3136597,15296.777,0.032130986
12276,2021.012.08.0,1.2724533,-4.296051,15296.777,0.025040701
12277,2021.012.07.0,32.00399,43.399456,15296.777,0.10776067
12278,2021.012.08.0,22.830395,33.422604,15296.777,0.10539725
12279,2021.012.06.0,3.0154343,-2.626999,15391.738,0.032130986
12280,2021.012.07.0,2.00634,-4.0311356,15391.738,0.025040701
12281,2021.012.08.0,1.4559174,-7.1965103,15391.738,0.022677273
12282,2021.012.07.0,36.132103,49.55783,15391.738,0.10776067
12283,2021.012.08.0,25.582474,36.288055,15391.738,0.10539725
12284,2021.012.06.0,2.0980759,-3.2844696,15486.7,0.032130986
12285,2021.012.07.0,1.7311325,-6.1591797,15486.7,0.025040701
12286,2021.012.08.0,1.4559174,-8.676674,15486.7,0.022677273
12287,2021.012.06.0,55.85533,51.447212,15486.7,0.11485095
12288,2021.012.07.0,44.84702,51.43464,15486.7,0.10776067
12289,2021.012.08.0,28.334553,38.764008,15486.7,0.10539725
12290,2021.012.06.0,3.4741135,-3.9092712,15581.662,0.032130986
12291,2021.012.07.0,1.9145966,-4.521286,15581.662,0.025040701
12292,2021.012.08.0,1.6393967,-9.29921,15581.662,0.022677273
12293,2021.012.06.0,61.35949,59.584175,15581.662,0.11485095
12294,2021.012.07.0,39.342865,57.910236,15581.662,0.10776067
12295,2021.012.08.0,32.46267,40.27047,15581.662,0.10539725
12296,2021.012.06.0,3.10717,-3.272522,15676.624,0.032130986
12297,2021.012.07.0,2.0980759,-4.992546,15676.624,0.025040701
12298,2021.012.08.0,1.7311325,-8.755745,15676.624,0.022677273
12299,2021.012.06.0,66.86365,62.393867,15676.624,0.11485095
12300,2021.012.07.0,45.764378,59.461742,15676.624,0.10776067
12301,2021.012.08.0,32.46267,42.41845,15676.624,0.10539725
12302,2021.012.06.0,3.5658493,-2.5766373,15771.586,0.032130986
12303,2021.012.07.0,2.189804,-3.6758347,15771.586,0.025040701
12304,2021.012.08.0,1.8228607,-8.370331,15771.586,0.022677273
12305,2021.012.06.0,72.3678,66.84353,15771.586,0.11485095
12306,2021.012.07.0,60.44213,64.98858,15771.586,0.10776067
12307,2021.012.08.0,34.297386,51.312576,15771.586,0.10539725
12308,2021.012.06.0,3.2906342,-1.087883,15866.548,0.032130986
12309,2021.012.07.0,2.3732834,-4.857094,15866.548,0.025040701
12310,2021.012.08.0,1.8228607,-9.560699,15866.548,0.022677273
12311,2021.012.06.0,74.20252,71.2303,15866.548,0.11485095
12312,2021.012.07.0,53.103252,64.71344,15866.548,0.10776067
12313,2021.012.08.0,40.718903,47.045094,15866.548,0.10539725
12314,2021.012.06.0,4.4832077,0.5720291,15961.51,0.032130986
12315,2021.012.07.0,2.4650192,-2.6579514,15961.51,0.025040701
12316,2021.012.08.0,1.8228607,-8.971336,15961.51,0.022677273
12317,2021.012.06.0,86.12819,77.91815,15961.51,0.11485095
12318,2021.012.07.0,59.52477,77.38054,15961.51,0.10776067
12319,2021.012.08.0,44.84702,55.703136,15961.51,0.10539725
12320,2021.012.06.0,5.492302,2.3551865,16056.472,0.032130986
12321,2021.012.07.0,2.831955,-3.1513977,16056.472,0.025040701
12322,2021.012.08.0,2.189804,-9.891739,16056.472,0.022677273
12323,2021.012.06.0,94.38442,89.8535,16056.472,0.11485095
12324,2021.012.07.0,62.276848,83.31927,16056.472,0.10776067
12325,2021.012.08.0,47.5991,57.246086,16056.472,0.10539725
12326,2021.012.06.0,6.3179245,5.5253067,16151.434,0.032130986
12327,2021.012.07.0,3.3823776,0.81710815,16151.434,0.025040701
12328,2021.012.08.0,2.3732834,-7.1775513,16151.434,0.022677273
12329,2021.012.06.0,100.80594,96.35655,16151.434,0.11485095
12330,2021.012.07.0,67.781006,90.14483,16151.434,0.10776067
12331,2021.012.08.0,51.268536,63.73114,16151.434,0.10539725
12332,2021.012.06.0,7.5104904,8.023666,16246.3955,0.032130986
12333,2021.012.07.0,2.9236984,2.300949,16246.3955,0.025040701
12334,2021.012.08.0,2.556755,-6.8574066,16246.3955,0.022677273
12335,2021.012.06.0,112.73161,99.713,16246.3955,0.11485095
12336,2021.012.07.0,74.20252,98.813934,16246.3955,0.10776067
12337,2021.012.08.0,59.52477,68.45429,16246.3955,0.10539725
12338,2021.012.06.0,8.978264,10.431297,16341.356,0.032130986
12339,2021.012.07.0,3.9327927,4.3355026,16341.356,0.025040701
12340,2021.012.08.0,3.0154343,-6.4498215,16341.356,0.022677273
12341,2021.012.06.0,120.98785,120.590965,16341.356,0.11485095
12342,2021.012.07.0,83.376114,112.05434,16341.356,0.10776067
12343,2021.012.08.0,65.94629,82.24153,16341.356,0.10539725
12344,2021.012.06.0,10.9047165,16.16417,16436.318,0.032130986
12345,2021.012.07.0,4.941887,7.67984,16436.318,0.025040701
12346,2021.012.08.0,3.5658493,-4.249466,16436.318,0.022677273
12347,2021.012.06.0,134.74823,128.21466,16436.318,0.11485095
12348,2021.012.07.0,90.71499,125.440285,16436.318,0.10776067
12349,2021.012.08.0,71.45044,90.98224,16436.318,0.10539725
12350,2021.012.06.0,13.656799,19.045982,16531.281,0.032130986
12351,2021.012.07.0,5.6757812,13.059219,16531.281,0.025040701
12352,2021.012.08.0,3.7493134,-1.9029388,16531.281,0.022677273
12353,2021.012.06.0,141.16975,158.41417,16531.281,0.11485095
12354,2021.012.07.0,100.80594,152.21085,16531.281,0.10776067
12355,2021.012.08.0,87.96291,115.934395,16531.281,0.10539725
12356,2021.012.08.0,165.93845,222.01135,16531.281,0.17157322
12357,2021.012.06.0,15.950203,23.240952,16626.242,0.032130986
12358,2021.012.07.0,7.051811,16.558083,16626.242,0.025040701
12359,2021.012.08.0,4.299736,1.370224,16626.242,0.022677273
12360,2021.012.06.0,154.01279,165.29486,16626.242,0.11485095
12361,2021.012.07.0,110.8969,146.59084,16626.242,0.10776067
12362,2021.012.08.0,91.63235,108.953735,16626.242,0.10539725
12363,2021.012.06.0,19.619637,26.34311,16721.205,0.032130986
12364,2021.012.07.0,8.244377,19.695892,16721.205,0.025040701
12365,2021.012.08.0,5.1253586,3.9671707,16721.205,0.022677273
12366,2021.012.06.0,168.69054,173.98615,16721.205,0.11485095
12367,2021.012.07.0,121.905205,169.74529,16721.205,0.10776067
12368,2021.012.08.0,103.55802,136.85461,16721.205,0.10539725
12369,2021.012.06.0,24.206432,28.80832,16816.166,0.032130986
12370,2021.012.07.0,9.987366,24.992886,16816.166,0.025040701
12371,2021.012.08.0,6.1344604,8.246483,16816.166,0.022677273
12372,2021.012.06.0,184.28564,188.43483,16816.166,0.11485095
12373,2021.012.07.0,136.58295,177.48253,16816.166,0.10776067
12374,2021.012.08.0,120.07049,145.19267,16816.166,0.10539725
12375,2021.012.06.0,29.710594,36.849358,16911.127,0.032130986
12376,2021.012.07.0,12.280762,30.547932,16911.127,0.025040701
12377,2021.012.08.0,7.3270187,8.608902,16911.127,0.022677273
12378,2021.012.06.0,201.71547,206.55305,16911.127,0.11485095
12379,2021.012.07.0,154.01279,198.21631,16911.127,0.10776067
12380,2021.012.08.0,124.65729,169.1658,16911.127,0.10539725
12381,2021.012.06.0,36.132103,35.761723,17006.09,0.032130986
12382,2021.012.07.0,15.491524,34.94985,17006.09,0.025040701
12383,2021.012.08.0,8.978264,21.847748,17006.09,0.022677273
12384,2021.012.06.0,222.81473,203.94205,17006.09,0.11485095
12385,2021.012.07.0,165.93845,206.21983,17006.09,0.10776067
12386,2021.012.08.0,135.6656,171.6912,17006.09,0.10539725
12387,2021.012.06.0,45.3057,53.159374,17101.05,0.032130986
12388,2021.012.07.0,20.995674,46.511345,17101.05,0.025040701
12389,2021.012.08.0,11.363403,17.871498,17101.05,0.022677273
12390,2021.012.06.0,244.83136,224.70427,17101.05,0.11485095
12391,2021.012.07.0,184.28564,230.72864,17101.05,0.10776067
12392,2021.012.08.0,154.01279,194.09187,17101.05,0.10539725
12393,2021.012.06.0,55.85533,56.01306,17196.014,0.032130986
12394,2021.012.07.0,26.958511,54.409973,17196.014,0.025040701
12395,2021.012.08.0,14.574158,26.64547,17196.014,0.022677273
12396,2021.012.06.0,271.43478,262.8039,17196.014,0.11485095
12397,2021.012.07.0,205.38492,259.8603,17196.014,0.10776067
12398,2021.012.08.0,172.35997,213.22981,17196.014,0.10539725
12399,2021.012.06.0,70.53308,74.18285,17290.975,0.032130986
12400,2021.012.07.0,34.756065,65.88815,17290.975,0.025040701
12401,2021.012.08.0,19.160957,29.062817,17290.975,0.022677273
12402,2021.012.06.0,301.70764,269.89307,17290.975,0.11485095
12403,2021.012.07.0,228.31888,275.48172,17290.975,0.10776067
12404,2021.012.08.0,193.45923,229.20132,17290.975,0.10539725
12405,2021.012.06.0,90.71499,85.521324,17385.938,0.032130986
12406,2021.012.07.0,47.5991,79.3256,17385.938,0.025040701
12407,2021.012.08.0,26.958511,43.332043,17385.938,0.022677273
12408,2021.012.06.0,328.31107,300.23718,17385.938,0.11485095
12409,2021.012.07.0,253.08759,300.63422,17385.938,0.10776067
12410,2021.012.08.0,218.22794,252.16351,17385.938,0.10539725
12411,2021.012.06.0,110.8969,102.71166,17480.898,0.032130986
12412,2021.012.07.0,61.35949,89.85736,17480.898,0.025040701
12413,2021.012.08.0,36.590786,53.341637,17480.898,0.022677273
12414,2021.012.07.0,290.69934,305.56714,17480.898,0.10776067
12415,2021.012.08.0,244.83136,272.81308,17480.898,0.10539725
12416,2021.012.06.0,143.00447,115.18336,17575.861,0.032130986
12417,2021.012.07.0,82.458755,98.14513,17575.861,0.025040701
12418,2021.012.08.0,51.268536,63.80505,17575.861,0.022677273
12419,2021.012.06.0,397.11304,328.45444,17575.861,0.11485095
12420,2021.012.07.0,318.22012,336.24042,17575.861,0.10776067
12421,2021.012.08.0,275.10422,299.8778,17575.861,0.10539725
12422,2021.012.06.0,172.35997,132.3032,17670.822,0.032130986
12423,2021.012.07.0,110.8969,117.15349,17670.822,0.025040701
12424,2021.012.08.0,75.11988,80.45901,17670.822,0.022677273
12425,2021.012.06.0,374.17902,334.16794,17670.822,0.11485095
12426,2021.012.07.0,353.07977,333.5681,17670.822,0.10776067
12427,2021.012.08.0,307.2118,323.0863,17670.822,0.10539725
12428,2021.012.06.0,126.492004,120.79081,17765.783,0.032130986
12429,2021.012.07.0,143.00447,93.62461,17765.783,0.025040701
12430,2021.012.08.0,106.3101,82.32952,17765.783,0.022677273
12431,2021.012.06.0,317.30273,301.06735,17765.783,0.11485095
12432,2021.012.07.0,324.6416,294.33612,17765.783,0.10776067
12433,2021.012.08.0,345.7409,296.86285,17765.783,0.10539725
12434,2021.012.06.0,88.88027,94.9277,17860.746,0.032130986
12435,2021.012.07.0,98.97122,74.864555,17860.746,0.025040701
12436,2021.012.08.0,101.7233,67.03418,17860.746,0.022677273
12437,2021.012.06.0,276.02158,264.20233,17860.746,0.11485095
12438,2021.012.07.0,276.93893,255.71898,17860.746,0.10776067
12439,2021.012.08.0,294.36877,254.25255,17860.746,0.10539725
12440,2021.012.06.0,59.52477,42.828194,17955.707,0.032130986
12441,2021.012.07.0,65.94629,34.28839,17955.707,0.025040701
12442,2021.012.08.0,64.111565,39.608616,17955.707,0.022677273
12443,2021.012.06.0,234.7404,210.73795,17955.707,0.11485095
12444,2021.012.07.0,236.57512,214.62814,17955.707,0.10776067
12445,2021.012.08.0,249.41815,216.91484,17955.707,0.10539725
12446,2021.012.06.0,39.342865,48.25944,18050.67,0.032130986
12447,2021.012.07.0,40.718903,33.900196,18050.67,0.025040701
12448,2021.012.08.0,37.966824,32.356945,18050.67,0.022677273
12449,2021.012.06.0,204.46753,197.41376,18050.67,0.11485095
12450,2021.012.07.0,200.79811,208.3901,18050.67,0.10776067
12451,2021.012.08.0,206.30226,195.2428,18050.67,0.10539725
12452,2021.012.06.0,24.206432,20.356155,18145.63,0.032130986
12453,2021.012.07.0,23.28907,11.491241,18145.63,0.025040701
12454,2021.012.08.0,19.160957,12.100136,18145.63,0.022677273
12455,2021.012.06.0,165.93845,145.83789,18145.63,0.11485095
12456,2021.012.07.0,165.0211,146.43246,18145.63,0.10776067
12457,2021.012.08.0,169.6079,145.49492,18145.63,0.10539725
12458,2021.012.06.0,15.491524,17.250504,18240.594,0.032130986
12459,2021.012.07.0,13.19812,10.642136,18240.594,0.025040701
12460,2021.012.08.0,10.446045,8.890701,18240.594,0.022677273
12461,2021.012.06.0,137.50032,132.04294,18240.594,0.11485095
12462,2021.012.07.0,133.83087,125.44038,18240.594,0.10776067
12463,2021.012.08.0,137.50032,121.21798,18240.594,0.10539725
12464,2021.012.06.0,9.987366,10.530258,18335.555,0.032130986
12465,2021.012.07.0,8.427856,6.8775864,18335.555,0.025040701
12466,2021.012.08.0,5.400566,5.3482895,18335.555,0.022677273
12467,2021.012.06.0,109.97954,97.02572,18335.555,0.11485095
12468,2021.012.07.0,106.3101,93.96735,18335.555,0.10776067
12469,2021.012.08.0,109.06218,90.680954,18335.555,0.10539725
12470,2021.012.06.0,6.4096603,6.029007,18430.518,0.032130986
12471,2021.012.07.0,5.6757812,3.7142258,18430.518,0.025040701
12472,2021.012.08.0,3.3823776,1.6629562,18430.518,0.022677273
12473,2021.012.06.0,87.96291,68.49812,18430.518,0.11485095
12474,2021.012.07.0,86.12819,70.14952,18430.518,0.10776067
12475,2021.012.08.0,86.12819,69.21777,18430.518,0.10539725
12476,2021.012.06.0,4.758415,2.6641998,18525.479,0.032130986
12477,2021.012.07.0,4.4832077,1.3213196,18525.479,0.025040701
12478,2021.012.08.0,2.3732834,-0.53053284,18525.479,0.022677273
12479,2021.012.06.0,71.45044,58.71508,18525.479,0.11485095
12480,2021.012.07.0,66.86365,59.254364,18525.479,0.10776067
12481,2021.012.08.0,66.86365,50.669323,18525.479,0.10539725
12482,2021.012.06.0,3.6575851,-0.68463135,18620.441,0.032130986
12483,2021.012.07.0,4.0245285,-1.14048,18620.441,0.025040701
12484,2021.012.08.0,2.831955,-2.4126358,18620.441,0.022677273
12485,2021.012.06.0,54.020615,47.67817,18620.441,0.11485095
12486,2021.012.07.0,53.103252,39.197914,18620.441,0.10776067
12487,2021.012.08.0,50.351173,34.31002,18620.441,0.10539725
12488,2021.012.06.0,2.7402267,-1.1268845,18715.402,0.032130986
12489,2021.012.07.0,2.6484833,-2.4816742,18715.402,0.025040701
12490,2021.012.08.0,1.4559174,-3.4592438,18715.402,0.022677273
12491,2021.012.06.0,44.84702,32.96822,18715.402,0.11485095
12492,2021.012.07.0,40.718903,30.945408,18715.402,0.10776067
12493,2021.012.08.0,40.26022,32.146805,18715.402,0.10539725
12494,2021.012.06.0,3.6575851,-2.4574585,18810.363,0.032130986
12495,2021.012.07.0,2.189804,-1.8949585,18810.363,0.025040701
12496,2021.012.08.0,1.5476608,-3.8568344,18810.363,0.022677273
12497,2021.012.06.0,34.756065,29.910381,18810.363,0.11485095
12498,2021.012.07.0,33.380024,26.22113,18810.363,0.10776067
12499,2021.012.08.0,30.16927,22.627483,18810.363,0.10539725
12500,2021.012.06.0,1.4559174,-3.7461777,18905.326,0.032130986
12501,2021.012.07.0,2.0980759,-5.07843,18905.326,0.025040701
12502,2021.012.08.0,1.9145966,-4.6568604,18905.326,0.022677273
12503,2021.012.06.0,27.417187,25.46297,18905.326,0.11485095
12504,2021.012.07.0,25.582474,28.266624,18905.326,0.10776067
12505,2021.012.08.0,23.28907,22.85368,18905.326,0.10539725
12506,2021.012.07.0,110.8969,116.59152,18905.326,0.24011263
12507,2021.012.08.0,130.16144,107.715164,18905.326,0.23774919
12508,2021.012.06.0,21.454361,18.387169,19000.287,0.11485095
12509,2021.012.07.0,17.32624,15.720238,19000.287,0.10776067
12510,2021.012.08.0,15.950203,13.503372,19000.287,0.10539725
12511,2021.012.06.0,18.243599,17.58078,19095.25,0.11485095
12512,2021.012.07.0,15.491524,18.119713,19095.25,0.10776067
12513,2021.012.08.0,14.1154785,16.5951,19095.25,0.10539725
12514,2021.012.06.0,14.1154785,13.2089615,19190.21,0.11485095
12515,2021.012.07.0,11.363403,13.028717,19190.21,0.10776067
12516,2021.012.08.0,10.9047165,10.81572,19190.21,0.10539725
12517,2021.012.06.0,11.8220825,8.535606,19285.174,0.11485095
12518,2021.012.07.0,10.446045,8.979919,19285.174,0.10776067
12519,2021.012.08.0,9.070007,7.394493,19285.174,0.10539725
12520,2021.012.07.0,7.2352905,8.0585785,19380.135,0.10776067
12521,2021.012.08.0,8.703064,8.49334,19380.135,0.10539725
12522,2021.012.07.0,6.3179245,8.442345,19475.098,0.10776067
12523,2021.012.08.0,6.3179245,6.411957,19475.098,0.10539725
12524,2021.012.013.0,30.627949,30.139084,13207.617,0.23065889
12525,2021.012.014.0,32.00399,30.118557,13207.617,0.22356862
12526,2021.012.015.0,33.83871,32.936813,13207.617,0.22120517
12527,2021.012.013.0,99.88858,110.14714,13207.617,0.4457308
12528,2021.012.014.0,110.8969,108.852875,13207.617,0.4386405
12529,2021.012.015.0,110.8969,115.5139,13207.617,0.43627706
12530,2021.012.015.0,52.185894,58.879715,14157.235,0.22356862
12531,2021.012.013.0,6.8683395,4.356369,14442.121,0.09830696
12532,2021.012.014.0,8.152641,1.0682907,14442.121,0.091216676
12533,2021.012.015.0,6.3179245,4.0325317,14442.121,0.08885325
12534,2021.012.015.0,7.2352905,2.7596512,14537.082,0.091216676
12535,2021.012.013.0,8.152641,6.7505264,14632.044,0.09830696
12536,2021.012.014.0,9.89563,1.18647,14632.044,0.091216676
12537,2021.012.015.0,7.877434,7.012558,14632.044,0.08885325
12538,2021.012.013.0,8.6113205,8.204018,14727.006,0.09830696
12539,2021.012.014.0,11.8220825,4.6326065,14727.006,0.091216676
12540,2021.012.015.0,9.070007,9.746399,14727.006,0.08885325
12541,2021.012.013.0,10.446045,7.3756256,14821.968,0.09830696
12542,2021.012.014.0,11.8220825,3.207756,14821.968,0.091216676
12543,2021.012.015.0,9.620415,8.291801,14821.968,0.08885325
12544,2021.012.014.0,40.26022,41.68038,14821.968,0.15739265
12545,2021.012.015.0,32.46267,38.693657,14821.968,0.15502922
12546,2021.012.013.0,10.446045,12.570763,14916.93,0.09830696
12547,2021.012.014.0,12.739441,4.774231,14916.93,0.091216676
12548,2021.012.015.0,10.9047165,9.500114,14916.93,0.08885325
12549,2021.012.013.0,11.363403,11.669388,15011.892,0.09830696
12550,2021.012.014.0,13.656799,8.294647,15011.892,0.091216676
12551,2021.012.015.0,12.739441,10.751137,15011.892,0.08885325
12552,2021.012.013.0,13.656799,15.552582,15106.854,0.09830696
12553,2021.012.014.0,15.491524,9.29303,15106.854,0.091216676
12554,2021.012.015.0,14.1154785,11.675789,15106.854,0.08885325
12555,2021.012.013.0,80.62404,92.08846,15106.854,0.23065889
12556,2021.012.014.0,101.7233,87.36746,15106.854,0.22356862
12557,2021.012.015.0,98.05386,104.11503,15106.854,0.22120517
12558,2021.012.013.0,15.032837,16.922508,15201.815,0.09830696
12559,2021.012.014.0,18.243599,8.740799,15201.815,0.091216676
12560,2021.012.015.0,15.491524,11.454208,15201.815,0.08885325
12561,2021.012.013.0,16.408875,19.988976,15296.777,0.09830696
12562,2021.012.014.0,19.160957,13.353317,15296.777,0.091216676
12563,2021.012.015.0,17.78492,13.327705,15296.777,0.08885325
12564,2021.012.013.0,17.32624,17.91626,15391.738,0.09830696
12565,2021.012.014.0,21.454361,12.394257,15391.738,0.091216676
12566,2021.012.015.0,20.078316,14.284943,15391.738,0.08885325
12567,2021.012.013.0,19.619637,22.43768,15486.7,0.09830696
12568,2021.012.014.0,23.747757,16.93869,15486.7,0.091216676
12569,2021.012.015.0,21.91304,18.736404,15486.7,0.08885325
12570,2021.012.013.0,21.91304,24.228664,15581.662,0.09830696
12571,2021.012.014.0,26.499832,15.897713,15581.662,0.091216676
12572,2021.012.015.0,24.206432,19.059944,15581.662,0.08885325
12573,2021.012.013.0,24.206432,28.788921,15676.624,0.09830696
12574,2021.012.014.0,28.793228,22.66365,15676.624,0.091216676
12575,2021.012.015.0,28.334553,24.391464,15676.624,0.08885325
12576,2021.012.013.0,26.499832,29.175228,15771.586,0.09830696
12577,2021.012.014.0,32.46267,22.6566,15771.586,0.091216676
12578,2021.012.015.0,30.16927,26.14067,15771.586,0.08885325
12579,2021.012.013.0,29.710594,32.95392,15866.548,0.09830696
12580,2021.012.014.0,36.132103,24.343178,15866.548,0.091216676
12581,2021.012.015.0,33.380024,28.012589,15866.548,0.08885325
12582,2021.012.013.0,32.921345,36.338123,15961.51,0.09830696
12583,2021.012.014.0,40.718903,26.630268,15961.51,0.091216676
12584,2021.012.015.0,38.425507,29.029331,15961.51,0.08885325
12585,2021.012.013.0,36.590786,40.487625,16056.472,0.09830696
12586,2021.012.014.0,44.84702,29.916458,16056.472,0.091216676
12587,2021.012.015.0,40.26022,35.279823,16056.472,0.08885325
12588,2021.012.015.0,188.87244,143.09009,16056.472,0.22356862
12589,2021.012.013.0,41.17758,41.239166,16151.434,0.09830696
12590,2021.012.014.0,50.351173,34.34443,16151.434,0.091216676
12591,2021.012.015.0,45.3057,38.09016,16151.434,0.08885325
12592,2021.012.015.0,120.07049,103.475746,16151.434,0.15502922
12593,2021.012.013.0,46.223057,45.88895,16246.3955,0.09830696
12594,2021.012.014.0,56.77269,37.557888,16246.3955,0.091216676
12595,2021.012.015.0,53.103252,42.832962,16246.3955,0.08885325
12596,2021.012.013.0,52.185894,53.082855,16341.356,0.09830696
12597,2021.012.014.0,64.111565,45.655296,16341.356,0.091216676
12598,2021.012.015.0,59.52477,52.872677,16341.356,0.08885325
12599,2021.012.013.0,58.607407,54.57415,16436.318,0.09830696
12600,2021.012.014.0,70.53308,50.22564,16436.318,0.091216676
12601,2021.012.015.0,66.86365,54.872032,16436.318,0.08885325
12602,2021.012.015.0,153.09543,134.14603,16436.318,0.15502922
12603,2021.012.013.0,65.02892,66.16415,16531.281,0.09830696
12604,2021.012.014.0,80.62404,55.405334,16531.281,0.091216676
12605,2021.012.015.0,75.11988,64.71151,16531.281,0.08885325
12606,2021.012.015.0,167.77318,158.1598,16531.281,0.15502922
12607,2021.012.013.0,75.11988,77.87068,16626.242,0.09830696
12608,2021.012.014.0,90.71499,69.9771,16626.242,0.091216676
12609,2021.012.015.0,84.29347,74.99341,16626.242,0.08885325
12610,2021.012.013.0,82.458755,90.620026,16721.205,0.09830696
12611,2021.012.014.0,102.64066,79.91476,16721.205,0.091216676
12612,2021.012.015.0,96.21915,84.08838,16721.205,0.08885325
12613,2021.012.013.0,93.467064,96.155075,16816.166,0.09830696
12614,2021.012.014.0,117.31841,87.442505,16816.166,0.091216676
12615,2021.012.015.0,108.14481,103.516594,16816.166,0.08885325
12616,2021.012.014.0,225.5668,178.01334,16816.166,0.15739265
12617,2021.012.015.0,225.5668,200.44867,16816.166,0.15502922
12618,2021.012.013.0,106.3101,116.77812,16911.127,0.09830696
12619,2021.012.014.0,133.83087,95.66833,16911.127,0.091216676
12620,2021.012.015.0,122.82257,112.84032,16911.127,0.08885325
12621,2021.012.013.0,120.07049,144.7325,17006.09,0.09830696
12622,2021.012.014.0,150.34335,132.90782,17006.09,0.091216676
12623,2021.012.015.0,140.2524,129.30397,17006.09,0.08885325
12624,2021.012.013.0,137.50032,146.11589,17101.05,0.09830696
12625,2021.012.014.0,172.35997,138.8714,17101.05,0.091216676
12626,2021.012.015.0,157.68222,166.31628,17101.05,0.08885325
12627,2021.012.013.0,158.59958,173.27087,17196.014,0.09830696
12628,2021.012.014.0,195.29396,163.75864,17196.014,0.091216676
12629,2021.012.015.0,180.61621,160.62077,17196.014,0.08885325
12630,2021.012.013.0,177.86414,175.80756,17290.975,0.09830696
12631,2021.012.014.0,220.06265,179.58554,17290.975,0.091216676
12632,2021.012.015.0,203.5502,212.60367,17290.975,0.08885325
12633,2021.012.013.0,203.5502,218.83493,17385.938,0.09830696
12634,2021.012.014.0,253.08759,209.49036,17385.938,0.091216676
12635,2021.012.015.0,231.98833,216.36563,17385.938,0.08885325
12636,2021.012.014.0,509.94818,405.98102,17385.938,0.23065889
12637,2021.012.013.0,234.7404,234.20763,17480.898,0.09830696
12638,2021.012.014.0,285.1952,242.41864,17480.898,0.091216676
12639,2021.012.015.0,265.01324,250.92667,17480.898,0.08885325
12640,2021.012.015.0,413.6255,335.5082,17480.898,0.15502922
12641,2021.012.013.0,266.848,248.91808,17575.861,0.09830696
12642,2021.012.014.0,271.43478,253.21783,17575.861,0.091216676
12643,2021.012.015.0,298.95557,242.25667,17575.861,0.08885325
12644,2021.012.013.0,296.2035,242.06386,17670.822,0.09830696
12645,2021.012.014.0,224.64944,247.26065,17670.822,0.091216676
12646,2021.012.015.0,248.5008,203.78287,17670.822,0.08885325
12647,2021.012.013.0,247.58344,261.72275,17765.783,0.09830696
12648,2021.012.014.0,183.36829,218.41553,17765.783,0.091216676
12649,2021.012.015.0,199.88077,165.92958,17765.783,0.08885325
12650,2021.012.013.0,200.79811,231.28195,17860.746,0.09830696
12651,2021.012.014.0,143.92183,188.74893,17860.746,0.091216676
12652,2021.012.015.0,161.35165,139.6397,17860.746,0.08885325
12653,2021.012.013.0,162.26901,204.29796,17955.707,0.09830696
12654,2021.012.014.0,112.73161,162.62204,17955.707,0.091216676
12655,2021.012.015.0,125.574646,112.78203,17955.707,0.08885325
12656,2021.012.014.0,211.80643,309.04678,17955.707,0.15739265
12657,2021.012.015.0,220.06265,237.55927,17955.707,0.15502922
12658,2021.012.013.0,127.40936,165.47467,18050.67,0.09830696
12659,2021.012.014.0,85.21083,126.30852,18050.67,0.091216676
12660,2021.012.015.0,95.30179,82.069885,18050.67,0.08885325
12661,2021.012.013.0,98.05386,131.16003,18145.63,0.09830696
12662,2021.012.014.0,65.02892,102.6154,18145.63,0.091216676
12663,2021.012.015.0,71.45044,72.6768,18145.63,0.08885325
12664,2021.012.013.0,74.20252,98.88739,18240.594,0.09830696
12665,2021.012.014.0,47.5991,76.31655,18240.594,0.091216676
12666,2021.012.015.0,54.020615,56.58007,18240.594,0.08885325
12667,2021.012.013.0,54.937973,84.382034,18335.555,0.09830696
12668,2021.012.014.0,35.673428,61.993156,18335.555,0.091216676
12669,2021.012.015.0,38.425507,40.273037,18335.555,0.08885325
12670,2021.012.013.0,40.26022,51.332138,18430.518,0.09830696
12671,2021.012.014.0,25.582474,40.158108,18430.518,0.091216676
12672,2021.012.015.0,28.334553,37.180775,18430.518,0.08885325
12673,2021.012.015.0,91.63235,93.12279,18430.518,0.15502922
12674,2021.012.013.0,29.251907,50.529964,18525.479,0.09830696
12675,2021.012.014.0,19.619637,40.857105,18525.479,0.091216676
12676,2021.012.015.0,20.995674,31.371311,18525.479,0.08885325
12677,2021.012.013.0,20.995674,36.249466,18620.441,0.09830696
12678,2021.012.014.0,15.032837,29.072285,18620.441,0.091216676
12679,2021.012.015.0,15.032837,25.584423,18620.441,0.08885325
12680,2021.012.013.0,15.950203,27.082245,18715.402,0.09830696
12681,2021.012.014.0,11.8220825,22.8569,18715.402,0.091216676
12682,2021.012.015.0,11.8220825,18.71482,18715.402,0.08885325
12683,2021.012.014.0,97.136505,122.95601,18715.402,0.22356862
12684,2021.012.015.0,95.30179,104.74927,18715.402,0.22120517
12685,2021.012.013.0,12.739441,22.507687,18810.363,0.09830696
12686,2021.012.014.0,9.070007,18.69175,18810.363,0.091216676
12687,2021.012.015.0,9.345215,16.545296,18810.363,0.08885325
12688,2021.012.013.0,9.528687,17.58886,18905.326,0.09830696
12689,2021.012.014.0,7.693962,14.152466,18905.326,0.091216676
12690,2021.012.015.0,7.5104904,13.099937,18905.326,0.08885325
12691,2021.012.014.0,31.086628,41.901474,18905.326,0.15739265
12692,2021.012.015.0,32.921345,34.21331,18905.326,0.15502922
12693,2021.012.013.0,105.39274,107.51437,18905.326,0.23065889
12694,2021.012.014.0,75.11988,98.810135,18905.326,0.22356862
12695,2021.012.015.0,72.3678,79.35691,18905.326,0.22120517
12696,2021.012.013.0,8.152641,12.537987,19000.287,0.09830696
12697,2021.012.014.0,6.501396,12.856918,19000.287,0.091216676
12698,2021.012.015.0,6.0427094,10.509018,19000.287,0.08885325
12699,2021.012.015.0,26.958511,30.363186,19000.287,0.15502922
12700,2021.012.013.0,6.3179245,14.522118,19095.25,0.09830696
12701,2021.012.014.0,5.6757812,12.081413,19095.25,0.091216676
12702,2021.012.015.0,5.0336227,10.669655,19095.25,0.08885325
12703,2021.012.013.0,5.400566,10.029022,19190.21,0.09830696
12704,2021.012.014.0,4.850151,9.845329,19190.21,0.091216676
12705,2021.012.015.0,4.5749435,8.820877,19190.21,0.08885325
12706,2021.012.013.0,4.758415,7.9197006,19285.174,0.09830696
12707,2021.012.014.0,4.4832077,7.272415,19285.174,0.091216676
12708,2021.012.015.0,4.391472,6.1994247,19285.174,0.08885325
12709,2021.012.014.0,4.1162567,7.9154663,19380.135,0.091216676
12710,2021.012.015.0,3.6575851,7.0530624,19380.135,0.08885325
12711,2021.012.014.0,3.198906,5.6885986,19475.098,0.091216676
12712,2021.012.015.0,3.2906342,4.4519196,19475.098,0.08885325
12713,2021.012.014.0,105.39274,101.614655,19475.098,0.4386405
12714,2021.012.015.0,115.48369,90.038475,19475.098,0.43627706
12715,2021.012.013.0,1.9145966,4.319298,20424.715,0.09830696
12716,2021.012.014.0,1.9145966,4.7754974,20424.715,0.091216676
12717,2021.012.015.0,1.7311325,5.044327,20424.715,0.08885325
12718,2021.012.020.0,33.380024,20.752533,13207.617,0.2141149
12719,2021.012.021.0,24.665112,23.934902,13207.617,0.20702463
12720,2021.012.022.0,25.12379,20.53408,13207.617,0.20466122
12721,2021.012.020.0,100.80594,101.74236,13207.617,0.42918682
12722,2021.012.021.0,88.88027,101.22265,13207.617,0.42209655
12723,2021.012.022.0,83.376114,93.22364,13207.617,0.4197331
12724,2021.012.020.0,5.400566,4.711731,14442.121,0.08176296
12725,2021.012.021.0,3.5658493,3.5697784,14442.121,0.074672684
12726,2021.012.022.0,3.0154343,-2.427826,14442.121,0.072309256
12727,2021.012.022.0,3.0154343,-3.0616837,14537.082,0.072309256
12728,2021.012.020.0,7.143547,8.606247,14632.044,0.08176296
12729,2021.012.021.0,4.299736,5.490967,14632.044,0.074672684
12730,2021.012.020.0,8.152641,6.597473,14727.006,0.08176296
12731,2021.012.021.0,4.758415,4.844139,14727.006,0.074672684
12732,2021.012.022.0,3.4741135,-1.6247864,14727.006,0.072309256
12733,2021.012.020.0,8.6113205,8.779724,14821.968,0.08176296
12734,2021.012.021.0,5.2170944,5.813019,14821.968,0.074672684
12735,2021.012.022.0,3.8410568,-1.4263916,14821.968,0.072309256
12736,2021.012.020.0,36.590786,28.72554,14821.968,0.14793894
12737,2021.012.021.0,25.582474,30.658913,14821.968,0.14084865
12738,2021.012.022.0,22.830395,18.307045,14821.968,0.13848522
12739,2021.012.020.0,10.446045,4.1123123,14916.93,0.08176296
12740,2021.012.021.0,5.0336227,6.692787,14916.93,0.074672684
12741,2021.012.022.0,4.299736,-2.7403488,14916.93,0.072309256
12742,2021.012.020.0,11.8220825,2.4755325,15011.892,0.08176296
12743,2021.012.021.0,6.1344604,7.16893,15011.892,0.074672684
12744,2021.012.022.0,4.6666794,-1.4249115,15011.892,0.072309256
12745,2021.012.020.0,13.656799,3.7861557,15106.854,0.08176296
12746,2021.012.021.0,7.2352905,9.713921,15106.854,0.074672684
12747,2021.012.022.0,5.400566,-1.4238205,15106.854,0.072309256
12748,2021.012.022.0,28.334553,22.930672,15106.854,0.13848522
12749,2021.012.020.0,96.21915,73.96078,15106.854,0.2141149
12750,2021.012.021.0,68.698364,91.51895,15106.854,0.20702463
12751,2021.012.022.0,69.61572,68.205536,15106.854,0.20466122
12752,2021.012.020.0,14.574158,7.552017,15201.815,0.08176296
12753,2021.012.021.0,8.152641,11.854828,15201.815,0.074672684
12754,2021.012.022.0,5.400566,1.1140366,15201.815,0.072309256
12755,2021.012.020.0,15.032837,5.540901,15296.777,0.08176296
12756,2021.012.021.0,8.336113,11.595764,15296.777,0.074672684
12757,2021.012.022.0,6.5931396,-0.5030594,15296.777,0.072309256
12758,2021.012.020.0,19.160957,7.790474,15391.738,0.08176296
12759,2021.012.021.0,9.987366,13.014038,15391.738,0.074672684
12760,2021.012.022.0,7.4187546,2.7493286,15391.738,0.072309256
12761,2021.012.020.0,20.995674,11.884438,15486.7,0.08176296
12762,2021.012.021.0,10.9047165,19.371964,15486.7,0.074672684
12763,2021.012.022.0,8.6113205,3.561142,15486.7,0.072309256
12764,2021.012.020.0,24.665112,16.471748,15581.662,0.08176296
12765,2021.012.021.0,12.739441,20.983353,15581.662,0.074672684
12766,2021.012.022.0,9.987366,7.7074814,15581.662,0.072309256
12767,2021.012.021.0,46.68174,64.47931,15581.662,0.14084865
12768,2021.012.022.0,42.09494,38.681717,15581.662,0.13848522
12769,2021.012.020.0,25.12379,10.528862,15676.624,0.08176296
12770,2021.012.021.0,14.1154785,16.88044,15676.624,0.074672684
12771,2021.012.022.0,11.363403,5.9068527,15676.624,0.072309256
12772,2021.012.020.0,30.627949,14.740585,15771.586,0.08176296
12773,2021.012.021.0,15.491524,26.159569,15771.586,0.074672684
12774,2021.012.022.0,11.8220825,11.553123,15771.586,0.072309256
12775,2021.012.021.0,51.268536,75.88878,15771.586,0.14084865
12776,2021.012.022.0,49.433815,47.685146,15771.586,0.13848522
12777,2021.012.020.0,30.16927,16.949776,15866.548,0.08176296
12778,2021.012.021.0,18.243599,24.030632,15866.548,0.074672684
12779,2021.012.022.0,13.656799,12.205833,15866.548,0.072309256
12780,2021.012.020.0,38.425507,20.072617,15961.51,0.08176296
12781,2021.012.021.0,20.078316,33.863937,15961.51,0.074672684
12782,2021.012.022.0,16.408875,14.557663,15961.51,0.072309256
12783,2021.012.022.0,62.276848,61.571247,15961.51,0.13848522
12784,2021.012.020.0,43.0123,24.142376,16056.472,0.08176296
12785,2021.012.021.0,23.747757,39.66057,16056.472,0.074672684
12786,2021.012.022.0,18.243599,21.764618,16056.472,0.072309256
12787,2021.012.022.0,66.86365,67.39392,16056.472,0.13848522
12788,2021.012.021.0,131.99615,166.4806,16056.472,0.20702463
12789,2021.012.022.0,131.99615,136.09529,16056.472,0.20466122
12790,2021.012.020.0,48.516457,25.2709,16151.434,0.08176296
12791,2021.012.021.0,27.875874,41.13246,16151.434,0.074672684
12792,2021.012.022.0,20.995674,23.984169,16151.434,0.072309256
12793,2021.012.021.0,78.789314,105.48436,16151.434,0.14084865
12794,2021.012.022.0,73.28516,73.37362,16151.434,0.13848522
12795,2021.012.020.0,54.020615,25.123993,16246.3955,0.08176296
12796,2021.012.021.0,29.251907,41.793423,16246.3955,0.074672684
12797,2021.012.022.0,24.206432,18.830933,16246.3955,0.072309256
12798,2021.012.020.0,125.574646,89.23757,16246.3955,0.14793894
12799,2021.012.021.0,90.71499,118.36801,16246.3955,0.14084865
12800,2021.012.022.0,81.5414,89.588455,16246.3955,0.13848522
12801,2021.012.022.0,160.4343,165.36838,16246.3955,0.20466122
12802,2021.012.020.0,59.52477,32.300842,16341.356,0.08176296
12803,2021.012.021.0,33.380024,49.793926,16341.356,0.074672684
12804,2021.012.022.0,26.958511,26.617546,16341.356,0.072309256
12805,2021.012.021.0,91.63235,130.84271,16341.356,0.14084865
12806,2021.012.022.0,88.88027,102.49283,16341.356,0.13848522
12807,2021.012.020.0,68.698364,35.418552,16436.318,0.08176296
12808,2021.012.021.0,37.966824,57.247917,16436.318,0.074672684
12809,2021.012.022.0,32.00399,30.888626,16436.318,0.072309256
12810,2021.012.020.0,145.75655,105.959496,16436.318,0.14793894
12811,2021.012.021.0,103.55802,137.52798,16436.318,0.14084865
12812,2021.012.022.0,96.21915,107.97631,16436.318,0.13848522
12813,2021.012.020.0,76.9546,43.669426,16531.281,0.08176296
12814,2021.012.021.0,43.0123,64.76048,16531.281,0.074672684
12815,2021.012.022.0,35.21475,37.929546,16531.281,0.072309256
12816,2021.012.020.0,157.68222,136.66959,16531.281,0.14793894
12817,2021.012.021.0,109.97954,147.0747,16531.281,0.14084865
12818,2021.012.022.0,106.3101,122.16304,16531.281,0.13848522
12819,2021.012.020.0,84.29347,45.660667,16626.242,0.08176296
12820,2021.012.021.0,50.351173,69.95021,16626.242,0.074672684
12821,2021.012.022.0,41.17758,41.255264,16626.242,0.072309256
12822,2021.012.021.0,125.574646,158.74341,16626.242,0.14084865
12823,2021.012.022.0,117.31841,134.65523,16626.242,0.13848522
12824,2021.012.020.0,97.136505,53.987614,16721.205,0.08176296
12825,2021.012.021.0,55.85533,82.083954,16721.205,0.074672684
12826,2021.012.022.0,47.5991,51.935886,16721.205,0.072309256
12827,2021.012.020.0,110.8969,63.32954,16816.166,0.08176296
12828,2021.012.021.0,63.194206,96.397125,16816.166,0.074672684
12829,2021.012.022.0,54.937973,61.50386,16816.166,0.072309256
12830,2021.012.021.0,149.426,200.05951,16816.166,0.14084865
12831,2021.012.022.0,148.50864,165.39621,16816.166,0.13848522
12832,2021.012.022.0,246.66608,256.7779,16816.166,0.20466122
12833,2021.012.020.0,121.905205,80.14968,16911.127,0.08176296
12834,2021.012.021.0,72.3678,112.53386,16911.127,0.074672684
12835,2021.012.022.0,63.194206,79.49912,16911.127,0.072309256
12836,2021.012.020.0,141.16975,84.91326,17006.09,0.08176296
12837,2021.012.021.0,83.376114,131.49646,17006.09,0.074672684
12838,2021.012.022.0,71.45044,98.44647,17006.09,0.072309256
12839,2021.012.022.0,173.27734,198.82805,17006.09,0.13848522
12840,2021.012.020.0,160.4343,109.051506,17101.05,0.08176296
12841,2021.012.021.0,94.38442,152.03667,17101.05,0.074672684
12842,2021.012.022.0,83.376114,108.068474,17101.05,0.072309256
12843,2021.012.020.0,177.86414,122.36571,17196.014,0.08176296
12844,2021.012.021.0,109.97954,165.9878,17196.014,0.074672684
12845,2021.012.022.0,97.136505,125.59761,17196.014,0.072309256
12846,2021.012.020.0,303.54236,251.63213,17196.014,0.14793894
12847,2021.012.021.0,221.89737,278.97925,17196.014,0.14084865
12848,2021.012.022.0,215.47586,253.4705,17196.014,0.13848522
12849,2021.012.020.0,202.63283,135.02885,17290.975,0.08176296
12850,2021.012.021.0,125.574646,169.9079,17290.975,0.074672684
12851,2021.012.022.0,109.97954,127.66182,17290.975,0.072309256
12852,2021.012.020.0,233.82304,165.75021,17385.938,0.08176296
12853,2021.012.021.0,145.75655,211.72766,17385.938,0.074672684
12854,2021.012.022.0,127.40936,153.34134,17385.938,0.072309256
12855,2021.012.020.0,265.01324,181.69849,17480.898,0.08176296
12856,2021.012.021.0,167.77318,230.00905,17480.898,0.074672684
12857,2021.012.022.0,150.34335,179.78755,17480.898,0.072309256
12858,2021.012.022.0,294.36877,305.71912,17480.898,0.13848522
12859,2021.012.020.0,285.1952,195.3259,17575.861,0.08176296
12860,2021.012.021.0,193.45923,240.19751,17575.861,0.074672684
12861,2021.012.022.0,176.02942,185.80348,17575.861,0.072309256
12862,2021.012.020.0,235.65776,216.72104,17670.822,0.08176296
12863,2021.012.021.0,225.5668,220.5221,17670.822,0.074672684
12864,2021.012.022.0,207.21962,204.0405,17670.822,0.072309256
12865,2021.012.020.0,190.70715,233.57751,17765.783,0.08176296
12866,2021.012.021.0,260.42645,181.36823,17765.783,0.074672684
12867,2021.012.022.0,240.24455,215.63998,17765.783,0.072309256
12868,2021.012.021.0,339.31937,298.50696,17765.783,0.14084865
12869,2021.012.022.0,385.18738,295.4181,17765.783,0.13848522
12870,2021.012.020.0,148.50864,208.37677,17860.746,0.08176296
12871,2021.012.021.0,209.05434,163.04514,17860.746,0.074672684
12872,2021.012.022.0,220.06265,199.36615,17860.746,0.072309256
12873,2021.012.022.0,320.97217,284.61823,17860.746,0.13848522
12874,2021.012.020.0,113.64897,147.78717,17955.707,0.08176296
12875,2021.012.021.0,165.0211,115.0385,17955.707,0.074672684
12876,2021.012.022.0,174.1947,154.96562,17955.707,0.072309256
12877,2021.012.021.0,279.691,234.18149,17955.707,0.14084865
12878,2021.012.022.0,280.60837,256.11707,17955.707,0.13848522
12879,2021.012.020.0,85.21083,132.60849,18050.67,0.08176296
12880,2021.012.021.0,127.40936,98.134186,18050.67,0.074672684
12881,2021.012.022.0,133.83087,132.294,18050.67,0.072309256
12882,2021.012.020.0,64.111565,97.74924,18145.63,0.08176296
12883,2021.012.021.0,96.21915,67.66209,18145.63,0.074672684
12884,2021.012.022.0,98.97122,98.37535,18145.63,0.072309256
12885,2021.012.022.0,198.96341,182.09933,18145.63,0.13848522
12886,2021.012.020.0,46.68174,64.49184,18240.594,0.08176296
12887,2021.012.021.0,70.53308,51.87144,18240.594,0.074672684
12888,2021.012.022.0,71.45044,75.59656,18240.594,0.072309256
12889,2021.012.022.0,171.44261,141.53552,18240.594,0.13848522
12890,2021.012.020.0,34.297386,47.673313,18335.555,0.08176296
12891,2021.012.021.0,48.516457,35.529846,18335.555,0.074672684
12892,2021.012.022.0,49.433815,50.234226,18335.555,0.072309256
12893,2021.012.021.0,136.58295,110.14528,18335.555,0.14084865
12894,2021.012.022.0,140.2524,125.09836,18335.555,0.13848522
12895,2021.012.020.0,25.12379,42.49706,18430.518,0.08176296
12896,2021.012.021.0,37.049465,33.37157,18430.518,0.074672684
12897,2021.012.022.0,35.673428,33.907684,18430.518,0.072309256
12898,2021.012.020.0,84.29347,101.8069,18430.518,0.14793894
12899,2021.012.021.0,114.56633,85.6413,18430.518,0.14084865
12900,2021.012.022.0,113.64897,95.74809,18430.518,0.13848522
12901,2021.012.020.0,18.243599,26.69777,18525.479,0.08176296
12902,2021.012.021.0,26.499832,22.544632,18525.479,0.074672684
12903,2021.012.022.0,25.12379,27.921207,18525.479,0.072309256
12904,2021.012.020.0,13.656799,26.143814,18620.441,0.08176296
12905,2021.012.021.0,18.702278,22.038612,18620.441,0.074672684
12906,2021.012.022.0,17.78492,22.267273,18620.441,0.072309256
12907,2021.012.022.0,69.61572,56.675728,18620.441,0.13848522
12908,2021.012.020.0,10.9047165,14.393105,18715.402,0.08176296
12909,2021.012.021.0,14.1154785,13.785049,18715.402,0.074672684
12910,2021.012.022.0,13.19812,15.193619,18715.402,0.072309256
12911,2021.012.022.0,55.85533,52.361977,18715.402,0.13848522
12912,2021.012.022.0,115.48369,108.113655,18715.402,0.20466122
12913,2021.012.020.0,8.336113,11.506737,18810.363,0.08176296
12914,2021.012.021.0,10.446045,9.524498,18810.363,0.074672684
12915,2021.012.022.0,9.528687,10.381943,18810.363,0.072309256
12916,2021.012.022.0,46.223057,35.91235,18810.363,0.13848522
12917,2021.012.020.0,6.8683395,10.958199,18905.326,0.08176296
12918,2021.012.021.0,8.519592,10.486725,18905.326,0.074672684
12919,2021.012.022.0,7.5104904,11.425842,18905.326,0.072309256
12920,2021.012.020.0,32.46267,43.500607,18905.326,0.14793894
12921,2021.012.021.0,37.049465,43.39813,18905.326,0.14084865
12922,2021.012.022.0,37.508144,38.69164,18905.326,0.13848522
12923,2021.012.020.0,66.86365,85.91124,18905.326,0.2141149
12924,2021.012.021.0,82.458755,67.234726,18905.326,0.20702463
12925,2021.012.022.0,85.21083,77.30806,18905.326,0.20466122
12926,2021.012.020.0,5.8592453,7.768051,19000.287,0.08176296
12927,2021.012.021.0,8.244377,6.755516,19000.287,0.074672684
12928,2021.012.022.0,5.8592453,6.3808594,19000.287,0.072309256
12929,2021.012.022.0,26.041153,32.332188,19000.287,0.13848522
12930,2021.012.020.0,5.400566,6.466095,19095.25,0.08176296
12931,2021.012.021.0,5.8592453,6.2598877,19095.25,0.074672684
12932,2021.012.020.0,5.400566,6.7262497,19190.21,0.08176296
12933,2021.012.021.0,4.850151,6.254875,19190.21,0.074672684
12934,2021.012.020.0,5.1253586,4.731781,19285.174,0.08176296
12935,2021.012.021.0,4.4832077,5.7860947,19285.174,0.074672684
12936,2021.012.020.0,4.0245285,4.392723,19380.135,0.08176296
12937,2021.012.021.0,3.5658493,4.4723816,19380.135,0.074672684
12938,2021.012.020.0,3.5658493,3.947029,19475.098,0.08176296
12939,2021.012.020.0,108.14481,92.42728,19475.098,0.42918682
12940,2021.012.021.0,112.73161,96.60575,19475.098,0.42209655
12941,2021.012.022.0,117.31841,100.99249,19475.098,0.4197331
12942,2021.012.020.0,0.9055023,2.4890442,20424.715,0.08176296
12943,2021.012.021.0,1.3641815,1.3522949,20424.715,0.074672684
